description,main_group,cluster_name,food_cluster,protein_pct,carb_pct,fat_pct,fiber,sugar_total
"Milk, human",Dairy & Eggs,Low-Calorie / Beverages,5,5.8,38.8,55.4,0.0,6.89
"Milk, NFS",Dairy & Eggs,Low-Calorie / Beverages,5,26.3,38.4,35.3,0.0,4.89
"Milk, whole",Dairy & Eggs,Low-Calorie / Beverages,5,21.7,30.8,47.5,0.0,4.81
"Milk, low sodium, whole",Dairy & Eggs,High-Carb / Sugary,0,20.2,29.1,50.7,0.0,4.46
"Milk, calcium fortified, whole",Dairy & Eggs,Low-Calorie / Beverages,5,21.7,30.8,47.5,0.0,4.81
"Milk, calcium fortified, low fat (1%)",Dairy & Eggs,Low-Calorie / Beverages,5,31.6,48.5,20.0,0.0,4.96
"Milk, calcium fortified, fat free (skim)",Dairy & Eggs,Balanced Moderate,1,39.3,56.0,4.7,0.0,4.85
"Milk, reduced fat (2%)",Dairy & Eggs,Low-Calorie / Beverages,5,26.7,39.2,34.1,0.0,4.89
"Milk, acidophilus, low fat (1%)",Dairy & Eggs,Low-Calorie / Beverages,5,31.6,48.5,20.0,0.0,4.96
"Milk, acidophilus, reduced fat (2%)",Dairy & Eggs,Low-Calorie / Beverages,5,26.7,39.2,34.1,0.0,4.89
"Milk, low fat (1%)",Dairy & Eggs,Low-Calorie / Beverages,5,31.6,48.5,20.0,0.0,4.96
"Milk, fat free (skim)",Dairy & Eggs,Balanced Moderate,1,40.4,57.5,2.1,0.0,5.05
"Milk, lactose free, low fat (1%)",Dairy & Eggs,Low-Calorie / Beverages,5,31.6,48.5,20.0,0.0,4.96
"Milk, lactose free, fat free (skim)",Dairy & Eggs,Balanced Moderate,1,40.4,57.5,2.1,0.0,5.05
"Milk, lactose free, reduced fat (2%)",Dairy & Eggs,Low-Calorie / Beverages,5,26.7,39.2,34.1,0.0,4.89
"Milk, lactose free, whole",Dairy & Eggs,Low-Calorie / Beverages,5,21.7,30.8,47.5,0.0,4.81
"Buttermilk, fat free (skim)",Dairy & Eggs,Low-Calorie / Beverages,5,31.5,45.6,22.9,0.0,4.79
"Buttermilk, low fat (1%)",Dairy & Eggs,Low-Calorie / Beverages,5,31.5,45.6,22.9,0.0,4.79
"Buttermilk, reduced fat (2%)",Dairy & Eggs,Low-Calorie / Beverages,5,29.5,38.1,32.4,0.0,5.3
"Buttermilk, whole",Dairy & Eggs,Low-Calorie / Beverages,5,20.7,31.4,47.9,0.0,4.88
"Kefir, NS as to fat content",Dairy & Eggs,Balanced Moderate,1,27.1,56.5,16.3,0.0,6.91
"Goat's milk, whole",Dairy & Eggs,High-Carb / Sugary,0,20.5,25.7,53.8,0.0,4.45
"Milk, dry, reconstituted, NS as to fat content",Dairy & Eggs,Balanced Moderate,1,40.2,57.8,2.0,0.0,4.6
"Milk, dry, reconstituted, whole",Dairy & Eggs,Low-Calorie / Beverages,5,21.0,30.8,48.2,0.0,5.86
"Milk, dry, reconstituted, low fat (1%)",Dairy & Eggs,Low-Calorie / Beverages,5,31.7,45.5,22.7,0.0,4.55
"Milk, dry, reconstituted, fat free (skim)",Dairy & Eggs,Balanced Moderate,1,40.2,57.8,2.0,0.0,4.6
"Milk, evaporated, NS as to fat content",Dairy & Eggs,Low-Calorie / Beverages,5,20.1,29.7,50.2,0.0,10.04
"Milk, evaporated, whole",Dairy & Eggs,Low-Calorie / Beverages,5,20.1,29.7,50.2,0.0,10.04
"Milk, evaporated, reduced fat (2%)",Dairy & Eggs,Low-Calorie / Beverages,5,32.3,48.5,19.2,0.0,11.15
"Milk, evaporated, fat free (skim)",Dairy & Eggs,Balanced Moderate,1,39.0,58.7,2.3,0.0,11.35
"Milk, condensed, sweetened",Dairy & Eggs,High-Fat / Oils,3,9.7,66.4,23.9,0.0,54.4
"Non-dairy milk, NFS",Dairy & Eggs,Low-Calorie / Beverages,5,14.0,50.5,35.5,0.2,3.03
Soy milk,Plant-based Alternatives,Low-Calorie / Beverages,5,24.0,45.4,30.5,0.2,3.65
"Soy milk, light",Plant-based Alternatives,Low-Calorie / Beverages,5,31.2,46.0,22.7,0.3,2.61
"Soy milk, nonfat",Plant-based Alternatives,Balanced Moderate,1,36.9,61.8,1.3,0.2,3.65
"Soy milk, chocolate",Plant-based Alternatives,Balanced Moderate,1,14.4,63.6,22.0,0.4,7.86
"Soy milk, light, chocolate",Plant-based Alternatives,Balanced Moderate,1,17.8,69.9,12.2,0.7,7.13
"Soy milk, nonfat, chocolate",Plant-based Alternatives,Balanced Moderate,1,17.8,69.9,12.2,0.7,7.13
"Almond milk, sweetened",Plant-based Alternatives,Balanced Moderate,1,4.9,67.9,27.1,0.2,4.77
"Almond milk, sweetened, chocolate",Plant-based Alternatives,Balanced Moderate,1,3.9,76.5,19.6,0.3,7.72
"Almond milk, unsweetened",Plant-based Alternatives,Low-Calorie / Beverages,5,10.3,33.9,55.8,0.2,0.81
"Almond milk, unsweetened, chocolate",Plant-based Alternatives,Low-Calorie / Beverages,5,11.0,35.3,53.7,0.3,0.81
Rice milk,Plant-based Alternatives,Balanced Moderate,1,2.4,78.8,18.8,0.3,5.28
Coconut milk,Plant-based Alternatives,Low-Calorie / Beverages,5,2.7,37.4,59.9,0.0,2.5
"Yogurt, NFS",Dairy & Eggs,Low-Calorie / Beverages,5,33.3,44.6,22.1,0.0,7.04
"Yogurt, Greek, NS as to type of milk or flavor",Dairy & Eggs,High-Protein,2,54.6,21.6,23.7,0.0,3.56
"Yogurt, NS as to type of milk or flavor",Dairy & Eggs,Low-Calorie / Beverages,5,33.3,44.6,22.1,0.0,7.04
"Yogurt, NS as to type of milk, plain",Dairy & Eggs,Low-Calorie / Beverages,5,33.3,44.6,22.1,0.0,7.04
"Yogurt, whole milk, plain",Dairy & Eggs,Low-Calorie / Beverages,5,22.5,30.2,47.4,0.0,4.66
"Yogurt, low fat milk, plain",Dairy & Eggs,Low-Calorie / Beverages,5,33.3,44.6,22.1,0.0,7.04
"Yogurt, nonfat milk, plain",Dairy & Eggs,Balanced Moderate,1,41.5,55.6,2.9,0.0,7.68
"Yogurt, Greek, NS as to type of milk, plain",Dairy & Eggs,High-Protein,2,54.6,21.6,23.7,0.0,3.56
"Yogurt, Greek, whole milk, plain",Dairy & Eggs,High-Carb / Sugary,0,37.1,16.4,46.4,0.0,4.0
"Yogurt, Greek, low fat milk, plain",Dairy & Eggs,High-Protein,2,54.6,21.6,23.7,0.0,3.56
"Yogurt, Greek, nonfat milk, plain",Dairy & Eggs,High-Protein,2,69.7,24.6,5.6,0.0,3.27
"Yogurt, NS as to type of milk, fruit",Dairy & Eggs,Balanced Moderate,1,21.0,65.1,13.9,0.1,12.01
"Yogurt, whole milk, fruit",Dairy & Eggs,Low-Calorie / Beverages,5,14.1,56.4,29.5,0.1,9.92
"Yogurt, low fat milk, fruit",Dairy & Eggs,Balanced Moderate,1,21.0,65.1,13.9,0.1,12.01
"Yogurt, nonfat milk, fruit",Dairy & Eggs,Balanced Moderate,1,24.8,73.3,1.9,0.1,12.58
"Yogurt, Greek, NS as to type of milk, fruit",Dairy & Eggs,Low-Calorie / Beverages,5,31.1,46.8,22.0,1.0,11.23
"Yogurt, Greek, whole milk, fruit",Dairy & Eggs,Low-Calorie / Beverages,5,27.8,46.6,25.6,0.0,12.0
"Yogurt, Greek, low fat milk, fruit",Dairy & Eggs,Low-Calorie / Beverages,5,31.1,46.8,22.0,1.0,11.23
"Yogurt, Greek, nonfat milk, fruit",Dairy & Eggs,Balanced Moderate,1,39.1,59.2,1.6,0.6,11.5
"Yogurt, NS as to type of milk, flavors other than fruit",Dairy & Eggs,Balanced Moderate,1,27.8,53.6,18.6,0.0,9.82
"Yogurt, whole milk, flavors other than fruit",Dairy & Eggs,Low-Calorie / Beverages,5,16.8,47.8,35.4,0.0,9.42
"Yogurt, low fat milk, flavors other than fruit",Dairy & Eggs,Balanced Moderate,1,27.8,53.6,18.6,0.0,9.82
"Yogurt, nonfat milk, flavors other than fruit",Dairy & Eggs,Balanced Moderate,1,33.9,63.6,2.5,0.0,10.44
"Yogurt, Greek, NS as to type of milk, flavors other than fruit",Dairy & Eggs,Low-Calorie / Beverages,5,36.3,40.1,23.6,0.0,9.54
"Yogurt, Greek, whole milk, flavors other than fruit",Dairy & Eggs,Low-Calorie / Beverages,5,30.5,33.6,35.9,0.0,9.35
"Yogurt, Greek, low fat milk, flavors other than fruit",Dairy & Eggs,Low-Calorie / Beverages,5,36.3,40.1,23.6,0.0,9.54
"Yogurt, Greek, nonfat milk, flavors other than fruit",Dairy & Eggs,Balanced Moderate,1,44.5,53.4,2.1,0.5,9.54
"Yogurt, Greek, with oats",Dairy & Eggs,Low-Calorie / Beverages,5,21.7,54.7,23.6,1.9,12.07
"Yogurt, liquid",Dairy & Eggs,Balanced Moderate,1,20.6,65.7,13.6,0.1,9.78
"Chipotle dip, yogurt based",Dairy & Eggs,High-Carb / Sugary,0,16.8,7.0,76.2,0.0,2.97
"Dill dip, yogurt based",Dairy & Eggs,High-Carb / Sugary,0,17.0,7.8,75.2,0.3,2.99
"Onion dip, yogurt based",Dairy & Eggs,High-Carb / Sugary,0,17.1,10.2,72.7,0.2,3.38
"Ranch dip, yogurt based",Dairy & Eggs,High-Carb / Sugary,0,17.4,8.5,74.2,0.3,3.41
"Spinach dip, yogurt based",Dairy & Eggs,High-Carb / Sugary,0,17.7,9.1,73.3,0.3,3.04
Tzatziki dip,Dairy & Eggs,High-Carb / Sugary,0,22.8,16.8,60.4,0.2,2.92
"Vegetable dip, yogurt based",Dairy & Eggs,High-Carb / Sugary,0,17.0,7.8,75.2,0.3,2.99
"Yogurt parfait, low fat, with fruit",Dairy & Eggs,Balanced Moderate,1,15.6,73.8,10.6,1.1,11.68
"Frozen yogurt, NFS",Dairy & Eggs,Balanced Moderate,1,9.2,66.1,24.8,0.0,19.92
"Frozen yogurt, vanilla",Dairy & Eggs,Balanced Moderate,1,9.2,66.1,24.8,0.0,19.92
"Frozen yogurt, chocolate",Dairy & Eggs,Balanced Moderate,1,9.2,66.1,24.8,2.3,19.24
"Frozen yogurt, soft serve, vanilla",Dairy & Eggs,Low-Calorie / Beverages,5,9.8,59.3,30.9,0.0,24.0
"Frozen yogurt, soft serve, chocolate",Dairy & Eggs,Low-Calorie / Beverages,5,10.2,59.0,30.8,0.7,23.56
Frozen yogurt sandwich,Dairy & Eggs,Balanced Moderate,1,7.5,65.7,26.9,0.8,24.3
"Frozen yogurt bar, vanilla",Dairy & Eggs,Balanced Moderate,1,9.2,66.1,24.8,0.0,19.92
"Frozen yogurt bar, chocolate",Dairy & Eggs,Balanced Moderate,1,9.2,66.1,24.8,2.3,19.24
"Frozen yogurt cone, chocolate",Dairy & Eggs,Balanced Moderate,1,9.0,67.3,23.6,2.3,18.71
"Frozen yogurt cone, vanilla",Dairy & Eggs,Balanced Moderate,1,9.0,67.3,23.6,0.1,19.36
"Frozen yogurt cone, vanilla, waffle cone",Dairy & Eggs,Balanced Moderate,1,9.0,68.9,22.1,0.1,20.26
"Frozen yogurt cone, chocolate, waffle cone",Dairy & Eggs,Balanced Moderate,1,9.0,68.9,22.1,2.3,19.62
"Yogurt, whole milk, baby food",Infant Nutrition,Low-Calorie / Beverages,5,22.5,30.2,47.4,0.0,4.66
"Yogurt, whole milk, baby food, with fruit and multigrain cereal puree, NFS",Infant Nutrition,Low-Calorie / Beverages,5,13.8,53.8,32.3,0.3,11.46
"Yogurt, whole milk, baby food, with fruit and multigrain cereal puree, plus iron",Infant Nutrition,Low-Calorie / Beverages,5,13.3,56.6,30.2,0.6,11.46
"Yogurt, whole milk, baby food, with fruit and multigrain cereal puree, plus DHA",Infant Nutrition,Low-Calorie / Beverages,5,13.8,53.8,32.3,0.3,11.46
"Chocolate milk, NFS",Dairy & Eggs,Balanced Moderate,1,20.1,79.9,0.0,0.0,8.39
"Chocolate milk, ready to drink, whole",Dairy & Eggs,Low-Calorie / Beverages,5,15.0,48.9,36.1,0.8,9.54
"Chocolate milk, ready to drink, reduced fat",Dairy & Eggs,Balanced Moderate,1,15.4,62.5,22.0,0.7,9.55
"Chocolate milk, ready to drink, fat free",Dairy & Eggs,Balanced Moderate,1,20.1,79.9,0.0,0.0,8.39
"Chocolate milk, ready to drink, low fat",Dairy & Eggs,Balanced Moderate,1,21.5,63.0,15.5,0.1,9.94
"Chocolate milk, ready to drink, reduced sugar, NS as to milk",Dairy & Eggs,Balanced Moderate,1,25.5,57.1,17.4,0.0,7.29
"Chocolate milk, ready to drink, low fat (Nesquik)",Dairy & Eggs,Balanced Moderate,1,21.5,63.0,15.5,0.1,9.94
"Chocolate milk, ready to drink, fat free (Nesquik)",Dairy & Eggs,Balanced Moderate,1,20.1,79.9,0.0,0.0,8.39
"Chocolate milk, ready to drink, low fat, no sugar added (Nesquik)",Dairy & Eggs,Balanced Moderate,1,21.5,63.0,15.5,0.1,9.94
"Hot chocolate / Cocoa, ready to drink",Beverages,Balanced Moderate,1,12.0,72.8,15.2,0.0,15.18
"Hot chocolate / Cocoa, ready to drink, made with nonfat milk",Dairy & Eggs,Balanced Moderate,1,14.3,85.0,0.7,0.0,15.31
"Hot chocolate / Cocoa, ready to drink, made with non-dairy milk",Dairy & Eggs,Balanced Moderate,1,6.0,83.0,11.0,0.2,14.62
"Hot chocolate / Cocoa, ready to drink, with whipped cream",Dairy & Eggs,Low-Calorie / Beverages,5,10.6,61.6,27.8,0.0,14.6
"Hot chocolate / Cocoa, ready to drink, made with nonfat milk and whipped cream",Dairy & Eggs,Balanced Moderate,1,12.3,70.1,17.6,0.0,14.72
"Hot chocolate / Cocoa, ready to drink, made with non-dairy milk and whipped cream",Dairy & Eggs,Balanced Moderate,1,5.5,68.9,25.5,0.2,14.07
"Chocolate milk, made from dry mix, NS as to type of milk",Dairy & Eggs,Low-Calorie / Beverages,5,18.9,56.1,25.0,0.3,9.63
"Chocolate milk, made from dry mix with whole milk",Dairy & Eggs,Low-Calorie / Beverages,5,16.5,48.8,34.7,0.3,9.55
"Chocolate milk, made from dry mix with reduced fat milk",Dairy & Eggs,Low-Calorie / Beverages,5,19.1,56.8,24.1,0.3,9.62
"Chocolate milk, made from dry mix with low fat milk",Dairy & Eggs,Balanced Moderate,1,21.3,64.4,14.3,0.3,9.69
"Chocolate milk, made from dry mix with fat free milk",Dairy & Eggs,Balanced Moderate,1,24.8,71.7,3.5,0.3,9.77
"Chocolate milk, made from dry mix with non-dairy milk",Dairy & Eggs,Balanced Moderate,1,11.3,69.5,19.2,0.5,8.99
"Chocolate milk, made from reduced sugar mix, NS as to type of milk",Dairy & Eggs,Low-Calorie / Beverages,5,22.5,47.8,29.7,0.4,5.86
"Chocolate milk, made from reduced sugar mix with whole milk",Dairy & Eggs,Low-Calorie / Beverages,5,19.3,40.6,40.1,0.4,5.78
"Chocolate milk, made from reduced sugar mix with reduced fat milk",Dairy & Eggs,Low-Calorie / Beverages,5,22.8,48.5,28.7,0.4,5.86
"Chocolate milk, made from reduced sugar mix with low fat milk",Dairy & Eggs,Balanced Moderate,1,25.9,56.4,17.7,0.4,5.92
"Chocolate milk, made from reduced sugar mix with fat free milk",Dairy & Eggs,Balanced Moderate,1,30.8,64.1,5.1,0.4,6.01
"Chocolate milk, made from reduced sugar mix with non-dairy milk",Dairy & Eggs,Balanced Moderate,1,14.4,61.8,23.8,0.6,5.2
"Chocolate milk, made from dry mix, NS as to type of milk (Nesquik)",Dairy & Eggs,Low-Calorie / Beverages,5,18.9,56.1,25.0,0.3,9.63
"Chocolate milk, made from dry mix with whole milk (Nesquik)",Dairy & Eggs,Low-Calorie / Beverages,5,16.5,48.8,34.7,0.3,9.55
"Chocolate milk, made from dry mix with reduced fat milk (Nesquik)",Dairy & Eggs,Low-Calorie / Beverages,5,19.1,56.8,24.1,0.3,9.62
"Chocolate milk, made from dry mix with low fat milk (Nesquik)",Dairy & Eggs,Balanced Moderate,1,21.3,64.4,14.3,0.3,9.69
"Chocolate milk, made from dry mix with fat free milk (Nesquik)",Dairy & Eggs,Balanced Moderate,1,24.8,71.7,3.5,0.3,9.77
"Chocolate milk, made from dry mix with non-dairy milk (Nesquik)",Dairy & Eggs,Balanced Moderate,1,11.3,69.5,19.2,0.5,8.99
"Chocolate milk, made from no sugar added dry mix, NS as to type of milk (Nesquik)",Dairy & Eggs,Low-Calorie / Beverages,5,22.5,47.8,29.7,0.4,5.86
"Chocolate milk, made from no sugar added dry mix with whole milk (Nesquik)",Dairy & Eggs,Low-Calorie / Beverages,5,19.3,40.6,40.1,0.4,5.78
"Chocolate milk, made from no sugar added dry mix with reduced fat milk (Nesquik)",Dairy & Eggs,Low-Calorie / Beverages,5,22.8,48.5,28.7,0.4,5.86
"Chocolate milk, made from no sugar added dry mix with low fat milk (Nesquik)",Dairy & Eggs,Balanced Moderate,1,25.9,56.4,17.7,0.4,5.92
"Chocolate milk, made from no sugar added dry mix with fat free milk  (Nesquik)",Dairy & Eggs,Balanced Moderate,1,30.8,64.1,5.1,0.4,6.01
"Chocolate milk, made from no sugar added dry mix with non-dairy milk (Nesquik)",Dairy & Eggs,Balanced Moderate,1,14.4,61.8,23.8,0.6,5.2
"Chocolate milk, made from syrup, NS as to type of milk",Dairy & Eggs,Balanced Moderate,1,14.5,66.0,19.5,0.0,12.23
"Chocolate milk, made from syrup with whole milk",Dairy & Eggs,Low-Calorie / Beverages,5,12.9,58.9,28.2,0.0,12.16
"Chocolate milk, made from syrup with reduced fat milk",Dairy & Eggs,Balanced Moderate,1,14.6,66.6,18.7,0.0,12.23
"Chocolate milk, made from syrup with low fat milk",Dairy & Eggs,Balanced Moderate,1,16.1,73.8,10.1,0.0,12.29
"Chocolate milk, made from syrup with fat free milk",Dairy & Eggs,Balanced Moderate,1,18.2,80.8,1.0,0.0,12.37
"Chocolate milk, made from syrup with non-dairy milk",Dairy & Eggs,Balanced Moderate,1,7.6,78.6,13.8,0.2,11.64
"Chocolate milk, made from light syrup, NS as to type of milk",Dairy & Eggs,Low-Calorie / Beverages,5,19.5,54.1,26.3,0.0,7.86
"Chocolate milk, made from light syrup with whole milk",Dairy & Eggs,Low-Calorie / Beverages,5,16.9,46.7,36.4,0.0,7.79
"Chocolate milk, made from light syrup with reduced fat milk",Dairy & Eggs,Low-Calorie / Beverages,5,19.7,54.8,25.5,0.0,7.86
"Chocolate milk, made from light syrup with low fat milk",Dairy & Eggs,Balanced Moderate,1,22.1,62.7,15.1,0.0,7.92
"Chocolate milk, made from light syrup with fat free milk",Dairy & Eggs,Balanced Moderate,1,26.0,70.5,3.5,0.0,8.0
"Chocolate milk, made from light syrup with non-dairy milk",Dairy & Eggs,Balanced Moderate,1,11.5,68.1,20.4,0.2,7.27
"Chocolate milk, made from sugar free syrup, NS as to type of milk",Dairy & Eggs,Low-Calorie / Beverages,5,23.7,43.7,32.6,0.4,4.31
"Chocolate milk, made from sugar free syrup with whole milk",Dairy & Eggs,Low-Calorie / Beverages,5,20.2,36.8,43.0,0.4,4.24
"Chocolate milk, made from sugar free syrup with reduced fat milk",Dairy & Eggs,Low-Calorie / Beverages,5,24.0,44.4,31.6,0.4,4.31
"Chocolate milk, made from sugar free syrup with low fat milk",Dairy & Eggs,Low-Calorie / Beverages,5,27.5,52.4,20.1,0.4,4.37
"Chocolate milk, made from sugar free syrup with fat free milk",Dairy & Eggs,Balanced Moderate,1,33.1,59.8,7.1,0.4,4.45
"Chocolate milk, made from sugar free syrup with non-dairy milk",Dairy & Eggs,Low-Calorie / Beverages,5,15.3,57.4,27.2,0.5,3.72
"Hot chocolate / Cocoa, made with dry mix and water",Beverages,Balanced Moderate,1,6.7,84.1,9.1,0.5,8.93
"Hot chocolate / Cocoa, made with dry mix and whole milk",Dairy & Eggs,Low-Calorie / Beverages,5,14.2,57.6,28.3,0.5,12.87
"Hot chocolate / Cocoa, made with dry mix and reduced fat milk",Dairy & Eggs,Balanced Moderate,1,15.7,63.9,20.4,0.5,12.94
"Hot chocolate / Cocoa, made with dry mix and low fat milk",Dairy & Eggs,Balanced Moderate,1,17.0,69.4,13.6,0.5,13.0
"Hot chocolate / Cocoa, made with dry mix and fat free milk",Dairy & Eggs,Balanced Moderate,1,18.8,74.7,6.6,0.5,13.08
"Hot chocolate / Cocoa, made with dry mix and non-dairy milk",Dairy & Eggs,Balanced Moderate,1,10.3,73.0,16.7,0.7,12.31
"Hot chocolate / Cocoa, made with no sugar added dry mix and water",Beverages,Balanced Moderate,1,16.4,76.3,7.2,0.6,3.11
"Hot chocolate / Cocoa, made with no sugar added dry mix and whole milk",Dairy & Eggs,Low-Calorie / Beverages,5,19.8,46.9,33.3,0.6,7.45
"Hot chocolate / Cocoa, made with no sugar added dry mix and reduced fat milk",Dairy & Eggs,Low-Calorie / Beverages,5,22.7,53.9,23.4,0.6,7.52
"Hot chocolate / Cocoa, made with no sugar added dry mix and low fat milk",Dairy & Eggs,Balanced Moderate,1,25.0,60.6,14.5,0.6,7.59
"Hot chocolate / Cocoa, made with no sugar added dry mix and fat free milk",Dairy & Eggs,Balanced Moderate,1,28.6,66.8,4.7,0.6,7.67
"Hot chocolate / Cocoa, made with no sugar added dry mix and non-dairy milk",Dairy & Eggs,Balanced Moderate,1,16.2,64.9,18.9,0.8,6.88
"Strawberry milk, NFS",Dairy & Eggs,Low-Calorie / Beverages,5,25.7,41.3,33.0,0.0,5.29
"Strawberry milk, whole",Dairy & Eggs,Low-Calorie / Beverages,5,14.1,54.9,31.0,0.0,11.68
"Strawberry milk, reduced fat",Dairy & Eggs,Balanced Moderate,1,17.6,59.8,22.6,0.0,10.46
"Strawberry milk, low fat",Dairy & Eggs,Balanced Moderate,1,18.0,70.6,11.5,0.0,11.82
"Strawberry milk, fat free",Dairy & Eggs,Balanced Moderate,1,20.6,78.1,1.3,0.0,11.9
"Strawberry milk, reduced sugar",Dairy & Eggs,Balanced Moderate,1,26.5,56.6,16.9,0.0,6.86
"Strawberry milk, non-dairy",Dairy & Eggs,Balanced Moderate,1,8.6,75.6,15.8,0.2,11.12
"Milk, malted",Dairy & Eggs,Low-Calorie / Beverages,5,19.8,53.6,26.6,0.0,7.82
Eggnog,Dairy & Eggs,Low-Calorie / Beverages,5,20.7,36.5,42.8,0.0,8.05
"Milk shake, home recipe, chocolate",Dairy & Eggs,Low-Calorie / Beverages,5,11.3,43.9,44.8,0.5,12.57
"Milk shake, home recipe, flavors other than chocolate",Dairy & Eggs,Low-Calorie / Beverages,5,11.9,40.4,47.7,0.2,10.66
"Milk shake, home recipe, chocolate, light",Dairy & Eggs,Low-Calorie / Beverages,5,16.4,53.1,30.6,0.3,12.42
"Milk shake, home recipe, flavors other than chocolate, light",Dairy & Eggs,Balanced Moderate,1,16.9,60.3,22.8,0.1,11.07
Milk shake with malt,Dairy & Eggs,Low-Calorie / Beverages,5,12.1,43.8,44.1,0.2,12.04
"Milk shake, fast food, chocolate",Dairy & Eggs,Low-Calorie / Beverages,5,9.5,52.1,38.4,1.6,13.39
"Milk shake, fast food, flavors other than chocolate",Dairy & Eggs,Low-Calorie / Beverages,5,9.0,52.1,39.0,0.9,13.63
"Milk shake, bottled, chocolate",Dairy & Eggs,Low-Calorie / Beverages,5,9.5,52.1,38.4,1.6,13.39
"Milk shake, bottled, flavors other than chocolate",Dairy & Eggs,Low-Calorie / Beverages,5,9.0,52.1,39.0,0.9,13.63
Licuado or Batido,Beverages,Balanced Moderate,1,12.9,70.4,16.7,0.7,10.86
"Fruit smoothie, NFS",Fruits,Balanced Moderate,1,14.6,70.8,14.6,1.2,8.23
"Fruit smoothie, with whole fruit and dairy",Fruits,Balanced Moderate,1,14.6,70.8,14.6,1.2,8.23
"Fruit smoothie, with whole fruit and dairy, added protein",Fruits,Low-Calorie / Beverages,5,37.2,49.0,13.7,1.1,7.14
"Fruit smoothie juice drink, with dairy",Fruits,Balanced Moderate,1,5.3,92.8,1.9,0.9,12.68
Chocolate milk drink,Dairy & Eggs,Balanced Moderate,1,5.2,87.4,7.4,0.6,8.68
"Infant formula, NFS",Infant Nutrition,Low-Calorie / Beverages,5,8.4,43.1,48.5,0.0,7.12
"Infant formula, NS as to form (Similac Expert Care Alimentum)",Infant Nutrition,Low-Calorie / Beverages,5,10.8,40.4,48.8,0.0,4.4
"Infant formula, ready-to-feed (Similac Expert Care Alimentum)",Infant Nutrition,Low-Calorie / Beverages,5,10.8,40.4,48.8,0.0,4.4
"Infant formula, powder, made with water, NFS (Similac Expert Care Alimentum)",Infant Nutrition,Low-Calorie / Beverages,5,10.8,40.4,48.8,0.0,4.4
"Infant formula, powder, made with tap water (Similac Expert Care Alimentum)",Infant Nutrition,Low-Calorie / Beverages,5,10.8,40.4,48.8,0.0,4.4
"Infant formula, powder, made with plain bottled water (Similac Expert Care Alimentum)",Infant Nutrition,Low-Calorie / Beverages,5,10.8,40.4,48.8,0.0,4.4
"Infant formula, powder, made with baby water (Similac Expert Care Alimentum)",Infant Nutrition,Low-Calorie / Beverages,5,10.8,40.4,48.8,0.0,4.4
"Infant formula, NS as to form (Similac Advance)",Infant Nutrition,Low-Calorie / Beverages,5,8.4,41.9,49.7,0.0,6.87
"Infant formula, ready-to-feed (Similac Advance)",Infant Nutrition,Low-Calorie / Beverages,5,8.4,41.9,49.7,0.0,6.87
"Infant formula, liquid concentrate, made with water, NFS (Similac Advance)",Infant Nutrition,Low-Calorie / Beverages,5,8.4,41.9,49.7,0.0,6.87
"Infant formula, powder, made with water, NFS (Similac Advance)",Infant Nutrition,Low-Calorie / Beverages,5,8.4,41.9,49.7,0.0,6.87
"Infant formula, liquid concentrate, made with tap water (Similac Advance)",Infant Nutrition,Low-Calorie / Beverages,5,8.4,41.9,49.7,0.0,6.87
"Infant formula, liquid concentrate, made with plain bottled water (Similac Advance)",Infant Nutrition,Low-Calorie / Beverages,5,8.4,41.9,49.7,0.0,6.87
"Infant formula, liquid concentrate, made with baby water (Similac Advance)",Infant Nutrition,Low-Calorie / Beverages,5,8.4,41.9,49.7,0.0,6.87
"Infant formula, powder, made with tap water (Similac Advance)",Infant Nutrition,Low-Calorie / Beverages,5,8.4,41.9,49.7,0.0,6.87
"Infant formula, powder, made with plain bottled water (Similac Advance)",Infant Nutrition,Low-Calorie / Beverages,5,8.4,41.9,49.7,0.0,6.87
"Infant formula, powder, made with baby water (Similac Advance)",Infant Nutrition,Low-Calorie / Beverages,5,8.4,41.9,49.7,0.0,6.87
"Infant formula, NS as to form (Similac Advance Organic)",Infant Nutrition,Low-Calorie / Beverages,5,8.4,41.9,49.7,0.0,6.87
"Infant formula, ready-to-feed (Similac Advance Organic)",Infant Nutrition,Low-Calorie / Beverages,5,8.4,41.9,49.7,0.0,6.87
"Infant formula, powder, made with water, NFS (Similac Advance Organic)",Infant Nutrition,Low-Calorie / Beverages,5,8.4,41.9,49.7,0.0,6.87
"Infant formula, powder, made with tap water (Similac Advance Organic)",Infant Nutrition,Low-Calorie / Beverages,5,8.4,41.9,49.7,0.0,6.87
"Infant formula, powder, made with plain bottled water (Similac Advance Organic)",Infant Nutrition,Low-Calorie / Beverages,5,8.4,41.9,49.7,0.0,6.87
"Infant formula, powder, made with baby water (Similac Advance Organic)",Infant Nutrition,Low-Calorie / Beverages,5,8.4,41.9,49.7,0.0,6.87
"Infant formula, NS as to form (Similac Sensitive)",Infant Nutrition,Low-Calorie / Beverages,5,8.6,42.8,48.6,0.0,6.99
"Infant formula, ready-to-feed (Similac Sensitive)",Infant Nutrition,Low-Calorie / Beverages,5,8.6,42.8,48.6,0.0,6.99
"Infant formula, liquid concentrate, made with water, NFS (Similac Sensitive)",Infant Nutrition,Low-Calorie / Beverages,5,8.6,42.8,48.6,0.0,6.99
"Infant formula, powder, made with water, NFS (Similac Sensitive)",Infant Nutrition,Low-Calorie / Beverages,5,8.6,42.8,48.6,0.0,6.99
"Infant formula, liquid concentrate, made with tap water (Similac Sensitive)",Infant Nutrition,Low-Calorie / Beverages,5,8.6,42.8,48.6,0.0,6.99
"Infant formula, liquid concentrate, made with plain bottled water (Similac Sensitive)",Infant Nutrition,Low-Calorie / Beverages,5,8.6,42.8,48.6,0.0,6.99
"Infant formula, liquid concentrate, made with baby water (Similac Sensitive)",Infant Nutrition,Low-Calorie / Beverages,5,8.6,42.8,48.6,0.0,6.99
"Infant formula, powder, made with tap water (Similac Sensitive)",Infant Nutrition,Low-Calorie / Beverages,5,8.6,42.8,48.6,0.0,6.99
"Infant formula, powder, made with plain bottled water (Similac Sensitive)",Infant Nutrition,Low-Calorie / Beverages,5,8.6,42.8,48.6,0.0,6.99
"Infant formula, powder, made with baby water (Similac Sensitive)",Infant Nutrition,Low-Calorie / Beverages,5,8.6,42.8,48.6,0.0,6.99
"Infant formula, NS as to form (Similac for Spit-Up)",Infant Nutrition,Low-Calorie / Beverages,5,8.6,42.8,48.6,0.0,6.9
"Infant formula, ready-to-feed (Similac for Spit-Up)",Infant Nutrition,Low-Calorie / Beverages,5,8.6,42.8,48.6,0.0,6.9
"Infant formula, powder, made with water, NFS (Similac for Spit-Up)",Infant Nutrition,Low-Calorie / Beverages,5,8.6,42.8,48.6,0.0,6.9
"Infant formula, NS as to form (Similac Expert Care NeoSure)",Infant Nutrition,Low-Calorie / Beverages,5,11.1,39.9,49.1,0.0,7.26
"Infant formula, ready-to-feed (Similac Expert Care NeoSure)",Infant Nutrition,Low-Calorie / Beverages,5,11.1,39.9,49.1,0.0,7.26
"Infant formula, powder, made with water, NFS (Similac Expert Care NeoSure)",Infant Nutrition,Low-Calorie / Beverages,5,11.1,39.9,49.1,0.0,7.26
"Infant formula, powder, made with tap water (Similac Expert Care NeoSure)",Infant Nutrition,Low-Calorie / Beverages,5,11.1,39.9,49.1,0.0,7.26
"Infant formula, powder, made with plain bottled water (Similac Expert Care NeoSure)",Infant Nutrition,Low-Calorie / Beverages,5,11.1,39.9,49.1,0.0,7.26
"Infant formula, powder, made with baby water (Similac Expert Care NeoSure)",Infant Nutrition,Low-Calorie / Beverages,5,11.1,39.9,49.1,0.0,7.26
"Infant formula, NS as to form (Similac Go and Grow)",Infant Nutrition,Low-Calorie / Beverages,5,11.8,40.3,47.9,0.0,6.73
"Infant formula, powder, made with water, NFS (Similac Go and Grow)",Infant Nutrition,Low-Calorie / Beverages,5,11.8,40.3,47.9,0.0,6.73
"Infant formula, NS as to form (Enfamil Newborn)",Infant Nutrition,Low-Calorie / Beverages,5,8.3,44.5,47.2,0.0,7.39
"Infant formula, ready-to-feed (Enfamil Newborn)",Infant Nutrition,Low-Calorie / Beverages,5,8.3,44.5,47.2,0.0,7.39
"Infant formula, powder, made with water, NFS (Enfamil Newborn)",Infant Nutrition,Low-Calorie / Beverages,5,8.3,44.5,47.2,0.0,7.39
"Infant formula, powder, made with tap water (Enfamil Newborn)",Infant Nutrition,Low-Calorie / Beverages,5,8.3,44.5,47.2,0.0,7.39
"Infant formula, powder, made with plain bottled water (Enfamil Newborn)",Infant Nutrition,Low-Calorie / Beverages,5,8.3,44.5,47.2,0.0,7.39
"Infant formula, powder, made with baby water (Enfamil Newborn)",Infant Nutrition,Low-Calorie / Beverages,5,8.3,44.5,47.2,0.0,7.39
"Infant formula, NS as to form (Enfamil Infant)",Infant Nutrition,Low-Calorie / Beverages,5,8.4,44.4,47.2,0.0,7.38
"Infant formula, ready-to-feed (Enfamil Infant)",Infant Nutrition,Low-Calorie / Beverages,5,8.4,44.4,47.2,0.0,7.38
"Infant formula, liquid concentrate, made with water, NFS (Enfamil Infant)",Infant Nutrition,Low-Calorie / Beverages,5,8.4,44.4,47.2,0.0,7.38
"Infant formula, liquid concentrate, made with tap water (Enfamil Infant)",Infant Nutrition,Low-Calorie / Beverages,5,8.4,44.4,47.2,0.0,7.38
"Infant formula, liquid concentrate, made with plain bottled water (Enfamil Infant)",Infant Nutrition,Low-Calorie / Beverages,5,8.4,44.4,47.2,0.0,7.38
"Infant formula, liquid concentrate, made with baby water (Enfamil Infant)",Infant Nutrition,Low-Calorie / Beverages,5,8.4,44.4,47.2,0.0,7.38
"Infant formula, powder, made with water, NFS (Enfamil Infant)",Infant Nutrition,Low-Calorie / Beverages,5,8.4,44.4,47.2,0.0,7.38
"Infant formula, powder, made with tap water (Enfamil Infant)",Infant Nutrition,Low-Calorie / Beverages,5,8.4,44.4,47.2,0.0,7.38
"Infant formula, powder, made with plain bottled water (Enfamil Infant)",Infant Nutrition,Low-Calorie / Beverages,5,8.4,44.4,47.2,0.0,7.38
"Infant formula, powder, made with baby water (Enfamil Infant)",Infant Nutrition,Low-Calorie / Beverages,5,8.4,44.4,47.2,0.0,7.38
"Infant formula, NS as to form (Enfamil A.R.)",Infant Nutrition,Low-Calorie / Beverages,5,9.8,45.5,44.7,0.0,7.25
"Infant formula, ready-to-feed (Enfamil A.R.)",Infant Nutrition,Low-Calorie / Beverages,5,9.8,45.5,44.7,0.0,7.25
"Infant formula, powder, made with water, NFS (Enfamil A.R.)",Infant Nutrition,Low-Calorie / Beverages,5,9.8,45.5,44.7,0.0,7.25
"Infant formula, powder, made with tap water (Enfamil A.R.)",Infant Nutrition,Low-Calorie / Beverages,5,9.8,45.5,44.7,0.0,7.25
"Infant formula, NS as to form (Enfamil EnfaCare)",Infant Nutrition,Low-Calorie / Beverages,5,11.1,41.2,47.6,0.0,7.4
"Infant formula, ready-to-feed (Enfamil EnfaCare)",Infant Nutrition,Low-Calorie / Beverages,5,11.1,41.2,47.6,0.0,7.4
"Infant formula, powder, made with water, NFS (Enfamil EnfaCare)",Infant Nutrition,Low-Calorie / Beverages,5,11.1,41.2,47.6,0.0,7.4
"Infant formula, powder, made with plain bottled water (Enfamil A.R.)",Infant Nutrition,Low-Calorie / Beverages,5,9.8,45.5,44.7,0.0,7.25
"Infant formula, powder, made with baby water (Enfamil A.R.)",Infant Nutrition,Low-Calorie / Beverages,5,9.8,45.5,44.7,0.0,7.25
"Infant formula, NS as to form (Enfamil Gentlease)",Infant Nutrition,Low-Calorie / Beverages,5,9.2,43.6,47.2,0.0,7.25
"Infant formula, ready-to-feed (Enfamil Gentlease)",Infant Nutrition,Low-Calorie / Beverages,5,9.2,43.6,47.2,0.0,7.25
"Infant formula, powder, made with water, NFS (Enfamil Gentlease)",Infant Nutrition,Low-Calorie / Beverages,5,9.2,43.6,47.2,0.0,7.25
"Infant formula, powder, made with tap water (Enfamil EnfaCare)",Infant Nutrition,Low-Calorie / Beverages,5,11.1,41.2,47.6,0.0,7.4
"Infant formula, powder, made with plain bottled water (Enfamil EnfaCare)",Infant Nutrition,Low-Calorie / Beverages,5,11.1,41.2,47.6,0.0,7.4
"Infant formula, powder, made with baby water (Enfamil EnfaCare)",Infant Nutrition,Low-Calorie / Beverages,5,11.1,41.2,47.6,0.0,7.4
"Infant formula, powder, made with tap water (Enfamil Gentlease)",Infant Nutrition,Low-Calorie / Beverages,5,9.2,43.6,47.2,0.0,7.25
"Infant formula, powder, made with plain bottled water (Enfamil Gentlease)",Infant Nutrition,Low-Calorie / Beverages,5,9.2,43.6,47.2,0.0,7.25
"Infant formula, powder, made with baby water (Enfamil Gentlease)",Infant Nutrition,Low-Calorie / Beverages,5,9.2,43.6,47.2,0.0,7.25
"Infant formula, NS as to form (Enfamil Enfagrow Toddler Transitions)",Infant Nutrition,Low-Calorie / Beverages,5,10.1,43.3,46.7,0.0,7.0
"Infant formula, ready-to-feed (Enfamil Enfragrow Toddler Transitions)",Infant Nutrition,Low-Calorie / Beverages,5,10.1,43.3,46.7,0.0,7.0
"Infant formula, powder, made with water, NFS (Enfamil Enfragrow Toddler Transitions)",Infant Nutrition,Low-Calorie / Beverages,5,10.0,43.2,46.7,0.0,12.36
"Infant formula, powder, made with tap water (Enfamil Enfagrow Toddler Transitions)",Infant Nutrition,Low-Calorie / Beverages,5,10.1,43.3,46.7,0.0,7.0
"Infant formula, powder, made with plain bottled water (Enfamil Enfagrow Toddler Transitions)",Infant Nutrition,Low-Calorie / Beverages,5,10.1,43.3,46.7,0.0,7.0
"Infant formula, powder, made with baby water (Enfamil Enfagrow Toddler Transitions)",Infant Nutrition,Low-Calorie / Beverages,5,10.1,43.3,46.7,0.0,7.0
"Infant formula, NS as to form (Enfamil Enfagrow Toddler Transitions Gentlease)",Infant Nutrition,Low-Calorie / Beverages,5,10.4,42.2,47.4,0.0,6.87
"Infant formula, powder, made with water, NFS (Enfamil Enfagrow Toddler Transitions Gentlease)",Infant Nutrition,Low-Calorie / Beverages,5,10.4,42.2,47.4,0.0,6.87
"Infant formula, powder, made with tap water (Enfamil Enfagrow Toddler Transitions Gentlease)",Infant Nutrition,Low-Calorie / Beverages,5,10.4,42.2,47.4,0.0,6.87
"Infant formula, powder, made with plain bottled water (Enfamil Enfagrow Toddler Transitions Gentlease)",Infant Nutrition,Low-Calorie / Beverages,5,10.4,42.2,47.4,0.0,6.87
"Infant formula, powder, made with baby water (Enfamil Enfagrow Toddler Transitions Gentlease)",Infant Nutrition,Low-Calorie / Beverages,5,10.4,42.2,47.4,0.0,6.87
"Infant formula, NS as to form (PediaSure)",Infant Nutrition,Low-Calorie / Beverages,5,11.6,45.1,43.4,0.0,10.5
"Infant formula, ready-to-feed (PediaSure)",Infant Nutrition,Low-Calorie / Beverages,5,11.6,45.1,43.4,0.0,10.5
"Infant formula, with fiber, NS as to form (PediaSure Fiber)",Infant Nutrition,Low-Calorie / Beverages,5,11.4,45.8,42.9,0.5,7.6
"Infant formula, with fiber, ready-to-feed (PediaSure Fiber)",Infant Nutrition,Low-Calorie / Beverages,5,11.4,45.8,42.9,0.5,7.6
"Infant formula, NS as to form (Gerber Good Start Gentle)",Infant Nutrition,Low-Calorie / Beverages,5,8.9,44.9,46.2,0.0,7.45
"Infant formula, ready-to-feed (Gerber Good Start Gentle)",Infant Nutrition,Low-Calorie / Beverages,5,8.9,44.9,46.2,0.0,7.45
"Infant formula, liquid concentrate, made with water, NFS (Gerber Good Start Gentle)",Infant Nutrition,Low-Calorie / Beverages,5,8.9,44.9,46.2,0.0,7.45
"Infant formula, powder, made with water, NFS (Gerber Good Start Gentle)",Infant Nutrition,Low-Calorie / Beverages,5,8.9,44.9,46.2,0.0,7.45
"Infant formula, liquid concentrate, made with tap water (Gerber Good Start Gentle)",Infant Nutrition,Low-Calorie / Beverages,5,8.9,44.9,46.2,0.0,7.45
"Infant formula, liquid concentrate, made with plain bottled water (Gerber Good Start Gentle)",Infant Nutrition,Low-Calorie / Beverages,5,8.9,44.9,46.2,0.0,7.45
"Infant formula, liquid concentrate, made with baby water (Gerber Good Start Gentle)",Infant Nutrition,Low-Calorie / Beverages,5,8.9,44.9,46.2,0.0,7.45
"Infant formula, powder, made with tap water (Gerber Good Start Gentle)",Infant Nutrition,Low-Calorie / Beverages,5,8.9,44.9,46.2,0.0,7.45
"Infant formula, powder, made with plain bottled water (Gerber Good Start Gentle)",Infant Nutrition,Low-Calorie / Beverages,5,8.9,44.9,46.2,0.0,7.45
"Infant formula, powder, made with baby water (Gerber Good Start Gentle)",Infant Nutrition,Low-Calorie / Beverages,5,8.9,44.9,46.2,0.0,7.45
"Infant formula, NS as to form (Gerber Good Start Protect)",Infant Nutrition,Low-Calorie / Beverages,5,8.9,44.9,46.2,0.0,7.45
"Infant formula, powder, made with water, NFS (Gerber Good Start Protect)",Infant Nutrition,Low-Calorie / Beverages,5,8.9,44.9,46.2,0.0,7.45
"Infant formula, powder, made with tap water (Gerber Good Start Protect)",Infant Nutrition,Low-Calorie / Beverages,5,8.9,44.9,46.2,0.0,7.45
"Infant formula, powder, made with plain bottled water (Gerber Good Start Protect)",Infant Nutrition,Low-Calorie / Beverages,5,8.9,44.9,46.2,0.0,7.45
"Infant formula, powder, made with baby water (Gerber Good Start Protect)",Infant Nutrition,Low-Calorie / Beverages,5,8.9,44.9,46.2,0.0,7.45
"Infant formula, NS as to form (Gerber Graduates Gentle)",Infant Nutrition,Low-Calorie / Beverages,5,8.7,45.9,45.4,0.0,7.46
"Infant formula, NS as to form (Gerber Graduates Protect)",Infant Nutrition,Low-Calorie / Beverages,5,8.7,45.9,45.4,0.0,7.46
"Infant formula, NS as to form (Store Brand)",Infant Nutrition,Low-Calorie / Beverages,5,8.4,43.1,48.5,0.0,7.12
"Infant formula, liquid concentrate, made with water, NFS (Store Brand)",Infant Nutrition,Low-Calorie / Beverages,5,8.4,43.1,48.5,0.0,7.12
"Infant formula, powder, made with water, NFS (Store Brand)",Infant Nutrition,Low-Calorie / Beverages,5,8.4,43.1,48.5,0.0,7.12
"Infant formula, ready-to-feed (Store Brand)",Infant Nutrition,Low-Calorie / Beverages,5,8.4,43.1,48.5,0.0,7.12
"Infant formula, liquid concentrate, made with tap water (Store Brand)",Infant Nutrition,Low-Calorie / Beverages,5,8.4,43.1,48.5,0.0,7.12
"Infant formula, liquid concentrate, made with plain bottled water (Store Brand)",Infant Nutrition,Low-Calorie / Beverages,5,8.4,43.1,48.5,0.0,7.12
"Infant formula, liquid concentrate, made with baby water (Store Brand)",Infant Nutrition,Low-Calorie / Beverages,5,8.4,43.1,48.5,0.0,7.12
"Infant formula, powder, made with tap water (Store Brand)",Infant Nutrition,Low-Calorie / Beverages,5,8.4,43.1,48.5,0.0,7.12
"Infant formula, powder, made with plain bottled water (Store Brand)",Infant Nutrition,Low-Calorie / Beverages,5,8.4,43.1,48.5,0.0,7.12
"Infant formula, powder, made with baby water (Store Brand)",Infant Nutrition,Low-Calorie / Beverages,5,8.4,43.1,48.5,0.0,7.12
"Infant formula, NS as to form (Enfamil ProSobee)",Infant Nutrition,Low-Calorie / Beverages,5,9.9,42.0,48.1,0.0,6.86
"Infant formula, ready-to-feed (Enfamil ProSobee)",Infant Nutrition,Low-Calorie / Beverages,5,9.9,42.0,48.1,0.0,6.86
"Infant formula, liquid concentrate, made with water, NFS (Enfamil ProSobee)",Infant Nutrition,Low-Calorie / Beverages,5,9.9,42.0,48.1,0.0,6.86
"Infant formula, powder, made with water, NFS (Enfamil ProSobee)",Infant Nutrition,Low-Calorie / Beverages,5,9.9,42.0,48.1,0.0,6.86
"Infant formula, liquid concentrate, made with tap water (Enfamil ProSobee)",Infant Nutrition,Low-Calorie / Beverages,5,9.9,42.0,48.1,0.0,6.86
"Infant formula, liquid concentrate, made with plain bottled water (Enfamil ProSobee)",Infant Nutrition,Low-Calorie / Beverages,5,9.9,42.0,48.1,0.0,6.86
"Infant formula, liquid concentrate, made with baby water (Enfamil ProSobee)",Infant Nutrition,Low-Calorie / Beverages,5,9.9,42.0,48.1,0.0,6.86
"Infant formula, powder, made with tap water (Enfamil ProSobee)",Infant Nutrition,Low-Calorie / Beverages,5,9.9,42.0,48.1,0.0,6.86
"Infant formula, powder, made with plain bottled water (Enfamil ProSobee)",Infant Nutrition,Low-Calorie / Beverages,5,9.9,42.0,48.1,0.0,6.86
"Infant formula, powder, made with baby water (Enfamil ProSobee)",Infant Nutrition,Low-Calorie / Beverages,5,9.9,42.0,48.1,0.0,6.86
"Infant formula, NS as to form (Enfamil Enfagrow Toddler Transitions Soy)",Infant Nutrition,Low-Calorie / Beverages,5,13.2,47.1,39.7,0.0,7.4
"Infant formula, powder, made with water, NFS (Enfamil Enfagrow Toddler Transitions Soy)",Infant Nutrition,Low-Calorie / Beverages,5,13.2,47.1,39.7,0.0,7.4
"Infant formula, NS as to form (Similac Isomil Soy)",Infant Nutrition,Low-Calorie / Beverages,5,9.7,41.4,48.9,0.0,6.65
"Infant formula, ready-to-feed (Similac Isomil Soy)",Infant Nutrition,Low-Calorie / Beverages,5,9.7,41.4,48.9,0.0,6.65
"Infant formula, liquid concentrate, made with water, NFS (Similac Isomil Soy)",Infant Nutrition,Low-Calorie / Beverages,5,9.7,41.4,48.9,0.0,6.65
"Infant formula, powder, made with water, NFS (Similac Isomil Soy)",Infant Nutrition,Low-Calorie / Beverages,5,9.7,41.4,48.9,0.0,6.65
"Infant formula, liquid concentrate, made with tap water (Similac Isomil Soy)",Infant Nutrition,Low-Calorie / Beverages,5,9.7,41.4,48.9,0.0,6.65
"Infant formula, liquid concentrate, made with plain bottled water (Similac Isomil Soy)",Infant Nutrition,Low-Calorie / Beverages,5,9.7,41.4,48.9,0.0,6.65
"Infant formula, liquid concentrate, made with baby water (Similac Isomil Soy)",Infant Nutrition,Low-Calorie / Beverages,5,9.7,41.4,48.9,0.0,6.65
"Infant formula, powder, made with tap water (Similac Isomil Soy)",Infant Nutrition,Low-Calorie / Beverages,5,9.7,41.4,48.9,0.0,6.65
"Infant formula, powder, made with plain bottled water (Similac Isomil Soy)",Infant Nutrition,Low-Calorie / Beverages,5,9.7,41.4,48.9,0.0,6.65
"Infant formula, powder, made with baby water (Similac Isomil Soy)",Infant Nutrition,Low-Calorie / Beverages,5,9.7,41.4,48.9,0.0,6.65
"Infant formula, NS as to form (Similac Expert Care for Diarrhea)",Infant Nutrition,Low-Calorie / Beverages,5,10.6,40.4,49.0,0.7,6.66
"Infant formula, ready-to-feed (Similac Expert Care for Diarrhea)",Infant Nutrition,Low-Calorie / Beverages,5,10.6,40.4,49.0,0.7,6.66
"Infant formula, NS as to form (Gerber Good Start Soy)",Infant Nutrition,Low-Calorie / Beverages,5,9.9,44.2,45.9,0.0,5.8
"Infant formula, ready-to-feed (Gerber Good Start Soy)",Infant Nutrition,Low-Calorie / Beverages,5,9.9,44.2,45.9,0.0,5.8
"Infant formula, liquid concentrate, made with water, NFS (Gerber Good Start Soy)",Infant Nutrition,Low-Calorie / Beverages,5,9.9,44.2,45.9,0.0,5.8
"Infant formula, powder, made with water, NFS (Gerber Good Start Soy)",Infant Nutrition,Low-Calorie / Beverages,5,9.9,44.2,45.9,0.0,5.8
"Infant formula, liquid concentrate, made with tap water (Gerber Good Start Soy)",Infant Nutrition,Low-Calorie / Beverages,5,9.9,44.2,45.9,0.0,5.8
"Infant formula, liquid concentrate, made with plain bottled water (Gerber Good Start Soy)",Infant Nutrition,Low-Calorie / Beverages,5,9.9,44.2,45.9,0.0,5.8
"Infant formula, liquid concentrate, made with baby water (Gerber Good Start Soy)",Infant Nutrition,Low-Calorie / Beverages,5,9.9,44.2,45.9,0.0,5.8
"Infant formula, powder, made with tap water (Gerber Good Start Soy)",Infant Nutrition,Low-Calorie / Beverages,5,9.9,44.2,45.9,0.0,5.8
"Infant formula, powder, made with plain bottled water (Gerber Good Start Soy)",Infant Nutrition,Low-Calorie / Beverages,5,9.9,44.2,45.9,0.0,5.8
"Infant formula, powder, made with baby water (Gerber Good Start Soy)",Infant Nutrition,Low-Calorie / Beverages,5,9.9,44.2,45.9,0.0,5.8
"Infant formula, NS as to form (Gerber Graduates Soy)",Infant Nutrition,Low-Calorie / Beverages,5,11.2,43.7,45.1,0.0,7.14
"Infant formula, NS as to form (Store Brand Soy)",Infant Nutrition,Low-Calorie / Beverages,5,9.8,41.7,48.5,0.0,6.76
"Infant formula, ready-to-feed (Store brand Soy)",Infant Nutrition,Low-Calorie / Beverages,5,9.8,41.7,48.5,0.0,6.76
"Infant formula, liquid concentrate, made with water, NFS (Store Brand Soy)",Infant Nutrition,Low-Calorie / Beverages,5,9.8,41.7,48.5,0.0,6.76
"Infant formula, powder, made with water, NFS (Store Brand Soy)",Infant Nutrition,Low-Calorie / Beverages,5,9.8,41.7,48.5,0.0,6.76
"Infant formula, powder, made with tap water (Store Brand Soy)",Infant Nutrition,Low-Calorie / Beverages,5,9.8,41.7,48.5,0.0,6.76
"Infant formula, powder, made with plain bottled water (Store Brand Soy)",Infant Nutrition,Low-Calorie / Beverages,5,9.8,41.7,48.5,0.0,6.76
"Infant formula, powder, made with baby water (Store Brand Soy)",Infant Nutrition,Low-Calorie / Beverages,5,9.8,41.7,48.5,0.0,6.76
"Infant formula, NS as to form (Enfamil Nutramigen)",Infant Nutrition,Low-Calorie / Beverages,5,11.3,41.4,47.4,0.0,6.6
"Infant formula, ready-to-feed (Enfamil Nutramigen)",Infant Nutrition,Low-Calorie / Beverages,5,11.3,41.4,47.4,0.0,6.6
"Infant formula, liquid concentrate, made with water, NFS (Enfamil Nutramigen)",Infant Nutrition,Low-Calorie / Beverages,5,11.3,41.4,47.4,0.0,6.6
"Infant formula, powder, made with water, NFS (Enfamil Nutramigen)",Infant Nutrition,Low-Calorie / Beverages,5,11.3,41.4,47.4,0.0,6.6
"Infant formula, NS as to form (PurAmino)",Infant Nutrition,Low-Calorie / Beverages,5,11.3,41.3,47.3,0.0,6.6
"Infant formula, powder, made with water, NFS (PurAmino)",Infant Nutrition,Low-Calorie / Beverages,5,11.3,41.3,47.3,0.0,6.6
"Infant formula, NS as to form (Enfamil Pregestimil)",Infant Nutrition,Low-Calorie / Beverages,5,10.8,40.7,48.5,0.0,6.6
"Infant formula, ready-to-feed (Enfamil Pregestimil)",Infant Nutrition,Low-Calorie / Beverages,5,10.8,40.7,48.5,0.0,6.6
"Infant formula, powder, made with water, NFS (Enfamil Pregestimil)",Infant Nutrition,Low-Calorie / Beverages,5,10.8,40.7,48.5,0.0,6.6
"Infant formula, ready-to-feed, low iron (Enfamil Premature 20 Cal)",Infant Nutrition,Low-Calorie / Beverages,5,11.8,43.2,45.0,0.0,7.23
"Infant formula, ready-to-feed, with iron (Enfamil Premature 20 Cal)",Infant Nutrition,Low-Calorie / Beverages,5,11.8,43.2,45.0,0.0,7.2
"Milk, dry, not reconstituted, NS as to fat content",Dairy & Eggs,High-Fat / Oils,3,40.2,57.8,1.9,0.0,51.98
"Milk, dry, not reconstituted, whole",Dairy & Eggs,High-Fat / Oils,3,21.1,30.8,48.1,0.0,38.42
"Milk, dry, not reconstituted, low fat (1%)",Dairy & Eggs,High-Fat / Oils,3,39.3,56.4,4.3,0.0,51.46
"Milk, dry, not reconstituted, fat free (skim)",Dairy & Eggs,High-Fat / Oils,3,40.2,57.8,1.9,0.0,51.98
"Whey, sweet, dry",Supplements & Sports,High-Fat / Oils,3,14.4,82.9,2.7,0.0,74.46
"Cocoa powder, not reconstituted",Sweets & Desserts,High-Fiber / Plant-based,4,18.1,53.5,28.5,37.0,1.75
"Chocolate beverage powder, dry mix, not reconstituted",Beverages,High-Fat / Oils,3,4.6,90.3,5.1,4.5,81.82
"Chocolate beverage powder, light, dry mix, not reconstituted",Beverages,High-Fiber / Plant-based,4,10.4,78.0,11.6,9.1,27.27
"Milk, malted, dry mix, not reconstituted",Dairy & Eggs,High-Fat / Oils,3,0.0,100.0,0.0,0.0,72.73
"Strawberry beverage powder, dry mix, not reconstituted",Fruits,High-Fat / Oils,3,0.1,99.4,0.5,0.0,95.45
"Cream, NS as to light, heavy, or half and half",Dairy & Eggs,High-Carb / Sugary,0,9.4,12.9,77.7,0.0,4.13
"Cream, light",Dairy & Eggs,High-Carb / Sugary,0,6.0,7.4,86.7,0.0,3.67
"Cream, half and half",Dairy & Eggs,High-Carb / Sugary,0,9.4,12.9,77.7,0.0,4.13
"Cream, half and half, flavored",Dairy & Eggs,High-Carb / Sugary,0,9.3,13.7,77.0,0.0,4.33
"Cream, half and half, fat free",Dairy & Eggs,Balanced Moderate,1,17.6,61.0,21.4,0.0,5.0
"Cream, heavy",Dairy & Eggs,High-Carb / Sugary,0,3.3,3.3,93.5,0.0,2.92
"Cream, whipped",Other,High-Carb / Sugary,0,3.0,9.8,87.1,0.0,8.55
"Coffee creamer, NFS",Beverages,Low-Calorie / Beverages,5,2.9,32.7,64.4,0.0,11.38
"Coffee creamer, liquid",Beverages,Low-Calorie / Beverages,5,2.9,32.7,64.4,0.0,11.38
"Coffee creamer, liquid, flavored",Beverages,High-Fat / Oils,3,1.0,53.0,45.9,1.1,33.04
"Coffee creamer, liquid, fat free",Beverages,Low-Calorie / Beverages,5,4.5,51.2,44.3,0.0,9.1
"Coffee creamer, liquid, fat free, flavored",Beverages,High-Fat / Oils,3,1.6,82.6,15.8,0.0,31.78
"Coffee creamer, liquid, fat free, sugar free, flavored",Beverages,Low-Calorie / Beverages,5,4.5,51.2,44.3,0.0,9.1
"Coffee creamer, liquid, sugar free, flavored",Beverages,Low-Calorie / Beverages,5,4.5,51.2,44.3,0.0,9.1
"Coffee creamer, powder",Beverages,Low-Calorie / Beverages,5,1.8,43.6,54.5,0.0,7.77
"Coffee creamer, powder, flavored",Beverages,High-Fat / Oils,3,0.5,60.6,38.8,1.2,58.01
"Coffee creamer, powder, fat free",Beverages,High-Fat / Oils,3,1.7,66.4,31.9,0.0,73.4
"Coffee creamer,powder, fat free, flavored",Beverages,High-Fat / Oils,3,1.7,66.4,31.9,0.0,73.4
"Coffee creamer,powder, sugar free, flavored",Beverages,Low-Calorie / Beverages,5,1.8,43.6,54.5,0.0,7.77
"Coffee creamer, soy, liquid",Beverages,Low-Calorie / Beverages,5,2.9,32.7,64.4,0.0,11.38
Whipped topping,Dairy & Eggs,High-Carb / Sugary,0,1.5,28.4,70.1,0.0,23.05
"Whipped topping, fat free",Dairy & Eggs,Low-Calorie / Beverages,5,5.3,42.1,52.6,0.0,23.6
"Whipped topping, sugar free",Dairy & Eggs,Low-Calorie / Beverages,5,5.3,42.1,52.6,0.0,23.6
"Sour cream, regular",Dairy & Eggs,High-Carb / Sugary,0,4.8,9.1,86.0,0.0,3.41
"Sour cream, light",Dairy & Eggs,High-Carb / Sugary,0,10.2,20.6,69.2,0.0,0.22
"Sour cream, fat free",Dairy & Eggs,Balanced Moderate,1,16.6,83.4,0.0,0.0,0.39
"Sour cream, imitation",Dairy & Eggs,High-Carb / Sugary,0,4.5,12.5,82.9,0.0,6.63
"Dip, NFS",Condiments & Sauces,High-Carb / Sugary,0,2.1,3.2,94.7,0.3,2.48
"Chipotle dip, regular",Condiments & Sauces,High-Carb / Sugary,0,1.6,2.5,95.9,0.0,2.04
"Chipotle dip, light",Condiments & Sauces,High-Carb / Sugary,0,3.7,26.9,69.4,0.0,7.36
"Dill dip, regular",Condiments & Sauces,High-Carb / Sugary,0,1.8,2.9,95.3,0.3,2.05
"Dill dip, light",Condiments & Sauces,High-Carb / Sugary,0,4.1,27.3,68.6,0.3,7.37
"Onion dip, regular",Vegetables,High-Carb / Sugary,0,2.2,4.1,93.7,0.2,2.65
"Onion dip, light",Vegetables,High-Carb / Sugary,0,4.8,28.5,66.7,0.1,6.85
"Ranch dip, regular",Condiments & Sauces,High-Carb / Sugary,0,2.1,3.2,94.7,0.3,2.48
"Ranch dip, light",Condiments & Sauces,High-Carb / Sugary,0,4.6,27.6,67.8,0.2,7.78
"Spinach dip, regular",Vegetables,High-Carb / Sugary,0,2.4,3.6,94.0,0.3,2.31
"Spinach dip, light",Vegetables,High-Carb / Sugary,0,5.3,27.5,67.2,0.3,6.53
"Vegetable dip, regular",Vegetables,High-Carb / Sugary,0,1.8,2.9,95.3,0.3,2.05
"Vegetable dip, light",Vegetables,High-Carb / Sugary,0,4.1,27.3,68.6,0.3,7.37
"Ice cream, NFS",Dairy & Eggs,Low-Calorie / Beverages,5,6.4,47.6,45.9,0.8,22.86
"Ice cream, vanilla",Dairy & Eggs,Low-Calorie / Beverages,5,6.8,45.5,47.7,0.7,21.22
"Ice cream, vanilla, with additional ingredients",Dairy & Eggs,Low-Calorie / Beverages,5,6.1,50.3,43.6,1.0,25.33
"Ice cream, chocolate",Dairy & Eggs,Low-Calorie / Beverages,5,6.7,49.7,43.6,1.2,25.36
"Ice cream, chocolate, with additional ingredients",Dairy & Eggs,High-Fat / Oils,3,6.1,53.1,40.8,1.5,28.82
"Ice cream, soft serve, vanilla",Dairy & Eggs,Balanced Moderate,1,10.6,65.3,24.1,0.3,22.12
"Ice cream, soft serve, chocolate",Dairy & Eggs,Low-Calorie / Beverages,5,10.7,54.8,34.5,0.8,24.71
"Gelato, vanilla",Dairy & Eggs,Low-Calorie / Beverages,5,5.6,35.8,58.6,0.0,20.65
"Gelato, chocolate",Dairy & Eggs,Low-Calorie / Beverages,5,7.5,31.5,60.9,0.9,17.35
"Ice cream bar, vanilla",Dairy & Eggs,Low-Calorie / Beverages,5,2.2,38.6,59.2,1.1,21.05
"Ice cream bar, vanilla, chocolate coated",Dairy & Eggs,Low-Calorie / Beverages,5,5.0,29.6,65.5,0.8,18.3
Ice cream candy bar,Dairy & Eggs,Low-Calorie / Beverages,5,5.4,38.3,56.3,0.6,30.0
"Ice cream bar, chocolate",Dairy & Eggs,Low-Calorie / Beverages,5,5.3,30.2,64.5,1.5,17.97
"Ice cream sandwich, vanilla",Dairy & Eggs,Low-Calorie / Beverages,5,6.4,53.8,39.8,1.4,25.27
"Ice cream sandwich, chocolate",Dairy & Eggs,High-Fat / Oils,3,6.4,55.9,37.7,1.8,28.38
Ice cream cookie sandwich,Dairy & Eggs,High-Fat / Oils,3,5.8,54.4,39.8,1.7,26.45
"Ice cream cone, scooped, vanilla",Dairy & Eggs,Low-Calorie / Beverages,5,6.8,47.9,45.3,0.8,20.61
"Ice cream cone, scooped, vanilla, waffle cone",Dairy & Eggs,Low-Calorie / Beverages,5,6.9,49.6,43.5,0.8,21.48
"Ice cream cone, NFS",Dairy & Eggs,Low-Calorie / Beverages,5,6.5,49.7,43.7,0.9,22.19
"Ice cream cone, scooped, chocolate",Dairy & Eggs,Low-Calorie / Beverages,5,6.8,51.6,41.6,1.3,24.59
"Ice cream cone, scooped, chocolate, waffle cone",Dairy & Eggs,Low-Calorie / Beverages,5,6.8,53.1,40.1,1.2,25.38
"Ice cream cone, soft serve, vanilla",Dairy & Eggs,Balanced Moderate,1,10.4,66.3,23.3,0.4,21.48
"Ice cream cone, soft serve, chocolate",Dairy & Eggs,Low-Calorie / Beverages,5,10.4,56.7,32.9,0.9,23.96
"Ice cream cone, soft serve, vanilla, waffle cone",Dairy & Eggs,Balanced Moderate,1,10.3,67.6,22.2,0.4,22.33
"Ice cream cone, soft serve, chocolate, waffle cone",Dairy & Eggs,Low-Calorie / Beverages,5,10.3,58.2,31.4,0.9,24.77
"Ice cream cone, vanilla, prepackaged",Dairy & Eggs,Low-Calorie / Beverages,5,5.9,38.7,55.4,1.0,25.0
"Ice cream cone, chocolate, prepackaged",Dairy & Eggs,Low-Calorie / Beverages,5,6.0,38.9,55.1,1.4,24.77
"Ice cream soda, flavors other than chocolate",Dairy & Eggs,Balanced Moderate,1,4.3,65.3,30.4,0.2,13.4
"Ice cream soda, chocolate",Dairy & Eggs,Balanced Moderate,1,4.4,66.9,28.7,0.3,14.48
"Ice cream sundae, NFS",Dairy & Eggs,Low-Calorie / Beverages,5,6.1,52.5,41.4,1.1,23.89
"Ice cream sundae, fruit topping",Dairy & Eggs,Low-Calorie / Beverages,5,4.9,58.2,36.9,0.7,22.24
Banana split,Fruits,Balanced Moderate,1,5.0,64.3,30.7,1.3,23.29
"Ice cream sundae, hot fudge topping",Dairy & Eggs,Low-Calorie / Beverages,5,6.1,52.5,41.4,1.1,23.89
"Ice cream sundae, caramel topping",Dairy & Eggs,High-Fat / Oils,3,5.5,56.4,38.1,0.5,28.82
"Ice cream, fried",Dairy & Eggs,Low-Calorie / Beverages,5,5.6,46.3,48.2,1.2,20.9
"Light ice cream, NFS",Dairy & Eggs,Low-Calorie / Beverages,5,10.0,58.3,31.7,0.2,14.29
"Light ice cream, vanilla",Dairy & Eggs,Low-Calorie / Beverages,5,10.0,58.3,31.7,0.2,14.29
"Light ice cream, chocolate",Dairy & Eggs,Low-Calorie / Beverages,5,9.5,58.3,32.3,0.8,15.18
"Soft serve, blended with candy or cookies, from fast food",Sweets & Desserts,Low-Calorie / Beverages,5,9.1,59.8,31.1,0.2,22.78
"Light ice cream sandwich, vanilla",Dairy & Eggs,Low-Calorie / Beverages,5,8.1,61.6,30.3,1.0,20.08
"Light ice cream sandwich, chocolate",Dairy & Eggs,Low-Calorie / Beverages,5,7.9,61.5,30.7,1.5,20.74
"Light ice cream bar, vanilla",Dairy & Eggs,Low-Calorie / Beverages,5,5.4,31.6,63.0,0.1,10.54
"Light ice cream bar, vanilla, chocolate coated",Dairy & Eggs,Low-Calorie / Beverages,5,5.7,32.0,62.4,0.5,10.45
"Light ice cream bar, chocolate",Dairy & Eggs,Low-Calorie / Beverages,5,5.4,32.4,62.2,1.0,11.1
Creamsicle,Dairy & Eggs,Balanced Moderate,1,3.7,79.5,16.8,0.0,18.46
"Creamsicle, light",Dairy & Eggs,Balanced Moderate,1,8.6,91.4,0.0,1.8,3.34
Fudgesicle,Dairy & Eggs,Balanced Moderate,1,6.3,73.5,20.2,1.0,17.47
"Light ice cream cone, vanilla, prepackaged",Dairy & Eggs,Low-Calorie / Beverages,5,9.6,61.1,29.3,0.7,16.4
"Light ice cream cone, chocolate, prepackaged",Dairy & Eggs,Low-Calorie / Beverages,5,9.3,61.0,29.7,1.3,17.11
"Sherbet, all flavors",Dairy & Eggs,Balanced Moderate,1,3.1,84.4,12.5,1.3,24.32
"Fudgesicle, light",Dairy & Eggs,Balanced Moderate,1,11.8,74.6,13.6,1.5,5.1
"Pudding, chocolate, NFS",Sweets & Desserts,Balanced Moderate,1,5.9,64.9,29.2,0.0,17.17
"Pudding, bread",Grains & Bakery,Low-Calorie / Beverages,5,14.2,59.2,26.7,1.0,15.13
"Pudding, flavors other than chocolate, NFS",Sweets & Desserts,Balanced Moderate,1,4.5,69.4,26.1,0.0,16.97
Custard,Dairy & Eggs,Low-Calorie / Beverages,5,21.5,46.1,32.4,0.0,10.93
Flan,Dairy & Eggs,High-Fat / Oils,3,11.9,63.6,24.5,0.0,28.14
Creme brulee,Dairy & Eggs,Balanced Moderate,1,14.6,64.0,21.4,0.0,17.88
"Pudding, rice",Grains & Bakery,Balanced Moderate,1,12.2,69.5,18.3,0.3,11.59
"Firni, Indian pudding",Sweets & Desserts,Balanced Moderate,1,10.0,70.5,19.5,0.3,15.66
"Pudding, tapioca, made from dry mix",Sweets & Desserts,Balanced Moderate,1,6.0,67.0,27.0,0.0,14.91
"Pudding, flavors other than chocolate, made from dry mix",Sweets & Desserts,Balanced Moderate,1,10.7,74.2,15.1,0.0,19.43
"Pudding, chocolate, made from dry mix",Sweets & Desserts,Balanced Moderate,1,11.2,72.8,15.9,0.7,16.63
"Pudding, flavors other than chocolate, made from dry mix, sugar free",Sweets & Desserts,Low-Calorie / Beverages,5,18.7,55.9,25.4,0.0,4.66
"Pudding, chocolate, made from dry mix, sugar free",Sweets & Desserts,Low-Calorie / Beverages,5,18.8,56.7,24.5,0.5,4.57
"Pudding, flavors other than chocolate, ready-to-eat",Sweets & Desserts,Balanced Moderate,1,4.5,69.4,26.1,0.0,16.97
"Pudding, flavors other than chocolate, ready-to-eat, sugar free",Sweets & Desserts,Low-Calorie / Beverages,5,18.7,55.9,25.4,0.0,4.66
"Pudding, chocolate, ready-to-eat",Sweets & Desserts,Balanced Moderate,1,5.9,64.9,29.2,0.0,17.17
"Pudding, chocolate, ready-to-eat, sugar free",Sweets & Desserts,Low-Calorie / Beverages,5,18.8,56.7,24.5,0.5,4.57
"Pudding, tapioca, ready-to-eat",Sweets & Desserts,Balanced Moderate,1,6.0,67.0,27.0,0.0,14.91
Banana pudding,Fruits,Balanced Moderate,1,6.7,69.6,23.7,0.9,18.79
Mousse,Sweets & Desserts,Low-Calorie / Beverages,5,8.0,29.9,62.0,0.6,15.11
"Milk dessert or milk candy, Puerto Rican style",Dairy & Eggs,High-Fat / Oils,3,8.7,70.3,21.0,0.0,49.74
"Barfi or Burfi, Indian dessert",Sweets & Desserts,High-Fat / Oils,3,7.6,56.7,35.7,0.4,36.97
Trifle,Sweets & Desserts,Low-Calorie / Beverages,5,8.3,54.4,37.4,0.4,15.77
Tiramisu,Sweets & Desserts,Low-Calorie / Beverages,5,6.5,32.8,60.6,0.4,18.86
"Custard pudding, flavor other than chocolate, baby food, NS as to strained or junior",Infant Nutrition,Balanced Moderate,1,7.7,76.9,15.4,0.1,11.85
"Custard pudding, baby food, flavor other than chocolate, strained",Infant Nutrition,Balanced Moderate,1,7.2,72.4,20.4,0.0,11.5
"Custard pudding, baby food, flavor other than chocolate, junior",Infant Nutrition,Balanced Moderate,1,8.2,81.6,10.2,0.2,12.2
White sauce or gravy,Condiments & Sauces,High-Carb / Sugary,0,10.8,26.0,63.3,0.2,4.61
"Cheese, NFS",Dairy & Eggs,High-Carb / Sugary,0,22.2,5.4,72.4,0.0,2.69
"Cheese, Blue or Roquefort",Dairy & Eggs,High-Carb / Sugary,0,24.2,2.6,73.1,0.0,0.5
"Cheese, Brick",Dairy & Eggs,High-Carb / Sugary,0,25.0,3.0,72.0,0.0,0.51
"Cheese, Camembert",Dairy & Eggs,High-Carb / Sugary,0,26.5,0.6,72.9,0.0,0.46
"Cheese, Brie",Dairy & Eggs,High-Carb / Sugary,0,24.9,0.5,74.6,0.0,0.45
"Cheese, Cheddar",Dairy & Eggs,High-Carb / Sugary,0,22.8,2.4,74.8,0.0,0.33
"Cheese, Cheddar, reduced fat",Dairy & Eggs,High-Carb / Sugary,0,36.0,3.5,60.5,0.0,0.26
"Cheese, Cheddar, nonfat or fat free",Dairy & Eggs,High-Protein,2,81.8,18.2,0.0,0.0,0.0
"Cheese, Colby",Dairy & Eggs,High-Carb / Sugary,0,24.1,2.6,73.3,0.0,0.52
"Cheese, Colby Jack",Dairy & Eggs,High-Carb / Sugary,0,25.1,1.7,73.2,0.0,0.51
"Cheese, Feta",Dairy & Eggs,High-Carb / Sugary,0,21.4,5.8,72.8,0.0,0.0
"Cheese, Fontina",Dairy & Eggs,High-Carb / Sugary,0,26.3,1.6,72.1,0.0,1.55
"Cheese, goat",Dairy & Eggs,High-Carb / Sugary,0,24.3,0.1,75.6,0.0,0.12
"Cheese, Gouda or Edam",Dairy & Eggs,High-Carb / Sugary,0,28.1,2.5,69.4,0.0,2.22
"Cheese, Gruyere",Dairy & Eggs,High-Carb / Sugary,0,29.0,0.3,70.7,0.0,0.36
"Cheese, Limburger",Dairy & Eggs,High-Carb / Sugary,0,24.5,0.6,74.9,0.0,0.49
"Cheese, Monterey",Dairy & Eggs,High-Carb / Sugary,0,26.2,0.7,73.0,0.0,0.5
"Cheese, Monterey, reduced fat",Dairy & Eggs,High-Carb / Sugary,0,36.4,0.9,62.7,0.0,0.56
"Cheese, Mozzarella, NFS",Dairy & Eggs,High-Carb / Sugary,0,32.0,6.0,62.0,0.0,1.81
"Cheese, Mozzarella, part skim",Dairy & Eggs,High-Carb / Sugary,0,32.0,6.0,62.0,0.0,1.81
"Cheese, Mozzarella, reduced sodium",Dairy & Eggs,High-Carb / Sugary,0,39.8,4.5,55.7,0.0,1.23
"Cheese, Mozzarella, nonfat or fat free",Dairy & Eggs,High-Protein,2,90.1,9.9,0.0,1.8,1.48
"Cheese, Muenster",Dairy & Eggs,High-Carb / Sugary,0,25.4,1.2,73.4,0.0,1.12
"Cheese, Muenster, reduced fat",Dairy & Eggs,High-Carb / Sugary,0,36.4,5.2,58.4,0.0,3.5
"Cheese, Parmesan, dry grated",Dairy & Eggs,High-Carb / Sugary,0,28.2,11.8,60.0,0.0,0.07
"Cheese, Parmesan, dry grated, reduced fat",Dairy & Eggs,High-Carb / Sugary,0,35.5,26.7,37.8,0.0,0.78
"Cheese, Parmesan, hard",Dairy & Eggs,High-Carb / Sugary,0,28.2,11.8,60.0,0.0,0.07
"Cheese, Parmesan, dry grated, fat free",Dairy & Eggs,High-Protein,2,43.8,43.8,12.3,0.0,1.5
"Cheese, Port du Salut",Dairy & Eggs,High-Carb / Sugary,0,28.1,2.5,69.4,0.0,2.22
"Cheese, Provolone",Dairy & Eggs,High-Carb / Sugary,0,29.2,2.4,68.4,0.0,0.56
"Cheese, provolone, reduced fat",Dairy & Eggs,High-Carb / Sugary,0,36.4,5.2,58.4,0.0,0.55
"Cheese, Swiss",Dairy & Eggs,High-Carb / Sugary,0,27.5,1.5,71.0,0.0,0.0
"Cheese, Swiss, reduced sodium",Dairy & Eggs,High-Carb / Sugary,0,30.4,3.6,66.0,0.0,1.31
"Cheese, Swiss, reduced fat",Dairy & Eggs,High-Protein,2,65.6,7.9,26.5,0.0,1.33
"Cheese, Swiss, nonfat or fat free",Dairy & Eggs,High-Protein,2,89.3,10.7,0.0,0.0,1.33
"Cheese, Cheddar, reduced sodium",Dairy & Eggs,High-Carb / Sugary,0,24.4,1.9,73.6,0.0,0.49
"Cheese, Mexican blend",Dairy & Eggs,High-Carb / Sugary,0,26.3,2.0,71.7,0.0,1.23
"Cheese, Mexican blend, reduced fat",Dairy & Eggs,High-Carb / Sugary,0,34.4,4.8,60.8,0.0,0.56
"Queso Anejo, aged Mexican cheese",Dairy & Eggs,High-Carb / Sugary,0,22.9,5.0,72.1,0.0,4.63
Queso Asadero,Dairy & Eggs,High-Carb / Sugary,0,25.4,3.2,71.4,0.0,2.87
Queso Fresco,Dairy & Eggs,High-Carb / Sugary,0,24.2,4.0,71.8,0.0,2.32
Queso cotija,Dairy & Eggs,High-Carb / Sugary,0,21.9,4.3,73.8,0.0,0.0
"Cheese, cottage, NFS",Dairy & Eggs,High-Protein,2,53.7,21.0,25.3,0.0,4.1
"Cheese, cottage, creamed, large or small curd",Dairy & Eggs,High-Protein,2,46.0,14.0,40.0,0.0,2.67
"Cottage cheese, farmer's",Dairy & Eggs,High-Carb / Sugary,0,29.4,8.9,61.7,0.0,2.52
"Cheese, Ricotta",Dairy & Eggs,High-Carb / Sugary,0,26.0,16.3,57.7,0.0,0.29
"Cheese, cottage, with fruit",Dairy & Eggs,High-Protein,2,50.2,26.3,23.5,0.2,4.61
"Cheese, cottage, with vegetables",Dairy & Eggs,High-Protein,2,49.2,28.3,22.4,0.7,3.95
"Cheese, cottage, dry curd",Dairy & Eggs,High-Protein,2,58.6,37.7,3.7,0.0,1.85
"Cheese, cottage, salted, dry curd",Dairy & Eggs,High-Protein,2,58.6,37.7,3.7,0.0,1.83
Puerto Rican white cheese,Dairy & Eggs,High-Carb / Sugary,0,24.2,4.0,71.8,0.0,2.32
"Cheese, cottage, low fat",Dairy & Eggs,High-Protein,2,53.7,21.0,25.3,0.0,4.1
"Cheese, cottage, lowfat, with fruit",Dairy & Eggs,Low-Calorie / Beverages,5,35.2,48.1,16.7,0.4,8.81
"Cheese, cottage, lowfat, low sodium",Dairy & Eggs,High-Protein,2,71.5,15.6,13.0,0.0,2.7
"Cheese, cottage, lowfat, lactose reduced",Dairy & Eggs,High-Protein,2,53.7,21.0,25.3,0.0,4.1
"Cream cheese, regular, plain",Dairy & Eggs,High-Carb / Sugary,0,6.9,6.2,86.9,0.0,3.76
"Cream cheese, regular, flavored",Dairy & Eggs,Low-Calorie / Beverages,5,13.0,30.0,57.0,0.0,14.31
"Cream cheese, light",Dairy & Eggs,High-Carb / Sugary,0,15.6,16.1,68.3,0.0,5.82
"Cheese, American and Swiss blends",Dairy & Eggs,High-Carb / Sugary,0,19.5,5.7,74.7,0.0,2.63
"Cheese, American",Dairy & Eggs,High-Carb / Sugary,0,20.9,11.5,67.5,0.0,6.24
"Cheese, American, reduced fat",Dairy & Eggs,High-Carb / Sugary,0,29.4,17.7,52.9,0.0,8.02
"Cheese, American, nonfat or fat free",Dairy & Eggs,High-Protein,2,66.7,33.3,0.0,0.0,5.26
"Cheese, American, reduced sodium",Dairy & Eggs,High-Carb / Sugary,0,23.6,1.7,74.7,0.0,0.45
"Cheese spread, American or Cheddar cheese base, reduced fat",Dairy & Eggs,High-Carb / Sugary,0,30.4,24.3,45.3,0.0,7.06
"Cream cheese spread, fat free",Dairy & Eggs,High-Protein,2,61.3,29.9,8.8,0.0,5.48
"Cheese, processed cheese food",Dairy & Eggs,High-Carb / Sugary,0,20.9,11.5,67.5,0.0,6.24
"Cheese, processed, with vegetables",Dairy & Eggs,High-Carb / Sugary,0,15.8,4.3,79.9,0.1,1.97
"Cheese,  with wine",Dairy & Eggs,High-Carb / Sugary,0,20.9,11.5,67.5,0.0,6.24
"Cheese spread, American or Cheddar cheese base",Dairy & Eggs,High-Carb / Sugary,0,22.5,12.0,65.5,0.0,7.32
"Cheese spread, Swiss cheese base",Dairy & Eggs,High-Carb / Sugary,0,22.5,12.0,65.5,0.0,7.32
"Cheese spread, cream cheese, regular",Dairy & Eggs,High-Carb / Sugary,0,9.5,4.7,85.9,0.0,3.5
"Cheese spread, cream cheese, light",Dairy & Eggs,High-Carb / Sugary,0,15.6,16.1,68.3,0.0,5.82
"Cheese spread, pressurized can",Dairy & Eggs,High-Carb / Sugary,0,22.5,12.0,65.5,0.0,7.32
Imitation cheese,Dairy & Eggs,High-Carb / Sugary,0,25.5,1.0,73.5,0.0,1.0
"Cheese, cottage cheese, with gelatin dessert",Dairy & Eggs,Low-Calorie / Beverages,5,32.5,41.6,25.9,0.0,7.66
"Cheese, cottage cheese, with gelatin dessert and fruit",Dairy & Eggs,Low-Calorie / Beverages,5,27.6,50.9,21.5,0.4,8.52
"Cheese, cottage cheese, with gelatin dessert and vegetables",Dairy & Eggs,High-Protein,2,37.8,30.7,31.4,0.2,5.37
Cheese ball,Dairy & Eggs,High-Carb / Sugary,0,16.6,5.1,78.4,1.5,1.74
Artichoke dip,Condiments & Sauces,High-Carb / Sugary,0,4.4,6.5,89.1,0.9,2.08
Spinach and artichoke dip,Vegetables,High-Carb / Sugary,0,4.8,5.7,89.5,1.2,1.52
Seafood dip,Condiments & Sauces,High-Carb / Sugary,0,7.1,4.6,88.4,0.2,1.95
Cheese dip with chili pepper,Dairy & Eggs,High-Carb / Sugary,0,8.8,31.2,60.0,0.7,1.95
Cheese dip,Dairy & Eggs,High-Carb / Sugary,0,8.1,19.1,72.9,0.3,0.29
Topping from cheese pizza,Dairy & Eggs,High-Carb / Sugary,0,29.3,13.3,57.4,1.0,4.38
Topping from vegetable pizza,Vegetables,High-Carb / Sugary,0,24.8,19.4,55.8,1.9,5.75
Topping from meat pizza,Fast Food & Prepared,High-Carb / Sugary,0,24.0,7.1,69.0,0.7,3.2
Topping from meat and vegetable pizza,Vegetables,High-Carb / Sugary,0,23.5,10.2,66.3,1.0,4.09
Cheese fondue,Dairy & Eggs,High-Carb / Sugary,0,28.0,2.8,69.2,0.0,0.53
Cheese souffle,Dairy & Eggs,High-Carb / Sugary,0,18.5,12.3,69.2,0.1,2.46
Welsh rarebit,Seafood,High-Carb / Sugary,0,18.2,15.4,66.4,0.1,4.22
"Cheese sandwich, NFS",Dairy & Eggs,Low-Calorie / Beverages,5,17.2,46.0,36.9,1.4,5.71
"Cheese sandwich, American cheese, on white bread, no spread",Dairy & Eggs,Low-Calorie / Beverages,5,17.2,46.0,36.9,1.4,5.71
"Cheese sandwich, American cheese, on wheat bread, no spread",Dairy & Eggs,Low-Calorie / Beverages,5,19.0,43.2,37.9,3.2,5.63
"Cheese sandwich, American cheese, on whole wheat bread, no spread",Dairy & Eggs,Low-Calorie / Beverages,5,19.0,43.2,37.9,3.2,5.63
"Cheese sandwich, Cheddar cheese, on white bread, no spread",Dairy & Eggs,Low-Calorie / Beverages,5,18.6,36.8,44.6,1.4,3.28
"Cheese sandwich, Cheddar cheese, on wheat bread, no spread",Dairy & Eggs,Low-Calorie / Beverages,5,20.2,34.3,45.5,3.2,3.2
"Cheese sandwich, Cheddar cheese, on whole wheat bread, no spread",Dairy & Eggs,Low-Calorie / Beverages,5,20.2,34.3,45.5,3.2,3.2
"Cheese sandwich, reduced fat American cheese, on white bread, no spread",Dairy & Eggs,Low-Calorie / Beverages,5,20.0,52.1,27.9,1.4,6.44
"Cheese sandwich, reduced fat American cheese, on wheat bread, no spread",Dairy & Eggs,Low-Calorie / Beverages,5,22.0,49.1,28.9,3.2,6.36
"Cheese sandwich, reduced fat American cheese, on whole wheat bread, no spread",Dairy & Eggs,Low-Calorie / Beverages,5,22.0,49.1,28.9,3.2,6.36
"Cheese sandwich, reduced fat Cheddar cheese, on white bread, no spread",Dairy & Eggs,Low-Calorie / Beverages,5,23.8,42.6,33.6,1.4,3.25
"Cheese sandwich, reduced fat Cheddar cheese, on wheat bread, no spread",Dairy & Eggs,Low-Calorie / Beverages,5,25.7,39.8,34.5,3.2,3.17
"Cheese sandwich, reduced fat Cheddar cheese, on whole wheat bread, no spread",Dairy & Eggs,Low-Calorie / Beverages,5,25.7,39.8,34.5,3.2,3.17
"Cheese sandwich, American cheese, on white bread, with mayonnaise",Dairy & Eggs,Low-Calorie / Beverages,5,13.1,34.7,52.3,1.2,5.09
"Cheese sandwich, American cheese, on wheat bread, with mayonnaise",Dairy & Eggs,Low-Calorie / Beverages,5,14.4,32.5,53.1,2.8,5.02
"Cheese sandwich, American cheese, on whole wheat bread, with mayonnaise",Dairy & Eggs,Low-Calorie / Beverages,5,14.4,32.5,53.1,2.8,5.02
"Cheese sandwich, Cheddar cheese, on white bread, with mayonnaise",Dairy & Eggs,High-Carb / Sugary,0,14.6,28.7,56.7,1.2,2.95
"Cheese sandwich, Cheddar cheese, on wheat bread, with mayonnaise",Dairy & Eggs,Low-Calorie / Beverages,5,15.8,26.7,57.5,2.8,2.88
"Cheese sandwich, Cheddar cheese, on whole wheat bread, with mayonnaise",Dairy & Eggs,Low-Calorie / Beverages,5,15.8,26.7,57.5,2.8,2.88
"Cheese sandwich, reduced fat American cheese, on white bread, with mayonnaise",Dairy & Eggs,Low-Calorie / Beverages,5,14.8,38.3,46.9,1.2,5.74
"Cheese sandwich, reduced fat American cheese,, on wheat bread, with mayonnaise",Dairy & Eggs,Low-Calorie / Beverages,5,16.2,35.9,47.8,2.8,5.66
"Cheese sandwich, reduced fat American cheese, on whole wheat bread, with mayonnaise",Dairy & Eggs,Low-Calorie / Beverages,5,16.2,35.9,47.8,2.8,5.66
"Cheese sandwich, reduced fat Cheddar cheese, on white bread, with mayonnaise",Dairy & Eggs,Low-Calorie / Beverages,5,18.1,32.1,49.8,1.2,2.92
"Cheese sandwich, reduced fat Cheddar cheese, on wheat bread, with mayonnaise",Dairy & Eggs,Low-Calorie / Beverages,5,19.4,29.9,50.7,2.8,2.86
"Cheese sandwich, reduced fat Cheddar cheese, on whole wheat bread, with mayonnaise",Dairy & Eggs,Low-Calorie / Beverages,5,19.4,29.9,50.7,2.8,2.86
"Cheese sandwich, American cheese, on white bread, with butter",Dairy & Eggs,Low-Calorie / Beverages,5,13.0,34.7,52.3,1.2,5.03
"Cheese sandwich, American cheese, on wheat bread, with butter",Dairy & Eggs,Low-Calorie / Beverages,5,14.3,32.5,53.1,2.8,4.96
"Cheese sandwich, American cheese, on whole wheat bread, with butter",Dairy & Eggs,Low-Calorie / Beverages,5,14.3,32.5,53.1,2.8,4.96
"Cheese sandwich, Cheddar cheese, on white bread, with butter",Dairy & Eggs,High-Carb / Sugary,0,14.6,28.7,56.7,1.2,2.89
"Cheese sandwich, Cheddar cheese, on wheat bread, with butter",Dairy & Eggs,Low-Calorie / Beverages,5,15.8,26.7,57.5,2.8,2.82
"Cheese sandwich, Cheddar cheese, on whole wheat bread, with butter",Dairy & Eggs,Low-Calorie / Beverages,5,15.8,26.7,57.5,2.8,2.82
"Cheese sandwich, reduced fat American cheese, on white bread, with butter",Dairy & Eggs,Low-Calorie / Beverages,5,14.8,38.3,46.9,1.2,5.67
"Cheese sandwich, reduced fat American cheese, on wheat bread, with butter",Dairy & Eggs,Low-Calorie / Beverages,5,16.2,36.0,47.8,2.8,5.6
"Cheese sandwich, reduced fat American cheese, on whole wheat bread, with butter",Dairy & Eggs,Low-Calorie / Beverages,5,16.2,36.0,47.8,2.8,5.6
"Cheese sandwich, reduced fat Cheddar cheese, on white bread, with butter",Dairy & Eggs,Low-Calorie / Beverages,5,18.0,32.1,49.9,1.2,2.86
"Cheese sandwich, reduced fat Cheddar cheese, on wheat bread, with butter",Dairy & Eggs,Low-Calorie / Beverages,5,19.4,29.9,50.7,2.8,2.79
"Cheese sandwich, reduced fat Cheddar cheese, on whole wheat bread, with butter",Dairy & Eggs,Low-Calorie / Beverages,5,19.4,29.9,50.7,2.8,2.79
"Grilled cheese sandwich, NFS",Dairy & Eggs,Low-Calorie / Beverages,5,13.0,34.7,52.3,1.2,5.03
"Grilled cheese sandwich, American cheese, on white bread",Dairy & Eggs,Low-Calorie / Beverages,5,13.0,34.7,52.3,1.2,5.03
"Grilled cheese sandwich, American cheese, on wheat bread",Dairy & Eggs,Low-Calorie / Beverages,5,14.3,32.5,53.1,2.8,4.96
"Grilled cheese sandwich, American cheese, on whole wheat bread",Dairy & Eggs,Low-Calorie / Beverages,5,14.3,32.5,53.1,2.8,4.96
"Grilled cheese sandwich, Cheddar cheese, on white bread",Dairy & Eggs,High-Carb / Sugary,0,14.6,28.7,56.7,1.2,2.89
"Grilled cheese sandwich, Cheddar cheese, on wheat bread",Dairy & Eggs,Low-Calorie / Beverages,5,15.8,26.7,57.5,2.8,2.82
"Grilled cheese sandwich, Cheddar cheese, on whole wheat bread",Dairy & Eggs,Low-Calorie / Beverages,5,15.8,26.7,57.5,2.8,2.82
"Grilled cheese sandwich, reduced fat American cheese, on white bread",Dairy & Eggs,Low-Calorie / Beverages,5,14.8,38.3,46.9,1.2,5.67
"Grilled cheese sandwich, reduced fat American cheese, on wheat bread",Dairy & Eggs,Low-Calorie / Beverages,5,16.2,36.0,47.8,2.8,5.6
"Grilled cheese sandwich, reduced fat American cheese, on whole wheat bread",Dairy & Eggs,Low-Calorie / Beverages,5,16.2,36.0,47.8,2.8,5.6
"Grilled cheese sandwich, reduced fat Cheddar cheese, on white bread",Dairy & Eggs,Low-Calorie / Beverages,5,18.0,32.1,49.9,1.2,2.86
"Grilled cheese sandwich, reduced fat Cheddar cheese, on wheat bread",Dairy & Eggs,Low-Calorie / Beverages,5,19.4,29.9,50.7,2.8,2.79
"Grilled cheese sandwich, reduced fat Cheddar cheese, on whole wheat bread",Dairy & Eggs,Low-Calorie / Beverages,5,19.4,29.9,50.7,2.8,2.79
Cheese sauce,Dairy & Eggs,High-Carb / Sugary,0,8.1,19.1,72.9,0.3,0.29
Alfredo sauce,Condiments & Sauces,High-Carb / Sugary,0,6.3,3.9,89.8,0.0,0.88
Alfredo sauce with added vegetables,Condiments & Sauces,High-Carb / Sugary,0,7.4,7.5,85.1,0.3,1.43
Alfredo sauce with meat,Condiments & Sauces,High-Carb / Sugary,0,15.8,2.8,81.4,0.0,0.72
Alfredo sauce with meat and added vegetables,Condiments & Sauces,High-Carb / Sugary,0,18.0,5.1,76.9,0.3,1.16
Alfredo sauce with poultry,Meat & Poultry,High-Carb / Sugary,0,18.3,3.1,78.7,0.0,0.72
Alfredo sauce with poultry and added vegetables,Meat & Poultry,High-Carb / Sugary,0,21.2,5.7,73.1,0.3,1.16
Alfredo sauce with seafood,Condiments & Sauces,High-Carb / Sugary,0,16.9,4.9,78.2,0.0,0.72
Alfredo sauce with seafood and added vegetables,Condiments & Sauces,High-Carb / Sugary,0,19.9,8.0,72.1,0.3,1.16
"Mozzarella sticks, breaded, baked, or fried",Dairy & Eggs,Low-Calorie / Beverages,5,18.2,31.0,50.8,2.0,2.36
"Mozzarella cheese, tomato, and basil, with oil and vinegar dressing",Dairy & Eggs,High-Carb / Sugary,0,20.2,10.9,68.9,0.8,2.32
"Cheddar cheese soup, home recipe, canned or ready-to-serve",Dairy & Eggs,Low-Calorie / Beverages,5,12.2,48.2,39.6,1.1,4.3
"Beer cheese soup, made with milk",Dairy & Eggs,High-Carb / Sugary,0,13.1,13.7,73.2,0.3,0.8
"Meat, NFS",Meat & Poultry,High-Protein,2,61.4,0.0,38.6,0.0,0.0
"Meat, baby food, NS as to type, NS as to strained or junior",Infant Nutrition,High-Protein,2,49.8,4.9,45.4,0.0,0.0
"Meat sticks, baby food, NS as to type of meat",Infant Nutrition,High-Carb / Sugary,0,28.3,2.3,69.4,0.2,0.8
"Ground meat, NFS",Meat & Poultry,High-Carb / Sugary,0,40.3,0.0,59.7,0.0,0.0
"Beef, NS as to cut, cooked, NS as to fat eaten",Meat & Poultry,High-Protein,2,65.8,0.0,34.2,0.0,0.0
"Beef, NS as to cut, cooked, lean and fat eaten",Meat & Poultry,High-Protein,2,47.2,0.0,52.8,0.0,0.0
"Beef, NS as to cut, cooked, lean only eaten",Meat & Poultry,High-Protein,2,65.8,0.0,34.2,0.0,0.0
"Steak, NS as to type of meat, cooked, NS as to fat eaten",Meat & Poultry,High-Protein,2,65.8,0.0,34.2,0.0,0.0
"Steak, NS as to type of meat, cooked, lean and fat eaten",Meat & Poultry,High-Protein,2,47.2,0.0,52.8,0.0,0.0
"Steak, NS as to type of meat, cooked, lean only eaten",Meat & Poultry,High-Protein,2,65.8,0.0,34.2,0.0,0.0
"Beef, pickled",Meat & Poultry,High-Carb / Sugary,0,29.6,0.8,69.6,0.0,0.0
"Beef, NS as to cut, fried, NS to fat eaten",Meat & Poultry,High-Protein,2,65.8,0.0,34.2,0.0,0.0
"Beef steak, NS as to cooking method, NS as to fat eaten",Meat & Poultry,High-Protein,2,65.8,0.0,34.2,0.0,0.0
"Beef steak, NS as to cooking method, lean and fat eaten",Meat & Poultry,High-Protein,2,47.2,0.0,52.8,0.0,0.0
"Beef steak, NS as to cooking method, lean only eaten",Meat & Poultry,High-Protein,2,65.8,0.0,34.2,0.0,0.0
"Beef steak, broiled or baked, NS as to fat eaten",Meat & Poultry,High-Protein,2,65.8,0.0,34.2,0.0,0.0
"Beef steak, broiled or baked, lean and fat eaten",Meat & Poultry,High-Protein,2,47.2,0.0,52.8,0.0,0.0
"Beef steak, broiled or baked, lean only eaten",Meat & Poultry,High-Protein,2,65.8,0.0,34.2,0.0,0.0
"Beef steak, fried, NS as to fat eaten",Meat & Poultry,High-Protein,2,65.8,0.0,34.2,0.0,0.0
"Beef steak, fried, lean and fat eaten",Meat & Poultry,High-Protein,2,47.2,0.0,52.8,0.0,0.0
"Beef steak, fried, lean only eaten",Meat & Poultry,High-Protein,2,65.8,0.0,34.2,0.0,0.0
"Beef steak, breaded or floured, baked or fried, NS as to fat eaten",Meat & Poultry,High-Protein,2,40.4,19.6,40.0,0.7,1.28
"Beef steak, breaded or floured, baked or fried, lean and fat eaten",Meat & Poultry,High-Carb / Sugary,0,36.5,18.2,45.3,0.7,1.28
"Beef steak, breaded or floured, baked or fried, lean only eaten",Meat & Poultry,High-Protein,2,40.4,19.6,40.0,0.7,1.28
"Beef steak, battered, fried, NS as to fat eaten",Meat & Poultry,High-Carb / Sugary,0,36.7,17.3,46.0,0.3,0.07
"Beef steak, battered, fried, lean and fat eaten",Meat & Poultry,High-Carb / Sugary,0,31.6,17.5,50.9,0.4,0.08
"Beef steak, battered, fried, lean only eaten",Meat & Poultry,High-Carb / Sugary,0,34.5,18.7,46.8,0.4,0.08
"Beef steak, braised, NS as to fat eaten",Meat & Poultry,High-Protein,2,50.9,0.0,49.1,0.0,0.0
"Beef steak, braised, lean and fat eaten",Meat & Poultry,High-Protein,2,50.9,0.0,49.1,0.0,0.0
"Beef steak, braised, lean only eaten",Meat & Poultry,High-Protein,2,70.7,0.0,29.3,0.0,0.0
"Beef, oxtails, cooked",Meat & Poultry,High-Protein,2,50.9,0.0,49.1,0.0,0.0
"Beef, neck bones, cooked",Meat & Poultry,High-Carb / Sugary,0,41.1,0.0,58.9,0.0,0.0
"Beef, shortribs, cooked, NS as to fat eaten",Meat & Poultry,High-Carb / Sugary,0,43.0,0.0,57.0,0.0,0.0
"Beef, shortribs, cooked, lean and fat eaten",Meat & Poultry,High-Carb / Sugary,0,18.6,0.0,81.4,0.0,0.0
"Beef, shortribs, cooked, lean only eaten",Meat & Poultry,High-Carb / Sugary,0,43.0,0.0,57.0,0.0,0.0
"Beef, shortribs, barbecued, with sauce, NS as to fat eaten",Meat & Poultry,High-Carb / Sugary,0,16.3,13.0,70.7,0.3,10.39
"Beef, shortribs, barbecued, with sauce, lean and fat eaten",Meat & Poultry,High-Carb / Sugary,0,16.3,13.0,70.7,0.3,10.39
"Beef, shortribs, barbecued, with sauce, lean only eaten",Meat & Poultry,High-Carb / Sugary,0,34.6,19.4,46.0,0.3,10.39
"Beef, cow head, cooked",Meat & Poultry,High-Carb / Sugary,0,41.2,0.0,58.8,0.0,0.0
"Beef, roast, roasted, NS as to fat eaten",Meat & Poultry,High-Protein,2,72.0,0.0,28.0,0.0,0.0
"Beef, roast, roasted, lean and fat eaten",Meat & Poultry,High-Protein,2,74.8,0.0,25.2,0.0,0.0
"Beef, roast, roasted, lean only eaten",Meat & Poultry,High-Protein,2,77.7,0.0,22.3,0.0,0.0
"Beef, roast, canned",Meat & Poultry,High-Protein,2,51.8,0.0,48.2,0.0,0.0
"Beef, pot roast, braised or boiled, NS as to fat eaten",Meat & Poultry,High-Protein,2,50.9,0.0,49.1,0.0,0.0
"Beef, pot roast, braised or boiled, lean and fat eaten",Meat & Poultry,High-Protein,2,74.9,0.0,25.1,0.0,0.0
"Beef, pot roast, braised or boiled, lean only eaten",Meat & Poultry,High-Protein,2,50.9,0.0,49.1,0.0,0.0
"Beef, stew meat, cooked, NS as to fat eaten",Meat & Poultry,High-Protein,2,50.9,0.0,49.1,0.0,0.0
"Beef, stew meat, cooked, lean and fat eaten",Meat & Poultry,High-Protein,2,60.1,0.0,39.9,0.0,0.0
"Beef, stew meat, cooked, lean only eaten",Meat & Poultry,High-Protein,2,50.9,0.0,49.1,0.0,0.0
"Corned beef, cooked, NS as to fat eaten",Meat & Poultry,High-Carb / Sugary,0,29.6,0.8,69.6,0.0,0.0
"Corned beef, cooked, lean and fat eaten",Meat & Poultry,High-Carb / Sugary,0,29.6,0.8,69.6,0.0,0.0
"Corned beef, cooked, lean only eaten",Meat & Poultry,High-Carb / Sugary,0,44.7,0.0,55.3,0.0,0.0
"Corned beef, canned, ready-to-eat",Meat & Poultry,High-Carb / Sugary,0,44.7,0.0,55.3,0.0,0.0
"Beef brisket, cooked, NS as to fat eaten",Meat & Poultry,High-Protein,2,56.7,0.0,43.3,0.0,0.0
"Beef brisket, cooked, lean and fat eaten",Meat & Poultry,High-Carb / Sugary,0,37.9,0.0,62.1,0.0,0.0
"Beef brisket, cooked, lean only eaten",Meat & Poultry,High-Protein,2,56.7,0.0,43.3,0.0,0.0
"Beef, sandwich steak, flaked, formed, thinly sliced",Meat & Poultry,High-Carb / Sugary,0,22.7,0.0,77.3,0.0,0.0
"Ground beef, raw",Meat & Poultry,High-Carb / Sugary,0,28.9,0.0,71.1,0.0,0.0
"Ground beef, cooked",Meat & Poultry,High-Carb / Sugary,0,40.3,0.0,59.7,0.0,0.0
"Ground beef patty, cooked",Meat & Poultry,High-Carb / Sugary,0,38.4,0.0,61.6,0.0,0.0
"Beef, bacon, cooked",Meat & Poultry,High-Carb / Sugary,0,28.4,1.3,70.3,0.0,0.0
"Beef, bacon, reduced sodium, cooked",Meat & Poultry,High-Carb / Sugary,0,28.0,1.1,71.0,0.0,0.0
"Beef, dried, chipped, uncooked",Meat & Poultry,High-Protein,2,81.4,7.2,11.4,0.0,2.7
"Beef, dried, chipped, cooked in fat",Meat & Poultry,High-Protein,2,50.1,4.5,45.4,0.0,2.44
Beef jerky,Meat & Poultry,High-Carb / Sugary,0,32.6,10.8,56.6,1.8,9.0
"Beef, baby food, NS as to strained or junior",Infant Nutrition,High-Protein,2,59.8,12.1,28.2,0.0,0.0
"Beef, baby food, strained",Infant Nutrition,High-Protein,2,59.8,12.1,28.2,0.0,0.0
"Beef, baby food, junior",Infant Nutrition,High-Protein,2,59.8,12.1,28.2,0.0,0.0
"Pork, NS as to cut, cooked, NS as to fat eaten",Meat & Poultry,High-Protein,2,54.0,0.0,46.0,0.0,0.0
"Pork, NS as to cut, cooked, lean and fat eaten",Meat & Poultry,High-Protein,2,54.0,0.0,46.0,0.0,0.0
"Pork, NS as to cut, cooked, lean only eaten",Meat & Poultry,High-Protein,2,73.8,0.2,25.9,0.0,0.0
"Pork, NS as to cut, fried, NS as to fat eaten",Meat & Poultry,High-Protein,2,54.0,0.0,46.0,0.0,0.0
"Pork, NS as to cut, fried, lean and fat eaten",Meat & Poultry,High-Protein,2,54.0,0.0,46.0,0.0,0.0
"Pork, NS as to cut, fried, lean only eaten",Meat & Poultry,High-Protein,2,73.8,0.2,25.9,0.0,0.0
"Pork, NS as to cut, breaded or floured, fried, NS as to fat eaten",Meat & Poultry,High-Protein,2,37.6,24.5,37.9,1.0,1.43
"Pork, NS as to cut, breaded or floured, fried, lean and fat eaten",Meat & Poultry,High-Carb / Sugary,0,32.0,21.6,46.4,1.0,1.43
"Pork, NS as to cut, breaded or floured, fried, lean only eaten",Meat & Poultry,High-Protein,2,37.6,24.5,37.9,1.0,1.43
"Pork, pickled, NS as to cut",Meat & Poultry,High-Carb / Sugary,0,34.0,0.0,65.9,0.0,0.0
"Pork, ground or patty, cooked",Meat & Poultry,High-Carb / Sugary,0,35.5,0.0,64.5,0.0,0.0
"Pork, ground or patty, breaded, cooked",Meat & Poultry,High-Carb / Sugary,0,24.8,12.8,62.4,0.6,1.24
Pork jerky,Meat & Poultry,High-Carb / Sugary,0,32.6,10.8,56.6,1.8,9.0
"Pork chop, NS as to cooking method, NS as to fat eaten",Meat & Poultry,High-Protein,2,54.0,0.0,46.0,0.0,0.0
"Pork chop, NS as to cooking method, lean and fat eaten",Meat & Poultry,High-Protein,2,54.0,0.0,46.0,0.0,0.0
"Pork chop, NS as to cooking method, lean only eaten",Meat & Poultry,High-Protein,2,73.8,0.2,25.9,0.0,0.0
"Pork chop, broiled or baked, NS as to fat eaten",Meat & Poultry,High-Protein,2,54.0,0.0,46.0,0.0,0.0
"Pork chop, broiled or baked, lean and fat eaten",Meat & Poultry,High-Protein,2,54.0,0.0,46.0,0.0,0.0
"Pork chop, broiled or baked, lean only eaten",Meat & Poultry,High-Protein,2,73.8,0.2,25.9,0.0,0.0
"Pork chop, breaded or floured, broiled or baked, NS as to fat eaten",Meat & Poultry,High-Protein,2,45.8,15.1,39.2,0.6,0.76
"Pork chop, breaded or floured, broiled or baked, lean and fat eaten",Meat & Poultry,High-Protein,2,45.8,15.1,39.2,0.6,0.76
"Pork chop, breaded or floured, broiled or baked, lean only eaten",Meat & Poultry,High-Protein,2,58.8,18.6,22.5,0.6,0.76
"Pork chop, fried, NS as to fat eaten",Meat & Poultry,High-Protein,2,54.0,0.0,46.0,0.0,0.0
"Pork chop, fried, lean and fat eaten",Meat & Poultry,High-Protein,2,54.0,0.0,46.0,0.0,0.0
"Pork chop, fried, lean only eaten",Meat & Poultry,High-Protein,2,73.8,0.2,25.9,0.0,0.0
"Pork chop, breaded or floured, fried, NS as to fat eaten",Meat & Poultry,High-Carb / Sugary,0,32.0,21.6,46.4,1.0,1.43
"Pork chop, breaded or floured, fried, lean and fat eaten",Meat & Poultry,High-Carb / Sugary,0,32.0,21.6,46.4,1.0,1.43
"Pork chop, breaded or floured, fried, lean only eaten",Meat & Poultry,High-Protein,2,37.6,24.5,37.9,1.0,1.43
"Pork chop, battered, fried, NS as to fat eaten",Meat & Poultry,High-Carb / Sugary,0,32.7,18.5,48.8,0.4,1.52
"Pork chop, battered, fried, lean and fat eaten",Meat & Poultry,High-Carb / Sugary,0,32.7,18.5,48.8,0.4,1.52
"Pork chop, battered, fried, lean only eaten",Meat & Poultry,High-Protein,2,39.3,21.3,39.5,0.4,1.52
"Pork chop, stewed, NS as to fat eaten",Meat & Poultry,High-Protein,2,54.0,0.0,46.0,0.0,0.0
"Pork chop, stewed, lean and fat eaten",Meat & Poultry,High-Protein,2,54.0,0.0,46.0,0.0,0.0
"Pork chop, stewed, lean only eaten",Meat & Poultry,High-Protein,2,73.8,0.2,25.9,0.0,0.0
"Pork chop, smoked or cured, cooked, NS as to fat eaten",Meat & Poultry,High-Carb / Sugary,0,29.8,0.0,70.2,0.0,0.0
"Pork chop, smoked or cured, cooked, lean and fat eaten",Meat & Poultry,High-Carb / Sugary,0,29.8,0.0,70.2,0.0,0.0
"Pork chop, smoked or cured, cooked, lean only eaten",Meat & Poultry,High-Protein,2,61.2,0.0,38.8,0.0,0.0
"Pork steak or cutlet, NS as to cooking method, NS as to fat eaten",Meat & Poultry,High-Carb / Sugary,0,39.1,0.1,60.8,0.0,0.0
"Pork steak or cutlet, NS as to cooking method, lean and fat eaten",Meat & Poultry,High-Carb / Sugary,0,39.1,0.1,60.8,0.0,0.0
"Pork steak or cutlet, NS as to cooking method, lean only eaten",Meat & Poultry,High-Protein,2,59.5,0.2,40.4,0.0,0.0
"Pork steak or cutlet, battered, fried, NS as to fat eaten",Meat & Poultry,High-Carb / Sugary,0,29.7,11.4,59.0,0.2,1.32
"Pork steak or cutlet, battered, fried, lean and fat eaten",Meat & Poultry,High-Carb / Sugary,0,29.7,11.4,59.0,0.2,1.32
"Pork steak or cutlet, battered, fried, lean only eaten",Meat & Poultry,High-Carb / Sugary,0,39.9,14.4,45.7,0.2,1.32
"Pork steak or cutlet, broiled or baked, NS as to fat eaten",Meat & Poultry,High-Carb / Sugary,0,39.1,0.1,60.8,0.0,0.0
"Pork steak or cutlet, broiled or baked, lean and fat eaten",Meat & Poultry,High-Carb / Sugary,0,39.1,0.1,60.8,0.0,0.0
"Pork steak or cutlet, broiled or baked, lean only eaten",Meat & Poultry,High-Protein,2,59.5,0.2,40.4,0.0,0.0
"Pork steak or cutlet, fried, NS as to fat eaten",Meat & Poultry,High-Carb / Sugary,0,39.1,0.1,60.8,0.0,0.0
"Pork steak or cutlet, fried, lean and fat eaten",Meat & Poultry,High-Carb / Sugary,0,39.1,0.1,60.8,0.0,0.0
"Pork steak or cutlet, fried, lean only eaten",Meat & Poultry,High-Protein,2,59.5,0.2,40.4,0.0,0.0
"Pork steak or cutlet, breaded or floured, broiled or baked, NS as to fat eaten",Meat & Poultry,High-Carb / Sugary,0,34.5,14.1,51.4,0.4,0.4
"Pork steak or cutlet, breaded or floured, broiled or baked, lean and fat eaten",Meat & Poultry,High-Carb / Sugary,0,34.5,14.1,51.4,0.4,0.4
"Pork steak or cutlet, breaded or floured, broiled or baked, lean only eaten",Meat & Poultry,High-Protein,2,48.6,18.7,32.7,0.4,0.4
"Pork steak or cutlet, breaded or floured, fried, NS as to fat eaten",Meat & Poultry,High-Carb / Sugary,0,28.0,22.0,50.0,1.0,1.46
"Pork steak or cutlet, breaded or floured, fried, lean and fat eaten",Meat & Poultry,High-Carb / Sugary,0,25.7,20.3,54.0,1.0,1.43
"Pork steak or cutlet, breaded or floured, fried, lean only eaten",Meat & Poultry,High-Carb / Sugary,0,32.1,23.9,44.0,1.0,1.43
"Pork, tenderloin, cooked, NS as to cooking method",Meat & Poultry,High-Protein,2,73.4,0.0,26.6,0.0,0.0
"Pork, tenderloin, breaded, fried",Meat & Poultry,High-Carb / Sugary,0,30.2,20.9,48.9,0.9,1.34
"Pork, tenderloin, braised",Meat & Poultry,High-Protein,2,81.2,0.0,18.8,0.0,0.0
"Pork, tenderloin, baked",Meat & Poultry,High-Protein,2,73.4,0.0,26.6,0.0,0.0
"Pork, tenderloin, battered, fried",Meat & Poultry,High-Protein,2,49.8,16.2,34.1,0.2,1.32
"Ham, fried, NS as to fat eaten",Meat & Poultry,High-Carb / Sugary,0,41.3,2.7,56.0,0.0,1.09
"Ham, fried, lean and fat eaten",Meat & Poultry,High-Carb / Sugary,0,41.3,2.7,56.0,0.0,1.09
"Ham, fried, lean only eaten",Meat & Poultry,High-Protein,2,46.9,2.3,50.9,0.0,0.99
"Ham, breaded or floured, fried, NS as to fat eaten",Meat & Poultry,High-Carb / Sugary,0,37.1,14.9,48.0,0.3,1.35
"Ham, breaded or floured, fried, lean and fat eaten",Meat & Poultry,High-Carb / Sugary,0,37.1,14.9,48.0,0.3,1.35
"Ham, breaded or floured, fried, lean only eaten",Meat & Poultry,High-Protein,2,41.6,14.4,44.0,0.4,1.39
"Ham, fresh, cooked, NS as to fat eaten",Meat & Poultry,High-Carb / Sugary,0,40.4,0.0,59.6,0.0,0.0
"Ham, fresh, cooked, lean and fat eaten",Meat & Poultry,High-Carb / Sugary,0,40.4,0.0,59.6,0.0,0.0
"Ham, fresh, cooked, lean only eaten",Meat & Poultry,High-Protein,2,58.1,0.0,41.9,0.0,0.0
"Ham, smoked or cured, cooked, NS as to fat eaten",Meat & Poultry,High-Protein,2,55.3,3.3,41.5,0.0,1.04
"Ham, smoked or cured, cooked, lean and fat eaten",Meat & Poultry,High-Protein,2,55.3,3.3,41.5,0.0,1.04
"Ham, smoked or cured, cooked, lean only eaten",Meat & Poultry,High-Protein,2,64.0,3.1,32.9,0.0,1.05
"Ham, prosciutto",Meat & Poultry,High-Protein,2,59.4,0.6,40.0,0.0,0.0
"Ham, smoked or cured, canned, NS as to fat eaten",Meat & Poultry,High-Protein,2,54.0,3.1,42.9,0.0,1.0
"Ham, smoked or cured, canned, lean and fat eaten",Meat & Poultry,High-Protein,2,54.0,3.1,42.9,0.0,1.0
"Ham, smoked or cured, canned, lean only eaten",Meat & Poultry,High-Protein,2,62.5,3.5,34.0,0.0,1.0
"Ham, smoked or cured, ground patty",Meat & Poultry,High-Carb / Sugary,0,22.8,1.7,75.4,0.0,1.09
"Pork roast, NS as to cut, cooked, NS as to fat eaten",Meat & Poultry,High-Carb / Sugary,0,45.1,0.0,54.9,0.0,0.0
"Pork roast, NS as to cut, cooked, lean and fat eaten",Meat & Poultry,High-Carb / Sugary,0,45.1,0.0,54.9,0.0,0.0
"Pork roast, NS as to cut, cooked, lean only eaten",Meat & Poultry,High-Protein,2,56.9,0.0,43.1,0.0,0.0
"Pork roast, loin, cooked, NS as to fat eaten",Meat & Poultry,High-Carb / Sugary,0,45.1,0.0,54.9,0.0,0.0
"Pork roast, loin, cooked, lean and fat eaten",Meat & Poultry,High-Carb / Sugary,0,45.1,0.0,54.9,0.0,0.0
"Pork roast, loin, cooked, lean only eaten",Meat & Poultry,High-Protein,2,56.9,0.0,43.1,0.0,0.0
"Fried pork chunks, Puerto Rican style",Meat & Poultry,High-Protein,2,57.2,1.4,41.4,0.1,0.03
"Pork roast, shoulder, cooked, NS as to fat eaten",Meat & Poultry,High-Carb / Sugary,0,32.6,0.0,67.4,0.0,0.0
"Pork roast, shoulder, cooked, lean and fat eaten",Meat & Poultry,High-Carb / Sugary,0,32.6,0.0,67.4,0.0,0.0
"Pork roast, shoulder, cooked, lean only eaten",Meat & Poultry,High-Carb / Sugary,0,45.4,0.0,54.6,0.0,0.0
"Pork roast, smoked or cured, cooked, NS as to fat eaten",Meat & Poultry,High-Protein,2,55.3,1.3,43.4,0.0,0.0
"Pork roast, smoked or cured, cooked, lean and fat eaten",Meat & Poultry,High-Protein,2,55.3,1.3,43.4,0.0,0.0
"Pork roast, smoked or cured, cooked, lean only eaten",Meat & Poultry,High-Protein,2,66.9,0.0,33.1,0.0,0.0
"Pork roll, cured, fried",Meat & Poultry,High-Carb / Sugary,0,16.0,5.5,78.4,0.0,0.0
"Canadian bacon, cooked",Meat & Poultry,High-Protein,2,77.8,4.9,17.2,0.0,1.2
"Bacon, NS as to type of meat, cooked",Meat & Poultry,High-Carb / Sugary,0,29.6,1.5,68.9,0.0,0.0
"Bacon, NS as to type of meat, reduced sodium, cooked",Meat & Poultry,High-Carb / Sugary,0,21.1,7.6,71.3,0.0,0.0
"Pork bacon, NS as to fresh, smoked or cured, cooked",Meat & Poultry,High-Carb / Sugary,0,29.6,1.5,68.9,0.0,0.0
"Pork bacon, NS as to fresh, smoked or cured, reduced sodium, cooked",Meat & Poultry,High-Carb / Sugary,0,28.0,1.1,71.0,0.0,0.0
"Pork bacon, smoked or cured, cooked",Meat & Poultry,High-Carb / Sugary,0,29.6,1.5,68.9,0.0,0.0
"Bacon or side pork, fresh, cooked",Meat & Poultry,High-Carb / Sugary,0,29.6,1.5,68.9,0.0,0.0
"Pork bacon, smoked or cured, reduced sodium, cooked",Meat & Poultry,High-Carb / Sugary,0,28.0,1.1,71.0,0.0,0.0
"Salt pork, cooked",Meat & Poultry,High-Carb / Sugary,0,1.4,0.0,98.6,0.0,0.0
"Fat back, cooked",Meat & Poultry,High-Carb / Sugary,0,1.4,0.0,98.6,0.0,0.0
"Pork, spareribs, cooked, NS as to fat eaten",Meat & Poultry,High-Carb / Sugary,0,29.9,0.0,70.1,0.0,0.0
"Pork, spareribs, cooked, lean and fat eaten",Meat & Poultry,High-Carb / Sugary,0,29.9,0.0,70.1,0.0,0.0
"Pork, spareribs, cooked, lean only eaten",Meat & Poultry,High-Protein,2,58.1,0.0,41.9,0.0,0.0
"Pork, spareribs, barbecued, with sauce, NS as to fat eaten",Meat & Poultry,High-Carb / Sugary,0,25.4,15.1,59.5,0.3,10.39
"Pork, spareribs, barbecued, with sauce, lean and fat eaten",Meat & Poultry,High-Carb / Sugary,0,25.4,15.1,59.5,0.3,10.39
"Pork, spareribs, barbecued, with sauce, lean only eaten",Meat & Poultry,High-Carb / Sugary,0,36.0,23.4,40.6,0.3,10.39
"Pork, cracklings, cooked",Meat & Poultry,High-Carb / Sugary,0,29.6,1.5,68.9,0.0,0.0
"Pork ears, tail, head, snout, miscellaneous parts, cooked",Meat & Poultry,High-Carb / Sugary,0,45.8,0.0,54.2,0.0,0.0
"Pork, neck bones, cooked",Meat & Poultry,High-Protein,2,59.1,0.0,40.9,0.0,0.0
"Pork, pig's feet, cooked",Meat & Poultry,High-Carb / Sugary,0,37.8,0.0,62.2,0.0,0.0
"Pork, pig's feet, pickled",Meat & Poultry,High-Carb / Sugary,0,34.0,0.0,65.9,0.0,0.0
"Pork, pig's hocks, cooked",Meat & Poultry,High-Carb / Sugary,0,43.6,0.0,56.4,0.0,0.0
Pork skin rinds,Meat & Poultry,High-Protein,2,46.5,0.0,53.5,0.0,0.0
"Pork skin, boiled",Meat & Poultry,High-Carb / Sugary,0,4.5,0.0,95.5,0.0,0.0
"Ham, baby food, strained",Infant Nutrition,High-Protein,2,48.0,15.7,36.3,0.0,0.0
"Meat stick, baby food",Infant Nutrition,High-Carb / Sugary,0,28.3,2.3,69.4,0.2,0.8
"Lamb, NS as to cut, cooked",Meat & Poultry,High-Carb / Sugary,0,34.2,0.0,65.8,0.0,0.0
"Lamb chop, NS as to cut, cooked, NS as to fat eaten",Meat & Poultry,High-Carb / Sugary,0,32.6,0.0,67.4,0.0,0.0
"Lamb chop, NS as to cut, cooked, lean and fat eaten",Meat & Poultry,High-Carb / Sugary,0,32.6,0.0,67.4,0.0,0.0
"Lamb chop, NS as to cut, cooked, lean only eaten",Meat & Poultry,High-Protein,2,57.8,0.0,42.2,0.0,0.0
"Lamb, loin chop, cooked, NS as to fat eaten",Meat & Poultry,High-Carb / Sugary,0,32.6,0.0,67.4,0.0,0.0
"Lamb, loin chop, cooked, lean and fat eaten",Meat & Poultry,High-Carb / Sugary,0,32.6,0.0,67.4,0.0,0.0
"Lamb, loin chop, cooked, lean only eaten",Meat & Poultry,High-Protein,2,57.8,0.0,42.2,0.0,0.0
"Lamb, shoulder chop, cooked, NS as to fat eaten",Meat & Poultry,High-Carb / Sugary,0,33.4,0.0,66.6,0.0,0.0
"Lamb, shoulder chop, cooked, lean and fat eaten",Meat & Poultry,High-Carb / Sugary,0,33.4,0.0,66.6,0.0,0.0
"Lamb, shoulder chop, cooked, lean only eaten",Meat & Poultry,High-Protein,2,50.7,0.0,49.3,0.0,0.0
"Lamb, ribs, cooked, lean only eaten",Meat & Poultry,High-Protein,2,48.8,0.0,51.2,0.0,0.0
"Lamb, ribs, cooked, NS as to fat eaten",Meat & Poultry,High-Carb / Sugary,0,25.0,0.0,75.0,0.0,0.0
"Lamb, ribs, cooked, lean and fat eaten",Meat & Poultry,High-Carb / Sugary,0,25.0,0.0,75.0,0.0,0.0
"Lamb hocks, cooked",Meat & Poultry,High-Protein,2,48.4,0.0,51.6,0.0,0.0
"Lamb, roast, cooked, NS as to fat eaten",Meat & Poultry,High-Carb / Sugary,0,37.0,0.0,63.0,0.0,0.0
"Lamb, roast, cooked, lean and fat eaten",Meat & Poultry,High-Carb / Sugary,0,37.0,0.0,63.0,0.0,0.0
"Lamb, roast, cooked, lean only eaten",Meat & Poultry,High-Protein,2,56.1,0.0,43.9,0.0,0.0
"Lamb, ground or patty, cooked",Meat & Poultry,High-Carb / Sugary,0,35.9,0.0,64.1,0.0,0.0
"Goat, boiled",Meat & Poultry,High-Protein,2,79.9,0.0,20.1,0.0,0.0
"Goat, fried",Meat & Poultry,High-Protein,2,72.2,0.0,27.8,0.0,0.0
"Goat, baked",Meat & Poultry,High-Protein,2,79.9,0.0,20.1,0.0,0.0
"Goat head, cooked",Meat & Poultry,High-Protein,2,63.1,1.4,35.5,0.0,0.0
"Goat ribs, cooked",Meat & Poultry,High-Protein,2,79.9,0.0,20.1,0.0,0.0
"Veal, NS as to cut, cooked, NS as to fat eaten",Meat & Poultry,High-Protein,2,54.0,0.0,46.0,0.0,0.0
"Veal, NS as to cut, cooked, lean and fat eaten",Meat & Poultry,High-Protein,2,54.0,0.0,46.0,0.0,0.0
"Veal, NS as to cut, cooked, lean only eaten",Meat & Poultry,High-Protein,2,68.3,0.0,31.7,0.0,0.0
"Veal chop, NS as to cooking method, NS as to fat eaten",Meat & Poultry,High-Protein,2,47.2,0.0,52.8,0.0,0.0
"Veal chop, NS as to cooking method, lean and fat eaten",Meat & Poultry,High-Protein,2,47.2,0.0,52.8,0.0,0.0
"Veal chop, NS as to cooking method, lean only eaten",Meat & Poultry,High-Protein,2,62.8,0.0,37.2,0.0,0.0
"Veal chop, fried, NS as to fat eaten",Meat & Poultry,High-Protein,2,47.2,17.1,35.7,0.3,0.57
"Veal chop, fried, lean and fat eaten",Meat & Poultry,High-Protein,2,47.2,17.1,35.7,0.3,0.57
"Veal chop, fried, lean only eaten",Meat & Poultry,High-Protein,2,54.3,18.8,26.9,0.2,0.57
"Veal chop, broiled, NS as to fat eaten",Meat & Poultry,High-Protein,2,47.2,0.0,52.8,0.0,0.0
"Veal chop, broiled, lean and fat eaten",Meat & Poultry,High-Protein,2,47.2,0.0,52.8,0.0,0.0
"Veal chop, broiled, lean only eaten",Meat & Poultry,High-Protein,2,62.8,0.0,37.2,0.0,0.0
"Veal cutlet or steak, NS as to cooking method, NS as to fat eaten",Meat & Poultry,High-Protein,2,67.3,0.0,32.7,0.0,0.0
"Veal cutlet or steak, NS as to cooking method, lean and fat eaten",Meat & Poultry,High-Protein,2,71.7,0.0,28.3,0.0,0.0
"Veal cutlet or steak, NS as to cooking method, lean only eaten",Meat & Poultry,High-Protein,2,76.1,0.0,23.9,0.0,0.0
"Veal cutlet or steak, broiled, NS as to fat eaten",Meat & Poultry,High-Protein,2,72.6,0.0,27.4,0.0,0.0
"Veal cutlet or steak, broiled, lean and fat eaten",Meat & Poultry,High-Protein,2,72.6,0.0,27.4,0.0,0.0
"Veal cutlet or steak, broiled, lean only eaten",Meat & Poultry,High-Protein,2,76.1,0.0,23.9,0.0,0.0
"Veal cutlet or steak, fried, NS as to fat eaten",Meat & Poultry,High-Protein,2,47.2,17.1,35.7,0.3,0.57
"Veal cutlet or steak, fried, lean and fat eaten",Meat & Poultry,High-Protein,2,47.2,17.1,35.7,0.3,0.57
"Veal cutlet or steak, fried, lean only eaten",Meat & Poultry,High-Protein,2,76.1,0.0,23.9,0.0,0.0
"Veal, roasted, NS as to fat eaten",Meat & Poultry,High-Protein,2,54.0,0.0,46.0,0.0,0.0
"Veal, roasted, lean and fat eaten",Meat & Poultry,High-Protein,2,54.0,0.0,46.0,0.0,0.0
"Veal, roasted, lean only eaten",Meat & Poultry,High-Protein,2,62.8,0.0,37.2,0.0,0.0
"Veal, ground or patty, cooked",Meat & Poultry,High-Protein,2,58.9,0.0,41.1,0.0,0.0
"Mock chicken legs, cooked",Meat & Poultry,High-Carb / Sugary,0,36.4,9.2,54.4,0.2,0.02
"Veal patty, breaded, cooked",Meat & Poultry,High-Carb / Sugary,0,32.1,12.4,55.5,0.5,0.75
"Rabbit, NS as to domestic or wild, cooked",Meat & Poultry,High-Protein,2,61.6,0.0,38.4,0.0,0.0
"Rabbit, domestic, NS as to cooking method",Meat & Poultry,High-Protein,2,61.6,0.0,38.4,0.0,0.0
"Rabbit, NS as to domestic or wild, breaded, fried",Meat & Poultry,High-Protein,2,46.0,8.4,45.5,0.3,0.44
"Rabbit, wild, cooked",Meat & Poultry,High-Protein,2,80.7,0.0,19.3,0.0,0.0
"Venison/deer, NFS",Meat & Poultry,High-Protein,2,80.3,0.0,19.7,0.0,0.0
"Venison/deer, cured",Meat & Poultry,High-Protein,2,79.3,0.0,20.7,0.0,0.0
"Venison/deer, roasted",Meat & Poultry,High-Protein,2,80.3,0.0,19.7,0.0,0.0
"Venison/deer steak, cooked, NS as to cooking method",Meat & Poultry,High-Protein,2,83.5,0.0,16.5,0.0,0.0
"Venison/deer steak, breaded or floured, cooked, NS as to cooking method",Meat & Poultry,High-Protein,2,45.4,22.6,32.0,0.8,1.09
Venison/deer jerky,Meat & Poultry,High-Carb / Sugary,0,33.1,15.1,51.8,0.0,14.75
Deer sausage,Meat & Poultry,High-Carb / Sugary,0,14.7,5.8,79.5,0.0,2.05
"Deer chop, cooked",Meat & Poultry,High-Protein,2,60.1,0.0,39.9,0.0,0.0
"Venison/deer ribs, cooked",Meat & Poultry,High-Protein,2,80.3,0.0,19.7,0.0,0.0
"Venison/deer, stewed",Meat & Poultry,High-Protein,2,80.3,0.0,19.7,0.0,0.0
"Moose, cooked",Meat & Poultry,High-Protein,2,93.0,0.0,7.0,0.0,0.0
"Bear, cooked",Meat & Poultry,High-Protein,2,51.8,0.0,48.2,0.0,0.0
"Caribou, cooked",Meat & Poultry,High-Protein,2,75.0,0.0,25.0,0.0,0.0
"Bison, cooked",Meat & Poultry,High-Protein,2,83.9,0.0,16.1,0.0,0.0
"Ground hog, cooked",Other,High-Carb / Sugary,0,45.9,0.0,54.1,0.0,0.0
"Opossum, cooked",Meat & Poultry,High-Protein,2,56.8,0.0,43.2,0.0,0.0
"Squirrel, cooked",Meat & Poultry,High-Protein,2,74.5,0.0,25.5,0.0,0.0
"Beaver, cooked",Meat & Poultry,High-Protein,2,69.0,0.0,31.0,0.0,0.0
"Raccoon, cooked",Meat & Poultry,High-Protein,2,47.2,0.0,52.8,0.0,0.0
"Armadillo, cooked",Meat & Poultry,High-Protein,2,74.2,0.0,25.8,0.0,0.0
"Wild pig, smoked",Meat & Poultry,High-Protein,2,74.2,0.0,25.8,0.0,0.0
"Ostrich, cooked",Meat & Poultry,High-Protein,2,62.2,0.0,37.8,0.0,0.0
"Lamb, baby food, strained",Infant Nutrition,High-Protein,2,62.3,3.8,34.0,0.0,0.0
"Veal, baby food, strained",Infant Nutrition,High-Protein,2,65.1,7.5,27.4,0.0,0.0
"Chicken, NS as to part and cooking method, NS as to skin eaten",Meat & Poultry,High-Protein,2,65.2,0.0,34.8,0.0,0.0
"Chicken, NS as to part and cooking method, skin eaten",Meat & Poultry,High-Protein,2,51.0,0.2,48.8,0.0,0.1
"Chicken, NS as to part and cooking method, skin not eaten",Meat & Poultry,High-Protein,2,65.2,0.0,34.8,0.0,0.0
"Chicken, NS as to part, baked, broiled, or roasted, NS as to skin eaten",Meat & Poultry,High-Protein,2,69.5,0.0,30.5,0.0,0.0
"Chicken, NS as to part, baked, broiled, or roasted, skin eaten",Meat & Poultry,High-Protein,2,50.4,0.0,49.6,0.0,0.0
"Chicken, NS as to part, baked, broiled, or roasted, skin not eaten",Meat & Poultry,High-Protein,2,69.5,0.0,30.5,0.0,0.0
"Chicken, NS as to part, rotisserie, NS as to skin eaten",Meat & Poultry,High-Protein,2,65.2,0.0,34.8,0.0,0.0
"Chicken, NS as to part, rotisserie, skin eaten",Meat & Poultry,High-Protein,2,51.0,0.2,48.8,0.0,0.1
"Chicken, NS as to part, rotisserie, skin not eaten",Meat & Poultry,High-Protein,2,65.2,0.0,34.8,0.0,0.0
"Chicken, NS as to part, stewed, NS as to skin eaten",Meat & Poultry,High-Protein,2,68.3,0.0,31.7,0.0,0.0
"Chicken, NS as to part, stewed, skin eaten",Meat & Poultry,High-Protein,2,49.1,0.0,50.9,0.0,0.0
"Chicken, NS as to part, stewed, skin not eaten",Meat & Poultry,High-Protein,2,68.3,0.0,31.7,0.0,0.0
"Chicken, NS as to part, grilled without sauce, NS as to skin eaten",Meat & Poultry,High-Protein,2,62.3,0.0,37.7,0.0,0.0
"Chicken, NS as to part, grilled without sauce, skin eaten",Meat & Poultry,High-Protein,2,46.1,0.0,53.9,0.0,0.0
"Chicken, NS as to part, grilled without sauce, skin not eaten",Meat & Poultry,High-Protein,2,62.3,0.0,37.7,0.0,0.0
"Chicken, NS as to part, grilled with sauce, NS as to skin eaten",Meat & Poultry,High-Protein,2,50.4,16.8,32.8,0.2,5.96
"Chicken, NS as to part, grilled with sauce, skin eaten",Meat & Poultry,High-Carb / Sugary,0,38.7,14.2,47.0,0.2,5.96
"Chicken, NS as to part, grilled with sauce, skin not eaten",Meat & Poultry,High-Protein,2,50.4,16.8,32.8,0.2,5.96
"Chicken, NS as to part, sauteed, skin eaten",Meat & Poultry,High-Protein,2,46.1,0.0,53.9,0.0,0.0
"Chicken, NS as to part, sauteed, skin not eaten",Meat & Poultry,High-Protein,2,62.3,0.0,37.7,0.0,0.0
"Chicken, NS as to part, fried, coated, skin / coating eaten",Meat & Poultry,High-Carb / Sugary,0,34.7,11.4,53.9,0.2,0.0
"Chicken, NS as to part, fried, coated, skin / coating not eaten",Meat & Poultry,High-Protein,2,63.8,0.2,36.1,0.0,0.0
"Chicken, NS as to part, baked, coated, skin / coating eaten",Meat & Poultry,High-Carb / Sugary,0,34.7,11.4,53.9,0.2,0.0
"Chicken, NS as to part, baked, coated, skin / coating not eaten",Meat & Poultry,High-Protein,2,63.8,0.2,36.1,0.0,0.0
"Chicken breast, NS as to cooking method, skin eaten",Meat & Poultry,High-Protein,2,60.3,0.2,39.5,0.0,0.09
"Chicken breast, NS as to cooking method, skin not eaten",Meat & Poultry,High-Protein,2,77.7,0.0,22.3,0.0,0.0
"Chicken breast, baked, broiled, or roasted, skin eaten, from raw",Meat & Poultry,High-Protein,2,57.0,0.0,43.0,0.0,0.0
"Chicken breast, baked, broiled, or roasted, skin not eaten, from raw",Meat & Poultry,High-Protein,2,79.2,0.0,20.8,0.0,0.0
"Chicken breast, baked or broiled, skin eaten, from pre-cooked",Meat & Poultry,High-Protein,2,60.3,0.2,39.5,0.0,0.09
"Chicken breast, baked or broiled, skin not eaten, from pre-cooked",Meat & Poultry,High-Protein,2,77.7,0.0,22.3,0.0,0.0
"Chicken breast, baked or broiled, skin eaten, from fast food / restaurant",Meat & Poultry,High-Protein,2,51.8,0.0,48.2,0.0,0.0
"Chicken breast, baked or broiled, skin not eaten, from fast food / restaurant",Meat & Poultry,High-Protein,2,70.7,0.0,29.3,0.0,0.0
"Chicken breast, baked, broiled, or roasted with marinade, skin eaten, from raw",Meat & Poultry,High-Protein,2,51.5,0.6,47.8,0.0,0.28
"Chicken breast, baked, broiled, or roasted with marinade, skin not eaten, from raw",Meat & Poultry,High-Protein,2,70.1,0.7,29.1,0.0,0.28
"Chicken breast, rotisserie, skin eaten",Meat & Poultry,High-Protein,2,60.3,0.2,39.5,0.0,0.09
"Chicken breast, rotisserie, skin not eaten",Meat & Poultry,High-Protein,2,77.7,0.0,22.3,0.0,0.0
"Chicken breast, stewed, skin eaten",Meat & Poultry,High-Protein,2,57.0,0.0,43.0,0.0,0.0
"Chicken breast, stewed, skin not eaten",Meat & Poultry,High-Protein,2,79.2,0.0,20.8,0.0,0.0
"Chicken breast, grilled without sauce, skin eaten",Meat & Poultry,High-Protein,2,51.8,0.0,48.2,0.0,0.0
"Chicken breast, grilled without sauce, skin not eaten",Meat & Poultry,High-Protein,2,70.7,0.0,29.3,0.0,0.0
"Chicken breast, grilled with sauce, skin eaten",Meat & Poultry,High-Protein,2,43.1,15.0,41.9,0.2,5.98
"Chicken breast, grilled with sauce, skin not eaten",Meat & Poultry,High-Protein,2,56.9,17.2,25.9,0.2,5.98
"Chicken breast, sauteed, skin eaten",Meat & Poultry,High-Protein,2,51.8,0.0,48.2,0.0,0.0
"Chicken breast, sauteed, skin not eaten",Meat & Poultry,High-Protein,2,70.7,0.0,29.3,0.0,0.0
"Chicken breast, fried, coated, skin / coating eaten, from raw",Meat & Poultry,High-Carb / Sugary,0,36.3,10.1,53.6,0.2,0.1
"Chicken breast, fried, coated, skin / coating not eaten, from raw",Meat & Poultry,High-Protein,2,70.7,0.0,29.3,0.0,0.0
"Chicken breast, fried, coated, prepared skinless, coating eaten, from raw",Meat & Poultry,High-Protein,2,46.4,11.3,42.4,0.2,0.1
"Chicken breast, fried, coated, skin / coating eaten, from pre-cooked",Meat & Poultry,High-Carb / Sugary,0,33.8,11.7,54.5,0.3,0.12
"Chicken breast, fried, coated, skin / coating not eaten, from pre-cooked",Meat & Poultry,High-Protein,2,70.7,0.0,29.3,0.0,0.0
"Chicken breast, fried, coated, skin / coating eaten, from fast food / restaurant",Meat & Poultry,High-Carb / Sugary,0,28.4,15.7,56.0,0.3,0.1
"Chicken breast, fried, coated, skin / coating not eaten, from fast food / restaurant",Meat & Poultry,High-Protein,2,43.0,11.3,45.8,0.2,0.1
"Chicken breast, baked, coated, skin / coating eaten",Meat & Poultry,High-Protein,2,47.5,7.9,44.5,0.2,0.07
"Chicken breast, baked, coated, skin / coating not eaten",Meat & Poultry,High-Protein,2,70.7,0.0,29.3,0.0,0.0
"Chicken leg, drumstick and thigh, NS as to cooking method, skin eaten",Meat & Poultry,High-Carb / Sugary,0,43.6,0.2,56.2,0.0,0.12
"Chicken leg, drumstick and thigh, NS as to cooking method, skin not eaten",Meat & Poultry,High-Protein,2,55.4,0.0,44.6,0.0,0.0
"Chicken leg, drumstick and thigh, baked or broiled, skin eaten",Meat & Poultry,High-Carb / Sugary,0,44.6,0.0,55.4,0.0,0.0
"Chicken leg, drumstick and thigh, baked or broiled, skin not eaten",Meat & Poultry,High-Protein,2,60.3,0.0,39.7,0.0,0.0
"Chicken leg, drumstick and thigh, rotisserie, skin eaten",Meat & Poultry,High-Carb / Sugary,0,43.6,0.2,56.2,0.0,0.12
"Chicken leg, drumstick and thigh, rotisserie, skin not eaten",Meat & Poultry,High-Protein,2,55.4,0.0,44.6,0.0,0.0
"Chicken leg, drumstick and thigh, stewed, skin eaten",Meat & Poultry,High-Carb / Sugary,0,42.6,0.0,57.4,0.0,0.0
"Chicken leg, drumstick and thigh, stewed, skin not eaten",Meat & Poultry,High-Protein,2,58.8,0.0,41.2,0.0,0.0
"Chicken leg, drumstick and thigh, grilled without sauce, skin eaten",Meat & Poultry,High-Carb / Sugary,0,40.9,0.0,59.1,0.0,0.0
"Chicken leg, drumstick and thigh, grilled without sauce, skin not eaten",Meat & Poultry,High-Protein,2,54.2,0.0,45.8,0.0,0.0
"Chicken leg, drumstick and thigh, grilled with sauce, skin eaten",Meat & Poultry,High-Carb / Sugary,0,34.8,13.6,51.7,0.2,5.94
"Chicken leg, drumstick and thigh, grilled with sauce, skin not eaten",Meat & Poultry,High-Protein,2,44.2,16.4,39.4,0.2,5.94
"Chicken leg, drumstick and thigh, sauteed, skin eaten",Meat & Poultry,High-Carb / Sugary,0,40.9,0.0,59.1,0.0,0.0
"Chicken leg, drumstick and thigh, sauteed, skin not eaten",Meat & Poultry,High-Protein,2,54.2,0.0,45.8,0.0,0.0
"Chicken leg, drumstick and thigh, fried, coated, skin / coating eaten",Meat & Poultry,High-Carb / Sugary,0,29.9,9.3,60.8,0.2,0.1
"Chicken leg, drumstick and thigh, fried, coated, skin / coating not eaten",Meat & Poultry,High-Protein,2,54.2,0.0,45.8,0.0,0.0
"Chicken leg, drumstick and thigh, baked, coated, skin / coating eaten",Meat & Poultry,High-Carb / Sugary,0,38.1,7.1,54.7,0.2,0.07
"Chicken leg, drumstick and thigh, baked, coated, skin / coating not eaten",Meat & Poultry,High-Protein,2,54.2,0.0,45.8,0.0,0.0
"Chicken drumstick, NS as to cooking method, skin eaten",Meat & Poultry,High-Protein,2,49.8,0.2,50.0,0.0,0.12
"Chicken drumstick, NS as to cooking method, skin not eaten",Meat & Poultry,High-Protein,2,64.6,0.0,35.4,0.0,0.0
"Chicken drumstick, baked, broiled, or roasted, skin eaten, from raw",Meat & Poultry,High-Protein,2,50.6,0.0,49.4,0.0,0.0
"Chicken drumstick, baked, broiled, or roasted, skin not eaten, from raw",Meat & Poultry,High-Protein,2,65.4,0.0,34.6,0.0,0.0
"Chicken drumstick, baked or broiled, skin eaten, from pre-cooked",Meat & Poultry,High-Protein,2,49.8,0.2,50.0,0.0,0.12
"Chicken drumstick, baked or broiled, skin not eaten, from pre-cooked",Meat & Poultry,High-Protein,2,64.6,0.0,35.4,0.0,0.0
"Chicken drumstick, baked or broiled, skin eaten, from fast food / restaurant",Meat & Poultry,High-Carb / Sugary,0,46.0,0.0,54.0,0.0,0.0
"Chicken drumstick, baked or broiled, skin not eaten, from fast food / restaurant",Meat & Poultry,High-Protein,2,58.2,0.0,41.8,0.0,0.0
"Chicken drumstick, rotisserie, skin eaten",Meat & Poultry,High-Protein,2,49.8,0.2,50.0,0.0,0.12
"Chicken drumstick, rotisserie, skin not eaten",Meat & Poultry,High-Protein,2,64.6,0.0,35.4,0.0,0.0
"Chicken drumstick, grilled without sauce, skin eaten",Meat & Poultry,High-Carb / Sugary,0,46.0,0.0,54.0,0.0,0.0
"Chicken drumstick, grilled without sauce, skin not eaten",Meat & Poultry,High-Protein,2,58.2,0.0,41.8,0.0,0.0
"Chicken drumstick, grilled with sauce, skin eaten",Meat & Poultry,High-Carb / Sugary,0,38.3,14.9,46.8,0.2,5.94
"Chicken drumstick, grilled with sauce, skin not eaten",Meat & Poultry,High-Protein,2,46.6,17.5,35.8,0.2,5.94
"Chicken drumstick, stewed, skin eaten",Meat & Poultry,High-Protein,2,48.5,0.0,51.5,0.0,0.0
"Chicken drumstick, stewed, skin not eaten",Meat & Poultry,High-Protein,2,64.1,0.0,35.9,0.0,0.0
"Chicken drumstick, sauteed, skin eaten",Meat & Poultry,High-Carb / Sugary,0,46.0,0.0,54.0,0.0,0.0
"Chicken drumstick, sauteed, skin not eaten",Meat & Poultry,High-Protein,2,58.2,0.0,41.8,0.0,0.0
"Chicken drumstick, fried, coated, skin / coating eaten, from raw",Meat & Poultry,High-Carb / Sugary,0,32.4,10.1,57.6,0.2,0.1
"Chicken drumstick, fried, coated, skin / coating not eaten, from raw",Meat & Poultry,High-Protein,2,58.2,0.0,41.8,0.0,0.0
"Chicken drumstick, fried, coated, prepared skinless, coating eaten, from raw",Meat & Poultry,High-Carb / Sugary,0,38.2,11.4,50.4,0.2,0.1
"Chicken drumstick, fried, coated, skin / coating eaten, from pre-cooked",Meat & Poultry,High-Carb / Sugary,0,30.2,11.7,58.1,0.3,0.12
"Chicken drumstick, fried, coated, skin / coating not eaten, from pre-cooked",Meat & Poultry,High-Protein,2,58.2,0.0,41.8,0.0,0.0
"Chicken drumstick, fried, coated, skin / coating eaten, from fast food / restaurant",Meat & Poultry,High-Carb / Sugary,0,24.7,16.8,58.6,0.6,0.1
"Chicken drumstick, fried, coated, skin / coating not eaten, from fast food / restaurant",Meat & Poultry,High-Carb / Sugary,0,41.1,11.4,47.5,0.2,0.1
"Chicken drumstick, baked, coated, skin / coating eaten",Meat & Poultry,High-Carb / Sugary,0,42.3,7.9,49.8,0.2,0.07
"Chicken drumstick, baked, coated, skin / coating not eaten",Meat & Poultry,High-Protein,2,58.2,0.0,41.8,0.0,0.0
"Chicken thigh, NS as to cooking method, skin eaten",Meat & Poultry,High-Carb / Sugary,0,39.8,0.2,60.0,0.0,0.12
"Chicken thigh, NS as to cooking method, skin not eaten",Meat & Poultry,High-Protein,2,49.9,0.0,50.1,0.0,0.0
"Chicken thigh, baked, broiled, or roasted, skin eaten, from raw",Meat & Poultry,High-Carb / Sugary,0,41.3,0.0,58.7,0.0,0.0
"Chicken thigh, baked, broiled, or roasted, skin not eaten, from raw",Meat & Poultry,High-Protein,2,57.5,0.0,42.5,0.0,0.0
"Chicken thigh, baked or broiled, skin eaten, from pre-cooked",Meat & Poultry,High-Carb / Sugary,0,39.8,0.2,60.0,0.0,0.12
"Chicken thigh, baked or broiled, skin not eaten, from pre-cooked",Meat & Poultry,High-Protein,2,49.9,0.0,50.1,0.0,0.0
"Chicken thigh, baked or broiled, skin eaten, from fast food / restaurant",Meat & Poultry,High-Carb / Sugary,0,38.2,0.0,61.8,0.0,0.0
"Chicken thigh, baked or broiled, skin not eaten, from fast food / restaurant",Meat & Poultry,High-Protein,2,51.9,0.0,48.1,0.0,0.0
"Chicken thigh, rotisserie, skin eaten",Meat & Poultry,High-Carb / Sugary,0,39.8,0.2,60.0,0.0,0.12
"Chicken thigh, rotisserie, skin not eaten",Meat & Poultry,High-Protein,2,49.9,0.0,50.1,0.0,0.0
"Chicken thigh, stewed, skin eaten",Meat & Poultry,High-Carb / Sugary,0,39.4,0.0,60.6,0.0,0.0
"Chicken thigh, stewed, skin not eaten",Meat & Poultry,High-Protein,2,55.8,0.0,44.2,0.0,0.0
"Chicken thigh, grilled without sauce, skin eaten",Meat & Poultry,High-Carb / Sugary,0,38.2,0.0,61.8,0.0,0.0
"Chicken thigh, grilled without sauce, skin not eaten",Meat & Poultry,High-Protein,2,51.9,0.0,48.1,0.0,0.0
"Chicken thigh, grilled with sauce, skin eaten",Meat & Poultry,High-Carb / Sugary,0,32.7,12.8,54.5,0.2,5.94
"Chicken thigh, grilled with sauce, skin not eaten",Meat & Poultry,High-Protein,2,42.7,15.7,41.6,0.2,5.94
"Chicken thigh, sauteed, skin eaten",Meat & Poultry,High-Carb / Sugary,0,38.2,0.0,61.8,0.0,0.0
"Chicken thigh, sauteed, skin not eaten",Meat & Poultry,High-Protein,2,51.9,0.0,48.1,0.0,0.0
"Chicken thigh, fried, coated, skin / coating eaten, from raw",Meat & Poultry,High-Carb / Sugary,0,28.5,8.9,62.7,0.2,0.1
"Chicken thigh, fried, coated, skin / coating not eaten, from raw",Meat & Poultry,High-Protein,2,51.9,0.0,48.1,0.0,0.0
"Chicken thigh, fried, coated, prepared skinless, coating eaten, from raw",Meat & Poultry,High-Carb / Sugary,0,35.7,10.5,53.8,0.2,0.1
"Chicken thigh, fried, coated, skin / coating eaten, from pre-cooked",Meat & Poultry,High-Carb / Sugary,0,26.8,10.4,62.8,0.3,0.12
"Chicken thigh, fried, coated, skin / coating not eaten, from pre-cooked",Meat & Poultry,High-Protein,2,51.9,0.0,48.1,0.0,0.0
"Chicken thigh, fried, coated, skin / coating eaten, from fast food",Meat & Poultry,High-Carb / Sugary,0,22.1,17.6,60.2,0.3,0.1
"Chicken thigh, fried, coated, skin / coating not eaten, from fast food",Meat & Poultry,High-Carb / Sugary,0,35.7,11.5,52.8,0.2,0.1
"Chicken thigh, fried, coated, skin / coating eaten, from restaurant",Meat & Poultry,High-Carb / Sugary,0,22.1,17.6,60.2,0.3,0.1
"Chicken thigh, fried, coated, skin / coating not eaten, from restaurant",Meat & Poultry,High-Carb / Sugary,0,35.7,11.5,52.8,0.2,0.1
"Chicken thigh, baked, coated, skin / coating eaten",Meat & Poultry,High-Carb / Sugary,0,35.8,6.7,57.5,0.2,0.07
"Chicken thigh, baked, coated, skin / coating not eaten",Meat & Poultry,High-Protein,2,51.9,0.0,48.1,0.0,0.0
"Chicken wing, NS as to cooking method",Meat & Poultry,High-Carb / Sugary,0,36.2,0.9,62.8,0.0,0.6
"Chicken wing, baked, broiled, or roasted, from raw",Meat & Poultry,High-Carb / Sugary,0,38.5,0.0,61.5,0.0,0.0
"Chicken wing, baked or broiled, from pre-cooked",Meat & Poultry,High-Carb / Sugary,0,36.2,0.9,62.8,0.0,0.6
"Chicken wing, baked or broiled, from fast food / restaurant",Meat & Poultry,High-Carb / Sugary,0,35.9,0.0,64.1,0.0,0.0
"Chicken wing, rotisserie",Meat & Poultry,High-Carb / Sugary,0,36.2,0.9,62.8,0.0,0.6
"Chicken wing, stewed",Meat & Poultry,High-Carb / Sugary,0,37.6,0.0,62.4,0.0,0.0
"Chicken wing, grilled without sauce",Meat & Poultry,High-Carb / Sugary,0,35.9,0.0,64.1,0.0,0.0
"Chicken wing, grilled with sauce",Meat & Poultry,High-Carb / Sugary,0,31.1,11.9,57.0,0.2,5.94
"Chicken wing, sauteed",Meat & Poultry,High-Carb / Sugary,0,35.9,0.0,64.1,0.0,0.0
"Chicken wing, fried, coated, from raw",Meat & Poultry,High-Carb / Sugary,0,27.4,8.3,64.3,0.2,0.1
"Chicken wing, fried, coated, from pre-cooked",Meat & Poultry,High-Carb / Sugary,0,25.8,9.8,64.3,0.3,0.12
"Chicken wing, fried, coated, from fast food",Meat & Poultry,High-Carb / Sugary,0,22.0,18.6,59.4,0.3,0.1
"Chicken wing, fried, coated, from restaurant",Meat & Poultry,High-Carb / Sugary,0,22.0,18.6,59.4,0.3,0.1
"Chicken wing, baked, coated",Meat & Poultry,High-Carb / Sugary,0,33.8,6.2,59.9,0.2,0.07
"Chicken ""wings"" with hot sauce, from fast food / restaurant",Meat & Poultry,High-Carb / Sugary,0,24.6,9.1,66.4,0.1,2.23
"Chicken ""wings"" with other sauces or seasoning, from fast food / restaurant",Meat & Poultry,High-Carb / Sugary,0,24.5,19.0,56.5,0.2,7.55
"Chicken ""wings"", plain, from fast food / restaurant",Meat & Poultry,High-Carb / Sugary,0,22.0,18.6,59.4,0.3,0.1
"Chicken ""wings"" with hot sauce, from precooked",Meat & Poultry,High-Carb / Sugary,0,27.5,3.9,68.5,0.0,2.44
"Chicken ""wings"" with other sauces or seasoning, from precooked",Meat & Poultry,High-Carb / Sugary,0,27.4,14.6,58.0,0.2,7.76
"Chicken ""wings"", plain, from precooked",Meat & Poultry,High-Carb / Sugary,0,25.8,9.8,64.3,0.3,0.12
"Chicken ""wings"" with hot sauce, from other sources",Meat & Poultry,High-Carb / Sugary,0,25.4,7.6,67.0,0.1,2.3
"Chicken ""wings"" with other sauces or seasoning, from other sources",Meat & Poultry,High-Carb / Sugary,0,25.3,17.7,57.0,0.2,7.62
"Chicken ""wings"", plain, from other sources",Meat & Poultry,High-Carb / Sugary,0,23.1,16.1,60.8,0.3,0.11
"Chicken ""wings"", boneless, with hot sauce, from fast food / restaurant",Meat & Poultry,Low-Calorie / Beverages,5,17.6,28.5,54.0,0.9,5.71
"Chicken ""wings"", boneless, with hot sauce, from other sources",Meat & Poultry,Low-Calorie / Beverages,5,19.7,34.5,45.8,1.5,6.08
"Chicken, back",Meat & Poultry,High-Carb / Sugary,0,35.5,0.0,64.5,0.0,0.0
"Chicken, neck or ribs",Meat & Poultry,High-Carb / Sugary,0,32.5,0.0,67.5,0.0,0.0
"Chicken, tail",Meat & Poultry,High-Carb / Sugary,0,18.2,0.0,81.8,0.0,0.0
Chicken skin,Meat & Poultry,High-Carb / Sugary,0,18.2,0.0,81.8,0.0,0.0
Chicken feet,Meat & Poultry,High-Carb / Sugary,0,37.0,0.4,62.6,0.0,0.0
"Chicken, canned, meat only",Meat & Poultry,High-Protein,2,56.9,2.0,41.0,0.0,0.0
"Chicken, chicken roll, roasted",Meat & Poultry,High-Protein,2,65.2,0.0,34.8,0.0,0.0
"Chicken patty, breaded",Meat & Poultry,High-Carb / Sugary,0,20.7,17.9,61.4,0.3,0.0
"Chicken fillet, breaded",Meat & Poultry,High-Carb / Sugary,0,24.4,24.8,50.9,1.7,0.57
"Chicken fillet, grilled",Meat & Poultry,High-Protein,2,59.1,6.3,34.7,0.1,0.0
"Chicken, ground",Meat & Poultry,High-Protein,2,53.9,0.0,46.1,0.0,0.0
"Chicken nuggets, NFS",Meat & Poultry,High-Carb / Sugary,0,20.8,19.5,59.8,0.9,0.08
"Chicken nuggets, from fast food",Meat & Poultry,High-Carb / Sugary,0,20.8,19.5,59.8,0.9,0.08
"Chicken nuggets, from restaurant",Meat & Poultry,High-Carb / Sugary,0,20.8,19.5,59.8,0.9,0.08
"Chicken nuggets, from school lunch",Meat & Poultry,Low-Calorie / Beverages,5,23.2,33.8,43.0,2.2,0.49
"Chicken nuggets, from frozen",Meat & Poultry,High-Carb / Sugary,0,17.9,24.0,58.1,1.8,0.8
"Chicken nuggets, from other sources",Meat & Poultry,High-Carb / Sugary,0,19.9,20.8,59.3,1.2,0.3
"Chicken tenders or strips, NFS",Meat & Poultry,High-Carb / Sugary,0,28.3,25.4,46.3,1.2,0.4
"Chicken tenders or strips, breaded, from fast food",Meat & Poultry,High-Carb / Sugary,0,28.3,25.4,46.3,1.2,0.4
"Chicken tenders or strips, breaded, from restaurant",Meat & Poultry,High-Carb / Sugary,0,26.6,23.8,49.6,1.2,0.39
"Chicken tenders or strips, breaded, from school lunch",Meat & Poultry,Low-Calorie / Beverages,5,23.2,33.8,43.0,2.2,0.49
"Chicken tenders or strips, breaded, from frozen",Meat & Poultry,High-Carb / Sugary,0,24.4,24.8,50.9,1.7,0.57
"Chicken tenders or strips, breaded, from other sources",Meat & Poultry,High-Carb / Sugary,0,27.2,25.2,47.5,1.4,0.45
"Fried chicken chunks, Puerto Rican style",Meat & Poultry,High-Carb / Sugary,0,24.4,23.9,51.7,0.9,0.41
"Turkey, NFS",Meat & Poultry,High-Protein,2,86.1,0.0,13.9,0.0,0.0
"Turkey, light meat, skin not eaten",Meat & Poultry,High-Protein,2,86.1,0.0,13.9,0.0,0.0
"Turkey, light meat, skin eaten",Meat & Poultry,High-Protein,2,69.3,0.1,30.6,0.0,0.0
"Turkey, light meat, breaded, baked or fried, skin not eaten",Meat & Poultry,High-Protein,2,64.9,15.4,19.8,0.4,0.56
"Turkey, light meat, breaded, baked or fried, skin eaten",Meat & Poultry,High-Protein,2,55.0,13.3,31.6,0.4,0.56
"Turkey, light meat, roasted, skin not eaten",Meat & Poultry,High-Protein,2,86.1,0.0,13.9,0.0,0.0
"Turkey, light meat, roasted, skin eaten",Meat & Poultry,High-Protein,2,69.3,0.1,30.6,0.0,0.0
"Turkey, dark meat, roasted, skin not eaten",Meat & Poultry,High-Protein,2,66.7,0.0,33.3,0.0,0.0
"Turkey, dark meat, roasted, skin eaten",Meat & Poultry,High-Protein,2,53.6,0.1,46.3,0.0,0.0
"Turkey, light and dark meat, roasted, skin not eaten",Meat & Poultry,High-Protein,2,76.8,0.0,23.2,0.0,0.0
"Turkey, light and dark meat, roasted, skin eaten",Meat & Poultry,High-Protein,2,61.8,0.1,38.1,0.0,0.0
"Turkey, light or dark meat, fried, coated, skin not eaten",Meat & Poultry,High-Protein,2,68.1,3.5,28.4,0.0,0.11
"Turkey, light or dark meat, fried, coated, skin eaten",Meat & Poultry,High-Protein,2,56.1,3.0,40.9,0.0,0.11
"Turkey, light or dark meat, stewed, skin not eaten",Meat & Poultry,High-Protein,2,83.5,0.5,16.0,0.0,0.1
"Turkey light or dark meat, stewed, skin eaten",Meat & Poultry,High-Protein,2,61.0,0.3,38.7,0.0,0.07
"Turkey, light or dark meat, smoked, skin eaten",Meat & Poultry,High-Protein,2,56.3,0.0,43.7,0.0,0.0
"Turkey, light or dark meat, smoked, skin not eaten",Meat & Poultry,High-Protein,2,72.3,0.0,27.7,0.0,0.0
"Turkey, drumstick, cooked, skin not eaten",Meat & Poultry,High-Protein,2,78.9,0.0,21.1,0.0,0.0
"Turkey, drumstick, cooked, skin eaten",Meat & Poultry,High-Protein,2,55.8,0.0,44.2,0.0,0.0
"Turkey, drumstick, roasted, skin not eaten",Meat & Poultry,High-Protein,2,78.9,0.0,21.1,0.0,0.0
"Turkey, drumstick, roasted, skin eaten",Meat & Poultry,High-Protein,2,54.2,0.0,45.8,0.0,0.0
"Turkey, drumstick, smoked, skin eaten",Meat & Poultry,High-Protein,2,55.9,0.0,44.1,0.0,0.0
"Turkey, thigh, cooked, skin eaten",Meat & Poultry,High-Protein,2,53.6,0.6,45.8,0.0,0.0
"Turkey, thigh, cooked, skin not eaten",Meat & Poultry,High-Protein,2,66.7,0.0,33.3,0.0,0.0
"Turkey, neck",Meat & Poultry,High-Protein,2,57.6,0.0,42.4,0.0,0.0
"Turkey, wing, cooked, skin not eaten",Meat & Poultry,High-Protein,2,86.1,0.0,13.9,0.0,0.0
"Turkey, wing, cooked, skin eaten",Meat & Poultry,High-Protein,2,54.5,0.0,45.5,0.0,0.0
"Turkey, wing, smoked, skin eaten",Meat & Poultry,High-Protein,2,49.5,0.0,50.5,0.0,0.0
"Turkey, tail",Meat & Poultry,High-Carb / Sugary,0,30.3,0.0,69.7,0.0,0.0
"Turkey, back",Meat & Poultry,High-Protein,2,50.2,0.0,49.8,0.0,0.0
"Turkey, canned",Meat & Poultry,High-Protein,2,56.9,2.0,41.0,0.0,0.0
"Turkey, ground",Meat & Poultry,High-Protein,2,53.9,0.0,46.1,0.0,0.0
"Turkey, nuggets",Meat & Poultry,High-Protein,2,37.7,29.1,33.1,1.1,1.48
"Turkey bacon, cooked",Meat & Poultry,High-Carb / Sugary,0,32.1,4.6,63.3,0.0,4.24
"Turkey bacon, reduced sodium, cooked",Meat & Poultry,High-Carb / Sugary,0,21.1,7.6,71.3,0.0,0.0
"Turkey with barbecue sauce, skin eaten",Meat & Poultry,High-Protein,2,37.3,25.1,37.6,0.3,9.97
"Turkey with barbecue sauce, skin not eaten",Meat & Poultry,High-Protein,2,50.4,32.7,16.9,0.3,9.97
"Duck, cooked, skin eaten",Meat & Poultry,High-Carb / Sugary,0,22.9,0.0,77.1,0.0,0.0
"Duck, cooked, skin not eaten",Meat & Poultry,High-Protein,2,48.2,0.0,51.8,0.0,0.0
"Duck, roasted, skin eaten",Meat & Poultry,High-Carb / Sugary,0,22.9,0.0,77.1,0.0,0.0
"Duck, roasted, skin not eaten",Meat & Poultry,High-Protein,2,48.2,0.0,51.8,0.0,0.0
"Duck, pressed, Chinese",Meat & Poultry,High-Carb / Sugary,0,14.1,16.4,69.5,0.4,4.04
"Goose, wild, roasted",Meat & Poultry,High-Carb / Sugary,0,33.8,0.0,66.2,0.0,0.0
"Cornish game hen, cooked, skin eaten",Meat & Poultry,High-Carb / Sugary,0,35.2,0.0,64.8,0.0,0.0
"Cornish game hen, cooked, skin not eaten",Meat & Poultry,High-Protein,2,72.8,0.0,27.2,0.0,0.0
"Cornish game hen, roasted, skin eaten",Meat & Poultry,High-Carb / Sugary,0,35.2,0.0,64.8,0.0,0.0
"Cornish game hen, roasted, skin not eaten",Meat & Poultry,High-Protein,2,72.8,0.0,27.2,0.0,0.0
"Dove, cooked, NS as to cooking method",Meat & Poultry,High-Carb / Sugary,0,45.0,0.0,55.0,0.0,0.0
"Dove, fried",Meat & Poultry,High-Carb / Sugary,0,41.5,2.6,55.9,0.0,0.12
"Quail, cooked",Meat & Poultry,High-Carb / Sugary,0,44.2,0.0,55.8,0.0,0.0
"Pheasant, cooked",Meat & Poultry,High-Protein,2,54.3,0.0,45.7,0.0,0.0
"Chicken, baby food, NS as to strained or junior",Infant Nutrition,High-Carb / Sugary,0,41.2,0.1,58.6,0.0,0.0
"Chicken, baby food, strained",Infant Nutrition,High-Carb / Sugary,0,43.4,0.3,56.3,0.0,0.0
"Chicken, baby food, junior",Infant Nutrition,High-Carb / Sugary,0,39.3,0.0,60.7,0.0,0.0
"Turkey, baby food, NS as to strained or junior",Infant Nutrition,High-Carb / Sugary,0,42.8,5.2,52.0,0.0,0.0
"Turkey, baby food, strained",Infant Nutrition,High-Carb / Sugary,0,42.8,5.2,52.0,0.0,0.0
"Turkey, baby food, junior",Infant Nutrition,High-Carb / Sugary,0,42.8,5.2,52.0,0.0,0.0
"Chicken stick, baby food",Infant Nutrition,High-Carb / Sugary,0,30.1,3.1,66.8,0.2,1.4
"Turkey stick, baby food",Infant Nutrition,High-Carb / Sugary,0,29.1,3.0,67.9,0.2,1.4
"Beef liver, braised",Meat & Poultry,High-Protein,2,63.1,11.1,25.7,0.0,0.0
"Beef liver, fried",Meat & Poultry,High-Protein,2,62.8,12.2,24.9,0.0,0.0
"Chicken liver, braised",Meat & Poultry,High-Protein,2,61.2,2.2,36.7,0.0,0.0
"Chicken liver, fried",Meat & Poultry,High-Protein,2,43.6,14.0,42.5,0.2,0.02
"Liver paste or pate, chicken",Meat & Poultry,High-Carb / Sugary,0,27.2,13.2,59.6,0.0,0.0
"Heart, cooked",Meat & Poultry,High-Protein,2,72.5,0.4,27.1,0.0,0.0
"Kidney, cooked",Meat & Poultry,High-Protein,2,72.3,0.0,27.7,0.0,0.0
"Sweetbreads, cooked",Meat & Poultry,High-Protein,2,76.4,0.0,23.6,0.0,0.0
"Brains, cooked",Meat & Poultry,High-Carb / Sugary,0,31.7,4.0,64.3,0.0,0.0
"Tongue, cooked",Meat & Poultry,High-Carb / Sugary,0,27.8,0.0,72.2,0.0,0.0
"Tongue, smoked, cured, or pickled, cooked",Meat & Poultry,High-Carb / Sugary,0,27.8,0.0,72.2,0.0,0.0
"Tongue pot roast, Puerto Rican style",Meat & Poultry,High-Carb / Sugary,0,27.1,0.4,72.5,0.1,0.02
"Tripe, cooked",Meat & Poultry,High-Protein,2,59.3,0.0,40.7,0.0,0.0
"Chitterlings, cooked",Meat & Poultry,High-Carb / Sugary,0,21.5,0.0,78.5,0.0,0.0
"Hog maws, cooked",Meat & Poultry,High-Carb / Sugary,0,42.5,0.0,57.5,0.0,0.0
"Gizzard, cooked",Meat & Poultry,High-Protein,2,83.4,0.0,16.6,0.0,0.0
"Frankfurter or hot dog, NFS",Meat & Poultry,High-Carb / Sugary,0,15.1,3.7,81.2,0.0,1.33
"Frankfurter or hot dog, cheese-filled",Dairy & Eggs,High-Carb / Sugary,0,15.3,6.6,78.1,0.0,2.64
"Frankfurter or hot dog, beef",Meat & Poultry,High-Carb / Sugary,0,15.1,3.7,81.2,0.0,1.33
"Frankfurter or hot dog, beef and pork",Meat & Poultry,High-Carb / Sugary,0,14.1,7.3,78.7,0.0,2.9
"Frankfurter or hot dog, beef and pork, reduced fat or light",Meat & Poultry,High-Carb / Sugary,0,14.1,7.3,78.7,0.0,2.9
"Frankfurter or hot dog, meat and poultry, fat free",Meat & Poultry,High-Protein,2,45.8,41.1,13.1,0.0,0.0
"Frankfurter or hot dog, meat and poultry",Meat & Poultry,High-Carb / Sugary,0,14.1,7.3,78.7,0.0,2.9
"Frankfurter or hot dog, meat and poultry, reduced fat or light",Meat & Poultry,High-Protein,2,51.3,27.8,20.9,0.1,0.0
"Frankfurter or hot dog, chicken",Meat & Poultry,High-Carb / Sugary,0,22.3,6.9,70.8,0.0,1.27
"Frankfurter or hot dog, turkey",Meat & Poultry,High-Carb / Sugary,0,22.3,6.9,70.8,0.0,1.27
"Frankfurter or hot dog, beef, reduced fat or light",Meat & Poultry,High-Protein,2,51.3,27.8,20.9,0.1,0.0
"Frankfurter or hot dog, reduced fat or light, NFS",Meat & Poultry,High-Protein,2,51.3,27.8,20.9,0.1,0.0
Beef sausage,Meat & Poultry,High-Carb / Sugary,0,16.4,4.1,79.5,0.0,1.0
"Beef sausage, reduced fat",Meat & Poultry,High-Carb / Sugary,0,31.3,0.2,68.4,0.0,0.0
"Beef sausage, reduced sodium",Meat & Poultry,High-Carb / Sugary,0,34.2,22.8,43.0,0.0,0.75
Beef sausage with cheese,Dairy & Eggs,High-Carb / Sugary,0,16.7,4.1,79.2,0.0,1.13
Blood sausage,Meat & Poultry,High-Carb / Sugary,0,15.6,1.4,83.0,0.0,1.29
Bratwurst,Meat & Poultry,High-Carb / Sugary,0,16.7,3.5,79.8,0.0,0.0
"Bratwurst, with cheese",Dairy & Eggs,High-Carb / Sugary,0,17.0,3.5,79.5,0.0,0.23
"Bologna, NFS",Meat & Poultry,High-Carb / Sugary,0,14.7,9.0,76.3,0.0,1.97
"Bologna, made from any kind of meat, reduced fat",Meat & Poultry,High-Carb / Sugary,0,23.5,10.3,66.2,0.0,0.0
"Bologna, made from any kind of meat, reduced sodium",Meat & Poultry,High-Carb / Sugary,0,14.7,9.0,76.3,0.0,1.97
"Bologna, made from any kind of meat, reduced fat and reduced sodium",Meat & Poultry,High-Carb / Sugary,0,23.5,10.3,66.2,0.0,0.0
Turkey or chicken and beef sausage,Meat & Poultry,High-Carb / Sugary,0,25.4,3.4,71.1,0.0,0.5
Chorizo,Meat & Poultry,High-Carb / Sugary,0,22.7,3.1,74.2,0.0,0.0
Head cheese,Dairy & Eggs,High-Carb / Sugary,0,36.1,0.0,63.9,0.0,0.0
Knockwurst,Meat & Poultry,High-Carb / Sugary,0,14.5,4.2,81.3,0.0,0.0
Mortadella,Meat & Poultry,High-Carb / Sugary,0,21.4,4.0,74.6,0.0,0.0
"Pastrami, NFS",Meat & Poultry,High-Protein,2,61.8,1.0,37.1,0.0,0.1
"Pastrami, made from any kind of meat, reduced fat",Meat & Poultry,High-Protein,2,67.6,2.3,30.1,0.0,0.29
"Pepperoni, NFS",Meat & Poultry,High-Carb / Sugary,0,15.5,0.9,83.6,0.0,0.0
"Pepperoni, reduced fat",Meat & Poultry,High-Carb / Sugary,0,22.7,0.8,76.6,0.0,0.26
"Pepperoni, reduced sodium",Meat & Poultry,High-Carb / Sugary,0,15.5,0.9,83.6,0.0,0.0
Polish sausage,Meat & Poultry,High-Carb / Sugary,0,14.8,6.0,79.3,0.0,2.39
Italian sausage,Meat & Poultry,High-Carb / Sugary,0,23.0,2.7,74.3,0.0,1.46
"Sausage, NFS",Meat & Poultry,High-Carb / Sugary,0,22.8,1.7,75.4,0.0,1.09
Pork sausage,Meat & Poultry,High-Carb / Sugary,0,22.8,1.7,75.4,0.0,1.09
"Pork sausage, reduced fat",Meat & Poultry,High-Carb / Sugary,0,31.3,0.2,68.4,0.0,0.0
"Pork sausage, reduced sodium",Meat & Poultry,High-Carb / Sugary,0,34.2,22.8,43.0,0.0,0.75
Pork sausage rice links,Meat & Poultry,High-Carb / Sugary,0,31.3,0.2,68.4,0.0,0.0
Pork and beef sausage,Meat & Poultry,High-Carb / Sugary,0,19.6,3.0,77.5,0.0,1.04
"Salami, NFS",Meat & Poultry,High-Carb / Sugary,0,22.7,0.8,76.6,0.0,0.26
"Salami, made from any type of meat, reduced fat",Meat & Poultry,High-Protein,2,46.3,3.7,50.0,0.1,1.12
"Salami, made from any type of meat, reduced sodium",Meat & Poultry,High-Carb / Sugary,0,22.7,0.8,76.6,0.0,0.26
"Scrapple, cooked",Meat & Poultry,High-Carb / Sugary,0,15.1,26.4,58.5,0.3,0.21
Thuringer,Meat & Poultry,High-Carb / Sugary,0,19.6,3.7,76.7,0.0,0.85
Turkey or chicken sausage,Meat & Poultry,High-Carb / Sugary,0,40.7,2.3,57.0,0.0,0.0
"Turkey or chicken sausage, reduced sodium",Meat & Poultry,High-Carb / Sugary,0,34.9,23.2,41.9,0.0,0.76
"Turkey or chicken sausage, reduced fat",Meat & Poultry,High-Carb / Sugary,0,40.7,2.3,57.0,0.0,0.0
Turkey or chicken and pork sausage,Meat & Poultry,High-Carb / Sugary,0,30.2,0.9,68.9,0.0,0.0
"Turkey or chicken, pork, and beef sausage, reduced sodium",Meat & Poultry,High-Carb / Sugary,0,34.2,22.8,43.0,0.0,0.75
"Vienna sausage, canned",Meat & Poultry,High-Carb / Sugary,0,18.5,4.6,76.9,0.0,0.0
Pickled sausage,Meat & Poultry,High-Carb / Sugary,0,23.0,2.7,74.3,0.0,1.45
"Luncheon meat, NFS",Meat & Poultry,High-Protein,2,65.8,1.1,33.1,0.0,0.0
"Ham, prepackaged or deli, luncheon meat",Meat & Poultry,High-Protein,2,65.8,1.1,33.1,0.0,0.0
"Ham, prepackaged or deli, luncheon meat, reduced sodium",Meat & Poultry,High-Protein,2,65.8,1.1,33.1,0.0,0.0
"Chicken, prepackaged or deli, luncheon meat",Meat & Poultry,High-Protein,2,71.0,11.9,17.1,0.0,0.75
"Chicken, prepackaged or deli, luncheon meat, reduced sodium",Meat & Poultry,High-Protein,2,71.0,11.9,17.1,0.0,0.75
"Ham luncheon meat, loaf type",Meat & Poultry,High-Protein,2,61.1,5.3,33.6,0.0,1.57
"Ham and pork, canned luncheon meat, chopped, minced, pressed, spiced",Meat & Poultry,High-Carb / Sugary,0,17.2,5.9,76.9,0.0,0.0
"Ham, pork and chicken, canned luncheon meat, chopped, minced, pressed, spiced, reduced fat and reduced sodium",Meat & Poultry,High-Carb / Sugary,0,17.3,4.7,78.0,0.0,0.0
"Ham, pork, and chicken, canned luncheon meat, chopped, minced, pressed, spiced, reduced sodium",Meat & Poultry,High-Carb / Sugary,0,17.3,4.7,78.0,0.0,0.0
Liverwurst,Meat & Poultry,High-Carb / Sugary,0,17.7,3.8,78.5,0.0,0.0
"Luncheon meat, loaf type",Meat & Poultry,High-Carb / Sugary,0,20.2,15.2,64.6,1.5,8.46
"Turkey, prepackaged or deli, luncheon meat",Meat & Poultry,High-Protein,2,58.1,8.6,33.3,0.0,0.91
"Turkey, prepackaged or deli, luncheon meat, reduced sodium",Meat & Poultry,High-Protein,2,58.1,8.6,33.3,0.0,0.91
"Turkey ham, prepackaged or deli, luncheon meat",Meat & Poultry,High-Protein,2,63.1,9.4,27.5,0.0,0.0
"Beef, prepackaged or deli, luncheon meat",Meat & Poultry,High-Protein,2,67.6,2.3,30.1,0.0,0.29
"Beef, prepackaged or deli, luncheon meat, reduced sodium",Meat & Poultry,High-Protein,2,67.6,2.3,30.1,0.0,0.29
"Meat spread or potted meat, NFS",Meat & Poultry,High-Carb / Sugary,0,13.1,20.4,66.6,0.2,0.0
Chicken salad spread,Meat & Poultry,High-Carb / Sugary,0,23.5,15.0,61.5,0.0,0.0
Ham salad spread,Meat & Poultry,High-Carb / Sugary,0,16.0,19.6,64.4,0.0,0.0
"Fish, NS as to type, raw",Seafood,High-Protein,2,69.3,0.0,30.7,0.0,0.0
"Fish, NS as to type, cooked, NS as to cooking method",Seafood,High-Protein,2,54.6,0.2,45.1,0.0,0.04
"Fish, NS as to type, baked or broiled, made with oil",Seafood,High-Protein,2,54.6,0.2,45.1,0.0,0.04
"Fish, NS as to type, baked or broiled, made with butter",Dairy & Eggs,High-Protein,2,56.9,0.3,42.8,0.0,0.04
"Fish, NS as to type, baked or broiled, made with margarine",Seafood,High-Protein,2,58.9,0.3,40.8,0.0,0.04
"Fish, NS as to type, baked or broiled, no added fat",Seafood,High-Protein,2,69.1,0.3,30.6,0.0,0.04
"Fish, NS as to type, baked or broiled, made with cooking spray",Seafood,High-Protein,2,67.1,0.6,32.3,0.0,0.04
"Fish, NS as to type, coated, baked or broiled, made with oil",Seafood,High-Carb / Sugary,0,35.7,23.3,41.0,0.6,1.1
"Fish, NS as to type, coated, baked or broiled, made with butter",Dairy & Eggs,High-Protein,2,37.5,24.3,38.2,0.6,1.1
"Fish, NS as to type, coated, baked or broiled, made with margarine",Seafood,High-Protein,2,39.0,25.5,35.6,0.6,1.1
"Fish, NS as to type, coated, baked or broiled, no added fat",Seafood,High-Protein,2,47.0,30.6,22.4,0.6,1.15
"Fish, NS as to type, coated, baked or broiled, made with cooking spray",Seafood,High-Protein,2,46.2,30.3,23.5,0.6,1.14
"Fish, NS as to type, coated, fried, made with oil",Seafood,High-Carb / Sugary,0,31.6,16.9,51.5,0.6,0.88
"Fish, NS as to type, coated, fried, made with butter",Dairy & Eggs,High-Carb / Sugary,0,33.8,18.0,48.2,0.6,0.88
"Fish, NS as to type, coated, fried, made with margarine",Seafood,High-Carb / Sugary,0,35.8,19.2,45.0,0.6,0.88
"Fish, NS as to type, coated, fried, no added fat",Seafood,High-Protein,2,47.6,25.4,27.0,0.7,1.03
"Fish, NS as to type, coated, fried, made with cooking spray",Seafood,High-Protein,2,46.8,25.1,28.1,0.7,1.03
"Fish, NS as to type, steamed",Seafood,High-Protein,2,67.4,0.0,32.6,0.0,0.0
"Fish, NS as to type, dried",Seafood,High-Protein,2,92.2,0.0,7.8,0.0,0.0
"Fish, NS as to type, canned",Seafood,High-Protein,2,89.6,0.4,10.0,0.0,0.0
"Fish, NS as to type, smoked",Seafood,High-Protein,2,65.3,0.0,34.7,0.0,0.0
"Fish, NS as to type, from fast food",Seafood,Low-Calorie / Beverages,5,24.7,30.9,44.4,0.9,0.45
"Fish stick, patty or nugget from fast food",Seafood,Low-Calorie / Beverages,5,15.9,31.3,52.8,1.5,1.65
"Fish stick, patty or nugget from restaurant, home, or other place",Seafood,Low-Calorie / Beverages,5,15.9,31.3,52.8,1.5,1.65
"Anchovy, cooked, NS as to cooking method",Fast Food & Prepared,High-Protein,2,56.9,0.0,43.1,0.0,0.0
"Anchovy, canned",Other,High-Protein,2,56.9,0.0,43.1,0.0,0.0
"Barracuda, cooked, NS as to cooking method",Seafood,High-Carb / Sugary,0,44.8,0.2,55.1,0.0,0.04
"Barracuda, baked or broiled, fat added",Seafood,High-Carb / Sugary,0,44.8,0.2,55.1,0.0,0.04
"Barracuda, baked or broiled, no added fat",Seafood,High-Protein,2,52.9,0.2,46.8,0.0,0.04
"Barracuda, coated, baked or broiled, fat added",Seafood,High-Carb / Sugary,0,32.5,19.3,48.2,0.6,1.1
"Barracuda, coated, baked or broiled, no added fat",Seafood,High-Protein,2,40.6,24.2,35.2,0.6,1.15
"Barracuda, coated, fried",Seafood,High-Carb / Sugary,0,29.4,14.4,56.1,0.6,0.88
"Barracuda, steamed or poached",Seafood,High-Protein,2,53.1,0.0,46.9,0.0,0.0
"Carp, cooked, NS as to cooking method",Seafood,High-Carb / Sugary,0,29.4,15.9,54.8,0.6,0.88
"Carp, baked or broiled, fat added",Seafood,High-Protein,2,47.6,0.2,52.2,0.0,0.04
"Carp, baked or broiled, no added fat",Seafood,High-Protein,2,58.4,0.3,41.3,0.0,0.04
"Carp, coated, baked or broiled, fat added",Seafood,High-Carb / Sugary,0,32.8,21.6,45.6,0.6,1.1
"Carp, coated, baked or broiled, no added fat",Seafood,High-Protein,2,42.2,27.9,29.9,0.6,1.15
"Carp, coated, fried",Seafood,High-Carb / Sugary,0,29.4,15.9,54.8,0.6,0.88
"Carp, steamed or poached",Seafood,High-Protein,2,58.6,0.0,41.4,0.0,0.0
"Carp, smoked",Seafood,High-Protein,2,58.6,0.0,41.4,0.0,0.0
"Catfish, cooked, NS as to cooking method",Seafood,High-Carb / Sugary,0,26.4,16.3,57.3,0.6,0.88
"Catfish, baked or broiled, made with oil",Seafood,High-Carb / Sugary,0,42.7,0.2,57.0,0.0,0.04
"Catfish, baked or broiled, made with butter",Dairy & Eggs,High-Carb / Sugary,0,44.4,0.2,55.3,0.0,0.04
"Catfish, baked or broiled, made with margarine",Seafood,High-Protein,2,45.9,0.3,53.8,0.0,0.04
"Catfish, baked or broiled, no added fat",Seafood,High-Protein,2,53.1,0.3,46.6,0.0,0.04
"Catfish, baked or broiled, made with cooking spray",Seafood,High-Protein,2,51.7,0.5,47.8,0.0,0.04
"Catfish, coated, baked or broiled, made with oil",Seafood,High-Carb / Sugary,0,29.4,22.3,48.2,0.6,1.1
"Catfish, coated, baked or broiled, made with butter",Dairy & Eggs,High-Carb / Sugary,0,30.8,23.3,45.9,0.6,1.1
"Catfish, coated, baked or broiled, made with margarine",Seafood,High-Carb / Sugary,0,32.0,24.3,43.7,0.6,1.1
"Catfish, coated, baked or broiled, no added fat",Seafood,High-Protein,2,38.3,29.0,32.7,0.6,1.15
"Catfish, coated, baked or broiled, made with cooking spray",Seafood,High-Protein,2,37.6,28.7,33.7,0.6,1.14
"Catfish, coated, fried, made with oil",Seafood,High-Carb / Sugary,0,26.4,16.3,57.3,0.6,0.88
"Catfish, coated, fried, made with butter",Dairy & Eggs,High-Carb / Sugary,0,28.3,17.3,54.4,0.6,0.88
"Catfish, coated, fried, made with margarine",Seafood,High-Carb / Sugary,0,29.8,18.5,51.7,0.6,0.88
"Catfish, coated, fried, no added fat",Seafood,High-Protein,2,39.1,24.1,36.8,0.7,1.03
"Catfish, coated, fried, made with cooking spray",Seafood,High-Protein,2,38.5,23.9,37.6,0.7,1.03
"Catfish, steamed or poached",Seafood,High-Protein,2,53.3,0.0,46.7,0.0,0.0
"Cod, cooked, NS as to cooking method",Seafood,High-Protein,2,65.7,0.4,33.9,0.0,0.04
"Cod, baked or broiled, made with oil",Seafood,High-Protein,2,65.7,0.4,33.9,0.0,0.04
"Cod, baked or broiled, made with butter",Dairy & Eggs,High-Protein,2,69.8,0.4,29.9,0.0,0.04
"Cod, baked or broiled, made with margarine",Seafood,High-Protein,2,73.3,0.5,26.1,0.0,0.04
"Cod, baked or broiled, no added fat",Seafood,High-Protein,2,93.8,0.5,5.7,0.0,0.04
"Cod, baked or broiled, made with cooking spray",Seafood,High-Protein,2,89.5,0.9,9.6,0.0,0.04
"Cod, coated, baked or broiled, made with oil",Seafood,High-Protein,2,37.2,28.1,34.7,0.6,1.1
"Cod, coated, baked or broiled, made with butter",Dairy & Eggs,High-Protein,2,39.4,29.7,30.9,0.6,1.1
"Cod, coated, baked or broiled, made with margarine",Seafood,High-Protein,2,41.3,31.4,27.3,0.6,1.1
"Cod, coated, baked or broiled, no added fat",Seafood,High-Protein,2,52.4,39.7,7.9,0.6,1.15
"Cod, coated, baked or broiled, made with cooking spray",Seafood,High-Protein,2,51.3,39.0,9.7,0.6,1.14
"Cod, coated, fried, made with oil",Seafood,High-Carb / Sugary,0,32.1,19.7,48.1,0.6,0.88
"Cod, coated, fried, made with butter",Dairy & Eggs,High-Carb / Sugary,0,34.8,21.3,43.9,0.6,0.88
"Cod, coated, fried, made with margarine",Seafood,High-Protein,2,37.2,23.0,39.8,0.6,0.88
"Cod, coated, fried, no added fat",Seafood,High-Protein,2,52.9,32.5,14.6,0.7,1.03
"Cod, coated, fried, made with cooking spray",Seafood,High-Protein,2,51.8,32.0,16.2,0.7,1.03
"Cod, steamed or poached",Seafood,High-Protein,2,94.3,0.0,5.7,0.0,0.0
"Cod, dried, salted",Seafood,High-Protein,2,92.2,0.0,7.8,0.0,0.0
"Cod, dried, salted, salt removed in water",Seafood,High-Protein,2,94.3,0.0,5.7,0.0,0.0
"Cod, smoked",Seafood,High-Protein,2,94.3,0.0,5.7,0.0,0.0
"Croaker, cooked, NS as to cooking method",Seafood,High-Protein,2,55.7,0.3,44.1,0.0,0.04
"Croaker, baked or broiled, fat added",Seafood,High-Protein,2,55.7,0.3,44.1,0.0,0.04
"Croaker, baked or broiled, no added fat",Seafood,High-Protein,2,71.1,0.3,28.6,0.0,0.04
"Croaker, coated, baked or broiled, fat added",Seafood,High-Carb / Sugary,0,35.9,23.8,40.4,0.6,1.1
"Croaker, coated, baked or broiled, no added fat",Seafood,High-Protein,2,47.6,31.5,20.9,0.6,1.15
"Croaker, coated, fried",Seafood,High-Carb / Sugary,0,31.7,17.2,51.1,0.6,0.88
"Croaker, steamed or poached",Seafood,High-Protein,2,71.4,0.0,28.6,0.0,0.0
"Eel, cooked, NS as to cooking method",Seafood,High-Carb / Sugary,0,25.5,12.8,61.7,0.3,0.07
"Eel, steamed or poached",Seafood,High-Carb / Sugary,0,41.3,0.0,58.7,0.0,0.0
"Eel, smoked",Seafood,High-Carb / Sugary,0,41.3,0.0,58.7,0.0,0.0
"Flounder, raw",Seafood,High-Protein,2,74.1,0.0,25.9,0.0,0.0
"Flounder, cooked, NS as to cooking method",Seafood,High-Carb / Sugary,0,27.0,19.6,53.5,0.6,0.88
"Flounder, baked or broiled, made with oil",Seafood,High-Protein,2,52.2,0.3,47.5,0.0,0.04
"Flounder, baked or broiled, made with butter",Dairy & Eggs,High-Protein,2,55.3,0.4,44.3,0.0,0.04
"Flounder, baked or broiled, made with margarine",Seafood,High-Protein,2,58.0,0.5,41.5,0.0,0.04
"Flounder, baked or broiled, no added fat",Seafood,High-Protein,2,73.7,0.5,25.8,0.0,0.04
"Flounder, baked or broiled, made with cooking spray",Seafood,High-Protein,2,70.4,0.9,28.7,0.0,0.04
"Flounder, coated, baked or broiled, made with oil",Seafood,Low-Calorie / Beverages,5,30.8,27.8,41.4,0.6,1.1
"Flounder, coated, baked or broiled, made with butter",Dairy & Eggs,Low-Calorie / Beverages,5,32.7,29.3,38.0,0.6,1.1
"Flounder, coated, baked or broiled, made with margarine",Seafood,Low-Calorie / Beverages,5,34.2,31.0,34.8,0.6,1.1
"Flounder, coated, baked or broiled, no added fat",Seafood,High-Protein,2,43.2,39.0,17.8,0.6,1.15
"Flounder, coated, baked or broiled, made with cooking spray",Seafood,High-Protein,2,42.3,38.4,19.3,0.6,1.14
"Flounder, coated, fried, made with oil",Seafood,High-Carb / Sugary,0,27.0,19.5,53.5,0.6,0.88
"Flounder, coated, fried, made with butter",Dairy & Eggs,High-Carb / Sugary,0,29.2,21.1,49.7,0.6,0.88
"Flounder, coated, fried, made with margarine",Seafood,High-Carb / Sugary,0,31.2,22.8,46.1,0.6,0.88
"Flounder, coated, fried, no added fat",Seafood,High-Protein,2,44.1,32.0,23.8,0.7,1.03
"Flounder, coated, fried, made with cooking spray",Seafood,High-Protein,2,43.2,31.5,25.2,0.7,1.03
"Flounder, steamed or poached",Seafood,High-Protein,2,74.1,0.0,25.9,0.0,0.0
"Flounder, smoked",Seafood,High-Protein,2,74.1,0.0,25.9,0.0,0.0
"Haddock, cooked, NS as to cooking method",Seafood,High-Protein,2,66.9,0.3,32.7,0.0,0.04
"Haddock, baked or broiled, fat added",Seafood,High-Protein,2,66.9,0.3,32.7,0.0,0.04
"Haddock, baked or broiled, no added fat",Seafood,High-Protein,2,93.7,0.5,5.9,0.0,0.04
"Haddock, coated, baked or broiled, fat added",Seafood,High-Protein,2,38.4,27.5,34.1,0.6,1.1
"Haddock, coated, baked or broiled, no added fat",Seafood,High-Protein,2,53.7,38.4,7.9,0.6,1.15
"Haddock, coated, fried",Seafood,High-Carb / Sugary,0,33.2,19.4,47.4,0.6,0.88
"Haddock, steamed or poached",Seafood,High-Protein,2,94.1,0.0,5.9,0.0,0.0
"Haddock, smoked",Seafood,High-Protein,2,92.1,0.0,7.9,0.0,0.0
"Halibut, raw",Seafood,High-Protein,2,86.1,0.0,13.9,0.0,0.0
"Halibut, cooked, NS as to cooking method",Seafood,High-Protein,2,64.9,0.3,34.8,0.0,0.04
"Halibut, baked or broiled, made with oil",Seafood,High-Protein,2,64.9,0.3,34.8,0.0,0.04
"Halibut, baked or broiled, made with butter",Dairy & Eggs,High-Protein,2,68.1,0.3,31.6,0.0,0.04
"Halibut, baked or broiled, made with margarine",Seafood,High-Protein,2,70.9,0.4,28.7,0.0,0.04
"Halibut, baked or broiled, no added fat",Seafood,High-Protein,2,85.8,0.4,13.9,0.0,0.04
"Halibut, baked or broiled, made with cooking spray",Seafood,High-Protein,2,82.8,0.7,16.5,0.0,0.04
"Halibut, coated, baked or broiled, made with oil",Seafood,High-Protein,2,39.6,25.3,35.1,0.6,1.1
"Halibut, coated, baked or broiled, made with butter",Dairy & Eggs,High-Protein,2,41.7,26.6,31.7,0.6,1.1
"Halibut, coated, baked or broiled, made with margarine",Seafood,High-Protein,2,43.6,27.9,28.5,0.6,1.1
"Halibut, coated, baked or broiled, no added fat",Seafood,High-Protein,2,53.7,34.2,12.1,0.6,1.15
"Halibut, coated, baked or broiled, made with cooking spray",Seafood,High-Protein,2,52.6,33.8,13.6,0.6,1.14
"Halibut, coated, fried, made with oil",Seafood,High-Carb / Sugary,0,34.6,18.1,47.3,0.6,0.88
"Halibut, coated, fried, made with butter",Dairy & Eggs,High-Carb / Sugary,0,37.2,19.4,43.4,0.6,0.88
"Halibut, coated, fried, made with margarine",Seafood,High-Protein,2,39.5,20.8,39.7,0.6,0.88
"Halibut, coated, fried, no added fat",Seafood,High-Protein,2,54.0,28.3,17.8,0.7,1.03
"Halibut, coated, fried, made with cooking spray",Seafood,High-Protein,2,53.0,27.9,19.1,0.7,1.03
"Halibut, steamed or poached",Seafood,High-Protein,2,86.1,0.0,13.9,0.0,0.0
"Halibut, smoked",Seafood,High-Protein,2,86.1,0.0,13.9,0.0,0.0
"Herring, raw",Seafood,High-Protein,2,46.9,0.0,53.1,0.0,0.0
"Herring, cooked, NS as to cooking method",Seafood,High-Carb / Sugary,0,39.6,0.2,60.2,0.0,0.04
"Herring, baked or broiled, fat added",Seafood,High-Carb / Sugary,0,39.6,0.2,60.2,0.0,0.04
"Herring, baked or broiled, no added fat",Seafood,High-Protein,2,46.8,0.2,53.0,0.0,0.04
"Herring, coated, baked or broiled, fat added",Seafood,High-Carb / Sugary,0,29.2,19.2,51.5,0.6,1.1
"Herring, coated, baked or broiled, no added fat",Seafood,High-Carb / Sugary,0,36.5,24.0,39.5,0.6,1.15
"Herring, coated, fried",Seafood,High-Carb / Sugary,0,26.7,14.3,59.0,0.6,0.88
"Herring, pickled, in cream sauce",Seafood,High-Carb / Sugary,0,19.1,14.0,66.9,0.0,6.81
"Herring, dried, salted",Seafood,High-Protein,2,46.9,0.0,53.1,0.0,0.0
"Herring, pickled",Seafood,High-Carb / Sugary,0,22.1,15.0,63.0,0.0,7.71
"Herring, smoked, kippered",Seafood,High-Protein,2,46.9,0.0,53.1,0.0,0.0
"Mackerel, raw",Seafood,High-Carb / Sugary,0,41.6,0.0,58.4,0.0,0.0
"Mackerel, cooked, NS as to cooking method",Seafood,High-Carb / Sugary,0,36.1,0.2,63.7,0.0,0.04
"Mackerel, baked or broiled, fat added",Seafood,High-Carb / Sugary,0,36.1,0.2,63.7,0.0,0.04
"Mackerel, baked or broiled, no added fat",Seafood,High-Carb / Sugary,0,41.6,0.2,58.3,0.0,0.04
"Mackerel, coated, baked or broiled, fat added",Seafood,High-Carb / Sugary,0,27.9,17.3,54.8,0.6,1.1
"Mackerel, coated, baked or broiled, no added fat",Seafood,High-Carb / Sugary,0,34.0,21.1,44.9,0.6,1.15
"Mackerel, coated, fried",Seafood,High-Carb / Sugary,0,25.7,13.1,61.2,0.6,0.88
"Mackerel, pickled",Seafood,High-Carb / Sugary,0,20.5,7.4,72.1,0.6,1.28
"Mackerel, canned",Seafood,High-Protein,2,62.1,0.0,37.9,0.0,0.0
"Mackerel, smoked",Seafood,High-Protein,2,53.1,0.0,46.9,0.0,0.0
"Mullet, raw",Seafood,High-Protein,2,69.4,0.0,30.6,0.0,0.0
"Mullet, cooked, NS as to cooking method",Seafood,High-Carb / Sugary,0,32.6,16.5,51.0,0.6,0.88
"Mullet, baked or broiled, fat added",Seafood,High-Protein,2,55.4,0.2,44.3,0.0,0.04
"Mullet, baked or broiled, no added fat",Seafood,High-Protein,2,69.2,0.3,30.5,0.0,0.04
"Mullet, coated, baked or broiled, fat added",Seafood,High-Carb / Sugary,0,36.7,22.6,40.7,0.6,1.1
"Mullet, coated, baked or broiled, no added fat",Seafood,High-Protein,2,47.9,29.5,22.6,0.6,1.15
"Mullet, coated, fried",Seafood,High-Carb / Sugary,0,32.6,16.5,51.0,0.6,0.88
"Mullet, steamed or poached",Seafood,High-Protein,2,69.4,0.0,30.6,0.0,0.0
"Ocean perch, raw",Seafood,High-Protein,2,81.5,0.0,18.5,0.0,0.0
"Ocean perch, cooked, NS as to cooking method",Seafood,High-Protein,2,59.3,0.3,40.4,0.0,0.04
"Ocean perch, baked or broiled, fat added",Seafood,High-Protein,2,59.3,0.3,40.4,0.0,0.04
"Ocean perch, baked or broiled, no added fat",Seafood,High-Protein,2,81.2,0.4,18.4,0.0,0.04
"Ocean perch, coated, baked or broiled, fat added",Seafood,Low-Calorie / Beverages,5,35.3,26.7,38.0,0.6,1.1
"Ocean perch, coated, baked or broiled, no added fat",Seafood,High-Protein,2,48.8,36.8,14.4,0.6,1.15
"Ocean perch, coated, fried",Seafood,High-Carb / Sugary,0,30.8,18.9,50.3,0.6,0.88
"Ocean perch, steamed or poached",Seafood,High-Protein,2,81.5,0.0,18.5,0.0,0.0
"Perch, cooked, NS as to cooking method",Seafood,High-Carb / Sugary,0,35.9,18.1,45.9,0.6,0.88
"Perch, baked or broiled, made with oil",Seafood,High-Protein,2,68.1,0.3,31.6,0.0,0.04
"Perch, baked or broiled, made with butter",Dairy & Eggs,High-Protein,2,71.4,0.3,28.3,0.0,0.04
"Perch, baked or broiled, made with margarine",Seafood,High-Protein,2,74.3,0.4,25.3,0.0,0.04
"Perch, baked or broiled, no added fat",Seafood,High-Protein,2,90.0,0.4,9.6,0.0,0.04
"Perch, baked or broiled, made with cooking spray",Seafood,High-Protein,2,86.8,0.7,12.4,0.0,0.04
"Perch, coated, baked or broiled, made with oil",Seafood,High-Protein,2,41.3,25.3,33.4,0.6,1.1
"Perch, coated, baked or broiled, made with butter",Dairy & Eggs,High-Protein,2,43.4,26.6,30.0,0.6,1.1
"Perch, coated, baked or broiled, made with margarine",Seafood,High-Protein,2,45.4,27.9,26.7,0.6,1.1
"Perch, coated, baked or broiled, no added fat",Seafood,High-Protein,2,55.9,34.3,9.8,0.6,1.15
"Perch, coated, baked or broiled, made with cooking spray",Seafood,High-Protein,2,54.8,33.8,11.4,0.6,1.14
"Perch, coated, fried, made with oil",Seafood,High-Carb / Sugary,0,35.9,18.1,46.0,0.6,0.88
"Perch, coated, fried, made with butter",Dairy & Eggs,High-Carb / Sugary,0,38.6,19.4,42.0,0.6,0.88
"Perch, coated, fried, made with margarine",Seafood,High-Protein,2,41.1,20.8,38.1,0.6,0.88
"Perch, coated, fried, no added fat",Seafood,High-Protein,2,56.2,28.3,15.5,0.7,1.03
"Perch, coated, fried, made with cooking spray",Seafood,High-Protein,2,55.1,28.0,16.9,0.7,1.03
"Perch, steamed or poached",Seafood,High-Protein,2,90.3,0.0,9.7,0.0,0.0
"Pike, cooked, NS as to cooking method",Seafood,High-Carb / Sugary,0,33.0,23.9,43.1,0.9,1.22
"Pike, baked or broiled, fat added",Seafood,High-Protein,2,69.2,0.3,30.5,0.0,0.04
"Pike, baked or broiled, no added fat",Seafood,High-Protein,2,92.2,0.4,7.4,0.0,0.04
"Pike, coated, baked or broiled, fat added",Seafood,High-Protein,2,41.5,25.6,32.9,0.6,1.1
"Pike, coated, baked or broiled, no added fat",Seafood,High-Protein,2,56.5,34.9,8.6,0.6,1.15
"Pike, coated, fried",Seafood,High-Carb / Sugary,0,36.1,18.3,45.6,0.6,0.88
"Pike, steamed or poached",Seafood,High-Protein,2,92.5,0.0,7.5,0.0,0.0
"Pompano, raw",Seafood,High-Protein,2,46.4,0.0,53.6,0.0,0.0
"Pompano, cooked, NS as to cooking method",Seafood,High-Carb / Sugary,0,39.5,0.2,60.4,0.0,0.04
"Pompano, baked or broiled, fat added",Seafood,High-Carb / Sugary,0,39.5,0.2,60.4,0.0,0.04
"Pompano, baked or broiled, no added fat",Seafood,High-Protein,2,46.4,0.2,53.4,0.0,0.04
"Pompano, coated, baked or broiled, fat added",Seafood,High-Carb / Sugary,0,29.4,18.8,51.8,0.6,1.1
"Pompano, coated, baked or broiled, no added fat",Seafood,High-Carb / Sugary,0,36.5,23.4,40.2,0.6,1.15
"Pompano, coated, fried",Seafood,High-Carb / Sugary,0,26.8,14.1,59.1,0.6,0.88
"Pompano, steamed or poached",Seafood,High-Protein,2,46.4,0.0,53.6,0.0,0.0
"Pompano, smoked",Seafood,High-Protein,2,46.4,0.0,53.6,0.0,0.0
"Porgy, raw",Other,High-Protein,2,75.5,0.0,24.5,0.0,0.0
"Porgy, cooked, NS as to cooking method",Fast Food & Prepared,High-Protein,2,58.9,0.3,40.8,0.0,0.04
"Porgy, baked or broiled, fat added",Other,High-Protein,2,58.9,0.3,40.8,0.0,0.04
"Porgy, baked or broiled, no added fat",Other,High-Protein,2,75.2,0.3,24.5,0.0,0.04
"Porgy, coated, baked or broiled, fat added",Other,High-Protein,2,37.8,23.7,38.5,0.6,1.1
"Porgy, coated, baked or broiled, no added fat",Other,High-Protein,2,50.0,31.4,18.5,0.6,1.15
"Porgy, coated, fried",Other,High-Carb / Sugary,0,33.3,17.1,49.6,0.6,0.88
"Porgy, steamed or poached",Other,High-Protein,2,75.5,0.0,24.5,0.0,0.0
"Ray, cooked, NS as to cooking method",Fast Food & Prepared,High-Protein,2,55.0,0.2,44.8,0.0,0.04
"Ray, baked or broiled, fat added",Other,High-Protein,2,55.0,0.2,44.8,0.0,0.04
"Ray, baked or broiled, no added fat",Other,High-Protein,2,67.2,0.3,32.5,0.0,0.04
"Ray, coated, baked or broiled, fat added",Other,High-Carb / Sugary,0,37.4,21.4,41.2,0.6,1.1
"Ray, coated, baked or broiled, no added fat",Other,High-Protein,2,48.1,27.5,24.4,0.6,1.15
"Ray, coated, fried",Other,High-Carb / Sugary,0,33.4,15.7,50.9,0.6,0.88
"Ray, steamed or poached",Other,High-Protein,2,67.4,0.0,32.6,0.0,0.0
"Salmon, raw",Seafood,High-Protein,2,67.4,0.0,32.6,0.0,0.0
"Salmon, cooked, NS as to cooking method",Seafood,High-Protein,2,54.8,0.2,45.0,0.0,0.04
"Salmon, baked or broiled, made with oil",Seafood,High-Protein,2,54.8,0.2,45.0,0.0,0.04
"Salmon, baked or broiled, made with butter",Dairy & Eggs,High-Protein,2,56.8,0.2,43.0,0.0,0.04
"Salmon, baked or broiled, made with margarine",Seafood,High-Protein,2,58.5,0.3,41.2,0.0,0.04
"Salmon, baked or broiled, no added fat",Seafood,High-Protein,2,67.3,0.3,32.5,0.0,0.04
"Salmon, baked or broiled, made with cooking spray",Seafood,High-Protein,2,65.5,0.5,33.9,0.0,0.04
"Salmon, coated, baked or broiled, made with oil",Seafood,High-Carb / Sugary,0,37.1,21.7,41.3,0.6,1.1
"Salmon, coated, baked or broiled, made with butter",Dairy & Eggs,High-Protein,2,38.8,22.6,38.6,0.6,1.1
"Salmon, coated, baked or broiled, made with margarine",Seafood,High-Protein,2,40.2,23.6,36.2,0.6,1.1
"Salmon, coated, baked or broiled, no added fat",Seafood,High-Protein,2,47.8,27.9,24.3,0.6,1.15
"Salmon, coated, baked or broiled, made with cooking spray",Seafood,High-Protein,2,47.0,27.6,25.3,0.6,1.14
"Salmon, coated, fried, made with oil",Seafood,High-Carb / Sugary,0,33.0,15.9,51.1,0.6,0.88
"Salmon, coated, fried, made with butter",Dairy & Eggs,High-Carb / Sugary,0,35.2,16.9,47.9,0.6,0.88
"Salmon, coated, fried, made with margarine",Seafood,High-Carb / Sugary,0,37.1,18.0,44.9,0.6,0.88
"Salmon, coated, fried, no added fat",Seafood,High-Protein,2,48.3,23.2,28.5,0.7,1.03
"Salmon, coated, fried, made with cooking spray",Seafood,High-Protein,2,47.6,23.0,29.4,0.7,1.03
"Salmon, steamed or poached",Seafood,High-Protein,2,67.4,0.0,32.6,0.0,0.0
"Salmon, dried",Seafood,High-Protein,2,67.4,0.0,32.6,0.0,0.0
"Salmon, canned",Seafood,High-Protein,2,62.5,0.0,37.5,0.0,0.0
"Salmon, smoked",Seafood,High-Protein,2,65.3,0.0,34.7,0.0,0.0
"Sardines, cooked",Other,High-Protein,2,48.9,0.0,51.1,0.0,0.0
"Sardines, dried",Other,High-Protein,2,46.9,0.0,53.1,0.0,0.0
"Sardines, canned in oil",Condiments & Sauces,High-Protein,2,48.9,0.0,51.1,0.0,0.0
"Sardines, skinless, boneless, packed in water",Beverages,High-Protein,2,46.4,1.2,52.4,0.1,0.43
"Sea bass, cooked, NS as to cooking method",Seafood,High-Protein,2,61.5,0.3,38.2,0.0,0.04
"Sea bass, baked or broiled, fat added",Seafood,High-Protein,2,61.5,0.3,38.2,0.0,0.04
"Sea bass, baked or broiled, no added fat",Seafood,High-Protein,2,80.1,0.3,19.6,0.0,0.04
"Sea bass, coated, baked or broiled, fat added",Seafood,High-Protein,2,38.4,24.6,37.0,0.6,1.1
"Sea bass, coated, baked or broiled, no added fat",Seafood,High-Protein,2,51.5,33.1,15.4,0.6,1.15
"Sea bass, coated, fried",Seafood,High-Carb / Sugary,0,33.6,17.7,48.7,0.6,0.88
"Sea bass, steamed or poached",Seafood,High-Protein,2,80.3,0.0,19.7,0.0,0.0
"Sea bass, pickled",Seafood,High-Carb / Sugary,0,28.3,10.4,61.3,0.6,1.28
"Shark, cooked, NS as to cooking method",Fast Food & Prepared,High-Protein,2,55.0,0.2,44.8,0.0,0.04
"Shark, baked or broiled, fat added",Other,High-Protein,2,55.0,0.2,44.8,0.0,0.04
"Shark, baked or broiled, no added fat",Other,High-Protein,2,67.2,0.3,32.5,0.0,0.04
"Shark, coated, baked or broiled, fat added",Other,High-Carb / Sugary,0,37.4,21.4,41.2,0.6,1.1
"Shark, coated, baked or broiled, no added fat",Other,High-Protein,2,48.1,27.5,24.4,0.6,1.15
"Shark, coated, fried",Other,High-Carb / Sugary,0,33.4,15.7,50.9,0.6,0.88
"Shark, steamed or poached",Other,High-Protein,2,67.4,0.0,32.6,0.0,0.0
"Sturgeon, cooked, NS as to cooking method",Fast Food & Prepared,High-Protein,2,50.0,0.3,49.7,0.0,0.04
"Sturgeon, baked or broiled, fat added",Other,High-Protein,2,50.0,0.3,49.7,0.0,0.04
"Sturgeon, steamed",Other,High-Protein,2,64.0,0.0,36.0,0.0,0.0
"Sturgeon, coated, fried",Other,High-Carb / Sugary,0,29.1,17.1,53.8,0.6,0.88
"Sturgeon, smoked",Other,High-Protein,2,75.9,0.0,24.1,0.0,0.0
"Swordfish, cooked, NS as to cooking method",Seafood,High-Protein,2,47.2,0.2,52.6,0.0,0.04
"Swordfish, baked or broiled, fat added",Seafood,High-Protein,2,47.2,0.2,52.6,0.0,0.04
"Swordfish, baked or broiled, no added fat",Seafood,High-Protein,2,56.6,0.2,43.1,0.0,0.04
"Swordfish, coated, baked or broiled, fat added",Seafood,High-Carb / Sugary,0,33.4,20.3,46.3,0.6,1.1
"Swordfish, coated, baked or broiled, no added fat",Seafood,High-Protein,2,42.3,25.7,32.0,0.6,1.15
"Swordfish, coated, fried",Seafood,High-Carb / Sugary,0,30.1,15.0,54.9,0.6,0.88
"Swordfish, steamed or poached",Seafood,High-Protein,2,56.8,0.0,43.2,0.0,0.0
"Trout, cooked, NS as to cooking method",Seafood,High-Protein,2,48.8,0.2,51.0,0.0,0.04
"Trout, baked or broiled, made with oil",Seafood,High-Protein,2,48.8,0.2,51.0,0.0,0.04
"Trout, baked or broiled, made with butter",Dairy & Eggs,High-Protein,2,50.4,0.2,49.4,0.0,0.04
"Trout, baked or broiled, made with margarine",Seafood,High-Protein,2,51.8,0.3,47.9,0.0,0.04
"Trout, baked or broiled, no added fat",Seafood,High-Protein,2,58.8,0.2,41.0,0.0,0.04
"Trout, baked or broiled, made with cooking spray",Seafood,High-Protein,2,57.4,0.5,42.1,0.0,0.04
"Trout, coated, baked or broiled, made with oil",Seafood,High-Carb / Sugary,0,34.3,20.5,45.2,0.6,1.1
"Trout, coated, baked or broiled, made with butter",Dairy & Eggs,High-Carb / Sugary,0,35.8,21.4,42.9,0.6,1.1
"Trout, coated, baked or broiled, made with margarine",Seafood,High-Carb / Sugary,0,37.0,22.2,40.8,0.6,1.1
"Trout, coated, baked or broiled, no added fat",Seafood,High-Protein,2,43.5,26.1,30.4,0.6,1.15
"Trout, coated, baked or broiled, made with cooking spray",Seafood,High-Protein,2,42.9,25.8,31.3,0.6,1.14
"Trout, coated, fried, made with oil",Seafood,High-Carb / Sugary,0,30.8,15.2,54.0,0.6,0.88
"Trout, coated, fried, made with butter",Dairy & Eggs,High-Carb / Sugary,0,32.7,16.1,51.2,0.6,0.88
"Trout, coated, fried, made with margarine",Seafood,High-Carb / Sugary,0,34.4,17.1,48.5,0.6,0.88
"Trout, coated, fried, no added fat",Seafood,High-Protein,2,44.1,21.7,34.2,0.7,1.03
"Trout, coated, fried, made with cooking spray",Seafood,High-Protein,2,43.5,21.5,35.0,0.7,1.03
"Trout, steamed or poached",Seafood,High-Protein,2,58.9,0.0,41.1,0.0,0.0
"Trout, smoked",Seafood,High-Protein,2,58.9,0.0,41.1,0.0,0.0
"Tuna, fresh, raw",Seafood,High-Protein,2,95.7,0.0,4.3,0.0,0.0
"Tuna, fresh, cooked, NS as to cooking method",Seafood,High-Protein,2,75.0,0.3,24.8,0.0,0.04
"Tuna, fresh, baked or broiled, fat added",Seafood,High-Protein,2,75.0,0.3,24.8,0.0,0.04
"Tuna, fresh, baked or broiled, no added fat",Seafood,High-Protein,2,95.4,0.3,4.3,0.0,0.04
"Tuna, fresh, coated, baked or broiled, fat added",Seafood,High-Protein,2,47.1,23.5,29.4,0.6,1.1
"Tuna, fresh, coated, baked or broiled, no added fat",Seafood,High-Protein,2,62.3,31.1,6.6,0.6,1.15
"Tuna, fresh, coated, fried",Seafood,High-Protein,2,41.2,17.0,41.8,0.6,0.88
"Tuna, fresh, steamed or poached",Seafood,High-Protein,2,95.7,0.0,4.3,0.0,0.0
"Tuna, fresh, dried",Seafood,High-Protein,2,95.7,0.0,4.3,0.0,0.0
"Tuna, fresh, smoked",Seafood,High-Protein,2,53.1,0.0,46.9,0.0,0.0
"Tuna, canned, NS as to oil or water pack",Seafood,High-Protein,2,89.6,0.4,10.0,0.0,0.0
"Tuna, canned, oil pack",Seafood,High-Protein,2,61.2,0.0,38.8,0.0,0.0
"Tuna, canned, water pack",Seafood,High-Protein,2,89.6,0.4,10.0,0.0,0.0
"Whiting, cooked, NS as to cooking method",Fast Food & Prepared,High-Carb / Sugary,0,34.3,18.2,47.5,0.6,0.88
"Whiting, baked or broiled, made with oil",Condiments & Sauces,High-Protein,2,64.7,0.3,35.0,0.0,0.04
"Whiting, baked or broiled, made with butter",Dairy & Eggs,High-Protein,2,67.9,0.3,31.8,0.0,0.04
"Whiting, baked or broiled, made with margarine",Condiments & Sauces,High-Protein,2,70.7,0.4,28.9,0.0,0.04
"Whiting, baked or broiled, no added fat",Other,High-Protein,2,85.8,0.4,13.8,0.0,0.04
"Whiting, baked or broiled, made with cooking spray",Other,High-Protein,2,82.8,0.7,16.5,0.0,0.04
"Whiting, coated, baked or broiled, made with oil",Condiments & Sauces,High-Protein,2,39.4,25.4,35.2,0.6,1.1
"Whiting, coated, baked or broiled, made with butter",Dairy & Eggs,High-Protein,2,41.5,26.7,31.8,0.6,1.1
"Whiting, coated, baked or broiled, made with margarine",Condiments & Sauces,High-Protein,2,43.3,28.1,28.6,0.6,1.1
"Whiting, coated, baked or broiled, no added fat",Other,High-Protein,2,53.4,34.5,12.1,0.6,1.15
"Whiting, coated, baked or broiled, made with cooking spray",Other,High-Protein,2,52.4,34.0,13.6,0.6,1.14
"Whiting, coated, fried, made with oil",Condiments & Sauces,High-Carb / Sugary,0,34.3,18.2,47.5,0.6,0.88
"Whiting, coated, fried, made with butter",Dairy & Eggs,High-Carb / Sugary,0,36.9,19.5,43.6,0.6,0.88
"Whiting, coated, fried, made with margarine",Condiments & Sauces,High-Protein,2,39.3,20.9,39.8,0.6,0.88
"Whiting, coated, fried, no added fat",Other,High-Protein,2,53.8,28.5,17.8,0.7,1.03
"Whiting, coated, fried, made with cooking spray",Other,High-Protein,2,52.8,28.1,19.1,0.7,1.03
"Whiting, steamed or poached",Other,High-Protein,2,86.1,0.0,13.9,0.0,0.0
"Tilapia, cooked, NS as to cooking method",Seafood,High-Protein,2,64.9,0.3,34.8,0.0,0.04
"Tilapia, baked or broiled, made with oil",Seafood,High-Protein,2,64.9,0.3,34.8,0.0,0.04
"Tilapia, baked or broiled, made with butter",Dairy & Eggs,High-Protein,2,67.8,0.3,31.9,0.0,0.04
"Tilapia, baked or broiled, made with margarine",Seafood,High-Protein,2,70.4,0.4,29.3,0.0,0.04
"Tilapia, baked or broiled, no added fat",Seafood,High-Protein,2,83.7,0.3,15.9,0.0,0.04
"Tilapia, baked or broiled, made with cooking spray",Seafood,High-Protein,2,81.0,0.6,18.3,0.0,0.04
"Tilapia, coated, baked or broiled, made with oil",Seafood,High-Protein,2,40.7,24.2,35.1,0.6,1.1
"Tilapia, coated, baked or broiled, made with butter",Dairy & Eggs,High-Protein,2,42.8,25.4,31.9,0.6,1.1
"Tilapia, coated, baked or broiled, made with margarine",Seafood,High-Protein,2,44.5,26.6,28.9,0.6,1.1
"Tilapia, coated, baked or broiled, no added fat",Seafood,High-Protein,2,54.3,32.3,13.4,0.6,1.15
"Tilapia, coated, baked or broiled, made with cooking spray",Seafood,High-Protein,2,53.3,31.9,14.9,0.6,1.14
"Tilapia, coated, fried, made with oil",Seafood,High-Carb / Sugary,0,35.6,17.4,46.9,0.6,0.88
"Tilapia, coated, fried, made with butter",Dairy & Eggs,High-Carb / Sugary,0,38.2,18.7,43.1,0.6,0.88
"Tilapia, coated, fried, made with margarine",Seafood,High-Protein,2,40.5,20.0,39.5,0.6,0.88
"Tilapia, coated, fried, no added fat",Seafood,High-Protein,2,54.6,26.7,18.7,0.7,1.03
"Tilapia, coated, fried, made with cooking spray",Seafood,High-Protein,2,53.6,26.4,20.0,0.7,1.03
"Tilapia, steamed or poached",Seafood,High-Protein,2,84.0,0.0,16.0,0.0,0.0
"Frog legs, NS as to cooking method",Fast Food & Prepared,High-Carb / Sugary,0,33.6,19.4,47.0,0.6,0.91
"Frog legs, steamed",Other,High-Protein,2,96.0,0.0,4.0,0.0,0.0
"Octopus, cooked, NS as to cooking method",Seafood,High-Carb / Sugary,0,29.8,22.3,47.9,0.6,0.91
"Octopus, steamed",Seafood,High-Protein,2,76.6,11.3,12.1,0.0,0.0
"Octopus, dried",Seafood,High-Protein,2,76.7,11.3,12.0,0.0,0.0
"Octopus, dried, boiled",Seafood,High-Protein,2,76.7,11.3,12.0,0.0,0.0
"Octopus, smoked",Seafood,High-Protein,2,76.7,11.3,12.0,0.0,0.0
"Roe, shad, cooked",Seafood,High-Protein,2,49.3,3.5,47.2,0.0,0.04
"Roe, herring",Seafood,High-Protein,2,58.3,3.9,37.7,0.0,0.0
"Roe, sturgeon",Seafood,High-Carb / Sugary,0,35.7,5.8,58.5,0.0,0.0
"Squid, raw",Seafood,High-Protein,2,71.6,14.2,14.3,0.0,0.0
"Squid, baked or broiled, fat added",Seafood,High-Protein,2,54.1,11.0,34.9,0.0,0.03
"Squid, baked or broiled, no added fat",Seafood,High-Protein,2,71.3,14.5,14.2,0.0,0.04
"Squid, coated, baked or broiled, fat added",Seafood,Low-Calorie / Beverages,5,33.9,31.0,35.2,0.6,1.07
"Squid, coated, baked or broiled, no added fat",Seafood,High-Protein,2,45.8,41.8,12.4,0.6,1.12
"Squid, coated, fried",Seafood,High-Carb / Sugary,0,29.8,22.8,47.4,0.6,0.91
"Squid, steamed or boiled",Seafood,High-Protein,2,71.6,14.1,14.3,0.0,0.0
"Squid, dried",Seafood,High-Protein,2,71.6,14.1,14.3,0.0,0.0
"Squid, pickled",Seafood,High-Protein,2,71.6,14.2,14.2,0.0,0.01
"Squid, canned",Seafood,High-Protein,2,71.5,14.2,14.3,0.0,0.0
"Turtle, cooked, NS as to cooking method",Fast Food & Prepared,High-Protein,2,70.8,0.3,28.9,0.0,0.03
"Abalone, cooked, NS as to cooking method",Fast Food & Prepared,High-Protein,2,53.7,19.1,27.2,0.0,0.03
"Abalone, floured or breaded, fried",Other,High-Carb / Sugary,0,30.7,26.2,43.1,0.6,0.91
"Abalone, steamed or poached",Other,High-Protein,2,68.9,24.2,6.9,0.0,0.0
"Clams, raw",Other,High-Protein,2,71.9,17.5,10.6,0.0,0.0
"Clams, cooked, NS as to cooking method",Fast Food & Prepared,High-Protein,2,53.5,13.3,33.2,0.0,0.03
"Clams, baked or broiled, fat added",Other,High-Protein,2,53.5,13.3,33.2,0.0,0.03
"Clams, baked or broiled, no added fat",Other,High-Protein,2,71.6,17.8,10.6,0.0,0.04
"Clams, coated, baked or broiled, fat added",Other,Low-Calorie / Beverages,5,33.0,32.7,34.3,0.6,1.07
"Clams, coated, baked or broiled, no added fat",Other,High-Protein,2,45.0,44.7,10.3,0.6,1.12
"Clams, coated, fried",Other,High-Carb / Sugary,0,29.0,24.1,46.9,0.6,0.91
"Clams, steamed or boiled",Other,High-Protein,2,71.9,17.5,10.6,0.0,0.0
"Clams, canned",Other,High-Protein,2,71.9,17.5,10.6,0.0,0.0
"Clams, smoked, in oil",Condiments & Sauces,High-Carb / Sugary,0,35.2,8.6,56.2,0.0,0.0
"Crab, cooked, NS as to cooking method",Seafood,High-Protein,2,91.4,0.0,8.6,0.0,0.0
"Crab, baked or broiled, fat added",Seafood,High-Protein,2,67.3,0.3,32.4,0.0,0.03
"Crab, baked or broiled, no added fat",Seafood,High-Protein,2,91.1,0.4,8.5,0.0,0.04
"Crab, coated, baked or broiled, fat added",Seafood,High-Protein,2,39.8,26.3,33.9,0.6,1.07
"Crab, coated, baked or broiled, no added fat",Seafood,High-Protein,2,54.7,36.1,9.2,0.6,1.12
"Crab, hard shell, steamed",Seafood,High-Protein,2,91.4,0.0,8.6,0.0,0.0
"Crab, canned",Seafood,High-Protein,2,91.5,0.0,8.5,0.0,0.0
"Crab, soft shell, coated, fried",Seafood,High-Carb / Sugary,0,34.6,18.7,46.7,0.6,0.91
"Crayfish, coated, fried",Seafood,High-Carb / Sugary,0,32.3,19.1,48.6,0.6,0.91
"Crayfish, boiled or steamed",Seafood,High-Protein,2,86.2,0.0,13.8,0.0,0.0
"Lobster, cooked, NS as to cooking method",Seafood,High-Protein,2,90.8,0.0,9.2,0.0,0.0
"Lobster, baked or broiled, fat added",Seafood,High-Protein,2,65.4,0.3,34.3,0.0,0.03
"Lobster, baked or broiled, no added fat",Seafood,High-Protein,2,90.3,0.4,9.2,0.0,0.04
"Lobster, coated, fried",Seafood,High-Carb / Sugary,0,33.1,19.1,47.8,0.6,0.91
"Lobster, steamed or boiled",Seafood,High-Protein,2,90.8,0.0,9.2,0.0,0.0
"Lobster, coated, baked or broiled, fat added",Seafood,High-Protein,2,38.2,27.0,34.8,0.6,1.07
"Lobster, coated, baked or broiled, no added fat",Seafood,High-Protein,2,53.0,37.4,9.6,0.6,1.12
"Lobster, canned",Seafood,High-Protein,2,90.8,0.0,9.2,0.0,0.0
"Mussels, raw",Other,High-Protein,2,57.7,17.9,24.4,0.0,0.0
"Mussels, cooked, NS as to cooking method",Fast Food & Prepared,High-Protein,2,57.7,17.9,24.4,0.0,0.0
"Mussels, steamed or poached",Other,High-Protein,2,57.7,17.9,24.4,0.0,0.0
"Oysters, raw",Other,High-Protein,2,46.5,22.2,31.3,0.0,0.62
"Oysters, cooked, NS as to cooking method",Fast Food & Prepared,High-Carb / Sugary,0,16.9,26.1,57.0,0.6,1.46
"Oysters, baked or broiled, fat added",Other,High-Carb / Sugary,0,29.6,14.5,55.9,0.0,0.77
"Oysters, baked or broiled, no added fat",Other,High-Protein,2,46.2,22.7,31.1,0.0,0.8
"Oysters, steamed",Other,High-Protein,2,46.5,22.2,31.3,0.0,1.24
"Oysters, coated, fried",Other,High-Carb / Sugary,0,16.9,26.1,57.0,0.6,1.46
"Oysters, coated, baked or broiled, fat added",Other,Low-Calorie / Beverages,5,18.7,36.8,44.5,0.6,1.63
"Oysters, coated, baked or broiled, no added fat",Other,Low-Calorie / Beverages,5,27.3,53.9,18.7,0.6,1.71
"Oysters, canned",Other,High-Protein,2,42.7,23.7,33.6,0.0,0.0
"Oysters, smoked",Other,High-Protein,2,46.5,22.1,31.4,0.0,1.0
"Scallops, cooked, NS as to cooking method",Fast Food & Prepared,High-Protein,2,51.6,13.9,34.4,0.0,0.03
"Scallops, baked or broiled, fat added",Other,High-Protein,2,51.6,13.9,34.4,0.0,0.03
"Scallops, baked or broiled, no added fat",Other,High-Protein,2,73.5,19.8,6.7,0.0,0.04
"Scallops, steamed or boiled",Other,High-Protein,2,73.8,19.4,6.8,0.0,0.0
"Scallops, coated, fried",Other,High-Carb / Sugary,0,26.6,25.1,48.3,0.6,0.91
"Scallops, coated, baked or broiled, fat added",Other,Low-Calorie / Beverages,5,30.3,34.7,35.0,0.6,1.07
"Scallops, coated, baked or broiled, no added fat",Other,High-Protein,2,42.7,48.8,8.4,0.6,1.12
"Shrimp, cooked, NS as to cooking method",Seafood,High-Carb / Sugary,0,29.0,21.1,49.9,0.6,0.91
"Shrimp, baked or broiled, made with oil",Seafood,High-Protein,2,57.2,4.2,38.7,0.0,0.03
"Shrimp, baked or broiled, made with butter",Dairy & Eggs,High-Protein,2,60.5,4.4,35.1,0.0,0.04
"Shrimp, baked or broiled, made with margarine",Seafood,High-Protein,2,63.5,4.7,31.7,0.0,0.03
"Shrimp, baked or broiled, no added fat",Seafood,High-Protein,2,80.7,5.8,13.5,0.0,0.04
"Shrimp, baked or broiled, made with cooking spray",Seafood,High-Protein,2,77.1,6.1,16.9,0.0,0.04
"Shrimp, steamed or boiled",Seafood,High-Protein,2,81.0,5.4,13.5,0.0,0.0
"Shrimp, coated, fried, made with oil",Seafood,High-Carb / Sugary,0,29.0,21.1,49.9,0.6,0.91
"Shrimp, coated, fried, made with butter",Dairy & Eggs,High-Carb / Sugary,0,31.4,22.7,45.9,0.6,0.91
"Shrimp, coated, fried, made with margarine",Seafood,High-Carb / Sugary,0,33.5,24.5,42.0,0.6,0.91
"Shrimp, coated, fried, no added fat",Seafood,High-Protein,2,47.4,34.5,18.1,0.7,1.0
"Shrimp, coated, fried, made with cooking spray",Seafood,High-Protein,2,46.4,34.0,19.6,0.7,1.0
"Shrimp, coated, fried, from fast food / restaurant",Seafood,Low-Calorie / Beverages,5,16.5,29.0,54.6,1.5,0.91
"Shrimp, coated, baked or broiled, made with oil",Seafood,Low-Calorie / Beverages,5,33.3,29.6,37.1,0.6,1.07
"Shrimp, coated, baked or broiled, made with butter",Dairy & Eggs,Low-Calorie / Beverages,5,35.2,31.3,33.4,0.6,1.07
"Shrimp, coated, baked or broiled, made with margarine",Seafood,High-Protein,2,37.0,33.0,30.0,0.6,1.07
"Shrimp, coated, baked or broiled, no added fat",Seafood,High-Protein,2,46.7,41.6,11.7,0.6,1.12
"Shrimp, coated, baked or broiled, made with cooking spray",Seafood,High-Protein,2,45.6,40.9,13.5,0.6,1.12
"Shrimp, dried",Seafood,High-Protein,2,87.0,0.0,13.0,0.0,0.0
"Shrimp, canned",Seafood,High-Protein,2,87.0,0.0,13.0,0.0,0.0
"Snails, cooked, NS as to cooking method",Fast Food & Prepared,High-Protein,2,56.9,7.4,35.7,0.0,0.03
Beef with tomato-based sauce,Meat & Poultry,High-Protein,2,57.8,4.2,38.0,0.4,1.06
Beef goulash,Meat & Poultry,High-Protein,2,54.8,11.2,34.0,0.4,1.07
Beef burgundy,Meat & Poultry,High-Protein,2,51.3,11.3,37.4,0.7,1.45
"Beef stew, no potatoes, tomato-based sauce, Mexican style",Meat & Poultry,High-Protein,2,52.8,11.9,35.3,0.5,1.13
"Beef stew, no potatoes, tomato-based sauce, with chili peppers, Mexican style",Meat & Poultry,High-Protein,2,48.6,18.7,32.7,1.2,2.04
"Chili con carne, NS as to beans",Fast Food & Prepared,Low-Calorie / Beverages,5,32.5,29.2,38.3,2.4,2.28
"Chili con carne with beans, from restaurant",Fast Food & Prepared,High-Carb / Sugary,0,32.1,11.7,56.3,1.4,2.27
"Chili con carne with beans, home recipe",Fast Food & Prepared,Low-Calorie / Beverages,5,32.5,29.2,38.3,2.4,2.28
"Chili con carne with beans, canned",Fast Food & Prepared,Low-Calorie / Beverages,5,21.7,49.0,29.2,3.3,1.87
Chili con carne with beans,Fast Food & Prepared,Low-Calorie / Beverages,5,26.7,40.0,33.3,2.9,2.06
Chili con carne without beans,Fast Food & Prepared,High-Carb / Sugary,0,25.4,20.6,54.0,0.5,1.1
"Chili con carne, NS as to beans, with cheese",Dairy & Eggs,Low-Calorie / Beverages,5,21.9,40.9,37.2,3.1,1.79
Chili con carne with beans and cheese,Dairy & Eggs,Low-Calorie / Beverages,5,21.9,40.9,37.2,3.1,1.79
"Beef sloppy joe, no bun",Meat & Poultry,Low-Calorie / Beverages,5,30.6,26.3,43.1,0.8,6.67
Beef with gravy,Meat & Poultry,High-Protein,2,55.3,4.1,40.7,0.0,0.09
Salisbury steak with gravy,Meat & Poultry,High-Carb / Sugary,0,18.7,18.2,63.1,1.0,0.26
Beef with cream or white sauce,Meat & Poultry,High-Protein,2,48.9,6.0,45.2,0.0,1.37
Beef stroganoff,Meat & Poultry,High-Carb / Sugary,0,26.4,16.0,57.6,0.7,1.36
Creamed chipped or dried beef,Meat & Poultry,High-Carb / Sugary,0,23.1,23.0,53.9,0.1,4.59
Swedish meatballs with cream or white sauce,Condiments & Sauces,High-Carb / Sugary,0,29.8,15.1,55.1,0.2,2.47
Beef with mushroom sauce,Meat & Poultry,High-Protein,2,53.9,4.5,41.5,0.1,0.57
Beef with soy-based sauce,Meat & Poultry,High-Carb / Sugary,0,33.6,7.3,59.0,0.5,1.05
Steak teriyaki,Meat & Poultry,High-Protein,2,58.5,3.9,37.6,0.0,1.76
Beef curry,Meat & Poultry,High-Carb / Sugary,0,26.3,22.5,51.2,1.4,2.6
Beef curry with rice,Meat & Poultry,Low-Calorie / Beverages,5,18.9,50.7,30.5,1.0,1.58
Beef with barbecue sauce,Meat & Poultry,High-Protein,2,44.7,25.2,30.1,0.3,9.58
Beef with sweet and sour sauce,Meat & Poultry,Low-Calorie / Beverages,5,24.9,34.5,40.6,0.8,8.75
"Stewed seasoned ground beef, Mexican style",Meat & Poultry,High-Carb / Sugary,0,28.4,2.8,68.9,0.2,0.41
Steak tartare,Meat & Poultry,High-Carb / Sugary,0,32.4,3.2,64.4,0.4,0.47
"Meatballs, Puerto Rican style",Other,High-Carb / Sugary,0,23.2,11.5,65.4,0.8,1.7
"Stewed seasoned ground beef, Puerto Rican style",Meat & Poultry,High-Carb / Sugary,0,17.6,5.2,77.2,1.0,1.75
"Stewed dried beef, Puerto Rican style",Meat & Poultry,High-Carb / Sugary,0,27.4,6.0,66.6,0.8,2.58
"Stuffed pot roast, Puerto Rican style, NFS",Fast Food & Prepared,High-Carb / Sugary,0,30.0,1.9,68.1,0.4,0.5
"Beef stew, meat with gravy, no potatoes, Puerto Rican style",Meat & Poultry,High-Carb / Sugary,0,28.6,3.3,68.2,0.5,0.82
Ham or pork with gravy,Meat & Poultry,High-Protein,2,52.2,4.1,43.7,0.0,0.09
Ham or pork with barbecue sauce,Meat & Poultry,High-Protein,2,42.2,25.4,32.4,0.3,10.35
Sweet and sour pork,Meat & Poultry,Low-Calorie / Beverages,5,23.9,36.8,39.3,0.9,8.82
Ham stroganoff,Meat & Poultry,High-Carb / Sugary,0,22.6,15.0,62.4,0.7,1.9
Ham or pork with mushroom sauce,Meat & Poultry,High-Protein,2,51.0,4.6,44.4,0.1,0.57
Ham or pork with tomato-based sauce,Meat & Poultry,High-Protein,2,54.6,4.3,41.1,0.4,1.06
Sausage with tomato-based sauce,Meat & Poultry,High-Carb / Sugary,0,22.6,4.4,73.0,0.4,1.82
Sausage gravy,Meat & Poultry,High-Carb / Sugary,0,15.2,17.1,67.7,0.1,3.9
"Pork stew, no potatoes, tomato-based sauce, Mexican style",Meat & Poultry,High-Protein,2,52.5,12.2,35.3,0.5,1.13
Pork or ham with soy-based sauce,Meat & Poultry,High-Carb / Sugary,0,31.7,7.4,60.9,0.5,1.05
"Frankfurter or hot dog, with chili, no bun",Meat & Poultry,High-Carb / Sugary,0,16.9,15.9,67.2,1.7,1.61
Frankfurters or hot dogs with tomato-based sauce,Vegetables,High-Carb / Sugary,0,15.1,6.3,78.6,0.4,1.99
Pork with chili and tomatoes,Meat & Poultry,High-Protein,2,50.0,11.5,38.5,0.9,1.63
"Stewed pork, Puerto Rican style",Meat & Poultry,High-Carb / Sugary,0,36.4,5.6,58.0,0.7,1.29
"Chili con carne with beans, made with pork",Meat & Poultry,Low-Calorie / Beverages,5,30.1,26.9,43.0,2.4,2.28
Lamb or mutton with gravy,Meat & Poultry,High-Carb / Sugary,0,32.3,3.0,64.7,0.0,0.09
Lamb or mutton goulash,Meat & Poultry,High-Protein,2,42.8,10.2,47.0,0.4,1.19
"Stewed goat, Puerto Rican style",Meat & Poultry,High-Carb / Sugary,0,34.3,3.1,62.6,0.5,0.88
Veal with gravy,Meat & Poultry,High-Protein,2,65.7,4.1,30.2,0.0,0.09
Veal scallopini,Meat & Poultry,High-Carb / Sugary,0,31.6,2.2,66.2,0.2,0.57
Veal with cream sauce,Meat & Poultry,High-Protein,2,57.6,6.0,36.4,0.0,1.38
Veal with butter sauce,Dairy & Eggs,High-Carb / Sugary,0,40.3,4.0,55.7,0.2,0.12
Veal Marsala,Meat & Poultry,High-Carb / Sugary,0,39.3,15.4,45.4,0.4,0.48
Veal parmigiana,Meat & Poultry,High-Carb / Sugary,0,30.4,16.5,53.1,0.8,1.7
Veal cordon bleu,Meat & Poultry,High-Carb / Sugary,0,33.2,14.9,51.9,0.6,0.63
Venison or deer with tomato-based sauce,Meat & Poultry,High-Protein,2,76.3,4.7,19.0,0.4,1.06
Venison or deer with gravy,Meat & Poultry,High-Protein,2,72.8,4.5,22.7,0.0,0.09
Chili con carne with venison/deer and beans,Meat & Poultry,High-Protein,2,40.4,35.3,24.3,2.4,2.28
Chicken or turkey cacciatore,Meat & Poultry,High-Carb / Sugary,0,29.9,15.8,54.3,1.1,1.6
Spaghetti sauce with poultry,Meat & Poultry,Low-Calorie / Beverages,5,34.2,35.4,30.4,1.5,4.47
Spaghetti sauce with poultry and added vegetables,Meat & Poultry,Low-Calorie / Beverages,5,36.1,34.5,29.4,1.4,4.02
"Stewed chicken with tomato-based sauce, Mexican style",Meat & Poultry,High-Carb / Sugary,0,39.5,8.1,52.4,0.5,0.97
Chili con carne with chicken or turkey and beans,Meat & Poultry,Low-Calorie / Beverages,5,38.6,33.8,27.6,2.4,2.27
Chicken with gravy,Meat & Poultry,High-Protein,2,58.7,4.9,36.4,0.0,0.09
Chicken or turkey fricassee,Meat & Poultry,High-Carb / Sugary,0,35.2,11.6,53.2,0.1,0.26
Turkey with gravy,Meat & Poultry,High-Protein,2,68.6,5.3,26.1,0.0,0.09
Chicken or turkey with cream sauce,Meat & Poultry,High-Protein,2,50.5,7.0,42.5,0.0,1.38
Chicken or turkey with mushroom sauce,Meat & Poultry,High-Protein,2,56.8,5.4,37.7,0.1,0.57
Chicken or turkey with teriyaki,Meat & Poultry,High-Protein,2,63.1,4.0,32.9,0.0,1.47
"Chicken, shredded or pulled, with barbecue sauce",Meat & Poultry,High-Protein,2,45.6,29.3,25.1,0.3,9.97
Sweet and sour chicken or turkey,Meat & Poultry,Low-Calorie / Beverages,5,16.2,38.2,45.6,1.0,11.47
"Sweet and sour chicken or turkey, without vegetables",Meat & Poultry,Low-Calorie / Beverages,5,16.2,38.2,45.6,1.0,11.47
Chicken curry,Meat & Poultry,High-Carb / Sugary,0,23.6,23.6,52.9,1.4,2.6
Chicken curry with rice,Meat & Poultry,Low-Calorie / Beverages,5,17.1,52.0,30.9,1.0,1.58
Chicken with mole sauce,Meat & Poultry,High-Protein,2,54.6,9.3,36.1,0.3,2.12
Chicken or turkey with cheese sauce,Dairy & Eggs,High-Protein,2,50.1,3.8,46.1,0.0,0.06
Chicken or turkey cordon bleu,Meat & Poultry,High-Protein,2,43.2,17.7,39.2,0.6,0.63
Chicken or turkey parmigiana,Meat & Poultry,High-Carb / Sugary,0,37.6,19.1,43.2,0.8,1.7
Orange chicken,Meat & Poultry,Low-Calorie / Beverages,5,22.1,34.3,43.6,0.8,13.6
Sesame chicken,Meat & Poultry,Low-Calorie / Beverages,5,19.6,36.7,43.8,0.7,15.98
Chicken kiev,Meat & Poultry,High-Carb / Sugary,0,30.6,7.8,61.6,0.1,0.01
"Stuffed chicken, drumstick or breast, Puerto Rican style",Meat & Poultry,High-Protein,2,48.3,11.2,40.4,0.3,0.36
"Fish with cream or white sauce, not tuna or lobster",Seafood,High-Protein,2,61.3,9.9,28.9,0.0,1.38
"Crab, deviled",Seafood,Low-Calorie / Beverages,5,25.3,29.3,45.4,0.5,5.09
Crab imperial,Seafood,High-Carb / Sugary,0,41.5,9.5,48.9,0.2,1.22
Fish timbale or mousse,Seafood,High-Carb / Sugary,0,27.9,4.8,67.2,0.0,0.93
Lobster newburg,Seafood,High-Carb / Sugary,0,19.1,6.8,74.1,0.1,2.41
Lobster with butter sauce,Dairy & Eggs,High-Carb / Sugary,0,43.8,0.0,56.1,0.0,0.01
Shrimp cocktail,Seafood,High-Protein,2,52.2,36.5,11.3,0.6,4.09
Tuna with cream or white sauce,Seafood,High-Protein,2,56.7,11.1,32.2,0.0,1.38
Seafood newburg,Other,High-Carb / Sugary,0,19.4,7.1,73.5,0.1,2.41
Seafood sauce,Condiments & Sauces,High-Carb / Sugary,0,16.9,5.1,78.0,0.1,0.02
Spaghetti sauce with seafood,Grains & Bakery,Low-Calorie / Beverages,5,33.8,45.0,21.1,1.5,4.47
Spaghetti sauce with seafood and added vegetables,Grains & Bakery,Low-Calorie / Beverages,5,36.2,44.6,19.2,1.4,4.02
Shrimp with lobster sauce,Seafood,High-Protein,2,45.7,6.1,48.2,0.0,0.8
Sweet and sour shrimp,Seafood,Low-Calorie / Beverages,5,17.0,37.0,46.0,0.8,8.63
Fish sauce,Seafood,High-Protein,2,58.0,41.7,0.3,0.0,3.64
Shrimp scampi,Seafood,High-Carb / Sugary,0,40.5,3.6,55.9,0.1,0.06
Fish moochim,Seafood,High-Protein,2,44.4,12.0,43.6,0.8,8.48
Fish with tomato-based sauce,Seafood,High-Protein,2,83.8,8.2,8.0,0.4,1.06
Fish curry,Seafood,Low-Calorie / Beverages,5,20.9,27.8,51.3,1.4,2.6
Fish curry with rice,Seafood,Low-Calorie / Beverages,5,15.1,56.8,28.2,1.0,1.58
Mussels with tomato-based sauce,Vegetables,High-Protein,2,54.4,22.4,23.3,0.4,0.89
Sardines with tomato-based sauce,Vegetables,High-Protein,2,46.4,1.2,52.4,0.1,0.43
Sardines with mustard sauce,Condiments & Sauces,High-Protein,2,46.4,1.2,52.4,0.1,0.43
Shrimp teriyaki,Seafood,High-Protein,2,75.9,11.7,12.3,0.0,1.76
Scallops with cheese sauce,Dairy & Eggs,High-Protein,2,51.0,15.8,33.2,0.0,0.06
Ceviche,Other,High-Protein,2,66.3,22.9,10.8,0.5,1.36
"Crabs in tomato-based sauce, Puerto Rican style",Vegetables,High-Carb / Sugary,0,35.3,8.3,56.4,0.6,1.16
"Shrimp in garlic sauce, Puerto Rican style",Seafood,High-Carb / Sugary,0,16.5,3.6,80.0,0.2,0.47
"Stewed codfish, no potatoes, Puerto Rican style",Other,High-Protein,2,45.9,16.3,37.9,1.1,2.05
"Meat with barbecue sauce, NS as to type of meat",Condiments & Sauces,High-Protein,2,42.7,26.0,31.3,0.3,10.39
"Meatballs, NS as to type of meat, with sauce",Condiments & Sauces,High-Carb / Sugary,0,40.0,0.3,59.7,0.0,0.08
"Meat loaf, Puerto Rican style",Other,High-Carb / Sugary,0,24.8,13.3,61.9,0.6,1.03
Meat with tomato-based sauce,Vegetables,High-Protein,2,57.8,4.2,38.0,0.4,1.06
Spaghetti sauce with meat,Grains & Bakery,Low-Calorie / Beverages,5,26.6,29.4,44.0,1.5,4.47
Spaghetti sauce with meat and added vegetables,Grains & Bakery,Low-Calorie / Beverages,5,27.9,28.4,43.7,1.4,4.02
"Stewed, seasoned, ground beef and pork, Mexican style",Meat & Poultry,High-Protein,2,49.3,4.4,46.3,0.3,0.46
"Meat with gravy, NS as to type of meat,",Condiments & Sauces,High-Protein,2,55.3,4.1,40.7,0.0,0.09
"Beef and potatoes, no sauce",Meat & Poultry,Low-Calorie / Beverages,5,23.6,43.3,33.1,1.3,0.65
"Beef stew with potatoes, tomato-based sauce",Meat & Poultry,Low-Calorie / Beverages,5,34.0,37.6,28.4,1.0,1.04
"Beef stew with potatoes, tomato-based sauce, Mexican style",Meat & Poultry,High-Protein,2,46.2,23.9,29.9,0.9,1.1
Beef goulash with potatoes,Meat & Poultry,High-Protein,2,39.5,26.5,34.0,0.9,1.08
"Beef and potatoes with cream sauce, white sauce or mushroom sauce",Meat & Poultry,Low-Calorie / Beverages,5,31.0,34.7,34.3,0.7,1.29
"Beef stew with potatoes, gravy",Meat & Poultry,High-Protein,2,37.2,30.9,32.0,0.9,0.57
"Beef, roast, hash",Meat & Poultry,High-Carb / Sugary,0,29.7,26.1,44.2,1.0,1.46
Corned beef hash,Meat & Poultry,High-Carb / Sugary,0,21.3,22.6,56.1,1.1,0.34
Beef and potatoes with cheese sauce,Dairy & Eggs,Low-Calorie / Beverages,5,25.6,34.9,39.6,0.9,0.48
"Stewed, seasoned, ground beef with potatoes, Mexican style",Meat & Poultry,High-Carb / Sugary,0,25.9,14.7,59.4,0.8,0.71
"Beef and noodles, no sauce",Meat & Poultry,Low-Calorie / Beverages,5,24.4,34.9,40.7,0.8,0.26
Beef and macaroni with cheese sauce,Dairy & Eggs,Low-Calorie / Beverages,5,27.2,36.7,36.1,0.5,1.56
Beef and noodles with tomato-based sauce,Meat & Poultry,Low-Calorie / Beverages,5,31.0,37.8,31.2,0.4,2.02
Chili con carne with beans and macaroni,Grains & Bakery,Low-Calorie / Beverages,5,19.8,57.8,22.4,3.0,1.59
Beef goulash with noodles,Meat & Poultry,Low-Calorie / Beverages,5,35.9,31.2,32.9,0.7,0.83
Beef and noodles with gravy,Meat & Poultry,Low-Calorie / Beverages,5,22.3,44.6,33.1,0.7,0.32
Beef and noodles with cream or white sauce,Meat & Poultry,Low-Calorie / Beverages,5,22.6,43.3,34.1,0.6,1.55
Beef stroganoff with noodles,Meat & Poultry,High-Carb / Sugary,0,23.8,27.4,48.8,0.7,1.01
Beef and noodles with mushroom sauce,Meat & Poultry,Low-Calorie / Beverages,5,22.1,44.0,33.9,0.8,0.8
Beef and noodles with soy-based sauce,Meat & Poultry,High-Carb / Sugary,0,30.3,17.6,52.1,0.6,0.86
"Beef and rice, no sauce",Meat & Poultry,Low-Calorie / Beverages,5,20.3,48.2,31.5,0.2,0.03
Biryani with meat,Other,Low-Calorie / Beverages,5,23.7,34.0,42.4,1.0,1.69
Beef and rice with tomato-based sauce,Meat & Poultry,Low-Calorie / Beverages,5,18.9,46.9,34.2,0.7,1.11
Porcupine balls with tomato-based sauce,Vegetables,Low-Calorie / Beverages,5,27.5,35.5,37.0,0.6,3.0
Chili con carne with beans and rice,Grains & Bakery,Balanced Moderate,1,18.2,59.8,22.0,2.6,1.44
Beef and rice with gravy,Meat & Poultry,Low-Calorie / Beverages,5,18.6,47.3,34.1,0.2,0.12
Beef and rice with cream sauce,Meat & Poultry,Low-Calorie / Beverages,5,19.6,46.4,34.0,0.2,1.33
Beef and rice with mushroom sauce,Meat & Poultry,Low-Calorie / Beverages,5,18.7,46.5,34.8,0.4,0.59
Porcupine balls with mushroom sauce,Vegetables,High-Carb / Sugary,0,26.8,27.8,45.4,0.5,0.5
Beef and rice with soy-based sauce,Meat & Poultry,High-Carb / Sugary,0,30.3,18.0,51.7,0.5,0.88
Beef and rice with cheese sauce,Dairy & Eggs,Low-Calorie / Beverages,5,23.2,42.1,34.7,0.4,0.16
Meat loaf made with beef,Meat & Poultry,High-Carb / Sugary,0,35.9,14.8,49.4,0.4,1.85
"Meat loaf made with beef, with tomato-based sauce",Meat & Poultry,High-Carb / Sugary,0,35.1,17.2,47.7,0.7,2.24
Beef wellington,Meat & Poultry,High-Carb / Sugary,0,21.0,11.1,67.8,0.4,0.12
Corned beef patty,Meat & Poultry,High-Carb / Sugary,0,21.3,22.6,56.1,1.1,0.34
"Stuffed pot roast, with potatoes, Puerto Rican style",Other,High-Carb / Sugary,0,28.6,9.1,62.2,1.0,0.67
"Beef stew with potatoes, Puerto Rican style",Meat & Poultry,High-Carb / Sugary,0,26.7,12.0,61.3,1.0,0.93
"Stewed corned beef, Puerto Rican style",Meat & Poultry,High-Carb / Sugary,0,27.5,21.1,51.4,1.4,0.86
Meat loaf made with ham,Meat & Poultry,High-Protein,2,47.4,14.1,38.5,0.3,1.69
Ham and noodles with cream or white sauce,Meat & Poultry,Low-Calorie / Beverages,5,19.9,44.8,35.3,0.6,1.58
Ham and rice with mushroom sauce,Meat & Poultry,Low-Calorie / Beverages,5,16.1,48.9,35.0,0.4,0.62
Ham or pork with stuffing,Meat & Poultry,High-Carb / Sugary,0,17.7,29.5,52.7,0.4,1.13
Ham croquette,Meat & Poultry,High-Carb / Sugary,0,26.8,3.8,69.4,0.2,0.51
Pork and rice with tomato-based sauce,Meat & Poultry,Low-Calorie / Beverages,5,18.6,48.7,32.7,0.7,1.17
Sausage and rice with tomato-based sauce,Meat & Poultry,Low-Calorie / Beverages,5,13.9,49.1,37.0,0.7,1.3
Sausage and rice with mushroom sauce,Meat & Poultry,Low-Calorie / Beverages,5,13.8,47.8,38.4,0.4,0.8
Sausage and rice with cheese sauce,Dairy & Eggs,Low-Calorie / Beverages,5,16.9,37.3,45.8,0.2,0.22
Sausage and noodles with cream or white sauce,Meat & Poultry,Low-Calorie / Beverages,5,15.5,38.9,45.6,0.6,1.66
"Ham and noodles, no sauce",Meat & Poultry,Low-Calorie / Beverages,5,20.1,44.7,35.1,0.8,0.25
"Ham or pork and rice, no sauce",Meat & Poultry,Low-Calorie / Beverages,5,19.4,48.3,32.3,0.2,0.03
Ham or pork and potatoes with gravy,Meat & Poultry,Low-Calorie / Beverages,5,17.2,37.3,45.5,0.9,0.54
Ham or pork and potatoes with cheese sauce,Dairy & Eggs,Low-Calorie / Beverages,5,24.7,35.0,40.3,0.9,0.48
"Stewed pig's feet, Puerto Rican style",Meat & Poultry,High-Carb / Sugary,0,29.6,12.3,58.1,0.5,0.75
"Stuffed pork roast, Puerto Rican style",Meat & Poultry,High-Protein,2,48.2,4.9,46.9,0.5,0.94
"Pork stew, with potatoes, tomato-based sauce, Mexican style",Meat & Poultry,High-Protein,2,48.8,18.9,32.3,0.7,1.11
Lamb or mutton loaf,Meat & Poultry,High-Carb / Sugary,0,28.9,16.4,54.8,0.3,4.7
Lamb or mutton and potatoes with gravy,Meat & Poultry,Low-Calorie / Beverages,5,15.9,38.9,45.1,1.0,0.58
Lamb or mutton and potatoes with tomato-based sauce,Meat & Poultry,Low-Calorie / Beverages,5,16.6,39.3,44.1,1.5,1.63
Lamb or mutton and noodles with gravy,Meat & Poultry,Low-Calorie / Beverages,5,19.6,45.0,35.5,0.7,0.32
Meat loaf made with venison/deer,Meat & Poultry,High-Protein,2,47.2,15.6,37.2,0.4,1.6
Veal and noodles with cream or white sauce,Meat & Poultry,Low-Calorie / Beverages,5,23.5,40.8,35.7,0.6,1.49
Venison or deer and noodles with cream or white sauce,Meat & Poultry,Low-Calorie / Beverages,5,24.0,41.7,34.3,0.6,1.49
Chicken or turkey hash,Meat & Poultry,Low-Calorie / Beverages,5,35.7,30.2,34.1,1.3,0.94
Chicken or turkey and potatoes with gravy,Meat & Poultry,Low-Calorie / Beverages,5,23.9,29.3,46.8,0.9,0.51
"Chicken or turkey and noodles, no sauce",Meat & Poultry,Low-Calorie / Beverages,5,20.9,41.8,37.3,0.7,0.25
Chicken or turkey and noodles with gravy,Meat & Poultry,Low-Calorie / Beverages,5,20.0,43.5,36.5,0.7,0.31
Chicken or turkey and noodles with mushroom sauce,Meat & Poultry,Low-Calorie / Beverages,5,20.3,43.7,36.0,0.8,0.8
Chicken or turkey and noodles with cream or white sauce,Meat & Poultry,Low-Calorie / Beverages,5,21.2,43.7,35.1,0.6,1.57
Chicken or turkey and noodles with cheese sauce,Dairy & Eggs,Low-Calorie / Beverages,5,24.6,37.3,38.1,0.6,0.24
Chicken or turkey tetrazzini,Meat & Poultry,High-Protein,2,40.4,23.5,36.1,0.5,0.23
Chicken or turkey and noodles with tomato-based sauce,Meat & Poultry,Low-Calorie / Beverages,5,20.6,43.9,35.4,1.1,1.36
Chicken or turkey and noodles with soy-based sauce,Meat & Poultry,High-Carb / Sugary,0,29.3,19.4,51.3,0.6,0.92
"Chicken or turkey and rice, no sauce",Meat & Poultry,Low-Calorie / Beverages,5,17.7,46.4,35.9,0.2,0.03
Biryani with chicken,Meat & Poultry,Low-Calorie / Beverages,5,27.5,52.1,20.4,1.1,1.87
Chicken or turkey and rice with cream sauce,Meat & Poultry,Low-Calorie / Beverages,5,23.9,37.6,38.4,0.5,1.98
Chicken or turkey and rice with mushroom sauce,Meat & Poultry,Low-Calorie / Beverages,5,17.0,46.2,36.8,0.4,0.59
Chicken or turkey and rice with tomato-based sauce,Meat & Poultry,Low-Calorie / Beverages,5,16.2,44.4,39.4,0.6,1.09
Chicken or turkey and rice with soy-based sauce,Meat & Poultry,High-Carb / Sugary,0,29.3,19.9,50.8,0.5,0.94
Chicken or turkey with dumplings,Meat & Poultry,High-Protein,2,43.5,22.1,34.4,0.3,0.45
Chicken or turkey with stuffing,Meat & Poultry,High-Protein,2,46.9,27.5,25.7,0.5,1.27
"Chicken or turkey cake, patty, or croquette",Meat & Poultry,High-Carb / Sugary,0,31.8,3.9,64.3,0.2,0.51
Chicken or turkey souffle,Meat & Poultry,High-Carb / Sugary,0,27.9,13.1,59.0,0.1,2.24
Meat loaf made with chicken or turkey,Meat & Poultry,High-Protein,2,43.5,18.7,37.8,0.6,2.13
"Meat loaf made with chicken or turkey, with tomato-based sauce",Meat & Poultry,High-Protein,2,42.2,19.9,37.8,0.8,2.42
"Clams, stuffed",Other,High-Carb / Sugary,0,23.9,26.0,50.1,0.9,1.57
Codfish ball or cake,Sweets & Desserts,High-Carb / Sugary,0,30.4,22.5,47.1,1.2,1.01
Crab cake,Seafood,High-Carb / Sugary,0,28.9,5.1,65.9,0.2,0.51
"Fish cake or patty, NS as to fish",Seafood,High-Carb / Sugary,0,26.0,19.2,54.8,1.1,0.99
Gefilte fish,Seafood,High-Protein,2,64.6,3.8,31.5,0.1,0.27
Salmon cake or patty,Seafood,High-Carb / Sugary,0,28.3,4.3,67.5,0.2,0.51
Salmon loaf,Seafood,High-Carb / Sugary,0,33.5,19.3,47.2,0.4,2.16
Scallops and noodles with cheese sauce,Dairy & Eggs,Low-Calorie / Beverages,5,23.4,41.6,35.1,0.6,0.26
"Shrimp and noodles, no sauce",Seafood,Low-Calorie / Beverages,5,20.2,45.5,34.3,0.8,0.26
Shrimp and noodles with gravy,Seafood,Low-Calorie / Beverages,5,18.6,45.4,36.0,0.6,0.3
Shrimp and noodles with mushroom sauce,Seafood,Low-Calorie / Beverages,5,19.0,45.4,35.5,0.8,0.79
Shrimp and noodles with cream or white sauce,Seafood,Low-Calorie / Beverages,5,20.3,46.2,33.6,0.7,1.65
Shrimp and noodles with soy-based sauce,Seafood,High-Carb / Sugary,0,29.4,23.7,46.9,0.6,0.87
Shrimp and noodles with cheese sauce,Dairy & Eggs,Low-Calorie / Beverages,5,24.3,39.9,35.8,0.6,0.24
Shrimp and noodles with tomato sauce,Seafood,Low-Calorie / Beverages,5,19.2,45.8,35.0,1.1,1.36
Tuna loaf,Seafood,High-Carb / Sugary,0,36.9,16.3,46.7,0.4,2.21
Tuna cake or patty,Seafood,High-Carb / Sugary,0,29.8,5.1,65.1,0.2,0.51
Clam cake or patty,Seafood,High-Carb / Sugary,0,31.6,11.2,57.2,0.2,0.51
Oyster fritter,Seafood,High-Carb / Sugary,0,14.2,10.7,75.0,0.2,0.39
Flounder with crab stuffing,Seafood,High-Protein,2,45.5,17.3,37.3,0.3,0.86
"Lobster with bread stuffing, baked",Seafood,High-Carb / Sugary,0,34.7,22.8,42.5,0.5,1.17
Clams Casino,Other,Low-Calorie / Beverages,5,29.9,33.7,36.4,1.2,2.05
Mackerel cake or patty,Seafood,High-Carb / Sugary,0,24.7,16.1,59.2,1.2,1.03
Haddock cake or patty,Seafood,High-Carb / Sugary,0,26.0,19.2,54.8,1.1,0.99
Shrimp cake or patty,Seafood,High-Carb / Sugary,0,32.0,6.5,61.5,0.2,0.51
Shrimp with crab stuffing,Seafood,High-Carb / Sugary,0,38.5,14.3,47.2,0.3,0.35
"Shrimp toast, fried",Seafood,High-Carb / Sugary,0,15.4,21.3,63.3,0.8,1.39
Seafood restructured,Other,Balanced Moderate,1,32.2,63.4,4.4,0.5,6.25
Seafood souffle,Other,High-Carb / Sugary,0,26.6,14.7,58.7,0.1,2.23
Tuna noodle casserole with cream or white sauce,Seafood,Low-Calorie / Beverages,5,24.3,37.0,38.8,0.7,2.14
Tuna noodle casserole with mushroom sauce,Seafood,Low-Calorie / Beverages,5,26.2,40.4,33.5,0.8,1.13
Tuna and rice with mushroom sauce,Seafood,Low-Calorie / Beverages,5,14.5,48.7,36.8,0.4,0.59
Fish and rice with tomato-based sauce,Seafood,Low-Calorie / Beverages,5,16.2,49.4,34.4,0.7,1.15
Fish and rice with cream sauce,Seafood,Low-Calorie / Beverages,5,17.1,48.7,34.2,0.2,1.32
Fish and rice with mushroom sauce,Seafood,Low-Calorie / Beverages,5,16.2,48.8,35.1,0.4,0.62
Fish and noodles with mushroom sauce,Seafood,Low-Calorie / Beverages,5,19.3,45.4,35.2,0.8,0.79
Shellfish and noodles with tomato-based sauce,Vegetables,Low-Calorie / Beverages,5,19.5,46.8,33.7,1.1,1.36
"Stewed salmon, Puerto Rican style",Seafood,High-Carb / Sugary,0,33.1,23.3,43.5,1.3,1.27
"Meat loaf, NS as to type of meat",Fast Food & Prepared,High-Carb / Sugary,0,35.4,14.6,50.0,0.4,1.82
"Meatballs, with breading, NS as to type of meat, with gravy",Condiments & Sauces,High-Carb / Sugary,0,34.5,17.8,47.7,0.4,1.22
Meat loaf made with beef and pork,Meat & Poultry,High-Carb / Sugary,0,36.0,15.0,49.0,0.4,1.82
"Meat loaf made with beef, veal and pork",Meat & Poultry,High-Carb / Sugary,0,36.0,15.0,49.0,0.4,1.82
"Meat loaf made with beef and pork, with tomato-based sauce",Meat & Poultry,High-Carb / Sugary,0,35.2,17.4,47.3,0.7,2.21
"Hash, NS as to type of meat",Fast Food & Prepared,High-Carb / Sugary,0,21.3,22.6,56.1,1.1,0.34
"Vienna sausages stewed with potatoes, Puerto Rican style",Other,High-Carb / Sugary,0,9.2,23.8,67.0,1.7,1.31
Liver dumpling,Meat & Poultry,High-Carb / Sugary,0,32.7,18.1,49.3,0.7,0.91
"Breaded brains, Puerto Rican style",Meat & Poultry,High-Carb / Sugary,0,16.7,28.6,54.6,0.5,1.92
"Stewed, seasoned, ground beef and pork with potatoes, Mexican style",Meat & Poultry,High-Carb / Sugary,0,36.6,11.9,51.5,0.6,0.49
"Beef, potatoes, and vegetables including carrots, broccoli, and/or dark-green leafy; no sauce",Meat & Poultry,Low-Calorie / Beverages,5,21.7,42.1,36.2,1.8,1.19
"Beef, potatoes, and vegetables, excluding carrots, broccoli, and dark-green leafy; no sauce",Meat & Poultry,Low-Calorie / Beverages,5,20.9,44.8,34.3,1.7,1.12
"Corned beef, potatoes, and vegetables including carrots, broccoli, and/or dark-green leafy; no sauce",Meat & Poultry,Low-Calorie / Beverages,5,14.9,42.9,42.2,1.8,1.21
"Corned beef, potatoes, and vegetables excluding carrots, broccoli, and dark-green leafy; no sauce",Meat & Poultry,Low-Calorie / Beverages,5,15.0,47.5,37.5,1.7,1.14
"Beef stew with potatoes and vegetables including carrots, broccoli, and/or dark-green leafy; tomato-based sauce",Meat & Poultry,Low-Calorie / Beverages,5,23.3,36.7,39.9,1.2,1.58
"Beef stew with potatoes and vegetables excluding carrots, broccoli, and dark-green leafy; tomato-based sauce",Meat & Poultry,Low-Calorie / Beverages,5,32.5,41.5,26.0,1.3,1.01
"Beef stew with potatoes and vegetables including carrots, broccoli, and/or dark-green leafy; gravy",Meat & Poultry,Low-Calorie / Beverages,5,31.5,43.4,25.1,1.4,1.22
"Beef stew with potatoes and vegetables excluding carrots, broccoli, and dark-green leafy; gravy",Meat & Poultry,Low-Calorie / Beverages,5,32.8,41.0,26.3,1.2,0.84
Shepherd's pie with beef,Meat & Poultry,Low-Calorie / Beverages,5,23.1,51.2,25.7,1.4,1.32
"Beef, potatoes, and vegetables including carrots, broccoli, and/or dark-green leafy; gravy",Meat & Poultry,Low-Calorie / Beverages,5,16.1,34.4,49.6,1.4,0.94
"Beef, potatoes, and vegetables excluding carrots, broccoli, and dark-green leafy; gravy",Meat & Poultry,Low-Calorie / Beverages,5,16.6,38.7,44.7,1.3,0.9
"Beef, potatoes, and vegetables including carrots, broccoli, and/or dark-green leafy; cream sauce, white sauce, or mushroom sauce",Meat & Poultry,Low-Calorie / Beverages,5,16.4,34.5,49.2,1.4,1.29
"Beef, potatoes, and vegetables excluding carrots, broccoli, and dark-green leafy; cream sauce, white sauce, or mushroom sauce",Meat & Poultry,Low-Calorie / Beverages,5,16.4,37.5,46.2,1.3,1.25
"Beef, potatoes, and vegetables including carrots, broccoli, and/or dark-green leafy; tomato-based sauce",Meat & Poultry,Low-Calorie / Beverages,5,16.6,34.7,48.8,1.7,1.78
"Beef, potatoes, and vegetables excluding carrots, broccoli, and dark-green leafy; tomato-based sauce",Meat & Poultry,Low-Calorie / Beverages,5,16.6,37.9,45.5,1.6,1.74
"Beef, potatoes, and vegetables including carrots, broccoli, and/or dark-green leafy; cheese sauce",Dairy & Eggs,Low-Calorie / Beverages,5,25.3,36.7,38.0,1.4,0.96
"Beef, potatoes, and vegetables excluding carrots, broccoli, and dark-green leafy; cheese sauce",Dairy & Eggs,Low-Calorie / Beverages,5,24.5,38.9,36.6,1.3,0.91
"Beef, potatoes, and vegetables including carrots, broccoli, and/or dark-green leafy; soy-based sauce",Meat & Poultry,High-Carb / Sugary,0,31.2,16.1,52.7,1.1,1.37
"Beef, potatoes, and vegetables excluding carrots, broccoli, and dark-green leafy; soy-based sauce",Meat & Poultry,High-Carb / Sugary,0,31.3,15.7,53.0,1.0,1.46
"Beef, noodles, and vegetables including carrots, broccoli, and/or dark-green leafy; no sauce",Meat & Poultry,Low-Calorie / Beverages,5,23.5,45.0,31.5,1.5,0.91
"Beef, noodles, and vegetables excluding carrots, broccoli, and dark-green leafy; no sauce",Meat & Poultry,Low-Calorie / Beverages,5,23.0,48.0,29.0,1.4,0.84
Beef chow mein or chop suey with noodles,Meat & Poultry,Low-Calorie / Beverages,5,32.7,33.9,33.4,1.5,1.55
"Beef, noodles, and vegetables including carrots, broccoli, and/or dark-green leafy; soy-based sauce",Meat & Poultry,High-Carb / Sugary,0,29.4,22.0,48.6,1.2,1.33
"Beef, noodles, and vegetables excluding carrots, broccoli, and dark-green leafy; soy-based sauce",Meat & Poultry,High-Carb / Sugary,0,29.5,21.4,49.1,1.0,1.43
"Beef, noodles, and vegetables including carrots, broccoli, and/or dark-green leafy; tomato-based sauce",Meat & Poultry,Low-Calorie / Beverages,5,21.2,43.1,35.7,1.5,1.62
"Beef, noodles, and vegetables excluding carrots, broccoli, and dark-green leafy; tomato-based sauce",Meat & Poultry,Low-Calorie / Beverages,5,20.5,45.0,34.5,1.4,1.56
"Beef, noodles, and vegetables including carrots, broccoli, and/or dark-green leafy; mushroom sauce",Meat & Poultry,Low-Calorie / Beverages,5,20.9,43.1,36.0,1.2,1.13
"Beef, noodles, and vegetables excluding carrots, broccoli, and dark-green leafy; mushroom sauce",Meat & Poultry,Low-Calorie / Beverages,5,20.4,45.0,34.6,1.1,1.08
"Beef, noodles, and vegetables including carrots, broccoli, and/or dark-green leafy; gravy",Meat & Poultry,Low-Calorie / Beverages,5,20.9,43.4,35.7,1.1,0.75
"Beef, noodles, and vegetables excluding carrots, broccoli, and dark-green leafy; gravy",Meat & Poultry,Low-Calorie / Beverages,5,20.3,45.3,34.5,1.0,0.7
"Beef, rice, and vegetables including carrots, broccoli, and/or dark-green leafy; no sauce",Meat & Poultry,Low-Calorie / Beverages,5,20.5,49.9,29.7,1.0,0.69
"Beef, rice, and vegetables excluding carrots, broccoli, and dark-green leafy; no sauce",Meat & Poultry,Low-Calorie / Beverages,5,20.4,53.7,25.9,0.9,0.62
"Beef, rice, and vegetables including carrots, broccoli, and/or dark-green leafy; tomato-based sauce",Meat & Poultry,Low-Calorie / Beverages,5,17.8,45.3,36.9,1.1,1.45
"Beef, rice, and vegetables excluding carrots, broccoli, and/or dark-green leafy; tomato-based sauce",Meat & Poultry,Low-Calorie / Beverages,5,17.8,48.4,33.8,1.0,1.4
Stuffed cabbage rolls with beef and rice,Meat & Poultry,Low-Calorie / Beverages,5,29.7,30.5,39.8,1.3,3.45
Stuffed grape leaves with beef and rice,Meat & Poultry,High-Carb / Sugary,0,12.9,18.7,68.3,3.1,2.48
"Beef, rice, and vegetables including carrots, broccoli, and/or dark-green leafy; mushroom sauce",Meat & Poultry,Low-Calorie / Beverages,5,18.0,45.6,36.4,0.9,0.98
"Beef, rice, and vegetables excluding carrots, broccoli, and dark-green leafy; mushroom sauce",Meat & Poultry,Low-Calorie / Beverages,5,17.5,47.3,35.3,0.8,0.93
"Beef, rice, and vegetables including carrots, broccoli, and/or dark-green leafy; cheese sauce",Dairy & Eggs,Low-Calorie / Beverages,5,23.5,42.6,33.9,0.8,0.58
"Beef, rice, and vegetables excluding carrots, broccoli, and dark-green leafy; cheese sauce",Dairy & Eggs,Low-Calorie / Beverages,5,22.8,44.2,32.9,0.7,0.5
"Beef, rice, and vegetables including carrots, broccoli, and/or dark-green leafy; gravy",Meat & Poultry,Low-Calorie / Beverages,5,17.8,46.3,35.9,0.8,0.59
"Beef, rice, and vegetables excluding carrots, broccoli, and dark-green leafy; gravy",Meat & Poultry,Low-Calorie / Beverages,5,17.3,48.0,34.7,0.7,0.54
"Beef, rice, and vegetables including carrots, broccoli, and/or dark-green leafy; soy-based sauce",Meat & Poultry,High-Carb / Sugary,0,29.4,22.3,48.2,1.1,1.36
"Beef, rice, and vegetables excluding carrots, broccoli, and dark-green leafy; soy-based sauce",Meat & Poultry,High-Carb / Sugary,0,29.6,21.4,49.1,0.8,1.42
Beef pot pie,Meat & Poultry,Low-Calorie / Beverages,5,14.4,30.8,54.8,1.2,0.9
"Beef, dumplings, and vegetables including carrots, broccoli, and/or dark-green leafy; gravy",Meat & Poultry,Low-Calorie / Beverages,5,19.1,36.4,44.5,0.9,1.12
"Beef, dumplings, and vegetables excluding carrots, broccoli, and dark-green leafy; gravy",Meat & Poultry,Low-Calorie / Beverages,5,18.8,39.1,42.1,0.8,1.07
"Stuffed green pepper, Puerto Rican style",Vegetables,Low-Calorie / Beverages,5,21.3,38.5,40.2,2.1,3.48
Ham pot pie,Meat & Poultry,Low-Calorie / Beverages,5,13.7,31.7,54.6,1.3,1.13
"Ham or pork, noodles and vegetables excluding carrots, broccoli, and dark-green leafy; no sauce",Meat & Poultry,Low-Calorie / Beverages,5,22.3,48.5,29.2,1.4,0.84
"Ham or pork, noodles, and vegetables including carrots, broccoli, and/or dark-green leafy; no sauce",Meat & Poultry,Low-Calorie / Beverages,5,22.7,45.5,31.8,1.5,0.91
"Ham or pork, noodles and vegetables excluding carrots, broccoli, and dark-green leafy; cheese sauce",Dairy & Eggs,Low-Calorie / Beverages,5,23.6,39.3,37.1,1.1,0.69
"Pork, potatoes, and vegetables including carrots, broccoli, and/or dark-green leafy; no sauce",Meat & Poultry,Low-Calorie / Beverages,5,20.3,41.7,37.9,1.8,1.19
"Ham or pork, noodles, and vegetables including carrots, broccoli, and/or dark-green leafy; tomato-based sauce",Meat & Poultry,Low-Calorie / Beverages,5,20.6,43.6,35.8,1.5,1.62
"Sausage, noodles, and vegetables excluding carrots, broccoli, and dark-green leafy; tomato-based sauce",Meat & Poultry,Low-Calorie / Beverages,5,15.7,45.9,38.3,1.4,1.74
"Sausage, noodles, and vegetables including carrots, broccoli, and/or dark-green leafy; tomato-based sauce",Meat & Poultry,Low-Calorie / Beverages,5,16.2,44.1,39.7,1.5,1.8
"Pork, potatoes, and vegetables including carrots, broccoli, and/or dark-green leafy; tomato-based sauce",Meat & Poultry,Low-Calorie / Beverages,5,15.7,35.0,49.3,1.7,1.81
"Pork, potatoes, and vegetables excluding carrots, broccoli, and dark-green leafy; tomato-based sauce",Meat & Poultry,Low-Calorie / Beverages,5,15.8,38.0,46.2,1.6,1.74
"Sausage, potatoes, and vegetables including carrots, broccoli, and/or dark-green leafy; gravy",Meat & Poultry,Low-Calorie / Beverages,5,11.6,36.0,52.5,1.4,1.11
"Sausage, potatoes, and vegetables excluding carrots, broccoli, and dark-green leafy; gravy",Meat & Poultry,Low-Calorie / Beverages,5,11.6,39.2,49.2,1.3,1.06
"Pork, potatoes, and vegetables including carrots, broccoli, and/or dark-green leafy; gravy",Meat & Poultry,Low-Calorie / Beverages,5,15.8,35.5,48.7,1.4,0.95
"Pork, potatoes, and vegetables excluding carrots, broccoli, and dark-green leafy; gravy",Meat & Poultry,Low-Calorie / Beverages,5,15.8,38.8,45.4,1.3,0.9
"Pork, potatoes, and vegetables excluding carrots, broccoli, and dark-green leafy; no sauce",Meat & Poultry,Low-Calorie / Beverages,5,19.5,44.2,36.2,1.7,1.12
Pork chow mein or chop suey with noodles,Meat & Poultry,Low-Calorie / Beverages,5,29.0,31.1,39.9,1.5,1.55
"Pork, rice, and vegetables including carrots, broccoli, and/or dark-green leafy; soy-based sauce",Meat & Poultry,High-Carb / Sugary,0,27.9,22.4,49.7,1.1,1.36
"Pork, rice, and vegetables excluding carrots, broccoli, and dark-green leafy; soy-based sauce",Meat & Poultry,High-Carb / Sugary,0,28.0,21.5,50.5,0.8,1.42
"Pork, rice, and vegetables including carrots, broccoli, and/or dark-green leafy; tomato-based sauce",Meat & Poultry,Low-Calorie / Beverages,5,17.5,46.8,35.7,1.1,1.45
"Pork, rice, and vegetables excluding carrots, broccoli, and dark-green leafy; tomato-based sauce",Meat & Poultry,Low-Calorie / Beverages,5,17.0,48.5,34.4,1.0,1.4
"Ham, potatoes, and vegetables excluding carrots, broccoli, and dark-green leafy; no sauce",Meat & Poultry,Low-Calorie / Beverages,5,17.4,47.0,35.6,1.7,1.12
"Ham, potatoes, and vegetables including carrots, broccoli, and/or dark-green leafy; no sauce",Meat & Poultry,Low-Calorie / Beverages,5,17.0,41.7,41.3,1.8,1.18
Sweet and sour pork with rice,Meat & Poultry,Low-Calorie / Beverages,5,22.1,43.0,34.9,0.9,7.39
Shepherd's pie with lamb,Meat & Poultry,Low-Calorie / Beverages,5,22.5,41.4,36.1,1.1,1.79
"Lamb or mutton stew with potatoes and vegetables including carrots, broccoli, and/or dark-green leafy; gravy",Meat & Poultry,Low-Calorie / Beverages,5,34.4,45.6,20.0,1.7,1.07
"Lamb or mutton, rice, and vegetables excluding carrots, broccoli, and dark-green leafy; gravy",Meat & Poultry,Low-Calorie / Beverages,5,14.9,48.4,36.7,0.7,0.55
"Lamb or mutton, rice, and vegetables including carrots, broccoli, and/or dark-green leafy; tomato-based sauce",Meat & Poultry,Low-Calorie / Beverages,5,15.9,47.0,37.1,1.1,1.47
"Lamb or mutton, rice, and vegetables  including carrots, broccoli, and/or dark-green leafy; gravy",Meat & Poultry,Low-Calorie / Beverages,5,15.4,46.6,38.0,0.8,0.6
"Lamb or mutton stew with potatoes and vegetables excluding carrots, broccoli, and dark-green leafy; gravy",Meat & Poultry,Low-Calorie / Beverages,5,35.2,45.1,19.7,1.8,1.34
Stuffed grape leaves with lamb and rice,Meat & Poultry,High-Carb / Sugary,0,11.9,17.4,70.7,3.3,2.39
"Lamb or mutton stew with potatoes and vegetables including carrots, broccoli, and/or dark-green leafy; tomato-based sauce",Meat & Poultry,Low-Calorie / Beverages,5,34.1,48.3,17.6,1.9,1.69
"Lamb or mutton stew with potatoes and vegetables excluding carrots, broccoli, and dark-green leafy; tomato-based sauce",Meat & Poultry,Low-Calorie / Beverages,5,35.0,47.7,17.3,1.9,1.96
"Veal fricassee, Puerto Rican style",Meat & Poultry,High-Carb / Sugary,0,39.1,17.3,43.6,1.2,1.28
"Veal stew with potatoes and vegetables including carrots, broccoli, and/or dark-green leafy; tomato-based sauce",Meat & Poultry,Low-Calorie / Beverages,5,32.3,36.0,31.7,1.3,1.37
"Veal stew with potatoes and vegetables excluding carrots, broccoli, and/or dark-green leafy; tomato-based sauce",Meat & Poultry,Low-Calorie / Beverages,5,30.1,41.5,28.4,1.4,1.03
Rabbit stew with potatoes and vegetables,Meat & Poultry,High-Protein,2,45.0,28.7,26.3,0.7,0.99
"Stewed rabbit, Puerto Rican style,",Meat & Poultry,High-Carb / Sugary,0,32.6,13.0,54.4,1.0,0.92
"Venison or deer stew with potatoes and vegetables including carrots, broccoli, and/or dark-green leafy; tomato-based sauce",Meat & Poultry,High-Protein,2,42.4,47.3,10.4,1.6,1.98
"Venison or deer stew with potatoes and vegetables excluding carrots, broccoli, and dark-green leafy; tomato-based sauce",Meat & Poultry,High-Protein,2,43.1,46.4,10.5,1.6,1.9
"Venison or deer, potatoes, and vegetables including carrots, broccoli, and/or dark-green leafy; gravy",Meat & Poultry,Low-Calorie / Beverages,5,18.7,35.2,46.1,1.4,0.94
"Venison or deer, potatoes, and vegetables excluding carrots, broccoli, and dark-green leafy; gravy",Meat & Poultry,Low-Calorie / Beverages,5,18.8,38.4,42.8,1.3,0.9
"Venison or deer, noodles, and vegetables including carrots, broccoli, and/or dark-green leafy; tomato-based sauce",Meat & Poultry,Low-Calorie / Beverages,5,22.8,41.9,35.3,1.5,1.61
"Venison or deer, noodles, and vegetables excluding carrots, broccoli, and dark-green leafy; tomato-based sauce",Meat & Poultry,Low-Calorie / Beverages,5,22.2,43.7,34.1,1.4,1.55
"Chicken or turkey, potatoes, corn, and cheese, with gravy",Dairy & Eggs,Low-Calorie / Beverages,5,14.3,41.7,44.0,1.1,0.95
"Chicken or turkey, potatoes, and vegetables including carrots, broccoli, and/or dark-green leafy; no sauce",Meat & Poultry,Low-Calorie / Beverages,5,18.7,40.4,40.8,1.8,1.18
"Chicken or turkey, potatoes, and vegetables excluding carrots, broccoli, and dark-green leafy; no sauce",Meat & Poultry,Low-Calorie / Beverages,5,18.3,43.8,37.9,1.7,1.11
"Chicken or turkey, potatoes, and vegetables including carrots, broccoli, and/or dark-green leafy; gravy",Meat & Poultry,Low-Calorie / Beverages,5,15.1,35.8,49.1,1.4,0.94
"Chicken or turkey, potatoes, and vegetables excluding carrots, broccoli, and dark-green leafy; gravy",Meat & Poultry,Low-Calorie / Beverages,5,14.7,37.9,47.4,1.3,0.89
"Chicken or turkey, potatoes, and vegetables including carrots, broccoli, and/or dark-green leafy; cream sauce, white sauce, or mushroom sauce",Meat & Poultry,Low-Calorie / Beverages,5,15.0,34.8,50.2,1.4,1.29
"Chicken or turkey, potatoes, and vegetables excluding carrots, broccoli, and dark-green leafy; cream sauce, white sauce, or mushroom sauce",Meat & Poultry,Low-Calorie / Beverages,5,15.1,37.8,47.2,1.3,1.25
"Chicken or turkey, potatoes, and vegetables including carrots, broccoli, and/or dark-green leafy; cheese sauce",Dairy & Eggs,Low-Calorie / Beverages,5,23.1,35.9,40.9,1.4,0.96
"Chicken or turkey, potatoes, and vegetables excluding carrots, broccoli, and dark-green leafy; cheese sauce",Dairy & Eggs,Low-Calorie / Beverages,5,22.4,38.1,39.5,1.3,0.9
"Chicken or turkey, potatoes, and vegetables including carrots, broccoli, and/or dark-green leafy; tomato-based sauce",Meat & Poultry,Low-Calorie / Beverages,5,15.2,35.0,49.8,1.7,1.78
"Chicken or turkey, potatoes, and vegetables excluding carrots, broccoli, and dark-green leafy; tomato-based sauce",Meat & Poultry,Low-Calorie / Beverages,5,14.7,37.1,48.2,1.6,1.72
"Chicken or turkey stew with potatoes and vegetables including carrots, broccoli, and/or dark-green leafy; gravy",Meat & Poultry,Low-Calorie / Beverages,5,31.7,40.9,27.3,1.2,1.46
"Chicken or turkey stew with potatoes and vegetables excluding carrots, broccoli, and dark-green leafy; gravy",Meat & Poultry,Low-Calorie / Beverages,5,32.3,42.6,25.1,1.5,1.53
"Chicken or turkey stew with potatoes and vegetables including carrots, broccoli, and/or dark-green leafy; tomato-based sauce",Meat & Poultry,Low-Calorie / Beverages,5,30.4,43.5,26.1,1.9,2.35
"Chicken or turkey stew with potatoes and vegetables excluding carrots, broccoli, and dark-green leafy; tomato- based sauce",Meat & Poultry,Low-Calorie / Beverages,5,31.1,44.9,24.0,2.2,2.4
"Chicken or turkey, noodles, and vegetables including carrots, broccoli, and/or dark-green leafy; no sauce",Meat & Poultry,Low-Calorie / Beverages,5,21.6,45.1,33.4,1.5,0.9
"Chicken or turkey, noodles, and vegetables excluding carrots, broccoli, and dark-green leafy; no sauce",Meat & Poultry,Low-Calorie / Beverages,5,20.9,47.3,31.8,1.4,0.83
"Chicken or turkey, noodles, and vegetables including carrots, broccoli, and/or dark-green leafy; gravy",Meat & Poultry,Low-Calorie / Beverages,5,18.8,42.2,39.0,1.1,0.75
"Chicken or turkey, noodles, and vegetables excluding carrots, broccoli, and dark-green leafy; gravy",Meat & Poultry,Low-Calorie / Beverages,5,18.8,45.5,35.8,1.0,0.7
"Chicken or turkey, noodles, and vegetables including carrots, broccoli, and/or dark-green leafy; cream sauce, white sauce, or mushroom sauce",Meat & Poultry,Low-Calorie / Beverages,5,18.8,41.8,39.3,1.2,1.12
"Chicken or turkey, noodles, and vegetables excluding carrots, broccoli, and/or dark-green leafy; cream sauce, white sauce, or mushroom sauce",Meat & Poultry,Low-Calorie / Beverages,5,18.3,43.6,38.1,1.1,1.07
"Chicken or turkey, noodles, and vegetables including carrots, broccoli, and/or dark-green leafy; tomato-based sauce",Meat & Poultry,Low-Calorie / Beverages,5,18.7,41.3,40.0,1.5,1.6
"Chicken or turkey, noodles, and vegetables excluding carrots, broccoli, and dark-green leafy; tomato-based sauce",Meat & Poultry,Low-Calorie / Beverages,5,18.2,43.2,38.6,1.4,1.55
Chicken or turkey chow mein or chop suey with noodles,Meat & Poultry,Low-Calorie / Beverages,5,29.8,33.5,36.7,1.5,1.54
"Chicken or turkey, noodles, and vegetables including carrots, broccoli, and/or dark-green leafy; cheese sauce",Dairy & Eggs,Low-Calorie / Beverages,5,24.4,38.8,36.8,1.1,0.74
"Chicken or turkey, noodles, and vegetables excluding carrots, broccoli, and dark-green leafy; cheese sauce",Dairy & Eggs,Low-Calorie / Beverages,5,23.7,40.7,35.6,1.1,0.69
"Chicken or turkey, rice, and vegetables including carrots, broccoli, and/or dark-green leafy; no sauce",Meat & Poultry,Low-Calorie / Beverages,5,18.2,48.8,33.0,1.0,0.69
"Chicken or turkey, rice, and vegetables excluding carrots, broccoli, and dark-green leafy; no sauce",Meat & Poultry,Low-Calorie / Beverages,5,18.1,52.3,29.5,0.9,0.62
"Chicken or turkey, rice, and vegetables including carrots, broccoli, and/or dark-green leafy; gravy",Meat & Poultry,Low-Calorie / Beverages,5,15.9,45.3,38.8,0.8,0.59
"Chicken or turkey, rice, and vegetables excluding carrots, broccoli, and dark-green leafy; gravy",Meat & Poultry,Low-Calorie / Beverages,5,15.6,47.8,36.6,0.7,0.54
"Chicken or turkey, rice, corn, and cheese, with gravy",Dairy & Eggs,Low-Calorie / Beverages,5,14.9,37.9,47.2,0.7,0.96
"Chicken or turkey, rice, and vegetables including carrots, broccoli, and/or dark-green leafy; soy-based sauce",Meat & Poultry,High-Carb / Sugary,0,28.4,24.4,47.2,1.1,1.4
"Chicken or turkey, rice, and vegetables excluding carrots, broccoli, and dark-green leafy; soy-based sauce",Meat & Poultry,High-Carb / Sugary,0,28.5,23.4,48.0,0.8,1.47
"Chicken or turkey, rice, and vegetables including carrots, broccoli, and/or dark-green leafy; cream sauce, white sauce, or mushroom sauce",Meat & Poultry,Low-Calorie / Beverages,5,16.1,44.8,39.1,0.8,0.97
"Chicken or turkey, rice, and vegetables excluding carrots, broccoli, and dark-green leafy; cream sauce, white sauce, or mushroom sauce",Meat & Poultry,Low-Calorie / Beverages,5,16.2,47.7,36.2,0.8,0.92
"Chicken or turkey, rice, and vegetables including carrots, broccoli, and/or dark-green leafy; cheese sauce",Dairy & Eggs,Low-Calorie / Beverages,5,22.9,44.2,32.9,0.8,0.58
"Chicken or turkey, rice, and vegetables excluding carrots, broccoli, and dark-green leafy; cheese sauce",Dairy & Eggs,Low-Calorie / Beverages,5,22.2,45.9,31.9,0.7,0.53
"Chicken or turkey, rice, and vegetables including carrots, broccoli, and/or dark-green leafy; tomato-based sauce",Meat & Poultry,Low-Calorie / Beverages,5,16.4,45.7,37.9,1.1,1.44
"Chicken or turkey, rice, and vegetables excluding carrots, broccoli, and dark-green leafy; tomato-based sauce",Meat & Poultry,Low-Calorie / Beverages,5,15.9,47.4,36.7,1.0,1.39
Chicken or turkey pot pie,Meat & Poultry,Low-Calorie / Beverages,5,10.0,37.7,52.3,1.1,2.26
"Chicken or turkey, stuffing, and vegetables including carrots, broccoli, and/or dark-green leafy; no sauce",Meat & Poultry,Low-Calorie / Beverages,5,17.8,33.1,49.1,1.3,1.95
"Chicken or turkey,stuffing, and vegetables excluding carrots, broccoli, and dark green leafy; no sauce",Meat & Poultry,Low-Calorie / Beverages,5,17.2,35.6,47.2,1.2,1.88
"Chicken or turkey, stuffing, and vegetables including carrots, broccoli, and/or dark-green leafy; gravy",Meat & Poultry,Low-Calorie / Beverages,5,16.6,34.3,49.1,1.0,1.52
"Chicken or turkey, stuffing, and vegetables excluding carrots, broccoli, and dark-green leafy; gravy",Meat & Poultry,Low-Calorie / Beverages,5,16.1,36.5,47.4,0.8,1.4
"Chicken or turkey, dumplings, and vegetables including carrots, broccoli, and/or dark green leafy; gravy",Meat & Poultry,Low-Calorie / Beverages,5,17.4,36.2,46.4,0.9,1.12
"Chicken or turkey, dumplings, and vegetables excluding carrots, broccoli, and dark green leafy; gravy",Meat & Poultry,Low-Calorie / Beverages,5,17.4,39.5,43.1,0.8,1.07
"Chicken fricassee, Puerto Rican style",Meat & Poultry,High-Carb / Sugary,0,28.1,16.5,55.5,1.2,1.26
Paella with seafood,Other,Low-Calorie / Beverages,5,22.8,46.7,30.5,0.8,0.92
"Seafood stew with potatoes and vegetables excluding carrots, broccoli, and dark-green leafy; tomato-based sauce",Vegetables,High-Protein,2,47.9,31.6,20.5,0.8,1.57
Shrimp chow mein or chop suey with noodles,Seafood,Low-Calorie / Beverages,5,30.7,38.6,30.8,1.5,1.51
"Shrimp creole, with rice",Seafood,Low-Calorie / Beverages,5,33.5,39.4,27.1,0.8,0.96
Tuna pot pie,Seafood,Low-Calorie / Beverages,5,16.3,30.0,53.8,1.3,1.64
"Tuna noodle casserole with vegetables, cream or white sauce",Seafood,Low-Calorie / Beverages,5,24.5,38.1,37.4,0.8,2.35
"Fish, noodles, and vegetables including carrots, broccoli, and/or dark green leafy; cheese sauce",Dairy & Eggs,Low-Calorie / Beverages,5,24.4,41.3,34.3,1.1,0.74
"Fish, noodles, and vegetables excluding carrots, broccoli, and dark-green leafy; cheese sauce",Dairy & Eggs,Low-Calorie / Beverages,5,23.7,43.2,33.1,1.1,0.69
Bouillabaisse,Other,High-Protein,2,55.9,9.0,35.1,0.3,0.61
Oyster pie,Seafood,Low-Calorie / Beverages,5,8.8,32.6,58.7,0.8,2.26
"Seafood stew with potatoes and vegetables including carrots, broccoli, and/or dark-green leafy; tomato-based sauce",Vegetables,High-Protein,2,49.5,33.6,16.9,0.9,1.67
Tuna noodle casserole with vegetables and mushroom sauce,Seafood,Low-Calorie / Beverages,5,25.8,42.0,32.2,1.0,1.47
"Codfish with starchy vegetables, Puerto Rican style",Other,Low-Calorie / Beverages,5,10.3,54.0,35.7,2.7,2.94
"Stewed codfish, Puerto Rican style",Other,High-Protein,2,38.3,29.9,31.9,1.3,1.69
"Biscayne codfish, Puerto Rican style",Other,High-Carb / Sugary,0,19.2,23.2,57.6,1.9,1.85
"Stew, NFS",Fast Food & Prepared,Low-Calorie / Beverages,5,23.3,36.7,39.9,1.2,1.58
"Goulash, NFS",Fast Food & Prepared,High-Carb / Sugary,0,37.7,21.4,40.9,0.9,1.6
"Meat pie, NFS",Sweets & Desserts,Low-Calorie / Beverages,5,10.0,37.7,52.3,1.1,2.26
"Chow mein or chop suey, NS as to type of meat, with noodles",Fast Food & Prepared,Low-Calorie / Beverages,5,29.8,33.5,36.7,1.5,1.54
"Paella, NFS",Fast Food & Prepared,Low-Calorie / Beverages,5,23.0,38.1,38.9,0.6,0.67
Brunswick stew,Fast Food & Prepared,High-Protein,2,37.7,24.5,37.9,1.2,1.01
"Chow mein or chop suey, various types of meat, with noodles",Other,Low-Calorie / Beverages,5,30.4,32.8,36.8,1.5,1.54
"Stewed variety meats, mostly liver, Puerto Rican style",Meat & Poultry,High-Protein,2,58.2,21.2,20.7,1.0,1.94
"Stewed tripe, with potatoes, Puerto Rican style",Meat & Poultry,Low-Calorie / Beverages,5,31.5,34.8,33.7,1.7,2.03
Gumbo with rice,Grains & Bakery,Low-Calorie / Beverages,5,36.4,29.2,34.4,0.9,1.7
Jambalaya with meat and rice,Grains & Bakery,High-Carb / Sugary,0,34.1,21.4,44.5,0.7,0.94
"Beef and vegetables including carrots, broccoli, and/or dark-green leafy; no potatoes, no sauce",Meat & Poultry,High-Carb / Sugary,0,38.6,10.2,51.2,1.4,1.27
"Beef and vegetables excluding carrots, broccoli, and dark-green leafy; no potatoes, no sauce",Meat & Poultry,High-Carb / Sugary,0,32.2,16.6,51.2,1.1,0.99
"Beef shish kabob with vegetables, excluding potatoes",Meat & Poultry,High-Protein,2,47.8,16.3,35.9,0.9,2.33
"Beef with vegetables including carrots, broccoli, and/or dark-green leafy; no potatoes, tomato-based sauce",Meat & Poultry,High-Carb / Sugary,0,29.0,15.7,55.3,1.7,2.51
Swiss steak,Meat & Poultry,High-Carb / Sugary,0,33.2,10.9,55.9,0.9,1.16
"Beef rolls, stuffed with vegetables or meat mixture, tomato-based sauce",Meat & Poultry,High-Protein,2,43.4,13.6,43.0,0.7,1.23
"Beef with vegetables excluding carrots, broccoli, and dark-green leafy; no potatoes, tomato-based sauce",Meat & Poultry,High-Carb / Sugary,0,25.8,20.0,54.2,1.4,2.23
"Beef with vegetables including carrots, broccoli, and/or dark-green leafy; no potatoes, mushroom sauce",Meat & Poultry,High-Carb / Sugary,0,26.8,18.0,55.2,1.1,1.59
"Beef with vegetables excluding carrots, broccoli, and dark-green leafy; no potatoes, mushroom sauce",Meat & Poultry,High-Carb / Sugary,0,25.4,22.6,52.0,1.0,1.51
"Beef and vegetables including carrots, broccoli, and/or dark-green leafy; no potatoes, soy-based sauce",Meat & Poultry,High-Carb / Sugary,0,32.3,13.2,54.5,1.3,1.55
Beef and broccoli,Meat & Poultry,High-Carb / Sugary,0,26.5,13.3,60.2,1.4,1.39
"Beef, tofu, and vegetables including carrots, broccoli, and/or dark-green leafy; no potatoes, soy-based sauce",Plant-based Alternatives,High-Carb / Sugary,0,24.9,16.5,58.6,1.3,1.65
Szechuan beef,Meat & Poultry,Low-Calorie / Beverages,5,26.9,27.7,45.4,1.5,2.41
Hunan beef,Meat & Poultry,Low-Calorie / Beverages,5,26.9,27.7,45.4,1.5,2.41
"Beef chow mein or chop suey, no noodles",Meat & Poultry,High-Protein,2,52.5,18.8,28.7,0.8,1.76
Kung Pao beef,Meat & Poultry,High-Carb / Sugary,0,32.8,8.6,58.6,1.1,1.46
"Beef and vegetables excluding carrots, broccoli, and dark-green leafy; no potatoes, soy-based sauce",Meat & Poultry,High-Carb / Sugary,0,32.5,11.9,55.6,0.9,1.64
"Beef, tofu, and vegetables excluding carrots, broccoli,  and dark-green leafy; no potatoes, soy-based sauce",Plant-based Alternatives,High-Carb / Sugary,0,24.9,15.1,60.0,0.9,1.74
"Beef and vegetables, Hawaiian style",Meat & Poultry,Balanced Moderate,1,19.9,64.8,15.3,1.8,5.6
Pepper steak,Meat & Poultry,High-Carb / Sugary,0,32.2,12.0,55.7,0.7,1.67
"Beef, ground, with egg and onion",Dairy & Eggs,High-Carb / Sugary,0,39.3,1.9,58.8,0.1,0.54
Beef salad,Meat & Poultry,High-Carb / Sugary,0,27.9,4.4,67.7,0.4,2.1
"Beef taco filling: beef, cheese, tomato, taco sauce",Dairy & Eggs,High-Carb / Sugary,0,29.0,14.1,56.9,0.9,4.06
Stir fried beef and vegetables in soy sauce,Meat & Poultry,High-Protein,2,46.4,18.2,35.4,0.9,2.6
"Beef and vegetables including carrots, broccoli, and/or dark-green leafy; no potatoes, gravy",Meat & Poultry,High-Carb / Sugary,0,27.7,15.5,56.8,1.0,1.0
"Beef and vegetables excluding carrots, broccoli, and dark-green leafy; no potatoes, gravy",Meat & Poultry,High-Carb / Sugary,0,26.1,20.8,53.1,0.9,0.91
Seasoned shredded soup meat,Soups & Broths,High-Carb / Sugary,0,36.0,7.2,56.8,0.9,1.74
"Beef stew with vegetables excluding potatoes, Puerto Rican style",Meat & Poultry,High-Carb / Sugary,0,28.1,12.6,59.3,2.2,2.78
"Corned beef with tomato sauce and onion, Puerto Rican style",Meat & Poultry,High-Carb / Sugary,0,39.1,4.2,56.7,0.4,1.08
"Beef steak with onions, Puerto Rican style",Meat & Poultry,High-Carb / Sugary,0,26.4,5.0,68.6,0.7,1.55
Cabbage with ham hocks,Meat & Poultry,High-Protein,2,44.1,24.9,31.0,1.7,2.69
Ham or pork salad,Meat & Poultry,High-Carb / Sugary,0,23.4,4.8,71.7,0.4,2.06
Frankfurters or hot dogs and sauerkraut,Other,High-Carb / Sugary,0,15.1,6.7,78.2,1.1,1.5
"Pork and vegetables including carrots, broccoli, and/or dark-green leafy; no potatoes, no sauce",Meat & Poultry,High-Carb / Sugary,0,36.5,10.2,53.3,1.5,1.33
Greens with ham or pork,Meat & Poultry,Low-Calorie / Beverages,5,38.5,36.7,24.9,3.6,0.84
"Pork, tofu, and vegetables including carrots, broccoli, and/or dark-green leafy; no potatoes, soy-base sauce",Plant-based Alternatives,High-Carb / Sugary,0,23.9,16.6,59.5,1.3,1.65
"Pork and vegetables, Hawaiian style",Meat & Poultry,Low-Calorie / Beverages,5,32.2,32.1,35.7,1.7,2.34
Pork and watercress with soy-based sauce,Meat & Poultry,High-Carb / Sugary,0,31.7,7.4,60.9,0.5,1.05
Kung Pao pork,Meat & Poultry,High-Carb / Sugary,0,31.1,8.6,60.3,1.1,1.46
"Moo Shu pork, without Chinese pancake",Meat & Poultry,High-Carb / Sugary,0,27.2,10.5,62.3,0.9,1.79
Pork and onions with soy-based sauce,Meat & Poultry,High-Carb / Sugary,0,29.8,14.8,55.4,0.8,2.17
Pork hash,Meat & Poultry,High-Carb / Sugary,0,28.4,4.1,67.4,0.5,0.56
"Ham and vegetables including carrots broccoli, and/or dark- green leafy; no potatoes, no sauce",Meat & Poultry,High-Carb / Sugary,0,26.0,9.0,65.0,1.2,1.1
"Ham and vegetables excluding carrots, broccoli, and dark-green leafy; no potatoes, no sauce",Meat & Poultry,High-Carb / Sugary,0,25.0,16.9,58.1,1.1,0.98
"Pork and vegetables excluding carrots, broccoli, and dark-green leafy; no potatoes, no sauce",Meat & Poultry,High-Carb / Sugary,0,32.1,17.6,50.4,1.2,1.06
"Pork, tofu, and vegetables, excluding carrots, broccoli, and dark-green leafy; no potatoes, soy-based sauce",Plant-based Alternatives,High-Carb / Sugary,0,23.9,15.1,60.9,0.9,1.74
"Pork chow mein or chop suey, no noodles",Meat & Poultry,High-Protein,2,43.3,16.1,40.5,0.8,1.76
"Pork and vegetables including carrots, broccoli, and/or dark-green leafy; no potatoes, tomato-based sauce",Meat & Poultry,High-Carb / Sugary,0,27.4,15.8,56.7,1.7,2.51
"Pork and vegetables excluding  carrots, broccoli, and dark-green leafy; no potatoes, tomato-based sauce",Meat & Poultry,High-Carb / Sugary,0,25.8,21.2,53.0,1.5,2.42
"Sausage and vegetables including  carrots, broccoli, and/or dark-green leafy; no potatoes, tomato-based sauce",Meat & Poultry,High-Carb / Sugary,0,19.0,16.9,64.1,1.7,2.83
"Sausage and vegetables, excluding carrots, broccoli, and dark-green leafy; no potatoes, tomato-based sauce",Meat & Poultry,High-Carb / Sugary,0,17.9,22.2,59.9,1.6,2.74
"Sausage and peppers, no sauce",Meat & Poultry,High-Carb / Sugary,0,22.6,5.3,72.2,0.3,1.88
"Pork and vegetables including carrots, broccoli, and/or dark-green leafy; no potatoes, soy-based sauce",Meat & Poultry,High-Carb / Sugary,0,30.6,13.2,56.2,1.3,1.55
"Pork and vegetables excluding carrots, broccoli, and dark- green leafy; no potatoes, soy-based sauce",Meat & Poultry,High-Carb / Sugary,0,30.7,11.9,57.3,0.9,1.64
"Pork shish kabob with vegetables, excluding potatoes",Meat & Poultry,High-Protein,2,45.3,16.4,38.3,0.9,2.33
"Stuffed christophine, Puerto Rican style",Other,High-Carb / Sugary,0,23.7,8.3,68.0,1.5,1.72
"Pork chop stewed with vegetables, Puerto Rican style",Meat & Poultry,High-Protein,2,46.7,22.5,30.8,1.3,2.52
"Lamb or mutton stew with vegetables including carrots, broccoli, and/or dark-green leafy; no potatoes, gravy",Meat & Poultry,High-Protein,2,47.6,22.4,30.0,1.8,1.28
"Lamb or mutton stew with vegetables excluding carrots, broccoli, and dark-green leafy; no potatoes, gravy",Meat & Poultry,High-Protein,2,48.3,22.9,28.9,1.8,1.77
"Veal goulash with vegetables excluding carrots, broccoli, and dark-green leafy; no potatoes, tomato-based sauce",Meat & Poultry,High-Protein,2,53.6,11.9,34.6,0.4,1.07
"Veal goulash with vegetables including carrots, broccoli, and/or dark-green leafy; no potatoes, tomato-based sauce",Meat & Poultry,High-Protein,2,54.1,10.8,35.1,0.4,1.0
"Veal with vegetables including carrots, broccoli, and/or dark-green leafy; no potatoes, cream or white sauce",Meat & Poultry,High-Carb / Sugary,0,30.7,19.6,49.7,0.8,2.76
"Veal with vegetables excluding carrots, broccoli, and dark-green leafy; and potatoes, cream or white sauce",Meat & Poultry,High-Carb / Sugary,0,33.9,21.2,44.8,0.9,2.22
"Lamb shish kabob with vegetables, excluding potatoes",Meat & Poultry,High-Protein,2,40.5,16.7,42.8,0.9,2.33
"Chicken or turkey and vegetables including carrots, broccoli, and/or dark-green leafy; no potatoes, no sauce",Meat & Poultry,High-Carb / Sugary,0,32.2,9.6,58.3,1.4,1.22
"Chicken or turkey and vegetables excluding carrots, broccoli, and dark-green leafy; no potatoes, no sauce",Meat & Poultry,High-Carb / Sugary,0,27.5,16.0,56.5,1.1,0.98
"Chicken or turkey shish kabob with vegetables, excluding potatoes",Meat & Poultry,High-Protein,2,49.2,19.0,31.7,0.9,2.33
"Chicken or turkey creole, without rice",Meat & Poultry,High-Protein,2,52.6,11.3,36.1,1.1,1.83
"Chicken or turkey and vegetables including carrots, broccoli, and/or dark-green leafy; no potatoes, gravy",Meat & Poultry,High-Carb / Sugary,0,25.1,15.8,59.1,1.0,1.0
"Chicken or turkey and vegetables excluding carrots, broccoli, and dark-green leafy; no potatoes, gravy",Meat & Poultry,High-Carb / Sugary,0,23.6,21.2,55.2,0.9,0.9
"Chicken or turkey a la king with vegetables including carrots, broccoli, and/or dark-green leafy; no potatoes, cream, white, or soup-based sauce",Meat & Poultry,High-Carb / Sugary,0,20.0,14.5,65.5,0.6,2.57
"Chicken or turkey a la king with vegetables excluding carrorts, broccoli, and dark-green leafy; no potatoes, cream, white, or soup-based sauce",Meat & Poultry,High-Carb / Sugary,0,20.9,13.9,65.2,0.5,2.46
Chicken or turkey divan,Meat & Poultry,High-Protein,2,43.4,11.2,45.5,1.3,0.96
"Chicken or turkey and vegetables including carrots, broccoli, and/or dark-green leafy; no potatoes, soy-based sauce",Meat & Poultry,High-Carb / Sugary,0,34.3,22.6,43.1,0.9,2.93
"Chicken or turkey and vegetables excluding carrots, broccoli, and dark-green leafy; no potatoes, soy-based sauce",Meat & Poultry,High-Carb / Sugary,0,31.6,13.2,55.2,0.9,1.69
"Chicken or turkey and vegetables including carrots, broccoli, and/or dark-green leafy; no potatoes, tomato-based sauce",Meat & Poultry,High-Carb / Sugary,0,24.8,15.1,60.1,1.6,2.47
"Chicken or turkey and vegetables excluding carrots, broccoli, and dark-green leafy; no potatoes, tomato-based sauce",Meat & Poultry,High-Carb / Sugary,0,23.3,20.4,56.3,1.5,2.38
General Tso chicken,Meat & Poultry,Low-Calorie / Beverages,5,17.5,32.6,49.9,0.9,11.6
Moo Goo Gai Pan,Other,High-Protein,2,41.3,27.1,31.6,1.2,2.01
Kung pao chicken,Meat & Poultry,High-Carb / Sugary,0,30.2,21.2,48.6,1.5,3.03
Almond chicken,Meat & Poultry,High-Carb / Sugary,0,31.7,9.3,59.0,1.2,1.44
"Chicken or turkey chow mein or chop suey, no noodles",Meat & Poultry,High-Protein,2,46.8,18.4,34.8,0.8,1.76
"Chicken or turkey salad, made with mayonnaise",Meat & Poultry,High-Carb / Sugary,0,23.7,4.7,71.6,0.4,2.1
Chicken or turkey salad with nuts and/or fruits,Meat & Poultry,High-Carb / Sugary,0,21.3,10.1,68.5,1.1,4.08
Chicken or turkey salad with egg,Dairy & Eggs,High-Carb / Sugary,0,24.2,4.7,71.1,0.4,2.01
"Chicken or turkey salad, made with light mayonnaise",Meat & Poultry,High-Carb / Sugary,0,37.1,12.8,50.1,0.4,2.73
"Chicken or turkey salad, made with mayonnaise-type salad dressing",Meat & Poultry,High-Carb / Sugary,0,36.6,15.7,47.7,0.4,4.13
"Chicken or turkey salad, made with light mayonnaise-type salad dressing",Meat & Poultry,High-Carb / Sugary,0,37.1,12.8,50.1,0.4,2.73
"Chicken or turkey salad, made with creamy dressing",Meat & Poultry,High-Carb / Sugary,0,29.3,8.3,62.4,0.4,2.98
"Chicken or turkey salad, made with light creamy dressing",Dairy & Eggs,High-Protein,2,42.7,13.0,44.3,0.4,3.2
"Chicken or turkey salad, made with Italian dressing",Meat & Poultry,High-Carb / Sugary,0,37.3,14.5,48.2,0.4,4.3
"Chicken or turkey salad, made with light Italian dressing",Meat & Poultry,High-Protein,2,46.8,16.7,36.5,0.4,3.97
"Chicken or turkey salad, made with any type of fat free dressing",Meat & Poultry,High-Protein,2,47.5,22.1,30.5,0.9,4.31
"Chicken or turkey garden salad, chicken and/or turkey, tomato and/or carrots, other vegetables, no dressing",Meat & Poultry,High-Protein,2,63.7,17.7,18.6,1.0,1.25
"Chicken or turkey garden salad, chicken and/or turkey, other vegetables excluding tomato and carrots, no dressing",Meat & Poultry,High-Protein,2,66.3,14.5,19.1,0.9,0.97
"Chicken or turkey garden salad with bacon and cheese, chicken and/or turkey, bacon, cheese, lettuce and/or greens, tomato and/or carrots, other vegetables, no dressing",Dairy & Eggs,High-Carb / Sugary,0,41.8,10.5,47.7,0.9,1.07
"Chicken or turkey, breaded, fried, garden salad with bacon and cheese, chicken and/or turkey, bacon, cheese, lettuce and/or greens, tomato and/or carrots, other vegetables, no dressing",Dairy & Eggs,High-Carb / Sugary,0,22.7,20.2,57.1,1.2,1.18
"Chicken or turkey garden salad with cheese, chicken and/or turkey, cheese, lettuce and/or greens, tomato and/or carrots, other vegetables, no dressing",Dairy & Eggs,High-Protein,2,44.5,12.0,43.5,0.9,1.1
"Chicken or turkey, breaded, fried, garden salad with cheese, chicken and/or turkey, cheese, lettuce and/or greens, tomato and/or carrots, other vegetables, no dressing",Dairy & Eggs,High-Carb / Sugary,0,21.7,20.3,58.1,1.3,1.38
"Asian chicken or turkey garden salad, chicken and/or turkey, lettuce, fruit, nuts, no dressing",Meat & Poultry,Low-Calorie / Beverages,5,34.8,28.5,36.7,2.0,2.97
"Asian chicken or turkey garden salad with crispy noodles, chicken and/or turkey, lettuce, fruit, nuts, crispy noodles, no dressing",Meat & Poultry,Low-Calorie / Beverages,5,34.4,26.3,39.4,1.9,2.97
"Chicken or turkey caesar garden salad, chicken and/or turkey, lettuce, tomato, cheese, no dressing",Dairy & Eggs,High-Protein,2,55.0,17.2,27.8,1.0,0.96
"Chicken or turkey, breaded, fried, caesar garden salad, chicken and/or turkey, lettuce, tomatoes, cheese, no dressing",Dairy & Eggs,High-Carb / Sugary,0,22.5,23.7,53.8,1.2,0.92
"Chicken or turkey and vegetables including carrots, broccoli, and/or dark-green leafy; no potatoes, cheese sauce",Dairy & Eggs,High-Carb / Sugary,0,32.8,12.9,54.3,0.9,0.8
"Chicken or turkey and vegetables excluding carrots, broccoli, and dark-green leafy; no potatoes, cheese sauce",Dairy & Eggs,High-Carb / Sugary,0,31.1,17.5,51.4,0.7,0.72
"Chicken or turkey fricassee, with sauce, no potatoes, potatoes reported separately, Puerto Rican style",Meat & Poultry,High-Carb / Sugary,0,30.4,5.5,64.1,0.7,1.19
"Chicken or turkey fricassee, no sauce, no potatoes, Puerto Rican style",Meat & Poultry,High-Protein,2,50.4,0.0,49.6,0.0,0.0
Crab salad,Seafood,High-Carb / Sugary,0,20.4,2.6,77.1,0.4,0.57
Lobster salad,Seafood,High-Carb / Sugary,0,22.4,2.5,75.1,0.4,0.55
Salmon salad,Seafood,High-Carb / Sugary,0,20.7,5.1,74.3,0.4,1.98
"Shrimp chow mein or chop suey, no noodles",Seafood,High-Protein,2,52.2,25.3,22.5,0.8,1.72
"Tuna salad, made with mayonnaise",Seafood,High-Carb / Sugary,0,20.8,5.8,73.4,0.4,2.07
"Tuna salad, made with light mayonnaise",Seafood,High-Carb / Sugary,0,36.9,17.5,45.6,0.4,2.7
"Tuna salad, made with mayonnaise-type salad dressing",Seafood,High-Carb / Sugary,0,36.2,21.3,42.6,0.4,4.09
"Tuna salad, made with light mayonnaise-type salad dressing",Seafood,High-Carb / Sugary,0,36.9,17.5,45.6,0.4,2.7
"Tuna salad, made with creamy dressing",Seafood,High-Carb / Sugary,0,27.0,10.6,62.4,0.4,2.95
"Tuna salad, made with light creamy dressing",Dairy & Eggs,High-Protein,2,49.8,37.0,13.2,0.4,3.14
"Tuna salad, made with Italian dressing",Seafood,High-Carb / Sugary,0,37.1,19.8,43.1,0.4,4.25
"Tuna salad, made with light Italian dressing",Seafood,High-Protein,2,51.3,25.3,23.5,0.4,3.93
"Tuna salad, made with any type of fat free dressing",Seafood,High-Protein,2,52.4,33.6,14.1,0.8,4.26
Shrimp salad,Seafood,High-Carb / Sugary,0,21.3,2.5,76.2,0.4,0.58
Seafood salad,Salads & Mixed,High-Carb / Sugary,0,21.4,2.5,76.1,0.4,0.56
Tuna salad with cheese,Dairy & Eggs,High-Carb / Sugary,0,21.2,5.2,73.7,0.4,1.91
Tuna salad with egg,Dairy & Eggs,High-Carb / Sugary,0,21.7,5.6,72.7,0.4,1.99
"Shrimp garden salad, shrimp, lettuce, eggs, tomato and/or carrots, other vegetables, no dressing",Dairy & Eggs,High-Protein,2,53.2,17.1,29.8,0.9,1.25
"Shrimp garden salad, shrimp, lettuce, eggs, vegetables excluding tomato and carrots, no dressing",Dairy & Eggs,High-Protein,2,55.1,14.2,30.7,0.8,1.01
Crab salad made with imitation crab,Seafood,High-Carb / Sugary,0,8.4,17.4,74.3,0.6,3.65
"Fish, tofu, and vegetables, tempura",Plant-based Alternatives,High-Carb / Sugary,0,9.1,10.2,80.7,1.1,1.65
"Seafood garden salad with seafood, lettuce, vegetables excluding tomato and carrots, no dressing",Vegetables,High-Protein,2,68.4,21.6,10.0,0.9,0.98
"Seafood garden salad with seafood, lettuce, tomato and/or carrots, other vegetables, no dressing",Vegetables,High-Protein,2,64.4,25.9,9.7,1.0,1.26
"Seafood garden salad with seafood, lettuce, eggs, vegetables excluding tomato and carrots, no dressing",Dairy & Eggs,High-Protein,2,55.1,14.6,30.3,0.7,1.0
"Seafood garden salad with seafood, lettuce, eggs, tomato and/or carrots, other vegetables, no dressing",Dairy & Eggs,High-Protein,2,53.1,17.5,29.4,0.8,1.24
Oysters Rockefeller,Other,Low-Calorie / Beverages,5,23.3,28.2,48.5,1.9,1.2
Lomi salmon,Seafood,High-Protein,2,50.2,22.0,27.8,1.0,1.82
"Shrimp and vegetables including carrots, broccoli, and/or dark-green leafy; no potatoes, no sauce",Seafood,High-Carb / Sugary,0,31.7,12.9,55.4,1.6,1.37
"Shrimp and vegetables excluding carrots, broccoli, and dark-green leafy; no potatoes, no sauce",Seafood,High-Carb / Sugary,0,29.4,21.5,49.1,1.3,1.2
"Shrimp and vegetables including carrots, broccoli, and/or dark-green leafy; no potatoes, soy-based sauce",Seafood,High-Carb / Sugary,0,31.8,18.3,49.8,1.3,1.55
"Shrimp and vegetables excluding carrots, broccoli, and dark-green leafy; no potatoes, soy-based sauce",Seafood,High-Carb / Sugary,0,32.1,16.8,51.1,0.9,1.64
"Shrimp shish kabob with vegetables, excluding potatoes",Seafood,High-Protein,2,54.5,27.9,17.6,0.9,2.33
"Shrimp creole, no rice",Seafood,High-Protein,2,47.1,14.8,38.1,1.0,1.32
Kung Pao shrimp,Seafood,High-Carb / Sugary,0,32.3,12.5,55.2,1.1,1.46
"Tuna casserole with vegetables and mushroom sauce, no noodles",Seafood,Low-Calorie / Beverages,5,30.9,29.3,39.8,0.9,1.78
"Shellfish mixture and vegetables including carrots, broccoli, and/or dark-green leafy; no potatoes, soy-based sauce",Vegetables,High-Carb / Sugary,0,31.7,20.2,48.1,1.3,1.55
"Shellfish mixture and vegetables excluding carrots, broccoli, and dark-green leafy; no potatoes, soy-based sauce",Vegetables,High-Carb / Sugary,0,31.9,18.8,49.3,0.9,1.64
"Shellfish mixture and vegetables including carrots, broccoli, and/or dark-green leafy; no potatoes, mushroom sauce",Vegetables,High-Carb / Sugary,0,22.6,21.4,56.0,1.1,1.57
"Shellfish mixture and vegetables excluding carrots, broccoli, and dark-green leafy; no potatoes, mushroom sauce",Vegetables,High-Carb / Sugary,0,21.4,25.9,52.7,1.0,1.49
"Fish and vegetables including carrots, broccoli, and/or dark-green leafy; no potatoes, tomato-based sauce",Seafood,High-Carb / Sugary,0,23.3,16.3,60.5,1.6,2.46
"Fish and vegetables excluding carrots, broccoli, and dark- green leafy; no potatoes, tomato-based sauce",Seafood,High-Carb / Sugary,0,21.9,21.8,56.4,1.5,2.36
"Fish and vegetables including carrots, broccoli, and/or dark-green leafy; no potatoes, soy-based sauce",Seafood,High-Carb / Sugary,0,30.0,18.3,51.7,1.3,1.55
"Fish and vegetables excluding  carrots, broccoli, and dark-green leafy; no potatoes, soy-based sauce",Seafood,High-Carb / Sugary,0,30.2,16.7,53.1,0.9,1.64
"Fish shish kabob with vegetables, excluding potatoes",Seafood,High-Protein,2,55.8,29.9,14.3,0.9,2.33
"Fried fish with sauce, Puerto Rican style",Seafood,High-Carb / Sugary,0,30.8,8.9,60.3,0.8,1.7
"Lobster with sauce, Puerto Rican style",Seafood,High-Carb / Sugary,0,28.0,10.3,61.7,1.0,2.24
"Octopus salad, Puerto Rican style",Seafood,High-Carb / Sugary,0,23.0,13.2,63.8,1.0,2.13
"Codfish salad, Puerto Rican style, Serenata",Salads & Mixed,High-Carb / Sugary,0,14.6,6.2,79.2,0.7,1.51
"Chow mein or chop suey, NS as to type of meat, no noodles",Fast Food & Prepared,High-Protein,2,46.8,18.4,34.8,0.8,1.76
Lau lau,Other,High-Carb / Sugary,0,44.9,0.0,55.1,0.0,0.0
"Julienne salad, meat, cheese, eggs, vegetables, no dressing",Dairy & Eggs,High-Carb / Sugary,0,39.6,9.3,51.1,0.7,1.13
"Antipasto with ham, fish, cheese, vegetables",Dairy & Eggs,High-Carb / Sugary,0,29.4,9.8,60.8,1.1,1.51
"Livers, chicken, chopped, with eggs and onion",Dairy & Eggs,High-Carb / Sugary,0,23.2,5.2,71.6,0.4,1.23
"Liver, beef or calves, and onions",Meat & Poultry,High-Protein,2,52.5,22.0,25.5,0.5,1.78
"Stewed chitterlings, Puerto Rican style",Meat & Poultry,High-Carb / Sugary,0,15.6,7.1,77.3,1.0,2.04
"Stewed gizzards, Puerto Rican style",Other,High-Protein,2,45.8,10.0,44.2,1.1,1.94
"Gumbo, no rice",Grains & Bakery,High-Protein,2,41.0,19.3,39.7,0.9,1.83
"Sandwich, NFS",Fast Food & Prepared,Low-Calorie / Beverages,5,12.7,45.2,42.2,1.4,4.02
"Meat sandwich, NFS",Fast Food & Prepared,Low-Calorie / Beverages,5,12.7,45.2,42.2,1.4,4.02
"Wrap sandwich, NFS",Fast Food & Prepared,Low-Calorie / Beverages,5,26.9,28.2,44.9,1.2,2.13
"Beef sandwich, NFS",Meat & Poultry,Low-Calorie / Beverages,5,25.3,39.7,35.0,0.6,2.86
"Beef barbecue submarine sandwich, on bun",Meat & Poultry,Low-Calorie / Beverages,5,30.5,47.5,22.0,0.8,8.72
"Cheeseburger slider, from fast food",Fast Food & Prepared,Low-Calorie / Beverages,5,22.1,33.9,44.0,0.9,3.91
"Cheeseburger, NFS",Fast Food & Prepared,High-Carb / Sugary,0,24.5,25.5,50.0,0.6,2.92
"Cheeseburger, from fast food, 1 small patty",Fast Food & Prepared,Low-Calorie / Beverages,5,22.3,32.3,45.4,0.8,3.78
Cheeseburger (Burger King),Fast Food & Prepared,Low-Calorie / Beverages,5,21.6,37.1,41.3,1.0,4.85
Whopper Jr with cheese (Burger King),Dairy & Eggs,Low-Calorie / Beverages,5,20.7,32.4,46.9,0.9,4.03
Cheeseburger (McDonalds),Fast Food & Prepared,Low-Calorie / Beverages,5,19.8,37.5,42.7,1.9,5.24
"Cheeseburger, from school cafeteria",Fast Food & Prepared,Low-Calorie / Beverages,5,30.4,38.4,31.3,2.4,3.41
Cheeseburger slider,Fast Food & Prepared,High-Carb / Sugary,0,24.8,24.4,50.8,0.6,2.8
"Cheeseburger, on white bun, 1 small patty",Grains & Bakery,High-Carb / Sugary,0,24.1,26.6,49.4,0.7,3.1
"Cheeseburger, on wheat bun, 1 small patty",Grains & Bakery,High-Carb / Sugary,0,25.3,24.8,49.9,1.8,2.86
"Cheeseburger, from fast food, 1 medium patty",Fast Food & Prepared,High-Carb / Sugary,0,24.5,25.5,50.0,0.6,2.92
Quarter Pounder (McDonalds),Other,Low-Calorie / Beverages,5,24.5,34.6,40.8,1.1,3.67
Whopper with cheese (Burger King),Dairy & Eggs,High-Carb / Sugary,0,20.4,26.5,53.1,1.1,4.5
Quarter Pounder with cheese (McDonalds),Dairy & Eggs,Low-Calorie / Beverages,5,22.6,29.3,48.1,1.2,3.6
"Cheeseburger submarine sandwich with lettuce, tomato and spread",Vegetables,Low-Calorie / Beverages,5,26.8,46.9,26.2,1.2,3.41
"Cheeseburger, on white bun, 1 medium patty",Grains & Bakery,High-Carb / Sugary,0,24.5,25.5,50.0,0.6,2.92
"Cheeseburger, on wheat bun, 1 medium patty",Grains & Bakery,High-Carb / Sugary,0,25.7,23.8,50.5,1.7,2.69
"Cheeseburger, on white bun, 1 large patty",Grains & Bakery,High-Carb / Sugary,0,25.5,20.6,54.0,0.5,2.47
"Cheeseburger, on wheat bun, 1 large patty",Grains & Bakery,High-Carb / Sugary,0,26.4,19.2,54.4,1.4,2.28
"Double cheeseburger, on white bun, 2 small patties",Grains & Bakery,High-Carb / Sugary,0,26.5,18.2,55.3,0.5,2.1
"Double cheeseburger, on wheat bun, 2 small patties",Grains & Bakery,High-Carb / Sugary,0,27.4,16.9,55.7,1.2,1.94
"Double cheeseburger, on white bun, 2 medium patties",Grains & Bakery,High-Carb / Sugary,0,26.6,15.8,57.6,0.4,1.96
"Double cheeseburger, on wheat bun, 2 medium patties",Grains & Bakery,High-Carb / Sugary,0,27.4,14.7,57.9,1.0,1.82
"Cheeseburger, from fast food, 1 large patty",Fast Food & Prepared,High-Carb / Sugary,0,25.5,20.6,54.0,0.5,2.47
"Double cheeseburger, on white bun, 2 large patties",Grains & Bakery,High-Carb / Sugary,0,27.6,13.0,59.4,0.3,1.61
"Double cheeseburger, on wheat bun, 2 large patties",Grains & Bakery,High-Carb / Sugary,0,28.2,12.1,59.7,0.9,1.49
"Double cheeseburger, from fast food, 2 small patties",Fast Food & Prepared,High-Carb / Sugary,0,24.8,24.0,51.2,0.6,2.79
Double cheeseburger (Burger King),Fast Food & Prepared,High-Carb / Sugary,0,24.1,25.6,50.3,0.7,3.87
Double cheeseburger (McDonalds),Fast Food & Prepared,High-Carb / Sugary,0,23.0,25.4,51.6,0.9,4.16
McDouble (McDonalds),Other,High-Carb / Sugary,0,23.0,25.4,51.6,0.9,4.16
Big Mac (McDonalds),Other,Low-Calorie / Beverages,5,18.3,33.0,48.7,1.4,3.26
"Double cheeseburger, from fast food, 2 medium patties",Fast Food & Prepared,High-Carb / Sugary,0,26.6,15.8,57.6,0.4,1.96
"Double cheeseburger, from fast food, 2 large patties",Fast Food & Prepared,High-Carb / Sugary,0,27.6,13.0,59.4,0.3,1.61
"Hamburger slider, from fast food",Fast Food & Prepared,Low-Calorie / Beverages,5,21.8,41.7,36.5,1.0,4.24
"Hamburger, NFS",Fast Food & Prepared,Low-Calorie / Beverages,5,24.8,29.3,45.9,0.7,3.0
"Hamburger, from fast food, 1 small patty",Fast Food & Prepared,Low-Calorie / Beverages,5,22.1,40.4,37.5,1.0,4.11
Hamburger (Burger King),Fast Food & Prepared,Low-Calorie / Beverages,5,21.8,41.5,36.8,1.1,4.66
Whopper Jr (Burger King),Fast Food & Prepared,Low-Calorie / Beverages,5,20.1,39.5,40.4,1.0,4.28
Hamburger (McDonalds),Fast Food & Prepared,Low-Calorie / Beverages,5,20.2,45.0,34.8,1.8,5.95
"Hamburger, from school cafeteria",Fast Food & Prepared,Low-Calorie / Beverages,5,29.6,43.1,27.3,2.7,3.76
Hamburger slider,Fast Food & Prepared,Low-Calorie / Beverages,5,25.2,27.9,46.9,0.7,2.86
"Hamburger, on white bun, 1 small patty",Grains & Bakery,Low-Calorie / Beverages,5,24.3,31.5,44.2,0.8,3.23
"Hamburger, on wheat bun, 1 small patty",Grains & Bakery,Low-Calorie / Beverages,5,25.8,29.5,44.8,2.1,2.95
"Hamburger, from fast food, 1 medium patty",Fast Food & Prepared,Low-Calorie / Beverages,5,24.8,29.3,45.9,0.7,3.0
"Hamburger, from fast food, 1 large patty",Fast Food & Prepared,High-Carb / Sugary,0,26.1,24.2,49.7,0.6,2.49
Whopper (Burger King),Fast Food & Prepared,Low-Calorie / Beverages,5,20.1,30.7,49.3,1.5,4.0
"Hamburger, on white bun, 1 medium patty",Grains & Bakery,Low-Calorie / Beverages,5,24.8,29.3,45.9,0.7,3.0
"Hamburger, on wheat bun, 1 medium patty",Grains & Bakery,Low-Calorie / Beverages,5,26.2,27.4,46.4,2.0,2.74
"Hamburger, on white bun, 1 large patty",Grains & Bakery,High-Carb / Sugary,0,26.1,24.2,49.7,0.6,2.49
"Hamburger, on wheat bun, 1 large patty",Grains & Bakery,High-Carb / Sugary,0,27.2,22.6,50.2,1.6,2.27
"Double hamburger, on white bun, 2 small patties",Grains & Bakery,High-Carb / Sugary,0,27.1,20.1,52.8,0.5,2.07
"Double hamburger, on wheat bun, 2 small patties",Grains & Bakery,High-Carb / Sugary,0,28.0,18.7,53.3,1.4,1.89
"Double hamburger, on white bun, 2 medium patties",Grains & Bakery,High-Carb / Sugary,0,27.5,18.3,54.2,0.5,1.89
"Double hamburger, on wheat bun, 2 medium patties",Grains & Bakery,High-Carb / Sugary,0,28.4,17.1,54.6,1.2,1.73
"Double hamburger, on white bun, 2 large patties",Grains & Bakery,High-Carb / Sugary,0,28.4,14.5,57.1,0.4,1.5
"Double hamburger, on wheat bun, 2 large patties",Grains & Bakery,High-Carb / Sugary,0,29.1,13.5,57.4,1.0,1.37
"Double hamburger, from fast food, 2 small patties",Fast Food & Prepared,Low-Calorie / Beverages,5,25.2,27.9,47.0,0.7,2.86
"Double hamburger, from fast food, 2 medium patties",Fast Food & Prepared,High-Carb / Sugary,0,27.5,18.3,54.2,0.5,1.89
"Double hamburger, from fast food, 2 large patties",Fast Food & Prepared,High-Carb / Sugary,0,28.4,14.5,57.1,0.4,1.5
Meatball and spaghetti sauce submarine sandwich,Grains & Bakery,Low-Calorie / Beverages,5,17.8,47.5,34.7,2.1,4.98
"Chiliburger, with or without cheese, on bun",Dairy & Eggs,Low-Calorie / Beverages,5,24.4,32.1,43.5,1.5,2.66
Corned beef sandwich,Meat & Poultry,Low-Calorie / Beverages,5,28.6,38.7,32.8,1.1,2.37
"Reuben sandwich, corned beef sandwich with sauerkraut and cheese, with spread",Dairy & Eggs,Low-Calorie / Beverages,5,17.8,27.3,54.9,2.2,3.89
Pastrami sandwich,Meat & Poultry,Low-Calorie / Beverages,5,30.5,48.6,21.0,1.1,2.4
Roast beef sandwich,Meat & Poultry,Low-Calorie / Beverages,5,25.1,36.7,38.3,1.3,3.84
"Roast beef sandwich, with gravy",Meat & Poultry,High-Carb / Sugary,0,22.1,25.3,52.6,0.7,1.37
"Roast beef submarine sandwich, with lettuce, tomato and spread",Meat & Poultry,Low-Calorie / Beverages,5,25.9,43.2,30.9,0.7,2.88
"Roast beef submarine sandwich, with cheese, lettuce, tomato and spread",Dairy & Eggs,Low-Calorie / Beverages,5,25.3,39.7,35.0,0.6,2.86
Roast beef sandwich with cheese,Dairy & Eggs,High-Carb / Sugary,0,21.5,22.7,55.8,0.8,2.65
Roast beef sandwich with bacon and cheese sauce,Dairy & Eggs,High-Carb / Sugary,0,22.1,23.1,54.8,0.7,2.97
"Roast beef submarine sandwich, on roll, au jus",Meat & Poultry,Low-Calorie / Beverages,5,21.0,29.9,49.0,0.6,2.55
Steak submarine sandwich with lettuce and tomato,Meat & Poultry,Low-Calorie / Beverages,5,32.0,41.0,27.0,0.9,3.27
"Steak sandwich, plain, on roll",Meat & Poultry,High-Protein,2,38.4,29.3,32.4,0.6,2.4
"Steak and cheese submarine sandwich, with lettuce and tomato",Dairy & Eggs,Low-Calorie / Beverages,5,26.8,46.9,26.2,1.2,3.41
"Steak and cheese sandwich, plain, on roll",Dairy & Eggs,Low-Calorie / Beverages,5,32.4,29.8,37.9,0.6,3.46
"Steak and cheese submarine sandwich, plain, on roll",Dairy & Eggs,Low-Calorie / Beverages,5,30.1,35.1,34.7,0.7,3.88
"Fajita-style beef sandwich with cheese, on pita bread, with lettuce and tomato",Dairy & Eggs,Low-Calorie / Beverages,5,22.7,38.2,39.1,1.2,1.84
"Steak and cheese submarine sandwich, with fried peppers and onions, on roll",Dairy & Eggs,Low-Calorie / Beverages,5,28.5,31.9,39.7,0.9,3.07
"Steak sandwich, plain, on biscuit",Meat & Poultry,Low-Calorie / Beverages,5,18.6,38.1,43.3,1.7,2.64
"Gyro sandwich (pita bread, beef, lamb, onion, condiments), with tomato and spread",Meat & Poultry,Low-Calorie / Beverages,5,29.0,45.0,26.1,1.0,1.56
"Hamburger wrap sandwich, from fast food",Fast Food & Prepared,Low-Calorie / Beverages,5,23.0,27.8,49.2,1.4,1.53
"Bacon sandwich, with spread",Meat & Poultry,Low-Calorie / Beverages,5,19.8,34.4,45.8,1.4,3.26
"Bacon and cheese sandwich, with spread",Dairy & Eggs,Low-Calorie / Beverages,5,17.5,33.4,49.0,1.0,5.23
Bacon and egg sandwich,Dairy & Eggs,Low-Calorie / Beverages,5,21.2,33.5,45.4,1.0,2.41
"Bacon, lettuce, and tomato sandwich with spread",Meat & Poultry,Low-Calorie / Beverages,5,15.3,40.4,44.3,1.5,3.31
"Bacon, lettuce, and tomato submarine sandwich, with spread",Meat & Poultry,Low-Calorie / Beverages,5,19.7,52.1,28.2,1.6,3.61
"Bacon, lettuce, tomato, and cheese submarine sandwich, with spread",Dairy & Eggs,High-Carb / Sugary,0,18.9,27.1,54.0,1.3,1.44
Bacon on biscuit,Meat & Poultry,Low-Calorie / Beverages,5,11.0,39.4,49.6,2.2,3.38
Ham on biscuit,Meat & Poultry,Low-Calorie / Beverages,5,13.6,44.4,42.0,0.7,1.97
"Ham sandwich, with spread",Meat & Poultry,Low-Calorie / Beverages,5,23.4,43.7,32.9,1.1,2.53
Ham sandwich with lettuce and spread,Meat & Poultry,Low-Calorie / Beverages,5,24.9,46.7,28.4,1.1,2.52
"Ham and cheese sandwich, with lettuce and spread",Dairy & Eggs,Low-Calorie / Beverages,5,23.8,37.3,38.8,0.9,3.2
Ham salad sandwich,Meat & Poultry,Low-Calorie / Beverages,5,21.3,36.3,42.4,1.1,2.71
"Ham and cheese sandwich, on bun, with lettuce and spread",Dairy & Eggs,Low-Calorie / Beverages,5,25.0,33.1,41.9,0.7,3.42
"Hot ham and cheese sandwich, on bun",Dairy & Eggs,Low-Calorie / Beverages,5,22.8,31.4,45.8,0.7,3.11
Ham and cheese on English muffin,Dairy & Eggs,Low-Calorie / Beverages,5,26.8,29.5,43.8,1.4,1.83
"Ham and cheese submarine sandwich, with lettuce, tomato and spread",Dairy & Eggs,Balanced Moderate,1,24.2,60.7,15.1,1.3,3.54
"Cuban sandwich, with spread",Fast Food & Prepared,Low-Calorie / Beverages,5,26.4,33.6,39.9,0.8,3.27
"Midnight sandwich, with spread",Fast Food & Prepared,Low-Calorie / Beverages,5,30.0,34.8,35.2,0.8,4.36
"Pork sandwich, on white roll, with onions, dill pickles and barbecue sauce",Meat & Poultry,Low-Calorie / Beverages,5,25.0,48.4,26.6,0.9,9.05
"Pork barbecue sandwich or Sloppy Joe, on bun",Meat & Poultry,Balanced Moderate,1,22.0,60.0,18.0,0.8,16.66
Pork sandwich,Meat & Poultry,Low-Calorie / Beverages,5,32.3,42.6,25.2,1.1,2.64
"Sliced chicken sandwich, with spread",Meat & Poultry,Low-Calorie / Beverages,5,32.3,42.0,25.6,1.1,2.57
"Sliced chicken sandwich, with cheese and spread",Dairy & Eggs,Low-Calorie / Beverages,5,30.1,36.0,33.9,0.9,3.13
Chicken salad or chicken spread sandwich,Meat & Poultry,Low-Calorie / Beverages,5,23.2,34.3,42.5,1.2,2.36
Chicken barbecue sandwich,Meat & Poultry,Low-Calorie / Beverages,5,31.2,49.4,19.4,1.1,5.68
"Chicken fillet sandwich, NFS",Meat & Poultry,Low-Calorie / Beverages,5,17.4,39.3,43.3,1.7,3.07
"Chicken fillet sandwich, from school cafeteria",Meat & Poultry,Low-Calorie / Beverages,5,23.4,47.6,29.0,4.4,2.73
"Chicken fillet biscuit, from fast food",Meat & Poultry,Low-Calorie / Beverages,5,13.5,33.0,53.6,2.0,1.98
"Chicken fillet sandwich, fried, from fast food",Meat & Poultry,Low-Calorie / Beverages,5,17.4,39.3,43.3,1.7,3.07
"Chicken fillet sandwich, fried, from fast food, with cheese",Dairy & Eggs,Low-Calorie / Beverages,5,18.3,33.9,47.8,1.5,2.98
"Chicken fillet sandwich, grilled, from fast food",Meat & Poultry,High-Protein,2,39.2,35.4,25.4,0.7,2.82
"Chicken fillet sandwich, grilled, from fast food, with cheese",Dairy & Eggs,Low-Calorie / Beverages,5,36.1,29.4,34.5,0.6,2.76
"Chicken fillet sandwich, NS as to fried or grilled, from fast food",Meat & Poultry,Low-Calorie / Beverages,5,17.4,39.3,43.3,1.7,3.07
"Chicken fillet sandwich, fried, on white bun",Meat & Poultry,Low-Calorie / Beverages,5,18.6,42.1,39.3,1.7,3.14
"Chicken fillet sandwich, fried, on white bun; with cheese",Dairy & Eggs,Low-Calorie / Beverages,5,19.4,35.9,44.7,1.5,3.04
"Chicken fillet sandwich, fried, on wheat bun",Meat & Poultry,Low-Calorie / Beverages,5,19.9,40.3,39.8,2.8,2.9
"Chicken fillet sandwich, fried, on wheat bun, with cheese",Dairy & Eggs,Low-Calorie / Beverages,5,20.5,34.3,45.2,2.5,2.83
"Chicken fillet sandwich, grilled, on white bun",Meat & Poultry,High-Protein,2,41.6,37.6,20.8,0.7,2.86
"Chicken fillet sandwich, grilled, on white bun, with cheese",Dairy & Eggs,High-Protein,2,37.8,30.8,31.4,0.6,2.79
"Chicken fillet sandwich, grilled, on wheat bun",Meat & Poultry,High-Protein,2,43.6,35.1,21.2,1.9,2.61
"Chicken fillet sandwich, grilled, on wheat bun, with cheese",Dairy & Eggs,High-Protein,2,39.4,28.9,31.8,1.6,2.58
"Chicken fillet wrap sandwich, fried, from fast food",Meat & Poultry,Low-Calorie / Beverages,5,17.0,32.6,50.4,2.0,1.8
"Chicken, bacon, and tomato club sandwich, with lettuce and spread",Meat & Poultry,Low-Calorie / Beverages,5,31.2,36.0,32.8,1.2,4.68
"Chicken submarine sandwich, with lettuce, tomato and spread",Meat & Poultry,Balanced Moderate,1,28.1,58.1,13.7,1.2,6.06
"Chicken submarine sandwich, with cheese, lettuce, tomato and spread",Dairy & Eggs,Balanced Moderate,1,28.1,58.1,13.7,1.2,6.06
Buffalo chicken submarine sandwich,Meat & Poultry,Low-Calorie / Beverages,5,21.1,41.1,37.8,1.1,2.71
Buffalo chicken submarine sandwich with cheese,Dairy & Eggs,Low-Calorie / Beverages,5,22.5,34.2,43.3,1.0,2.49
"Chicken fillet wrap sandwich, grilled, from fast food",Meat & Poultry,Low-Calorie / Beverages,5,33.8,27.9,38.2,1.2,1.56
"Turkey sandwich, with spread",Meat & Poultry,Low-Calorie / Beverages,5,37.1,34.0,28.9,0.9,2.04
Turkey salad or turkey spread sandwich,Meat & Poultry,Low-Calorie / Beverages,5,25.5,34.7,39.7,1.1,2.33
"Turkey submarine sandwich, with cheese, lettuce, tomato and spread",Dairy & Eggs,Balanced Moderate,1,24.8,61.0,14.1,1.3,3.09
"Turkey and bacon submarine sandwich, with lettuce, tomato and spread",Meat & Poultry,Low-Calorie / Beverages,5,20.4,38.0,41.6,1.1,2.7
"Turkey and bacon submarine sandwich, with cheese, lettuce, tomato and spread",Dairy & Eggs,Low-Calorie / Beverages,5,22.0,31.5,46.5,1.0,2.45
"Turkey, ham, and roast beef club sandwich, with lettuce, tomato and spread",Meat & Poultry,Low-Calorie / Beverages,5,19.0,36.8,44.2,1.0,3.05
"Turkey, ham, and roast beef club sandwich with cheese, lettuce, tomato, and spread",Dairy & Eggs,Balanced Moderate,1,29.2,55.8,14.9,1.4,3.19
"Turkey or chicken burger, on white bun",Meat & Poultry,Low-Calorie / Beverages,5,34.5,35.6,29.8,0.7,3.0
"Turkey or chicken burger, on wheat bun",Meat & Poultry,Low-Calorie / Beverages,5,36.3,33.3,30.3,2.0,2.74
"Fish sandwich, fried, from fast food",Seafood,Low-Calorie / Beverages,5,24.7,43.9,31.3,0.9,3.13
"Fish sandwich, fried, from fast food, with cheese",Dairy & Eggs,Low-Calorie / Beverages,5,24.4,36.2,39.4,0.8,3.02
Crab cake sandwich,Seafood,Low-Calorie / Beverages,5,23.0,32.5,44.5,0.9,2.12
Salmon cake sandwich,Seafood,Low-Calorie / Beverages,5,23.2,28.9,47.8,0.9,2.12
Fried seafood sandwich,Fast Food & Prepared,Low-Calorie / Beverages,5,23.2,41.6,35.2,1.2,2.38
"Fish sandwich, from school cafeteria",Seafood,Low-Calorie / Beverages,5,26.3,53.2,20.5,3.6,2.94
"Fish sandwich, NFS",Seafood,Low-Calorie / Beverages,5,24.4,36.2,39.4,0.8,3.02
"Fish sandwich, fried, on white bun",Seafood,Low-Calorie / Beverages,5,24.7,43.9,31.3,0.9,3.13
"Fish sandwich, fried, on white bun, with cheese",Dairy & Eggs,Low-Calorie / Beverages,5,24.4,36.2,39.4,0.8,3.02
"Fish sandwich, fried, on wheat bun",Seafood,Low-Calorie / Beverages,5,26.4,41.7,31.8,2.2,2.87
"Fish sandwich, fried, on wheat bun, with cheese",Dairy & Eggs,Low-Calorie / Beverages,5,25.7,34.3,39.9,1.9,2.8
"Fish sandwich, grilled",Seafood,Balanced Moderate,1,38.3,51.0,10.7,0.8,3.1
Fish wrap sandwich,Seafood,Low-Calorie / Beverages,5,22.6,34.4,43.0,1.4,1.74
Sardine sandwich,Seafood,Low-Calorie / Beverages,5,31.0,37.9,31.1,1.0,2.37
"Tuna salad sandwich, on bread",Seafood,Low-Calorie / Beverages,5,18.1,33.5,48.4,1.0,3.16
"Tuna salad sandwich, on bread, with cheese",Dairy & Eggs,Low-Calorie / Beverages,5,18.7,30.3,51.0,1.0,3.24
"Tuna salad sandwich, on bun",Seafood,Low-Calorie / Beverages,5,18.1,33.5,48.4,1.0,3.16
"Tuna salad sandwich, on bun, with cheese",Dairy & Eggs,Low-Calorie / Beverages,5,18.9,28.8,52.3,0.9,3.08
Tuna salad wrap sandwich,Seafood,High-Carb / Sugary,0,17.5,27.7,54.9,1.3,2.59
Seafood salad sandwich,Fast Food & Prepared,Low-Calorie / Beverages,5,18.4,32.0,49.6,1.0,2.16
"Luncheon meat sandwich, NFS, with spread",Meat & Poultry,Balanced Moderate,1,24.2,60.7,15.1,1.3,3.54
"Bologna sandwich, with spread",Meat & Poultry,Low-Calorie / Beverages,5,12.7,45.2,42.2,1.4,4.02
"Bologna and cheese sandwich, with spread",Dairy & Eggs,Low-Calorie / Beverages,5,14.8,36.7,48.5,1.1,4.56
"Corn dog, frankfurter or hot dog with cornbread coating",Meat & Poultry,Low-Calorie / Beverages,5,13.7,43.1,43.2,1.0,7.54
"Pig in a blanket, frankfurter or hot dog wrapped in dough",Meat & Poultry,High-Carb / Sugary,0,14.7,24.1,61.2,0.7,2.73
Puerto Rican sandwich,Fast Food & Prepared,Low-Calorie / Beverages,5,12.9,38.4,48.7,1.1,5.55
"Pepperoni and salami submarine sandwich, with lettuce, tomato and spread",Meat & Poultry,Low-Calorie / Beverages,5,13.0,34.1,52.9,1.1,3.59
"Salami sandwich, with spread",Meat & Poultry,Low-Calorie / Beverages,5,15.8,39.0,45.2,1.5,3.49
Sausage on biscuit,Meat & Poultry,High-Carb / Sugary,0,10.2,31.7,58.1,0.4,1.59
Sausage griddle cake sandwich,Meat & Poultry,Low-Calorie / Beverages,5,10.6,39.2,50.2,1.0,11.23
Sausage and cheese on English muffin,Dairy & Eggs,High-Carb / Sugary,0,15.6,29.7,54.7,0.5,1.98
"Sausage balls, made with biscuit mix and cheese",Dairy & Eggs,High-Carb / Sugary,0,17.6,23.1,59.2,0.7,4.25
Sausage sandwich,Meat & Poultry,Low-Calorie / Beverages,5,18.9,34.0,47.1,1.1,3.2
Sausage and spaghetti sauce sandwich,Meat & Poultry,Low-Calorie / Beverages,5,19.2,31.4,49.5,1.0,4.28
"Cold cut sumarine sandwich, with cheese, lettuce, tomato and spread",Dairy & Eggs,Low-Calorie / Beverages,5,19.6,38.2,42.2,1.2,3.18
Meat spread or potted meat sandwich,Meat & Poultry,Low-Calorie / Beverages,5,13.6,48.6,37.8,1.2,2.65
"Frankfurter or hot dog sandwich, NFS, plain, on white bun",Meat & Poultry,Low-Calorie / Beverages,5,14.7,31.3,53.9,0.8,3.95
"Frankfurter or hot dog sandwich, NFS, plain, on wheat bun",Meat & Poultry,Low-Calorie / Beverages,5,16.0,30.0,54.0,1.9,3.78
"Frankfurter or hot dog sandwich, NFS, plain, on whole wheat bun",Meat & Poultry,Low-Calorie / Beverages,5,16.4,28.6,55.0,2.7,3.35
"Frankfurter or hot dog sandwich, NFS, plain, on whole grain white bun",Meat & Poultry,Low-Calorie / Beverages,5,14.9,30.1,55.0,1.0,4.84
"Frankfurter or hot dog sandwich, NFS, plain, on multigrain bun",Meat & Poultry,Low-Calorie / Beverages,5,14.7,28.3,57.0,1.7,3.5
"Frankfurter or hot dog sandwich, NFS, plain, on white bread",Meat & Poultry,High-Carb / Sugary,0,14.8,23.8,61.4,0.8,2.65
"Frankfurter or hot dog sandwich, NFS, plain, on wheat bread",Meat & Poultry,High-Carb / Sugary,0,15.2,22.9,61.9,1.3,2.78
"Frankfurter or hot dog sandwich, NFS, plain, on whole wheat bread",Meat & Poultry,High-Carb / Sugary,0,16.5,24.9,58.6,2.3,2.52
"Frankfurter or hot dog sandwich, NFS, plain, on whole grain white bread",Meat & Poultry,Low-Calorie / Beverages,5,16.0,25.8,58.2,3.6,2.75
"Frankfurter or hot dog sandwich, NFS, plain, on multigrain bread",Meat & Poultry,High-Carb / Sugary,0,16.8,24.6,58.6,2.9,3.29
"Frankfurter or hot dog sandwich, beef, plain, on white bun",Meat & Poultry,Low-Calorie / Beverages,5,14.7,31.3,53.9,0.8,3.95
"Frankfurter or hot dog sandwich, beef, plain, on wheat bun",Meat & Poultry,Low-Calorie / Beverages,5,16.0,30.0,54.0,1.9,3.78
"Frankfurter or hot dog sandwich, beef, plain, on whole wheat bun",Meat & Poultry,Low-Calorie / Beverages,5,16.4,28.6,55.0,2.7,3.35
"Frankfurter or hot dog sandwich, beef, plain, on whole grain white bun",Meat & Poultry,Low-Calorie / Beverages,5,14.9,30.1,55.0,1.0,4.84
"Frankfurter or hot dog sandwich, beef, plain, on multigrain bun",Meat & Poultry,Low-Calorie / Beverages,5,14.7,28.3,57.0,1.7,3.5
"Frankfurter or hot dog sandwich, beef, plain, on white bread",Meat & Poultry,High-Carb / Sugary,0,14.8,23.8,61.4,0.8,2.65
"Frankfurter or hot dog sandwich, beef, plain, on wheat bread",Meat & Poultry,High-Carb / Sugary,0,15.2,22.9,61.9,1.3,2.78
"Frankfurter or hot dog sandwich, beef, plain, on whole wheat bread",Meat & Poultry,High-Carb / Sugary,0,16.5,24.9,58.6,2.3,2.52
"Frankfurter or hot dog sandwich, beef, plain, on whole grain white bread",Meat & Poultry,Low-Calorie / Beverages,5,16.0,25.8,58.2,3.6,2.75
"Frankfurter or hot dog sandwich, beef, plain, on multigrain bread",Meat & Poultry,High-Carb / Sugary,0,16.8,24.6,58.6,2.9,3.29
"Frankfurter or hot dog sandwich, beef and pork, plain, on white bun",Meat & Poultry,Low-Calorie / Beverages,5,14.1,36.1,49.7,0.8,5.0
"Frankfurter or hot dog sandwich, beef and pork, plain, on wheat bun",Meat & Poultry,Low-Calorie / Beverages,5,15.5,34.7,49.8,2.0,4.82
"Frankfurter or hot dog sandwich, beef and pork, plain, on whole wheat bun",Meat & Poultry,Low-Calorie / Beverages,5,16.0,33.1,50.9,2.8,4.37
"Frankfurter or hot dog sandwich, beef and pork, plain, on whole grain white bun",Meat & Poultry,Low-Calorie / Beverages,5,14.3,35.0,50.7,1.1,5.94
"Frankfurter or hot dog sandwich, beef and pork, plain, on multigrain bun",Meat & Poultry,Low-Calorie / Beverages,5,14.1,32.8,53.1,1.8,4.52
"Frankfurter or hot dog sandwich, beef and pork, plain, on white bread",Meat & Poultry,High-Carb / Sugary,0,14.1,28.6,57.3,0.8,3.79
"Frankfurter or hot dog sandwich, beef and pork, plain, on wheat bread",Meat & Poultry,High-Carb / Sugary,0,14.6,27.6,57.8,1.4,3.93
"Frankfurter or hot dog sandwich, beef and pork, plain, on whole wheat bread",Meat & Poultry,Low-Calorie / Beverages,5,16.0,29.5,54.5,2.4,3.57
"Frankfurter or hot dog sandwich, beef and pork, plain, on whole grain white bread",Meat & Poultry,Low-Calorie / Beverages,5,15.4,30.7,53.9,3.7,3.81
"Frankfurter or hot dog sandwich, beef and pork, plain, on multigrain bread",Meat & Poultry,Low-Calorie / Beverages,5,16.4,29.2,54.4,3.0,4.38
"Frankfurter or hot dog sandwich, meat and poultry, plain, on white bun",Meat & Poultry,Low-Calorie / Beverages,5,14.1,35.3,50.6,0.8,4.83
"Frankfurter or hot dog sandwich, meat and poultry, plain, on wheat bun",Meat & Poultry,Low-Calorie / Beverages,5,15.5,33.9,50.6,1.9,4.66
"Frankfurter or hot dog sandwich, meat and poultry, plain, on whole wheat bun",Meat & Poultry,Low-Calorie / Beverages,5,15.9,32.4,51.7,2.7,4.23
"Frankfurter or hot dog sandwich, meat and poultry, plain, on whole grain white bun",Meat & Poultry,Low-Calorie / Beverages,5,14.3,34.1,51.6,1.0,5.72
"Frankfurter or hot dog sandwich, meat and poultry, plain, on multigrain bun",Meat & Poultry,Low-Calorie / Beverages,5,14.1,32.1,53.8,1.7,4.38
"Frankfurter or hot dog sandwich, meat and poultry, plain, on white bread",Meat & Poultry,High-Carb / Sugary,0,14.1,27.9,58.0,0.8,3.7
"Frankfurter or hot dog sandwich, meat and poultry, plain, on wheat bread",Meat & Poultry,High-Carb / Sugary,0,14.6,26.9,58.5,1.3,3.83
"Frankfurter or hot dog sandwich, meat and poultry, plain, on whole wheat bread",Meat & Poultry,Low-Calorie / Beverages,5,16.0,28.8,55.2,2.3,3.48
"Frankfurter or hot dog sandwich, meat and poultry, plain, on whole grain white bread",Meat & Poultry,Low-Calorie / Beverages,5,15.4,29.9,54.7,3.6,3.71
"Frankfurter or hot dog sandwich, meat and poultry, plain, on multigrain bread",Meat & Poultry,Low-Calorie / Beverages,5,16.3,28.5,55.2,2.9,4.25
"Frankfurter or hot dog sandwich, chicken and/or turkey, plain, on white bun",Meat & Poultry,Low-Calorie / Beverages,5,18.4,38.9,42.8,0.8,3.92
"Frankfurter or hot dog sandwich, chicken and/or turkey, plain, on wheat bun",Meat & Poultry,Low-Calorie / Beverages,5,19.9,37.3,42.7,1.9,3.76
"Frankfurter or hot dog sandwich, chicken and/or turkey, plain, on whole wheat bun",Meat & Poultry,Low-Calorie / Beverages,5,20.4,35.6,44.0,2.7,3.32
"Frankfurter or hot dog sandwich, chicken and/or turkey, plain, on whole grain white bun",Meat & Poultry,Low-Calorie / Beverages,5,18.7,37.7,43.6,1.0,4.82
"Frankfurter or hot dog sandwich, chicken and/or turkey, plain, on multigrain bun",Meat & Poultry,Low-Calorie / Beverages,5,18.4,35.2,46.4,1.7,3.47
"Frankfurter or hot dog sandwich, chicken and/or turkey, plain, on white bread",Meat & Poultry,Low-Calorie / Beverages,5,19.3,31.1,49.6,0.8,2.61
"Frankfurter or hot dog sandwich, chicken and/or turkey, plain, on wheat bread",Meat & Poultry,Low-Calorie / Beverages,5,19.8,29.9,50.3,1.3,2.74
"Frankfurter or hot dog sandwich, chicken and/or turkey, plain, on whole wheat bread",Meat & Poultry,Low-Calorie / Beverages,5,21.1,31.9,47.0,2.3,2.49
"Frankfurter or hot dog sandwich, chicken and/or turkey, plain, on whole grain white bread",Meat & Poultry,Low-Calorie / Beverages,5,20.6,33.3,46.1,3.6,2.72
"Frankfurter or hot dog sandwich, chicken and/or turkey, plain, on multigrain bread",Meat & Poultry,Low-Calorie / Beverages,5,21.4,31.5,47.1,2.9,3.25
"Frankfurter or hot dog sandwich, reduced fat or light, plain, on white bun",Meat & Poultry,Balanced Moderate,1,27.9,56.3,15.8,0.9,3.21
"Frankfurter or hot dog sandwich, reduced fat or light, plain, on wheat bun",Meat & Poultry,Balanced Moderate,1,30.1,54.5,15.4,1.9,3.04
"Frankfurter or hot dog sandwich, reduced fat or light, plain, on whole wheat bun",Meat & Poultry,Low-Calorie / Beverages,5,30.8,52.2,17.0,2.8,2.61
"Frankfurter or hot dog sandwich, reduced fat or light, plain, on whole grain white bun",Meat & Poultry,Balanced Moderate,1,28.8,55.5,15.7,1.1,4.1
"Frankfurter or hot dog sandwich, reduced fat or light, plain, on multigrain bun",Meat & Poultry,Low-Calorie / Beverages,5,28.0,51.7,20.3,1.7,2.76
"Frankfurter or hot dog sandwich, reduced fat or light, plain, on white bread",Meat & Poultry,Low-Calorie / Beverages,5,32.4,51.1,16.4,0.8,1.76
"Frankfurter or hot dog sandwich, reduced fat or light, plain, on wheat bread",Meat & Poultry,Low-Calorie / Beverages,5,33.0,49.2,17.8,1.4,1.89
"Frankfurter or hot dog sandwich, reduced fat or light, plain, on whole wheat bread",Meat & Poultry,Low-Calorie / Beverages,5,33.5,50.2,16.3,2.4,1.71
"Frankfurter or hot dog sandwich, reduced fat or light, plain, on whole grain white bread",Meat & Poultry,Balanced Moderate,1,33.3,52.8,14.0,3.6,1.94
"Frankfurter or hot dog sandwich, reduced fat or light, plain, on multigrain bread",Meat & Poultry,Low-Calorie / Beverages,5,33.6,49.2,17.2,2.9,2.47
"Frankfurter or hot dog sandwich, fat free, plain, on white bun",Meat & Poultry,Balanced Moderate,1,25.2,61.9,12.9,0.8,3.21
"Frankfurter or hot dog sandwich, fat free, plain, on wheat bun",Meat & Poultry,Balanced Moderate,1,27.4,60.1,12.5,1.9,3.04
"Frankfurter or hot dog sandwich, fat free, plain, on whole wheat bun",Meat & Poultry,Balanced Moderate,1,28.1,57.8,14.1,2.7,2.61
"Frankfurter or hot dog sandwich, fat free, plain, on whole grain white bun",Meat & Poultry,Balanced Moderate,1,26.0,61.4,12.6,1.0,4.1
"Frankfurter or hot dog sandwich, fat free, plain, on multigrain bun",Meat & Poultry,Balanced Moderate,1,25.2,57.2,17.5,1.7,2.76
"Frankfurter or hot dog sandwich, fat free, plain, on white bread",Meat & Poultry,Balanced Moderate,1,28.9,58.5,12.6,0.8,1.76
"Frankfurter or hot dog sandwich, fat free, plain, on wheat bread",Meat & Poultry,Balanced Moderate,1,29.5,56.4,14.1,1.3,1.89
"Frankfurter or hot dog sandwich, fat free, plain, on whole wheat bread",Meat & Poultry,Balanced Moderate,1,30.4,56.7,12.8,2.3,1.71
"Frankfurter or hot dog sandwich, fat free, plain, on whole grain white bread",Meat & Poultry,Balanced Moderate,1,30.0,59.7,10.3,3.6,1.94
"Frankfurter or hot dog sandwich, fat free, plain, on multigrain bread",Meat & Poultry,Balanced Moderate,1,30.6,55.5,13.8,2.9,2.47
"Frankfurter or hot dog sandwich, reduced sodium",Meat & Poultry,Low-Calorie / Beverages,5,14.9,31.3,53.8,0.8,3.21
"Frankfurter or hot dog sandwich, meatless, plain, on bun",Plant-based Alternatives,Low-Calorie / Beverages,5,25.3,39.0,35.7,3.1,2.85
"Frankfurter or hot dog sandwich, meatless, plain, on bread",Plant-based Alternatives,Low-Calorie / Beverages,5,27.5,32.3,40.2,3.4,1.53
"Frankfurter or hot dog sandwich, with chili, on white bun",Meat & Poultry,Low-Calorie / Beverages,5,16.0,34.6,49.5,1.8,3.15
"Frankfurter or hot dog sandwich, with chili, on wheat bun",Meat & Poultry,Low-Calorie / Beverages,5,17.0,33.5,49.5,2.4,3.05
"Frankfurter or hot dog sandwich, with chili, on whole wheat bun",Meat & Poultry,Low-Calorie / Beverages,5,17.0,33.5,49.5,2.4,3.05
"Frankfurter or hot dog sandwich, with chili, on whole grain white bun",Meat & Poultry,Low-Calorie / Beverages,5,16.2,33.6,50.2,1.9,3.7
"Frankfurter or hot dog sandwich, with chili, on multigrain bun",Meat & Poultry,Low-Calorie / Beverages,5,16.0,32.1,51.9,2.3,2.87
"Frankfurter or hot dog sandwich, with chili, on white bread",Meat & Poultry,Low-Calorie / Beverages,5,16.3,29.0,54.7,1.8,2.31
"Frankfurter or hot dog sandwich, with chili, on wheat bread",Meat & Poultry,Low-Calorie / Beverages,5,16.6,28.3,55.1,2.2,2.39
"Frankfurter or hot dog sandwich, with chili, on whole wheat bread",Meat & Poultry,Low-Calorie / Beverages,5,17.5,29.6,52.8,2.7,2.26
"Frankfurter or hot dog sandwich, with chili, on whole grain white bread",Meat & Poultry,Low-Calorie / Beverages,5,17.1,30.5,52.4,3.5,2.39
"Frankfurter or hot dog sandwich, with chili, on multigrain bread",Meat & Poultry,Low-Calorie / Beverages,5,17.8,29.4,52.8,3.0,2.71
"Frankfurter or hot dog sandwich, with meatless chili, on white bun",Plant-based Alternatives,Low-Calorie / Beverages,5,16.1,34.4,49.5,1.8,3.06
"Frankfurter or hot dog sandwich, with meatless chili, on wheat bun",Plant-based Alternatives,Low-Calorie / Beverages,5,17.1,33.3,49.6,2.4,2.96
"Frankfurter or hot dog sandwich, with meatless chili, on whole wheat bun",Plant-based Alternatives,Low-Calorie / Beverages,5,17.4,32.2,50.4,2.9,2.7
"Frankfurter or hot dog sandwich, with meatless chili, on whole grain white bun",Plant-based Alternatives,Low-Calorie / Beverages,5,16.3,33.5,50.3,1.9,3.61
"Frankfurter or hot dog sandwich, with meatless chili, on multigrain bun",Plant-based Alternatives,Low-Calorie / Beverages,5,16.1,31.9,52.0,2.3,2.79
"Frankfurter or hot dog sandwich, with meatless chili, on white bread",Plant-based Alternatives,Low-Calorie / Beverages,5,16.3,28.9,54.8,1.8,2.22
"Frankfurter or hot dog sandwich, with meatless chili, on wheat bread",Plant-based Alternatives,Low-Calorie / Beverages,5,16.7,28.2,55.2,2.2,2.29
"Frankfurter or hot dog sandwich, with meatless chili, on whole wheat bread",Plant-based Alternatives,Low-Calorie / Beverages,5,17.5,29.6,52.8,2.7,2.26
"Frankfurter or hot dog sandwich, with meatless chili, on whole grain white bread",Plant-based Alternatives,Low-Calorie / Beverages,5,17.2,30.3,52.4,3.5,2.3
"Frankfurter or hot dog sandwich, with meatless chili, on multigrain bread",Plant-based Alternatives,Low-Calorie / Beverages,5,17.9,29.3,52.9,3.0,2.62
"Frankfurter or hot dog sandwich, meatless, on bun, with meatless chili",Plant-based Alternatives,Low-Calorie / Beverages,5,24.6,40.7,34.7,3.2,2.42
"Frankfurter or hot dog sandwich, meatless, on bread, with meatless chili",Plant-based Alternatives,Low-Calorie / Beverages,5,26.3,35.8,37.9,3.4,1.58
"Hors d'oeuvres, with spread",Condiments & Sauces,Low-Calorie / Beverages,5,22.5,55.7,21.8,1.3,3.94
"Beef stew, baby food, toddler",Infant Nutrition,Low-Calorie / Beverages,5,38.3,41.4,20.3,1.1,1.39
"Beef and egg noodles, baby food, NS as to strained or junior",Infant Nutrition,Low-Calorie / Beverages,5,16.6,52.0,31.4,1.2,1.44
"Beef and egg noodles, baby food, strained",Infant Nutrition,Low-Calorie / Beverages,5,15.5,52.1,32.4,1.3,1.42
"Beef and egg noodles, baby food, junior",Infant Nutrition,Low-Calorie / Beverages,5,17.8,51.9,30.4,1.1,1.45
"Beef with vegetables, baby food, strained",Infant Nutrition,High-Carb / Sugary,0,8.5,26.5,65.0,1.8,2.16
"Beef with vegetables, baby food, toddler",Infant Nutrition,Low-Calorie / Beverages,5,20.7,51.5,27.9,1.8,1.18
"Chicken and rice dinner, baby food, strained",Infant Nutrition,Balanced Moderate,1,12.5,71.7,15.8,1.1,0.55
"Chicken noodle dinner, baby food, NS as to strained or junior",Infant Nutrition,Low-Calorie / Beverages,5,19.0,42.0,39.0,1.7,2.68
"Chicken noodle dinner, baby food, strained",Infant Nutrition,Low-Calorie / Beverages,5,19.0,42.0,39.0,1.7,2.69
"Chicken noodle dinner, baby food, junior",Infant Nutrition,Low-Calorie / Beverages,5,19.0,41.9,39.1,1.7,2.67
"Chicken, noodles, and vegetables, baby food, toddler",Infant Nutrition,Low-Calorie / Beverages,5,23.0,53.8,23.2,0.6,0.82
"Chicken stew, baby food, toddler",Infant Nutrition,Low-Calorie / Beverages,5,26.1,32.1,41.8,0.6,1.68
"Turkey, rice and vegetables, baby food, NS as to strained or junior",Infant Nutrition,Balanced Moderate,1,17.2,64.8,18.0,1.0,1.46
"Turkey, rice and vegetables, baby food, strained",Infant Nutrition,Balanced Moderate,1,17.5,61.1,21.5,0.9,1.66
"Turkey, rice and vegetables, baby food, junior",Infant Nutrition,Balanced Moderate,1,16.9,68.3,14.8,1.0,1.25
"Turkey, rice, and vegetables, baby food, toddler",Infant Nutrition,Low-Calorie / Beverages,5,25.5,50.3,24.2,0.8,1.12
"Chicken soup, baby food",Infant Nutrition,Low-Calorie / Beverages,5,12.7,57.0,30.3,1.1,1.72
"Frozen dinner, NFS",Fast Food & Prepared,Low-Calorie / Beverages,5,18.7,30.0,51.4,1.2,1.32
"Beef dinner, NFS, frozen meal",Meat & Poultry,Low-Calorie / Beverages,5,18.7,30.0,51.4,1.2,1.32
"Beef with vegetable, diet frozen meal",Meat & Poultry,High-Carb / Sugary,0,34.4,15.1,50.5,0.8,2.81
"Sirloin, chopped, with gravy, mashed potatoes, vegetable, frozen meal",Meat & Poultry,Low-Calorie / Beverages,5,20.3,33.2,46.4,1.5,1.6
"Sirloin tips, with gravy, potatoes, vegetable, frozen meal",Meat & Poultry,High-Carb / Sugary,0,29.2,26.0,44.9,1.2,1.73
"Sirloin beef, with gravy, potatoes, vegetable, frozen meal",Meat & Poultry,High-Protein,2,39.3,31.4,29.3,1.2,1.33
"Salisbury steak dinner, NFS, frozen meal",Meat & Poultry,Low-Calorie / Beverages,5,18.7,30.0,51.4,1.2,1.32
"Salisbury steak with gravy, potatoes, vegetable, frozen meal",Meat & Poultry,Low-Calorie / Beverages,5,18.7,30.0,51.4,1.2,1.32
"Salisbury steak with gravy, whipped potatoes, vegetable, dessert, frozen meal",Meat & Poultry,Low-Calorie / Beverages,5,21.6,35.9,42.5,1.0,2.23
"Salisbury steak with gravy, potatoes, vegetable, dessert, frozen meal",Meat & Poultry,Low-Calorie / Beverages,5,26.3,33.1,40.6,1.5,2.96
"Salisbury steak with gravy, macaroni and cheese, vegetable, frozen meal",Dairy & Eggs,Low-Calorie / Beverages,5,18.2,30.0,51.8,1.4,1.1
"Salisbury steak with gravy, macaroni and cheese, frozen meal",Dairy & Eggs,Low-Calorie / Beverages,5,20.9,40.8,38.4,1.3,1.77
"Salisbury steak, potatoes, vegetable, dessert, diet frozen meal",Meat & Poultry,Low-Calorie / Beverages,5,18.2,54.0,27.8,1.4,9.4
"Beef, sliced, with gravy, potatoes, vegetable, frozen meal",Meat & Poultry,High-Carb / Sugary,0,26.1,21.2,52.7,0.7,0.8
"Beef short ribs, boneless, with barbecue sauce, potatoes, vegetable, frozen meal",Meat & Poultry,Low-Calorie / Beverages,5,24.3,41.6,34.1,1.4,8.04
"Meatballs, Swedish, in gravy, with noodles, diet frozen meal",Condiments & Sauces,Low-Calorie / Beverages,5,35.1,37.4,27.5,0.8,1.16
"Salisbury steak, baked, with tomato sauce, vegetable, diet frozen meal",Meat & Poultry,High-Carb / Sugary,0,33.7,18.8,47.6,0.9,2.25
"Beef with spaetzle or rice, vegetable, frozen meal",Meat & Poultry,Low-Calorie / Beverages,5,23.9,42.2,33.9,0.6,1.23
"Chicken dinner, NFS, frozen meal",Meat & Poultry,Low-Calorie / Beverages,5,27.7,41.9,30.4,1.0,1.23
"Chicken and noodles with vegetable, dessert, frozen meal",Meat & Poultry,Low-Calorie / Beverages,5,16.8,52.9,30.2,1.3,4.49
"Chicken, fried, with potatoes, vegetable, frozen meal",Meat & Poultry,Low-Calorie / Beverages,5,26.2,27.1,46.7,1.7,1.29
"Chicken patty, or nuggets, boneless, breaded, potatoes, vegetable, frozen meal",Meat & Poultry,Low-Calorie / Beverages,5,23.8,35.6,40.6,1.4,1.0
"Chicken patty or nuggets, boneless, breaded, with pasta and tomato sauce, fruit, dessert, frozen meal",Meat & Poultry,Low-Calorie / Beverages,5,11.3,52.1,36.7,1.4,10.04
"Chicken, fried, with potatoes, vegetable, dessert, frozen meal",Meat & Poultry,Low-Calorie / Beverages,5,23.8,32.6,43.5,1.6,3.66
"Chicken, fried, with potatoes, vegetable, dessert, frozen meal, large meat portion",Meat & Poultry,Low-Calorie / Beverages,5,21.2,35.2,43.6,1.3,6.03
"Teriyaki chicken with rice and vegetable, diet frozen meal",Meat & Poultry,Balanced Moderate,1,17.9,71.0,11.1,0.7,4.07
"Chicken with rice and vegetable, diet frozen meal",Meat & Poultry,Low-Calorie / Beverages,5,35.8,39.5,24.8,0.7,1.95
"Chicken and vegetables au gratin with rice, diet frozen entree",Meat & Poultry,High-Carb / Sugary,0,35.4,24.5,40.1,0.8,0.88
"Chicken and vegetable entree with rice, diet frozen meal",Meat & Poultry,Low-Calorie / Beverages,5,24.5,46.1,29.4,0.7,6.43
"Chicken chow mein with rice, diet frozen meal",Meat & Poultry,Low-Calorie / Beverages,5,26.8,53.9,19.3,0.7,1.66
"Chicken with noodles and cheese sauce, diet frozen meal",Dairy & Eggs,Low-Calorie / Beverages,5,35.8,41.4,22.8,0.7,0.31
"Chicken and vegetable entree with noodles, frozen meal",Meat & Poultry,Low-Calorie / Beverages,5,28.3,53.5,18.2,1.2,3.66
"Chicken and vegetable entree with noodles, diet frozen meal",Meat & Poultry,Low-Calorie / Beverages,5,35.4,45.0,19.6,1.6,2.29
"Chicken in cream sauce with noodles and vegetable, frozen meal",Meat & Poultry,Low-Calorie / Beverages,5,27.7,41.9,30.4,1.0,1.23
"Chicken in butter sauce with potatoes and vegetable, diet frozen meal",Dairy & Eggs,High-Protein,2,62.7,17.0,20.3,0.8,0.83
"Chicken in mushroom sauce, white and wild rice, vegetable, frozen meal",Meat & Poultry,Low-Calorie / Beverages,5,28.4,41.3,30.3,1.2,1.26
"Chicken in soy-based sauce, rice and vegetables, frozen meal",Meat & Poultry,Balanced Moderate,1,24.8,67.5,7.7,0.9,1.6
"Chicken and vegetable entree with noodles and cream sauce, frozen meal",Meat & Poultry,Low-Calorie / Beverages,5,27.5,34.8,37.7,0.9,1.64
"Turkey dinner, NFS, frozen meal",Meat & Poultry,Low-Calorie / Beverages,5,21.8,50.9,27.3,1.3,4.82
"Turkey with gravy, dressing, vegetable and fruit, diet frozen meal",Meat & Poultry,Balanced Moderate,1,24.0,63.4,12.7,1.7,10.45
"Turkey with vegetable, stuffing, diet frozen meal",Meat & Poultry,Low-Calorie / Beverages,5,38.7,44.3,17.0,1.5,3.79
"Turkey with gravy, dressing, potatoes, vegetable, frozen meal",Meat & Poultry,Low-Calorie / Beverages,5,21.8,50.9,27.3,1.3,4.82
"Flounder with chopped broccoli, diet frozen meal",Seafood,High-Protein,2,42.4,33.7,23.9,0.7,2.42
"Fish in lemon-butter sauce with starch item, vegetable, frozen meal",Dairy & Eggs,Low-Calorie / Beverages,5,21.9,44.1,34.0,1.1,1.07
"Shrimp and clams in tomato-based sauce, with noodles, frozen meal",Seafood,Low-Calorie / Beverages,5,30.0,48.1,21.8,1.5,2.0
"Shrimp and vegetables in sauce with noodles, diet frozen meal",Seafood,Balanced Moderate,1,23.4,59.6,17.0,1.5,1.87
"Meat loaf dinner, NFS, frozen meal",Meat & Poultry,Low-Calorie / Beverages,5,19.9,30.2,49.9,1.2,3.1
"Meat loaf with potatoes, vegetable, frozen meal",Vegetables,Low-Calorie / Beverages,5,19.9,30.2,49.9,1.2,3.1
"Beef, broth, bouillon, or consomme",Meat & Poultry,High-Protein,2,68.1,2.4,29.6,0.0,0.0
Oxtail soup,Soups & Broths,High-Carb / Sugary,0,40.6,6.5,52.9,0.3,0.42
"Beef broth, with tomato, home recipe",Meat & Poultry,High-Carb / Sugary,0,9.3,16.2,74.5,0.6,1.04
"Beef broth, without tomato, home recipe",Meat & Poultry,High-Protein,2,58.4,35.6,6.0,0.0,0.54
"Meatball soup, home recipe, Mexican style",Soups & Broths,Low-Calorie / Beverages,5,25.1,36.5,38.5,1.8,1.33
"Beef noodle soup, Puerto Rican style",Meat & Poultry,High-Protein,2,39.6,41.5,18.9,0.9,0.86
Pho,Other,Low-Calorie / Beverages,5,28.4,48.1,23.5,0.6,0.77
"Beef and rice soup, Puerto Rican style",Meat & Poultry,High-Protein,2,39.4,42.1,18.4,0.9,0.85
Pepperpot soup,Soups & Broths,High-Carb / Sugary,0,28.6,25.4,46.0,0.3,0.79
"Menudo soup, home recipe",Soups & Broths,High-Protein,2,42.4,28.5,29.1,0.5,1.04
"Menudo soup, canned, prepared with water or ready-to-serve",Beverages,Low-Calorie / Beverages,5,31.5,39.2,29.3,1.6,0.52
"Beef vegetable soup with potato, pasta, or rice, chunky style, canned, or ready-to-serve",Meat & Poultry,Low-Calorie / Beverages,5,26.6,51.5,21.8,1.2,1.25
"Beef vegetable soup, home recipe, Mexican style",Meat & Poultry,High-Protein,2,45.2,26.1,28.7,1.2,1.75
"Meat and corn hominy soup, home recipe, Mexican style",Soups & Broths,High-Carb / Sugary,0,34.2,23.4,42.4,0.4,1.52
Italian Wedding Soup,Soups & Broths,Low-Calorie / Beverages,5,27.9,37.5,34.6,0.8,1.53
"Beef stroganoff soup, chunky style, home recipe, canned or ready-to-serve",Meat & Poultry,Low-Calorie / Beverages,5,20.9,36.8,42.3,0.6,1.68
"Ham, noodle, and vegetable soup, Puerto Rican style",Meat & Poultry,High-Protein,2,38.6,41.7,19.7,0.9,1.14
"Pork vegetable soup with potato, pasta, or rice, stew type, chunky style",Meat & Poultry,High-Protein,2,37.7,27.9,34.3,0.8,1.01
"Pork with vegetable excluding carrots, broccoli and/or dark-green leafy; soup, Asian Style",Meat & Poultry,High-Protein,2,41.9,19.3,38.8,0.8,1.13
"Bacon soup, cream of, prepared with water",Meat & Poultry,High-Carb / Sugary,0,10.6,31.8,57.7,0.0,0.27
"Lamb, pasta, and vegetable soup, Puerto Rican style",Meat & Poultry,High-Carb / Sugary,0,21.3,26.8,51.9,1.0,1.01
"Chicken or turkey broth, bouillon, or consomme",Meat & Poultry,High-Protein,2,41.2,28.3,30.4,0.0,0.43
"Chicken or turkey broth, without tomato, home recipe",Meat & Poultry,Low-Calorie / Beverages,5,28.8,40.3,30.9,0.0,1.58
"Chicken or turkey broth, with tomato, home recipe",Meat & Poultry,High-Carb / Sugary,0,6.6,18.4,74.9,0.6,1.34
Mexican style chicken broth soup stock,Meat & Poultry,Low-Calorie / Beverages,5,18.5,58.2,23.3,1.5,2.96
"Beef broth, less or reduced sodium, canned or ready-to-serve",Meat & Poultry,High-Protein,2,76.1,13.4,10.5,0.0,0.2
"Chicken or turkey broth, less or reduced sodium, canned or ready-to-serve",Meat & Poultry,High-Protein,2,78.2,21.8,0.0,0.0,0.22
"Chicken rice soup, Puerto Rican style",Meat & Poultry,Low-Calorie / Beverages,5,37.3,44.4,18.3,0.9,0.49
"Chicken soup with noodles and potatoes, Puerto Rican style",Meat & Poultry,Low-Calorie / Beverages,5,36.2,46.4,17.5,0.9,0.56
"Chicken or turkey gumbo soup, home recipe, canned or ready-to-serve",Meat & Poultry,Balanced Moderate,1,18.5,58.8,22.7,0.8,1.02
"Chicken or turkey noodle soup, chunky style, canned or ready-to-serve",Meat & Poultry,Low-Calorie / Beverages,5,30.4,43.9,25.7,0.8,0.38
Sweet and sour soup,Soups & Broths,Low-Calorie / Beverages,5,33.3,27.3,39.4,0.5,1.19
"Chicken or turkey soup with vegetables, broccoli, carrots, celery, potatoes and onions, Asian style",Meat & Poultry,High-Protein,2,42.8,17.8,39.4,0.6,0.88
"Chicken or turkey corn soup with noodles, home recipe",Meat & Poultry,Low-Calorie / Beverages,5,29.0,45.6,25.3,0.6,1.34
"Chicken or turkey vegetable soup, canned, prepared with water or ready-to-serve",Meat & Poultry,Balanced Moderate,1,23.8,56.4,19.8,0.9,1.01
"Chicken or turkey vegetable soup, stew type",Meat & Poultry,Low-Calorie / Beverages,5,28.3,38.5,33.2,0.6,0.87
"Chicken or turkey vegetable soup with rice, stew type, chunky style",Meat & Poultry,High-Protein,2,37.8,40.0,22.1,0.4,0.6
"Chicken or turkey vegetable soup with noodles, stew type, chunky style, canned or ready-to-serve",Meat & Poultry,Low-Calorie / Beverages,5,28.3,38.5,33.2,0.6,0.87
"Chicken or turkey vegetable soup, home recipe",Meat & Poultry,Low-Calorie / Beverages,5,36.2,33.2,30.6,0.8,1.31
"Chicken or turkey vegetable soup with rice, home recipe, Mexican style",Meat & Poultry,Low-Calorie / Beverages,5,35.2,39.3,25.5,1.2,2.37
"Chicken or turkey and corn hominy soup,  home recipe, Mexican style",Meat & Poultry,High-Protein,2,42.6,27.6,29.8,0.4,1.52
"Chicken or turkey vegetable soup with potato and cheese, chunky style, canned or ready-to-serve",Dairy & Eggs,High-Carb / Sugary,0,7.1,31.7,61.2,0.3,0.64
Bird's nest soup,Soups & Broths,High-Protein,2,47.8,26.9,25.3,0.0,0.29
Hot and sour soup,Soups & Broths,Low-Calorie / Beverages,5,26.7,45.1,28.2,0.5,0.42
"Chicken or turkey soup with vegetables and fruit, Asian Style",Meat & Poultry,High-Protein,2,50.7,21.7,27.7,0.2,1.87
"Chicken or turkey soup, cream of, canned, reduced sodium, NS as to made with milk or water",Dairy & Eggs,Balanced Moderate,1,12.6,66.8,20.6,0.2,0.2
"Chicken or turkey soup, cream of, canned, reduced sodium, made with milk",Dairy & Eggs,Low-Calorie / Beverages,5,19.1,53.4,27.6,0.2,2.64
"Chicken or turkey soup, cream of, canned, reduced sodium, made with water",Meat & Poultry,Balanced Moderate,1,12.6,66.8,20.6,0.2,0.2
"Chicken or turkey soup, cream of, NS as to prepared with milk or water",Dairy & Eggs,High-Carb / Sugary,0,10.6,31.8,57.7,0.0,0.27
"Chicken or turkey soup, cream of, prepared with milk",Dairy & Eggs,Low-Calorie / Beverages,5,16.2,34.2,49.6,0.0,2.72
"Chicken or turkey soup, cream of, prepared with water",Meat & Poultry,High-Carb / Sugary,0,10.6,31.8,57.7,0.0,0.27
"Chicken or turkey mushroom soup, cream of, prepared with milk",Dairy & Eggs,Low-Calorie / Beverages,5,13.3,45.3,41.4,1.6,2.84
"Fish stock, home recipe",Seafood,High-Protein,2,55.4,0.0,44.6,0.0,0.0
Fish chowder,Seafood,High-Carb / Sugary,0,28.7,21.7,49.6,0.8,0.92
"Crab soup, NS as to tomato-base or cream style",Seafood,High-Carb / Sugary,0,40.3,13.6,46.0,0.2,1.02
"Crab soup, tomato-base",Seafood,High-Protein,2,45.7,45.8,8.5,1.2,1.31
"Clam chowder, NS as to Manhattan or New England style",Seafood,Low-Calorie / Beverages,5,21.2,49.1,29.7,0.3,2.66
"Clam chowder, Manhattan",Seafood,Low-Calorie / Beverages,5,21.5,55.9,22.6,1.2,1.67
Turtle and vegetable soup,Vegetables,High-Protein,2,44.8,35.0,20.2,0.8,0.98
"Fish and vegetable soup, no potatoes, Mexican style",Seafood,High-Protein,2,54.3,15.5,30.2,0.3,0.71
"Fish soup with potatoes, Mexican style",Seafood,High-Protein,2,49.3,23.8,27.0,0.3,0.4
"Codfish, rice, and vegetable soup, Puerto Rican style",Vegetables,Low-Calorie / Beverages,5,31.7,45.4,22.9,0.4,0.62
"Codfish soup with noodles, Puerto Rican style",Soups & Broths,Low-Calorie / Beverages,5,31.8,41.8,26.5,0.6,0.69
"Clam chowder, New England, NS as to prepared with water or milk",Dairy & Eggs,Low-Calorie / Beverages,5,21.3,48.9,29.8,0.3,2.81
"Clam chowder, New England, prepared with milk",Dairy & Eggs,Low-Calorie / Beverages,5,21.2,49.1,29.7,0.3,2.66
"Clam chowder, New England, prepared with water",Seafood,Low-Calorie / Beverages,5,17.5,56.9,25.6,0.3,0.19
"Clam chowder, New England, reduced sodium, canned or ready-to-serve",Seafood,Low-Calorie / Beverages,5,13.3,32.4,54.3,0.8,0.0
"Crab soup, cream of, prepared with milk",Dairy & Eggs,High-Carb / Sugary,0,40.3,13.6,46.0,0.2,1.02
Lobster bisque,Seafood,High-Protein,2,41.1,13.4,45.5,0.2,1.02
Lobster gumbo,Seafood,High-Protein,2,41.9,31.2,26.8,0.9,1.78
Oyster stew,Seafood,High-Carb / Sugary,0,21.3,21.3,57.4,0.0,3.52
"Salmon soup, cream style",Seafood,High-Carb / Sugary,0,37.0,11.7,51.3,0.2,1.02
"Shrimp soup, cream of, NS as to prepared with milk or water",Dairy & Eggs,Low-Calorie / Beverages,5,17.7,36.0,46.3,0.1,2.62
"Shrimp soup, cream of, prepared with milk",Dairy & Eggs,Low-Calorie / Beverages,5,17.7,36.0,46.3,0.1,2.62
"Shrimp soup, cream of, prepared with water",Seafood,Low-Calorie / Beverages,5,12.3,36.2,51.5,0.1,0.24
Shrimp gumbo,Seafood,High-Protein,2,42.5,30.1,27.4,0.9,1.78
"Seafood soup with potatoes and vegetables including carrots, broccoli, and/or dark-green leafy",Vegetables,High-Protein,2,39.3,36.3,24.5,0.8,1.07
"Seafood soup with potatoes, and vegetables excluding carrots, broccoli, and dark-green leafy",Vegetables,High-Protein,2,40.2,34.9,25.0,0.7,0.96
"Seafood soup with vegetables including carrots, broccoli, and/or dark-green leafy; no potatoes",Vegetables,High-Protein,2,43.4,28.9,27.7,0.7,1.08
"Seafood soup with vegetables excluding carrots, broccoli, and dark-green leafy; no potatoes",Vegetables,High-Protein,2,44.6,27.1,28.4,0.6,0.96
"Meat broth, Puerto Rican style",Soups & Broths,High-Protein,2,68.1,2.4,29.6,0.0,0.0
"Spanish vegetable soup, Puerto Rican style",Vegetables,High-Carb / Sugary,0,29.8,20.1,50.1,1.2,1.38
"Gravy, poultry",Meat & Poultry,Low-Calorie / Beverages,5,6.0,44.5,49.6,0.1,0.3
"Gravy, beef",Meat & Poultry,Low-Calorie / Beverages,5,27.0,34.7,38.3,0.4,0.21
"Gravy, beef, fat free",Meat & Poultry,Low-Calorie / Beverages,5,27.0,34.7,38.3,0.4,0.21
"Gravy, poultry, fat free",Meat & Poultry,Low-Calorie / Beverages,5,6.0,44.5,49.6,0.1,0.3
"Gravy, made with soy sauce",Condiments & Sauces,Balanced Moderate,1,7.3,87.0,5.8,0.1,3.81
"Gravy, NFS",Condiments & Sauces,Low-Calorie / Beverages,5,27.0,34.7,38.3,0.4,0.21
Oyster sauce,Seafood,Balanced Moderate,1,10.5,85.1,4.4,0.3,0.0
Mole sauce,Condiments & Sauces,Low-Calorie / Beverages,5,4.8,52.9,42.2,1.0,7.1
"Egg, whole, raw",Dairy & Eggs,High-Carb / Sugary,0,36.2,2.1,61.7,0.0,0.37
"Egg, whole, cooked, NS as to cooking method",Dairy & Eggs,High-Carb / Sugary,0,28.0,1.6,70.4,0.0,0.35
"Egg, whole, boiled or poached",Dairy & Eggs,High-Carb / Sugary,0,36.2,2.1,61.7,0.0,0.37
"Egg, whole, fried, NS as to fat",Dairy & Eggs,High-Carb / Sugary,0,26.0,1.5,72.5,0.0,0.35
"Egg, whole, fried no added fat",Dairy & Eggs,High-Carb / Sugary,0,36.2,2.1,61.7,0.0,0.37
"Egg, whole, fried with margarine",Dairy & Eggs,High-Carb / Sugary,0,27.9,1.7,70.3,0.0,0.34
"Egg, whole, fried with oil",Dairy & Eggs,High-Carb / Sugary,0,24.9,1.4,73.7,0.0,0.34
"Egg, whole, fried with butter",Dairy & Eggs,High-Carb / Sugary,0,26.6,1.5,71.9,0.0,0.35
"Egg, whole, fried with animal fat or meat drippings",Dairy & Eggs,High-Carb / Sugary,0,25.8,1.5,72.8,0.0,0.34
"Egg, whole, fried with cooking spray",Dairy & Eggs,High-Carb / Sugary,0,34.3,2.5,63.2,0.0,0.36
"Egg, whole, fried, NS as to fat type",Dairy & Eggs,High-Carb / Sugary,0,26.0,1.5,72.5,0.0,0.35
"Egg, whole, fried, from fast food / restaurant",Dairy & Eggs,High-Carb / Sugary,0,24.9,1.4,73.7,0.0,0.34
"Egg, whole, baked, NS as to fat",Dairy & Eggs,High-Carb / Sugary,0,26.0,1.5,72.5,0.0,0.35
"Egg, whole, baked, no added fat",Dairy & Eggs,High-Carb / Sugary,0,36.2,2.1,61.7,0.0,0.37
"Egg, whole, baked, fat added",Dairy & Eggs,High-Carb / Sugary,0,26.0,1.5,72.5,0.0,0.35
"Egg, whole, pickled",Dairy & Eggs,High-Carb / Sugary,0,33.5,3.0,63.6,0.0,1.11
"Egg, white only, raw",Dairy & Eggs,High-Protein,2,90.7,6.1,3.2,0.0,0.71
"Egg, white, cooked, NS as to fat",Dairy & Eggs,High-Carb / Sugary,0,42.3,2.9,54.8,0.0,0.66
"Egg, white, cooked, no added fat",Dairy & Eggs,High-Protein,2,90.7,6.1,3.2,0.0,0.71
"Egg, white, cooked, fat added",Dairy & Eggs,High-Carb / Sugary,0,42.3,2.9,54.8,0.0,0.66
"Egg, yolk only, raw",Dairy & Eggs,High-Carb / Sugary,0,20.0,4.5,75.4,0.0,0.56
"Egg, yolk only, cooked, NS as to fat",Dairy & Eggs,High-Carb / Sugary,0,17.1,3.9,79.0,0.0,0.52
"Egg, yolk only, cooked, no added fat",Dairy & Eggs,High-Carb / Sugary,0,20.0,4.5,75.4,0.0,0.56
"Egg, yolk only, cooked, fat added",Dairy & Eggs,High-Carb / Sugary,0,17.1,3.9,79.0,0.0,0.52
"Duck egg, cooked",Dairy & Eggs,High-Carb / Sugary,0,21.7,2.5,75.8,0.0,0.87
"Goose egg, cooked",Dairy & Eggs,High-Carb / Sugary,0,23.6,2.3,74.1,0.0,0.88
"Quail egg, canned",Dairy & Eggs,High-Carb / Sugary,0,34.0,1.1,65.0,0.0,0.4
"Egg, creamed",Dairy & Eggs,High-Carb / Sugary,0,21.4,15.2,63.4,0.1,3.01
"Egg, Benedict",Dairy & Eggs,High-Carb / Sugary,0,19.5,12.1,68.4,0.6,1.14
"Egg, deviled",Dairy & Eggs,High-Carb / Sugary,0,23.8,2.2,74.0,0.0,1.07
"Egg salad, made with mayonnaise",Dairy & Eggs,High-Carb / Sugary,0,16.2,1.6,82.2,0.0,1.01
"Egg salad, made with light mayonnaise",Dairy & Eggs,High-Carb / Sugary,0,23.7,6.7,69.6,0.0,1.63
"Egg salad, made with mayonnaise-type salad dressing",Dairy & Eggs,High-Carb / Sugary,0,23.5,9.2,67.3,0.0,2.95
"Egg salad, made with light mayonnaise-type salad dressing",Dairy & Eggs,High-Carb / Sugary,0,23.7,6.7,69.6,0.0,1.63
"Egg salad, made with creamy dressing",Dairy & Eggs,High-Carb / Sugary,0,19.5,4.1,76.4,0.0,1.86
"Egg salad, made with light creamy dressing",Dairy & Eggs,High-Carb / Sugary,0,26.8,6.2,66.9,0.0,2.08
"Egg salad, made with Italian dressing",Dairy & Eggs,High-Carb / Sugary,0,23.8,8.0,68.1,0.0,3.11
"Egg salad, made with light Italian dressing",Dairy & Eggs,High-Carb / Sugary,0,25.3,5.4,69.3,0.0,1.27
"Egg Salad, made with any type of fat free dressing",Dairy & Eggs,High-Carb / Sugary,0,28.9,12.6,58.5,0.4,3.14
Huevos rancheros,Other,Low-Calorie / Beverages,5,22.5,28.9,48.6,1.6,2.31
"Egg casserole with bread, cheese, milk and meat",Dairy & Eggs,High-Carb / Sugary,0,26.5,23.5,49.9,0.4,2.81
"Egg foo yung, NFS",Dairy & Eggs,High-Carb / Sugary,0,38.8,16.8,44.4,0.3,3.14
Chicken egg foo yung,Dairy & Eggs,High-Carb / Sugary,0,38.2,13.9,47.9,0.3,3.13
Pork egg foo yung,Dairy & Eggs,High-Carb / Sugary,0,36.9,12.9,50.1,0.3,3.13
Shrimp egg foo yung,Dairy & Eggs,High-Carb / Sugary,0,38.8,16.8,44.4,0.3,3.14
Beef egg foo yung,Dairy & Eggs,High-Carb / Sugary,0,38.3,12.9,48.8,0.3,3.13
"Ripe plantain omelet, Puerto Rican style",Fruits,Low-Calorie / Beverages,5,11.4,31.3,57.4,0.9,9.92
"Scrambled eggs with jerked beef, Puerto Rican style",Dairy & Eggs,High-Carb / Sugary,0,32.9,4.6,62.5,0.2,2.01
"Eggs a la Malaguena, Puerto Rican style",Dairy & Eggs,High-Carb / Sugary,0,35.3,20.3,44.4,1.7,2.15
Shrimp-egg patty,Dairy & Eggs,High-Carb / Sugary,0,23.6,9.8,66.7,0.6,1.23
"Egg omelet or scrambled egg, NS as to fat",Dairy & Eggs,High-Carb / Sugary,0,26.0,1.5,72.5,0.0,0.35
"Egg omelet or scrambled egg, made with margarine",Dairy & Eggs,High-Carb / Sugary,0,27.9,1.7,70.3,0.0,0.34
"Egg omelet or scrambled egg, made with oil",Dairy & Eggs,High-Carb / Sugary,0,24.9,1.4,73.7,0.0,0.34
"Egg omelet or scrambled egg, made with butter",Dairy & Eggs,High-Carb / Sugary,0,26.6,1.5,71.9,0.0,0.35
"Egg omelet or scrambled egg, made with animal fat or meat drippings",Dairy & Eggs,High-Carb / Sugary,0,25.8,1.5,72.8,0.0,0.34
"Egg omelet or scrambled egg, made with cooking spray",Dairy & Eggs,High-Carb / Sugary,0,34.3,2.5,63.2,0.0,0.36
"Egg omelet or scrambled egg, NS as to fat type",Dairy & Eggs,High-Carb / Sugary,0,26.0,1.5,72.5,0.0,0.35
"Egg omelet or scrambled egg, no added fat",Dairy & Eggs,High-Carb / Sugary,0,36.2,2.1,61.7,0.0,0.37
"Egg omelet or scrambled egg, from fast food / restaurant",Dairy & Eggs,High-Carb / Sugary,0,24.9,1.4,73.7,0.0,0.34
"Egg omelet or scrambled egg, with cheese, made with margarine",Dairy & Eggs,High-Carb / Sugary,0,26.8,2.4,70.8,0.0,0.59
"Egg omelet or scrambled egg, with cheese, made with oil",Dairy & Eggs,High-Carb / Sugary,0,24.5,2.1,73.3,0.0,0.59
"Egg omelet or scrambled egg, with cheese, made with butter",Dairy & Eggs,High-Carb / Sugary,0,25.8,2.2,72.0,0.0,0.6
"Egg omelet or scrambled egg, with cheese, made with animal fat or meat drippings",Dairy & Eggs,High-Carb / Sugary,0,25.2,2.2,72.7,0.0,0.59
"Egg omelet or scrambled egg, with cheese, made with cooking spray",Dairy & Eggs,High-Carb / Sugary,0,31.3,3.1,65.6,0.0,0.62
"Egg omelet or scrambled egg, with cheese, no added fat",Dairy & Eggs,High-Carb / Sugary,0,32.5,2.8,64.6,0.0,0.63
"Egg omelet or scrambled egg, with meat, NS as to fat",Dairy & Eggs,High-Carb / Sugary,0,27.1,1.7,71.2,0.0,0.41
"Egg omelet or scrambled egg, with meat, made with margarine",Dairy & Eggs,High-Carb / Sugary,0,28.9,1.9,69.3,0.0,0.41
"Egg omelet or scrambled egg, with meat, made with oil",Dairy & Eggs,High-Carb / Sugary,0,26.2,1.6,72.2,0.0,0.41
"Egg omelet or scrambled egg, with meat, made with butter",Dairy & Eggs,High-Carb / Sugary,0,27.7,1.7,70.6,0.0,0.42
"Egg omelet or scrambled egg, with meat, made with animal fat or meat drippings",Dairy & Eggs,High-Carb / Sugary,0,27.0,1.6,71.4,0.0,0.41
"Egg omelet or scrambled egg, with meat, made with cooking spray",Dairy & Eggs,High-Carb / Sugary,0,34.1,2.5,63.4,0.0,0.43
"Egg omelet or scrambled egg, with meat, NS as to fat type",Dairy & Eggs,High-Carb / Sugary,0,27.1,1.7,71.2,0.0,0.41
"Egg omelet or scrambled egg, with meat, no added fat",Dairy & Eggs,High-Carb / Sugary,0,35.6,2.2,62.2,0.0,0.44
"Egg omelet or scrambled egg, with cheese and meat, NS as to fat",Dairy & Eggs,High-Carb / Sugary,0,26.1,2.2,71.7,0.0,0.62
"Egg omelet or scrambled egg, with cheese and meat, made with margarine",Dairy & Eggs,High-Carb / Sugary,0,27.4,2.5,70.1,0.0,0.62
"Egg omelet or scrambled egg, with cheese and meat, made with oil",Dairy & Eggs,High-Carb / Sugary,0,25.3,2.2,72.5,0.0,0.62
"Egg omelet or scrambled egg, with cheese and meat, made with butter",Dairy & Eggs,High-Carb / Sugary,0,26.5,2.3,71.3,0.0,0.62
"Egg omelet or scrambled egg, with cheese and meat, made with animal fat or meat drippings",Dairy & Eggs,High-Carb / Sugary,0,25.9,2.2,71.9,0.0,0.62
"Egg omelet or scrambled egg, with cheese and meat, made with cooking spray",Dairy & Eggs,High-Carb / Sugary,0,31.5,3.1,65.5,0.0,0.64
"Egg omelet or scrambled egg, with cheese and meat, NS as to fat type",Dairy & Eggs,High-Carb / Sugary,0,26.1,2.2,71.7,0.0,0.62
"Egg omelet or scrambled egg, with cheese and meat, no added fat",Dairy & Eggs,High-Carb / Sugary,0,32.6,2.8,64.6,0.0,0.65
"Egg omelet or scrambled egg, with tomatoes, fat added",Dairy & Eggs,High-Carb / Sugary,0,25.7,3.1,71.1,0.2,0.72
"Egg omelet or scrambled egg, with tomatoes, no added fat",Dairy & Eggs,High-Carb / Sugary,0,35.6,4.3,60.1,0.2,0.77
"Egg omelet or scrambled egg, with tomatoes, NS as to fat",Dairy & Eggs,High-Carb / Sugary,0,25.7,3.1,71.1,0.2,0.72
"Egg omelet or scrambled egg, with dark-green vegetables, fat added",Dairy & Eggs,High-Carb / Sugary,0,26.1,3.1,70.8,0.3,0.46
"Egg omelet or scrambled egg, with dark-green vegetables, no added fat",Dairy & Eggs,High-Carb / Sugary,0,36.1,4.2,59.7,0.3,0.48
"Egg omelet or scrambled egg, with dark-green vegetables, NS as to fat",Dairy & Eggs,High-Carb / Sugary,0,26.1,3.1,70.8,0.3,0.46
"Egg omelet or scrambled egg, with tomatoes and dark-green vegetables, fat added",Dairy & Eggs,High-Carb / Sugary,0,25.9,3.2,70.8,0.3,0.6
"Egg omelet or scrambled egg, with tomatoes and dark-green vegetables, no fat added",Dairy & Eggs,High-Carb / Sugary,0,35.8,4.4,59.8,0.3,0.64
"Egg omelet or scrambled egg, with tomatoes and dark-green vegetables, NS as to fat",Dairy & Eggs,High-Carb / Sugary,0,25.9,3.2,70.8,0.3,0.6
"Egg omelet or scrambled egg, with vegetables other than dark green and/or tomatoes, fat added",Dairy & Eggs,High-Carb / Sugary,0,26.3,2.9,70.8,0.2,0.64
"Egg omelet or scrambled egg, with vegetables other than dark green and/or tomatoes, no added fat",Dairy & Eggs,High-Carb / Sugary,0,36.3,4.0,59.7,0.2,0.68
"Egg omelet or scrambled egg, with vegetables other than dark green and/or tomatoes, NS as to fat",Dairy & Eggs,High-Carb / Sugary,0,26.3,2.9,70.8,0.2,0.64
"Egg omelet or scrambled egg, with cheese and tomatoes, fat added",Dairy & Eggs,High-Carb / Sugary,0,25.2,3.5,71.4,0.2,0.9
"Egg omelet or scrambled egg, with cheese and tomatoes, no added fat",Dairy & Eggs,High-Carb / Sugary,0,32.1,4.4,63.4,0.2,0.95
"Egg omelet or scrambled egg, with cheese and tomatoes, NS as to fat",Dairy & Eggs,High-Carb / Sugary,0,25.2,3.5,71.4,0.2,0.9
"Egg omelet or scrambled egg, with cheese and dark-green vegetables, fat added",Dairy & Eggs,High-Carb / Sugary,0,25.5,3.4,71.1,0.3,0.66
"Egg omelet or scrambled egg, with cheese and dark-green vegetables, no added fat",Dairy & Eggs,High-Carb / Sugary,0,32.5,4.4,63.1,0.3,0.7
"Egg omelet or scrambled egg, with cheese and dark-green vegetables, NS as to fat",Dairy & Eggs,High-Carb / Sugary,0,25.5,3.4,71.1,0.3,0.66
"Egg omelet or scrambled egg, with cheese, tomatoes, and dark-green vegetables, fat added",Dairy & Eggs,High-Carb / Sugary,0,25.3,3.6,71.1,0.2,0.79
"Egg omelet or scrambled egg, with cheese, tomatoes, and dark-green vegetables, no added fat",Dairy & Eggs,High-Carb / Sugary,0,32.3,4.5,63.2,0.2,0.84
"Egg omelet or scrambled egg, with cheese, tomatoes, and dark-green vegetables, NS as to fat",Dairy & Eggs,High-Carb / Sugary,0,25.3,3.6,71.1,0.2,0.79
"Egg omelet or scrambled egg, with cheese and vegetables other than dark green and/or tomatoes, fat added",Dairy & Eggs,High-Carb / Sugary,0,25.6,3.3,71.1,0.1,0.83
"Egg omelet or scrambled egg, with cheese and vegetables other than dark green and/or tomatoes, no added fat",Dairy & Eggs,High-Carb / Sugary,0,32.7,4.2,63.1,0.2,0.87
"Egg omelet or scrambled egg, with cheese and vegetables other than dark green and/or tomatoes, NS as to fat",Dairy & Eggs,High-Carb / Sugary,0,25.6,3.3,71.1,0.1,0.83
"Egg omelet or scrambled egg, with meat and tomatoes, fat added",Dairy & Eggs,High-Carb / Sugary,0,26.6,3.1,70.3,0.2,0.74
"Egg omelet or scrambled egg, with meat and tomatoes, no added fat",Dairy & Eggs,High-Carb / Sugary,0,35.3,4.1,60.7,0.2,0.78
"Egg omelet or scrambled egg, with meat and tomatoes, NS as to fat",Dairy & Eggs,High-Carb / Sugary,0,26.6,3.1,70.3,0.2,0.74
"Egg omelet or scrambled egg, with meat and dark-green vegetables, fat added",Dairy & Eggs,High-Carb / Sugary,0,26.9,3.0,70.0,0.3,0.49
"Egg omelet or scrambled egg, with meat and dark-green vegetables, no added fat",Dairy & Eggs,High-Carb / Sugary,0,35.6,4.0,60.4,0.3,0.52
"Egg omelet or scrambled egg, with meat and dark-green vegetables, NS as to fat",Dairy & Eggs,High-Carb / Sugary,0,26.9,3.0,70.0,0.3,0.49
"Egg omelet or scrambled egg, with meat, tomatoes, and dark-green vegetables, fat added",Dairy & Eggs,High-Carb / Sugary,0,27.1,3.1,69.8,0.2,0.64
"Egg omelet or scrambled egg, with meat, tomatoes, and dark-green vegetables, no added fat",Dairy & Eggs,High-Carb / Sugary,0,35.3,4.0,60.7,0.2,0.67
"Egg omelet or scrambled egg, with meat, tomatoes, and dark-green vegetables, NS as to fat",Dairy & Eggs,High-Carb / Sugary,0,27.1,3.1,69.8,0.2,0.64
"Egg omelet or scrambled egg, with meat and vegetables other than dark-green and/or tomatoes, fat added",Dairy & Eggs,High-Carb / Sugary,0,27.1,2.9,70.1,0.2,0.66
"Egg omelet or scrambled egg, with meat and vegetables other than dark-green and/or tomatoes, no added fat",Dairy & Eggs,High-Carb / Sugary,0,35.8,3.8,60.4,0.2,0.69
"Egg omelet or scrambled egg, with meat and vegetables other than dark-green and/or tomatoes, NS as to fat",Dairy & Eggs,High-Carb / Sugary,0,27.1,2.9,70.1,0.2,0.66
"Egg omelet or scrambled egg, with cheese, meat, and tomatoes, fat added",Dairy & Eggs,High-Carb / Sugary,0,25.9,2.9,71.2,0.1,0.78
"Egg omelet or scrambled egg, with cheese, meat, and tomatoes, no added fat",Dairy & Eggs,High-Carb / Sugary,0,32.4,3.6,64.0,0.1,0.82
"Egg omelet or scrambled egg, with cheese, meat, and tomatoes, NS as to fat",Dairy & Eggs,High-Carb / Sugary,0,25.9,2.9,71.2,0.1,0.78
"Egg omelet or scrambled egg, with cheese, meat, and dark-green vegetables, fat added",Dairy & Eggs,High-Carb / Sugary,0,26.1,2.8,71.0,0.1,0.65
"Egg omelet or scrambled egg, with cheese, meat, and dark-green vegetables, no added fat",Dairy & Eggs,High-Carb / Sugary,0,32.6,3.6,63.8,0.2,0.68
"Egg omelet or scrambled egg, with cheese, meat, and dark-green vegetables, NS as to fat",Dairy & Eggs,High-Carb / Sugary,0,26.1,2.8,71.0,0.1,0.65
"Egg omelet or scrambled egg, with cheese, meat, tomatoes, and dark-green vegetables, fat added",Dairy & Eggs,High-Carb / Sugary,0,26.0,3.5,70.5,0.2,0.8
"Egg omelet or scrambled egg, with cheese, meat, tomatoes, and dark-green vegetables, no added fat",Dairy & Eggs,High-Carb / Sugary,0,32.4,4.3,63.3,0.2,0.84
"Egg omelet or scrambled egg, with cheese, meat, tomatoes, and dark-green vegetables, NS as to fat",Dairy & Eggs,High-Carb / Sugary,0,26.0,3.5,70.5,0.2,0.8
"Egg omelet or scrambled egg, with cheese, meat, and vegetables other than dark-green and/or tomatoes, fat added",Dairy & Eggs,High-Carb / Sugary,0,26.2,2.8,71.0,0.1,0.74
"Egg omelet or scrambled egg, with cheese, meat, and vegetables other than dark-green and/or tomatoes, no added fat",Dairy & Eggs,High-Carb / Sugary,0,32.7,3.5,63.8,0.1,0.77
"Egg omelet or scrambled egg, with cheese, meat, and vegetables other than dark-green and/or tomatoes, NS as to fat",Dairy & Eggs,High-Carb / Sugary,0,26.2,2.8,71.0,0.1,0.74
"Egg omelet or scrambled egg, with potatoes and/or onions, fat added",Dairy & Eggs,High-Carb / Sugary,0,25.0,6.6,68.4,0.3,0.6
"Egg omelet or scrambled egg, with potatoes and/or onions, no added fat",Dairy & Eggs,High-Carb / Sugary,0,34.2,9.0,56.8,0.3,0.64
"Egg omelet or scrambled egg, with potatoes and/or onions, NS as to fat",Dairy & Eggs,High-Carb / Sugary,0,25.0,6.6,68.4,0.3,0.6
"Egg, cheese, ham, and bacon on bun",Dairy & Eggs,High-Carb / Sugary,0,23.5,28.0,48.4,0.6,2.78
"Egg, cheese, and ham on English muffin",Dairy & Eggs,Low-Calorie / Beverages,5,23.9,38.0,38.1,0.4,2.13
"Egg, cheese, and ham on biscuit",Dairy & Eggs,High-Carb / Sugary,0,19.0,23.2,57.8,0.4,1.98
"Egg, cheese and ham on bagel",Dairy & Eggs,Low-Calorie / Beverages,5,21.2,30.7,48.1,0.5,3.11
"Egg, cheese, and sausage on English muffin",Dairy & Eggs,High-Carb / Sugary,0,18.7,24.4,56.9,0.2,1.49
"Egg, cheese, and sausage on bun",Dairy & Eggs,High-Carb / Sugary,0,20.2,26.7,53.2,0.6,3.54
"Egg, cheese, and steak on bagel",Dairy & Eggs,Low-Calorie / Beverages,5,22.6,32.6,44.8,0.2,2.97
"Egg, cheese, and sausage on biscuit",Dairy & Eggs,High-Carb / Sugary,0,11.8,26.7,61.5,2.0,3.1
"Egg, cheese, and sausage griddle cake sandwich",Dairy & Eggs,Low-Calorie / Beverages,5,14.8,30.3,54.9,0.6,7.9
Egg and sausage on biscuit,Dairy & Eggs,High-Carb / Sugary,0,14.1,26.7,59.2,0.2,0.95
"Egg, cheese, and bacon on biscuit",Dairy & Eggs,Low-Calorie / Beverages,5,15.8,32.3,51.9,0.2,1.74
"Egg, cheese, and bacon griddle cake sandwich",Dairy & Eggs,Low-Calorie / Beverages,5,17.7,38.6,43.7,0.8,9.56
"Egg, cheese, and bacon on English muffin",Dairy & Eggs,Low-Calorie / Beverages,5,23.9,38.0,38.1,0.4,2.13
"Egg, cheese and bacon on bagel",Dairy & Eggs,Low-Calorie / Beverages,5,21.4,33.6,44.9,0.6,4.19
Egg and bacon on biscuit,Dairy & Eggs,High-Carb / Sugary,0,14.7,24.7,60.5,0.5,2.19
Egg and ham on biscuit,Dairy & Eggs,High-Carb / Sugary,0,18.1,27.9,54.0,0.4,2.2
"Egg, cheese and sausage on bagel",Dairy & Eggs,Low-Calorie / Beverages,5,17.6,30.7,51.7,0.2,2.87
Egg and steak on biscuit,Dairy & Eggs,Low-Calorie / Beverages,5,15.1,31.8,53.1,1.4,2.28
Egg and cheese on biscuit,Dairy & Eggs,High-Carb / Sugary,0,13.5,23.1,63.4,0.9,2.5
Egg salad sandwich,Dairy & Eggs,High-Carb / Sugary,0,12.5,23.8,63.7,0.8,2.46
Scrambled egg sandwich,Dairy & Eggs,Low-Calorie / Beverages,5,18.8,42.3,38.8,1.1,2.74
Egg drop soup,Dairy & Eggs,Balanced Moderate,1,17.0,62.9,20.1,0.4,0.09
"Garlic egg soup, Puerto Rican style",Dairy & Eggs,High-Carb / Sugary,0,18.9,27.1,54.1,0.2,0.99
"Egg white omelet, scrambled, or fried, NS as to fat",Dairy & Eggs,High-Carb / Sugary,0,42.3,2.9,54.8,0.0,0.66
"Egg white omelet, scrambled, or fried, made with margarine",Dairy & Eggs,High-Protein,2,48.9,3.5,47.6,0.0,0.66
"Egg white omelet, scrambled, or fried, made with oil",Dairy & Eggs,High-Carb / Sugary,0,39.3,2.6,58.1,0.0,0.66
"Egg white omelet, scrambled, or fried, made with butter",Dairy & Eggs,High-Carb / Sugary,0,44.1,2.9,53.0,0.0,0.67
"Egg white omelet, scrambled, or fried, made with cooking spray",Dairy & Eggs,High-Protein,2,78.0,6.7,15.3,0.0,0.7
"Egg white omelet, scrambled, or fried, NS as to fat type",Dairy & Eggs,High-Carb / Sugary,0,42.3,2.9,54.8,0.0,0.66
"Egg white omelet, scrambled, or fried, no added fat",Dairy & Eggs,High-Protein,2,90.7,6.1,3.2,0.0,0.71
"Egg white, omelet, scrambled, or fried, with cheese",Dairy & Eggs,High-Carb / Sugary,0,35.7,3.5,60.8,0.0,0.87
"Egg white, omelet, scrambled, or fried, with meat",Dairy & Eggs,High-Carb / Sugary,0,39.9,2.8,57.3,0.0,0.69
"Egg white, omelet, scrambled, or fried, with vegetables",Dairy & Eggs,High-Carb / Sugary,0,41.8,5.7,52.5,0.3,0.73
"Egg white, omelet, scrambled, or fried, with cheese and meat",Dairy & Eggs,High-Carb / Sugary,0,35.4,3.4,61.3,0.0,0.87
"Egg white, omelet, scrambled, or fried, with cheese and vegetables",Dairy & Eggs,High-Carb / Sugary,0,35.6,5.4,59.0,0.3,0.91
"Egg white, omelet, scrambled, or fried, with meat and vegetables",Dairy & Eggs,High-Carb / Sugary,0,40.2,5.1,54.7,0.3,0.75
"Egg white, omelet, scrambled, or fried, with cheese, meat, and vegetables",Dairy & Eggs,High-Carb / Sugary,0,35.3,4.3,60.4,0.1,0.89
Meringues,Other,High-Fat / Oils,3,8.9,90.6,0.4,0.0,73.06
"Egg substitute, omelet, scrambled, or fried, fat added",Dairy & Eggs,High-Carb / Sugary,0,38.8,7.8,53.3,0.0,1.86
"Egg substitute, omelet, scrambled, or fried, no added fat",Dairy & Eggs,High-Protein,2,83.4,16.6,0.0,0.0,1.99
"Egg substitute, omelet, scrambled, or fried, with cheese",Dairy & Eggs,High-Carb / Sugary,0,33.4,6.8,59.8,0.0,1.92
"Egg substitute, omelet, scrambled, or fried, with meat",Dairy & Eggs,High-Carb / Sugary,0,37.4,6.4,56.2,0.0,1.75
"Egg substitute, omelet, scrambled, or fried, with vegetables",Dairy & Eggs,High-Carb / Sugary,0,38.5,10.4,51.1,0.3,1.79
"Egg substitute, omelet, scrambled, or fried, with cheese and meat",Dairy & Eggs,High-Carb / Sugary,0,33.4,6.2,60.4,0.0,1.85
"Egg substitute, omelet, scrambled, or fried, with cheese and vegetables",Dairy & Eggs,High-Carb / Sugary,0,33.4,8.5,58.1,0.3,1.85
"Egg substitute, omelet, scrambled, or fried, with meat and vegetables",Dairy & Eggs,High-Carb / Sugary,0,37.5,8.9,53.6,0.3,1.72
"Egg substitute, omelet, scrambled, or fried, with cheese, meat, and vegetables",Dairy & Eggs,High-Carb / Sugary,0,33.3,7.0,59.6,0.1,1.81
"Beans, NFS",Fast Food & Prepared,High-Fiber / Plant-based,4,17.4,49.5,33.2,8.3,0.31
"Beans, from dried, NS as to type, fat added",Fast Food & Prepared,High-Fiber / Plant-based,4,17.4,49.5,33.2,8.3,0.31
"Beans, from dried, NS as to type, no added fat",Fast Food & Prepared,High-Fiber / Plant-based,4,24.9,71.2,3.9,8.9,0.33
"Beans, from canned, NS as to type, fat added",Fast Food & Prepared,High-Fiber / Plant-based,4,16.3,51.1,32.6,8.0,1.31
"Beans, from canned, NS as to type, no added fat",Fast Food & Prepared,High-Fiber / Plant-based,4,22.9,71.9,5.2,8.3,1.36
"Beans, from fast food / restaurant, NS as to type",Fast Food & Prepared,Low-Calorie / Beverages,5,16.8,43.2,40.1,5.7,0.31
"White beans, NFS",Fast Food & Prepared,Low-Calorie / Beverages,5,18.9,48.9,32.2,5.9,0.32
"White beans, from dried, fat added",Other,Low-Calorie / Beverages,5,18.9,48.9,32.2,5.9,0.32
"White beans, from dried, no added fat",Other,Balanced Moderate,1,27.3,70.5,2.2,6.3,0.34
"White beans, from canned, fat added",Other,High-Fiber / Plant-based,4,19.4,55.3,25.3,6.9,2.0
"White beans, from canned, no added fat",Other,High-Fiber / Plant-based,4,25.2,71.8,3.0,7.2,2.07
"White beans, from canned, reduced sodium",Other,High-Fiber / Plant-based,4,19.4,55.3,25.3,6.9,2.0
"Black beans, NFS",Fast Food & Prepared,High-Fiber / Plant-based,4,17.9,47.9,34.3,8.1,0.3
"Black beans, from dried, fat added",Other,High-Fiber / Plant-based,4,17.9,47.9,34.3,8.1,0.3
"Black beans, from dried, no added fat",Other,High-Fiber / Plant-based,4,26.2,70.2,3.6,8.6,0.32
"Black beans, from canned, fat added",Other,High-Fiber / Plant-based,4,18.9,51.7,29.4,9.8,0.33
"Black beans, from canned, no added fat",Other,High-Fiber / Plant-based,4,26.0,71.2,2.8,10.1,0.34
"Black beans, from canned, reduced sodium",Other,High-Fiber / Plant-based,4,18.9,51.7,29.4,9.8,0.33
"Black beans, from fast food / restaurant",Other,High-Fiber / Plant-based,4,15.7,42.1,42.1,7.8,0.29
Black beans with meat,Other,High-Fiber / Plant-based,4,23.6,42.4,34.1,7.0,0.36
"Fava beans, cooked","Legumes, Nuts & Seeds",Low-Calorie / Beverages,5,17.3,44.8,37.9,5.0,1.69
"Lima beans, NFS",Fast Food & Prepared,High-Fiber / Plant-based,4,17.2,46.1,36.7,6.5,2.7
"Lima beans, from dried",Other,High-Fiber / Plant-based,4,17.2,46.1,36.7,6.5,2.7
"Pink beans, cooked",Other,Low-Calorie / Beverages,5,16.8,51.9,31.3,4.9,0.34
"Pinto beans, NFS","Legumes, Nuts & Seeds",High-Fiber / Plant-based,4,17.2,50.0,32.8,8.4,0.32
"Pinto beans, from dried, fat added","Legumes, Nuts & Seeds",High-Fiber / Plant-based,4,17.2,50.0,32.8,8.4,0.32
"Pinto beans, from dried, no added fat","Legumes, Nuts & Seeds",High-Fiber / Plant-based,4,24.6,71.4,4.0,8.9,0.34
"Pinto beans, from canned, fat added","Legumes, Nuts & Seeds",High-Fiber / Plant-based,4,15.4,51.0,33.6,7.4,1.64
"Pinto beans, from canned, no added fat","Legumes, Nuts & Seeds",High-Fiber / Plant-based,4,21.9,72.2,6.0,7.7,1.7
"Pinto beans, from canned, reduced sodium","Legumes, Nuts & Seeds",High-Fiber / Plant-based,4,15.4,50.9,33.6,7.4,1.64
"Pinto beans, from fast food / restaurant","Legumes, Nuts & Seeds",High-Fiber / Plant-based,4,15.2,44.3,40.5,8.1,0.31
Pinto beans with meat,"Legumes, Nuts & Seeds",High-Fiber / Plant-based,4,22.7,44.5,32.8,7.2,0.38
"Kidney beans, NFS",Meat & Poultry,High-Fiber / Plant-based,4,17.9,47.2,34.9,6.9,0.3
"Kidney beans, from dried, fat added",Meat & Poultry,High-Fiber / Plant-based,4,17.9,47.2,34.9,6.9,0.3
"Kidney beans, from dried, no added fat",Meat & Poultry,High-Fiber / Plant-based,4,26.6,69.9,3.5,7.4,0.32
"Kidney beans, from canned, fat added",Meat & Poultry,High-Fiber / Plant-based,4,17.6,50.1,32.3,7.7,2.97
"Kidney beans, from canned, no added fat",Meat & Poultry,High-Fiber / Plant-based,4,25.0,71.1,3.9,8.0,3.08
"Kidney beans, from canned, reduced sodium",Meat & Poultry,High-Fiber / Plant-based,4,17.6,50.1,32.3,8.5,2.97
"Kidney beans, from fast food / restaurant",Meat & Poultry,High-Fiber / Plant-based,4,15.7,41.4,42.9,6.7,0.29
Kidney beans with meat,Meat & Poultry,Low-Calorie / Beverages,5,23.7,41.6,34.6,5.9,0.36
"Peruvian beans, from dried",Other,High-Fiber / Plant-based,4,17.4,48.0,34.6,9.7,0.32
"Soybeans, cooked",Other,High-Carb / Sugary,0,29.1,13.4,57.5,5.6,2.79
"Mung beans, cooked",Other,High-Fiber / Plant-based,4,16.4,44.8,38.8,7.1,1.86
Baked beans,Other,Balanced Moderate,1,16.1,76.8,7.1,4.4,8.23
"Baked beans, vegetarian",Other,Balanced Moderate,1,17.8,79.1,3.1,4.1,7.96
Baked beans from fast food / restaurant,Other,Balanced Moderate,1,14.3,75.8,9.9,4.3,10.38
"Beans and tomatoes, no added fat",Other,Balanced Moderate,1,24.2,71.4,4.4,6.4,1.39
"Beans and tomatoes, fat added",Other,Low-Calorie / Beverages,5,16.6,49.0,34.4,6.1,1.32
Black bean salad,"Legumes, Nuts & Seeds",Low-Calorie / Beverages,5,12.6,51.8,35.6,3.4,3.53
Refried beans,"Legumes, Nuts & Seeds",Balanced Moderate,1,21.6,58.8,19.6,3.7,0.54
"Refried beans, from fast food / restaurant","Legumes, Nuts & Seeds",High-Fiber / Plant-based,4,15.1,36.7,48.1,7.8,0.76
Refried beans with meat,"Legumes, Nuts & Seeds",Low-Calorie / Beverages,5,31.0,46.6,22.4,3.2,0.57
"Refried beans, from canned, reduced sodium","Legumes, Nuts & Seeds",Balanced Moderate,1,21.6,58.8,19.6,3.7,0.54
"Bean dip, made with refried beans","Legumes, Nuts & Seeds",Low-Calorie / Beverages,5,18.3,53.6,28.1,4.9,0.99
Layer dip,Condiments & Sauces,High-Carb / Sugary,0,14.1,17.3,68.7,2.1,1.71
"Hummus, plain","Legumes, Nuts & Seeds",Low-Calorie / Beverages,5,12.0,29.2,58.8,5.9,2.91
"Hummus, flavored","Legumes, Nuts & Seeds",Low-Calorie / Beverages,5,12.0,29.0,59.0,5.9,2.93
Black bean sauce,"Legumes, Nuts & Seeds",Low-Calorie / Beverages,5,14.7,40.7,44.6,2.6,9.26
Beans and franks,Other,Low-Calorie / Beverages,5,18.8,48.3,32.8,3.3,6.17
Pork and beans,Meat & Poultry,Balanced Moderate,1,16.1,76.8,7.1,4.4,8.23
"Beans with meat, NS as to type",Fast Food & Prepared,High-Fiber / Plant-based,4,22.9,44.0,33.1,7.1,0.38
Falafel,Fast Food & Prepared,High-Carb / Sugary,0,6.3,22.3,71.3,4.8,4.52
Bean cake,"Legumes, Nuts & Seeds",Low-Calorie / Beverages,5,5.5,48.1,46.4,3.0,20.37
"Baked beans, reduced sodium",Other,Balanced Moderate,1,18.3,78.2,3.5,5.5,7.73
"Chili with beans, without meat",Fast Food & Prepared,Balanced Moderate,1,21.1,72.3,6.6,2.7,2.59
"Blackeyed peas, NFS",Fast Food & Prepared,Low-Calorie / Beverages,5,17.0,45.7,37.3,6.0,3.07
"Blackeyed peas, from dried",Other,Low-Calorie / Beverages,5,17.0,45.7,37.3,6.0,3.07
"Chickpeas, NFS",Fast Food & Prepared,High-Fiber / Plant-based,4,15.3,47.4,37.3,7.1,4.46
"Chickpeas, from dried, fat added",Other,High-Fiber / Plant-based,4,15.3,47.4,37.3,7.1,4.46
"Chickpeas, from dried, no added fat",Other,High-Fiber / Plant-based,4,21.0,65.1,13.9,7.6,4.77
"Chickpeas, from canned, fat added",Other,High-Fiber / Plant-based,4,15.6,42.8,41.6,7.0,4.15
"Chickpeas, from canned, no added fat",Other,High-Fiber / Plant-based,4,21.6,59.2,19.2,7.3,4.31
"Chickpeas, from canned, reduced sodium",Other,High-Fiber / Plant-based,4,15.6,42.8,41.7,7.1,4.16
"Split peas, from dried, no added fat",Other,High-Fiber / Plant-based,4,27.5,69.6,2.9,8.2,2.88
"Split peas, from dried, fat added",Other,High-Fiber / Plant-based,4,18.1,45.8,36.1,7.7,2.7
Wasabi peas,Other,Low-Calorie / Beverages,5,13.1,57.6,29.4,3.8,14.11
"Lentils, NFS",Fast Food & Prepared,High-Fiber / Plant-based,4,19.7,44.0,36.3,7.3,1.67
"Lentils, from dried, fat added",Other,High-Fiber / Plant-based,4,19.7,44.0,36.3,7.3,1.67
"Lentils, from dried, no added fat",Other,High-Fiber / Plant-based,4,30.1,67.1,2.9,7.9,1.79
"Lentils, from canned",Other,High-Fiber / Plant-based,4,19.7,44.0,36.3,7.3,1.67
Bean chips,"Legumes, Nuts & Seeds",High-Fiber / Plant-based,4,12.4,45.8,41.8,10.1,1.08
"Papad, grilled or broiled",Other,High-Fiber / Plant-based,4,27.6,64.6,7.9,18.6,0.0
"Sambar, vegetable stew",Vegetables,Low-Calorie / Beverages,5,19.4,53.1,27.4,4.0,2.08
Lentil curry,"Legumes, Nuts & Seeds",Low-Calorie / Beverages,5,12.8,43.0,44.2,3.4,3.24
Lentil curry with rice,Grains & Bakery,Low-Calorie / Beverages,5,11.0,62.6,26.4,2.2,1.97
Soy nuts,Other,High-Fiber / Plant-based,4,30.6,24.0,45.4,17.7,4.2
Soy chips,Other,Balanced Moderate,1,27.6,55.3,17.2,3.5,1.8
Soybean curd,"Legumes, Nuts & Seeds",High-Carb / Sugary,0,43.1,7.1,49.9,0.2,0.7
"Edamame, cooked",Plant-based Alternatives,Low-Calorie / Beverages,5,31.0,23.2,45.8,5.0,2.11
Soybean curd cheese,Dairy & Eggs,High-Carb / Sugary,0,33.2,18.3,48.4,0.0,1.6
Miso sauce,Plant-based Alternatives,High-Carb / Sugary,0,3.1,12.8,84.1,1.2,12.79
Miso,Plant-based Alternatives,Low-Calorie / Beverages,5,24.7,49.1,26.2,5.4,6.2
Natto,Other,Low-Calorie / Beverages,5,34.1,22.3,43.6,5.4,4.89
Hoisin sauce,Condiments & Sauces,High-Fat / Oils,3,6.0,80.1,13.9,2.8,27.26
Soy sauce,Condiments & Sauces,High-Protein,2,56.7,34.3,8.9,0.8,0.4
"Soy sauce, reduced sodium",Condiments & Sauces,High-Protein,2,59.1,36.5,4.4,0.7,0.5
"Yogurt, soy",Dairy & Eggs,Balanced Moderate,1,14.9,67.9,17.2,0.2,1.24
Teriyaki sauce,Condiments & Sauces,Balanced Moderate,1,27.5,72.3,0.2,0.1,14.1
"Teriyaki sauce, reduced sodium",Condiments & Sauces,Balanced Moderate,1,27.5,72.3,0.2,0.1,14.1
Worcestershire sauce,Condiments & Sauces,Balanced Moderate,1,0.0,100.0,0.0,0.0,10.03
"Soybean curd, deep fried","Legumes, Nuts & Seeds",High-Carb / Sugary,0,25.8,12.1,62.1,3.9,2.72
"Soybean curd, breaded, fried","Legumes, Nuts & Seeds",High-Carb / Sugary,0,21.7,22.5,55.8,0.7,1.3
"Vermicelli, made from soybeans",Other,Balanced Moderate,1,0.1,99.6,0.3,1.5,6.66
"Textured vegetable protein, dry",Plant-based Alternatives,High-Fiber / Plant-based,4,58.4,38.5,3.1,17.5,16.42
"Frozen dessert, non-dairy",Other,Low-Calorie / Beverages,5,2.0,47.3,50.7,0.1,18.27
"Bean soup, NFS","Legumes, Nuts & Seeds",Low-Calorie / Beverages,5,17.9,51.7,30.4,3.1,1.57
"Bean with bacon or ham soup, canned or ready-to-serve",Meat & Poultry,Low-Calorie / Beverages,5,17.9,51.7,30.4,3.1,1.57
"Black bean soup, home recipe, canned or ready-to-serve","Legumes, Nuts & Seeds",Balanced Moderate,1,20.8,66.4,12.8,3.4,1.24
"Lima bean soup, home recipe, canned or ready-to-serve","Legumes, Nuts & Seeds",Balanced Moderate,1,30.5,57.8,11.8,2.7,1.64
"Soybean soup, miso broth",Plant-based Alternatives,Low-Calorie / Beverages,5,29.2,29.2,41.5,0.4,0.89
"Pinto bean soup, home recipe, canned or ready-to-serve","Legumes, Nuts & Seeds",Balanced Moderate,1,26.6,66.6,6.8,5.8,1.36
"Bean soup, with macaroni, home recipe, canned, or ready-to-serve",Grains & Bakery,Low-Calorie / Beverages,5,21.1,56.2,22.7,2.3,0.73
"Bean and ham soup, chunky style, canned or ready-to-serve",Meat & Poultry,Balanced Moderate,1,23.7,57.2,19.1,1.7,1.91
"Bean soup, mixed beans, home recipe, canned or ready-to-serve","Legumes, Nuts & Seeds",Balanced Moderate,1,29.6,59.3,11.1,2.8,0.92
"Bean soup, home recipe","Legumes, Nuts & Seeds",Balanced Moderate,1,30.7,58.8,10.5,2.4,0.74
"Bean and ham soup, canned, reduced sodium, prepared with water or ready-to-serve",Meat & Poultry,Balanced Moderate,1,20.8,67.7,11.5,4.0,3.17
"Bean and ham soup, home recipe",Meat & Poultry,Low-Calorie / Beverages,5,37.5,40.6,21.9,2.0,0.63
"Liquid from stewed kidney beans, Puerto Rican style",Meat & Poultry,High-Carb / Sugary,0,15.3,23.7,61.0,0.1,0.0
"Pea and ham soup, chunky style, canned or ready-to-serve",Meat & Poultry,Balanced Moderate,1,23.7,57.2,19.1,1.7,1.91
"Garbanzo bean or chickpea soup, home recipe, canned or ready-to-serve","Legumes, Nuts & Seeds",Balanced Moderate,1,25.8,55.5,18.7,2.7,2.19
Split pea and ham soup,Meat & Poultry,Balanced Moderate,1,23.7,57.2,19.1,1.7,1.91
Split pea soup,"Legumes, Nuts & Seeds",Balanced Moderate,1,20.6,63.6,15.8,1.9,3.19
"Split pea soup, canned, reduced sodium, prepared with water or ready-to-serve","Legumes, Nuts & Seeds",Balanced Moderate,1,21.7,66.6,11.7,1.9,5.06
"Split pea and ham soup, canned, reduced sodium, prepared with water or ready-to-serve",Meat & Poultry,Balanced Moderate,1,23.6,67.2,9.3,1.9,1.57
"Lentil soup, home recipe, canned, or ready-to-serve","Legumes, Nuts & Seeds",Low-Calorie / Beverages,5,23.5,53.3,23.2,3.2,1.31
"Bacon strip, meatless",Plant-based Alternatives,High-Carb / Sugary,0,14.0,6.4,79.6,2.6,0.0
Bacon bits,Meat & Poultry,High-Fiber / Plant-based,4,26.9,24.1,49.0,10.2,0.0
"Breakfast link, pattie, or slice, meatless",Plant-based Alternatives,High-Carb / Sugary,0,29.3,11.7,59.0,2.8,0.0
"Chicken, meatless, NFS",Plant-based Alternatives,High-Carb / Sugary,0,42.3,6.5,51.2,3.6,0.0
"Chicken, meatless, breaded, fried",Plant-based Alternatives,High-Carb / Sugary,0,36.4,14.5,49.1,4.3,0.0
"Frankfurter or hot dog, meatless",Plant-based Alternatives,High-Carb / Sugary,0,33.7,13.2,53.1,3.9,0.0
"Luncheon slice, meatless-beef, chicken, salami or turkey",Plant-based Alternatives,High-Carb / Sugary,0,37.7,9.4,52.9,1.1,2.22
"Meatball, meatless",Plant-based Alternatives,High-Protein,2,42.6,16.2,41.1,4.6,1.25
"Vegetarian burger or patty, meatless, no bun",Plant-based Alternatives,Low-Calorie / Beverages,5,35.6,32.3,32.1,4.9,1.07
"Swiss steak, with gravy, meatless",Plant-based Alternatives,Low-Calorie / Beverages,5,28.2,31.4,40.4,4.0,0.95
"Sandwich spread, meat substitute type",Fast Food & Prepared,Low-Calorie / Beverages,5,21.5,24.2,54.4,3.3,1.9
Vegetarian pot pie,Sweets & Desserts,Low-Calorie / Beverages,5,13.7,30.4,55.9,2.2,1.7
"Vegetarian chili, made with meat substitute",Fast Food & Prepared,Low-Calorie / Beverages,5,26.6,49.7,23.6,4.4,2.55
"Tofu and vegetables including carrots, broccoli, and/or dark-green leafy; no potatoes, with soy-based sauce",Plant-based Alternatives,High-Carb / Sugary,0,17.2,20.0,62.8,1.2,1.69
"Tofu and vegetables excluding carrots, broccoli, and dark-green leafy; no potatoes, with soy-based sauce",Plant-based Alternatives,High-Carb / Sugary,0,17.0,18.4,64.6,0.9,1.77
"Vegetarian, fillet",Other,High-Carb / Sugary,0,31.7,12.4,55.9,6.1,0.8
Vegetarian stew,Fast Food & Prepared,Low-Calorie / Beverages,5,8.2,35.9,56.0,1.1,1.6
Vegetarian stroganoff,Other,Low-Calorie / Beverages,5,17.8,27.3,54.8,2.6,1.79
"Soyburger, meatless, with cheese on bun",Plant-based Alternatives,Low-Calorie / Beverages,5,23.7,47.7,28.6,3.1,5.04
"Nuts, NFS",Fast Food & Prepared,High-Fiber / Plant-based,4,12.1,13.0,74.8,7.6,4.53
"Almonds, NFS",Fast Food & Prepared,High-Fiber / Plant-based,4,13.1,13.1,73.8,10.9,4.86
"Almonds, unroasted",Other,High-Fiber / Plant-based,4,13.6,13.9,72.5,12.5,4.35
"Almonds, salted",Other,High-Fiber / Plant-based,4,12.5,12.6,74.9,10.5,4.67
"Almonds, lightly salted",Other,High-Fiber / Plant-based,4,12.5,12.6,74.9,10.5,4.69
"Almonds, unsalted",Other,High-Fiber / Plant-based,4,12.5,12.6,74.9,10.6,4.71
"Almonds, flavored",Other,High-Fiber / Plant-based,4,12.5,12.6,74.9,10.4,4.65
"Almonds, honey roasted",Condiments & Sauces,High-Fiber / Plant-based,4,9.3,23.6,67.1,7.3,25.01
Brazil nuts,Other,High-Carb / Sugary,0,8.1,6.6,85.3,7.5,2.33
"Cashews, NFS",Fast Food & Prepared,High-Carb / Sugary,0,10.1,21.5,68.5,3.0,5.01
"Cashews, unroasted",Other,High-Carb / Sugary,0,10.1,21.5,68.5,3.0,5.01
"Cashews, salted",Other,High-Carb / Sugary,0,9.6,20.5,69.9,2.9,4.81
"Cashews, lightly salted",Other,High-Carb / Sugary,0,9.6,20.5,69.9,2.9,4.84
"Cashews, unsalted",Other,High-Carb / Sugary,0,9.6,20.5,69.9,2.9,4.86
"Cashews, honey roasted",Condiments & Sauces,Low-Calorie / Beverages,5,7.0,29.8,63.2,2.0,25.11
Chestnuts,Other,Balanced Moderate,1,5.2,86.7,8.1,5.1,10.6
"Coconut, fresh",Fruits,High-Fiber / Plant-based,4,3.5,16.2,80.2,9.0,6.23
"Coconut, packaged",Fruits,High-Fiber / Plant-based,4,2.7,44.0,53.4,9.9,36.75
Hazelnuts,Other,High-Fiber / Plant-based,4,8.9,9.9,81.2,9.7,4.34
Macadamia nuts,"Legumes, Nuts & Seeds",High-Carb / Sugary,0,4.1,6.7,89.2,8.0,4.14
"Mixed nuts, NFS",Fast Food & Prepared,High-Fiber / Plant-based,4,12.1,13.0,74.8,7.6,4.53
"Mixed nuts, unroasted",Other,High-Fiber / Plant-based,4,10.5,14.3,75.2,7.6,4.66
"Mixed nuts, with peanuts, salted",Other,High-Fiber / Plant-based,4,12.1,13.0,74.8,7.6,4.53
"Mixed nuts, with peanuts, lightly salted",Other,High-Fiber / Plant-based,4,12.1,13.0,74.8,7.6,4.55
"Mixed nuts, with peanuts, unsalted",Other,High-Fiber / Plant-based,4,12.1,13.0,74.8,7.6,4.57
"Mixed nuts, without peanuts, salted",Other,High-Carb / Sugary,0,10.0,13.7,76.3,7.3,4.48
"Mixed nuts, without peanuts, unsalted",Other,High-Carb / Sugary,0,10.0,13.7,76.3,7.4,4.52
"Mixed nuts, honey roasted",Condiments & Sauces,Low-Calorie / Beverages,5,10.0,21.7,68.3,5.9,20.34
"Peanuts, NFS",Fast Food & Prepared,High-Fiber / Plant-based,4,15.5,13.5,71.0,8.4,4.9
"Peanuts, boiled",Other,High-Fiber / Plant-based,4,16.0,25.2,58.8,8.8,2.47
"Peanuts, unroasted",Other,High-Fiber / Plant-based,4,16.9,10.6,72.5,8.5,4.72
"Peanuts, roasted, salted",Other,High-Fiber / Plant-based,4,17.4,9.5,73.2,9.4,4.18
"Peanuts, roasted, unsalted",Other,High-Fiber / Plant-based,4,17.4,9.5,73.2,9.4,4.18
"Peanuts, dry roasted, salted",Other,High-Fiber / Plant-based,4,15.5,13.5,71.0,8.4,4.9
"Peanuts, dry roasted, lightly salted",Other,High-Fiber / Plant-based,4,15.5,13.5,71.0,8.4,4.88
"Peanuts, dry roasted, unsalted",Other,High-Fiber / Plant-based,4,15.5,13.5,71.0,8.4,4.9
"Peanuts, honey roasted",Condiments & Sauces,High-Fiber / Plant-based,4,13.6,19.7,66.7,7.1,16.14
"Pecans, NFS",Fast Food & Prepared,High-Fiber / Plant-based,4,5.0,7.5,87.5,9.6,3.97
"Pecans, unroasted",Other,High-Fiber / Plant-based,4,5.0,7.5,87.5,9.6,3.97
"Pecans, salted",Other,High-Fiber / Plant-based,4,4.8,7.2,88.0,9.2,3.81
"Pecans, unsalted",Other,High-Fiber / Plant-based,4,4.8,7.2,88.0,9.3,3.85
"Pecans, honey roasted",Condiments & Sauces,Low-Calorie / Beverages,5,3.7,18.4,77.9,6.5,24.41
Pine nuts,Other,High-Carb / Sugary,0,7.6,7.2,85.2,3.7,3.59
"Pistachio nuts, NFS","Legumes, Nuts & Seeds",High-Fiber / Plant-based,4,13.8,18.6,67.6,10.3,7.74
"Pistachio nuts, salted","Legumes, Nuts & Seeds",High-Fiber / Plant-based,4,13.2,17.7,69.0,9.9,7.43
"Pistachio nuts, lightly salted","Legumes, Nuts & Seeds",High-Fiber / Plant-based,4,13.2,17.7,69.0,9.9,7.47
"Pistachio nuts, unsalted","Legumes, Nuts & Seeds",High-Fiber / Plant-based,4,13.2,17.7,69.0,10.0,7.51
"Walnuts, excluding honey roasted",Condiments & Sauces,High-Carb / Sugary,0,8.7,7.8,83.5,6.7,2.61
"Walnuts, honey roasted",Condiments & Sauces,High-Carb / Sugary,0,6.3,19.0,74.6,4.5,23.5
Almond butter,Dairy & Eggs,High-Fiber / Plant-based,4,12.7,11.4,75.8,10.3,6.27
"Almond butter, lower sodium",Dairy & Eggs,High-Fiber / Plant-based,4,12.7,11.4,75.8,10.3,6.27
Almond paste,"Legumes, Nuts & Seeds",High-Fat / Oils,3,7.5,40.1,52.4,4.8,36.25
Cashew butter,Dairy & Eggs,High-Carb / Sugary,0,7.5,18.7,73.8,3.0,9.09
Peanut butter,Dairy & Eggs,High-Carb / Sugary,0,14.1,14.0,72.0,4.8,10.5
"Peanut butter, lower sodium",Dairy & Eggs,High-Carb / Sugary,0,13.9,13.9,72.2,5.0,10.49
"Peanut butter, lower sodium and lower sugar",Dairy & Eggs,High-Carb / Sugary,0,14.6,11.3,74.1,6.4,8.42
"Peanut butter, lower sugar",Dairy & Eggs,High-Fiber / Plant-based,4,15.3,8.8,76.0,7.8,6.35
"Peanut butter, reduced fat",Dairy & Eggs,Low-Calorie / Beverages,5,18.8,25.8,55.4,5.2,9.28
"Peanut butter, vitamin and mineral fortified",Dairy & Eggs,High-Carb / Sugary,0,16.2,11.8,72.0,5.6,10.47
Peanut butter and jelly,Dairy & Eggs,High-Fat / Oils,3,9.8,40.1,50.0,2.9,30.86
Peanut butter and chocolate spread,Dairy & Eggs,High-Fat / Oils,3,9.0,32.4,58.6,2.8,34.1
Soy nut butter,Dairy & Eggs,High-Fiber / Plant-based,4,12.7,11.4,75.8,10.3,6.27
Peanut sauce,"Legumes, Nuts & Seeds",Low-Calorie / Beverages,5,9.8,34.2,56.0,1.8,17.07
"Gravy, vegetarian",Condiments & Sauces,High-Carb / Sugary,0,10.8,26.0,63.3,0.2,4.61
"Peanut butter sandwich, NFS",Dairy & Eggs,Low-Calorie / Beverages,5,14.1,40.2,45.7,3.2,7.14
"Peanut butter sandwich, with regular peanut butter, on white bread",Dairy & Eggs,Low-Calorie / Beverages,5,14.1,40.2,45.7,3.2,7.14
"Peanut butter sandwich, with regular peanut butter, on wheat bread",Dairy & Eggs,Low-Calorie / Beverages,5,15.5,38.0,46.5,5.2,7.05
"Peanut butter sandwich, with regular peanut butter, on whole wheat bread",Dairy & Eggs,Low-Calorie / Beverages,5,15.5,38.0,46.5,5.2,7.05
"Peanut butter sandwich, with reduced fat peanut butter, on white bread",Dairy & Eggs,Low-Calorie / Beverages,5,16.6,48.6,34.8,3.3,6.71
"Peanut butter sandwich, with reduced fat peanut butter, on wheat bread",Dairy & Eggs,Low-Calorie / Beverages,5,18.1,46.2,35.7,5.3,6.62
"Peanut butter sandwich, with reduced fat peanut butter, on whole wheat bread",Dairy & Eggs,Low-Calorie / Beverages,5,18.1,46.2,35.7,5.3,6.62
"Peanut butter and jelly sandwich, NFS",Dairy & Eggs,Low-Calorie / Beverages,5,12.3,48.1,39.6,2.8,15.01
"Peanut butter and jelly sandwich, with regular peanut butter, regular jelly, on white bread",Dairy & Eggs,Low-Calorie / Beverages,5,12.3,48.1,39.6,2.8,15.01
"Peanut butter and jelly sandwich, with regular peanut butter, regular jelly, on wheat bread",Dairy & Eggs,Low-Calorie / Beverages,5,13.4,46.3,40.3,4.4,14.93
"Peanut butter and jelly sandwich, with regular peanut butter, regular jelly, on whole wheat bread",Dairy & Eggs,Low-Calorie / Beverages,5,13.4,46.3,40.3,4.4,14.93
"Peanut butter and jelly sandwich, with reduced fat peanut butter, regular jelly, on white bread",Dairy & Eggs,Low-Calorie / Beverages,5,14.2,55.9,29.9,2.9,14.66
"Peanut butter and jelly sandwich, with reduced fat peanut butter, regular jelly, on wheat bread",Dairy & Eggs,Low-Calorie / Beverages,5,15.5,53.9,30.6,4.6,14.59
"Peanut butter and jelly sandwich, with reduced fat peanut butter, regular jelly, on whole wheat bread",Dairy & Eggs,Low-Calorie / Beverages,5,15.5,53.9,30.6,4.6,14.59
"Peanut butter and jelly sandwich, with regular peanut butter, reduced sugar jelly, on white bread",Dairy & Eggs,Low-Calorie / Beverages,5,13.0,44.7,42.2,2.9,11.11
"Peanut butter and jelly sandwich, with regular peanut butter, reduced sugar jelly, on wheat bread",Dairy & Eggs,Low-Calorie / Beverages,5,14.3,42.7,43.0,4.5,11.04
"Peanut butter and jelly sandwich, with regular peanut butter, reduced sugar jelly, on whole wheat bread",Dairy & Eggs,Low-Calorie / Beverages,5,14.3,42.7,43.0,4.5,11.04
"Peanut butter and jelly sandwich, with reduced fat peanut butter, reduced sugar jelly, on white bread",Dairy & Eggs,Low-Calorie / Beverages,5,15.2,52.8,32.0,3.0,10.76
"Peanut butter and jelly sandwich, with reduced fat peanut butter, reduced sugar jelly, on wheat bread",Dairy & Eggs,Low-Calorie / Beverages,5,16.6,50.6,32.8,4.6,10.69
"Peanut butter and jelly sandwich, with reduced fat peanut butter, reduced sugar jelly, on whole wheat bread",Dairy & Eggs,Low-Calorie / Beverages,5,16.6,50.6,32.8,4.6,10.69
"Peanut butter and jelly sandwich, frozen commercial product without crusts",Dairy & Eggs,Low-Calorie / Beverages,5,12.3,48.1,39.6,2.8,15.01
"Coconut milk, used in cooking",Plant-based Alternatives,High-Carb / Sugary,0,3.7,9.0,87.3,2.2,3.34
"Yogurt, coconut milk",Plant-based Alternatives,Low-Calorie / Beverages,5,1.9,49.3,48.8,0.0,7.4
"Coconut cream, canned, sweetened",Fruits,High-Fat / Oils,3,1.3,58.4,40.3,0.2,51.5
"Coconut water, unsweetened",Beverages,Balanced Moderate,1,4.9,95.1,0.0,0.0,3.92
"Coconut water, sweetened",Beverages,Balanced Moderate,1,2.3,97.3,0.5,0.0,8.78
"Trail mix, NFS",Fast Food & Prepared,High-Fat / Oils,3,8.9,41.8,49.2,6.5,36.48
Trail mix with nuts,Other,High-Fiber / Plant-based,4,12.5,13.2,74.2,8.1,4.1
Trail mix with nuts and fruit,Fruits,High-Fat / Oils,3,8.9,41.8,49.2,6.5,36.48
Trail mix with chocolate,Sweets & Desserts,High-Fat / Oils,3,8.8,36.5,54.7,6.0,34.85
"Trail mix with pretzels, cereal, or granola",Grains & Bakery,Low-Calorie / Beverages,5,10.4,40.3,49.3,6.1,19.32
"Pumpkin seeds, NFS",Vegetables,High-Carb / Sugary,0,19.3,9.5,71.2,6.5,1.29
"Pumpkin seeds, salted",Vegetables,High-Carb / Sugary,0,19.3,9.5,71.2,6.4,1.27
"Pumpkin seeds, unsalted",Vegetables,High-Carb / Sugary,0,19.3,9.5,71.2,6.5,1.29
"Sunflower seeds, plain, unsalted","Legumes, Nuts & Seeds",High-Fiber / Plant-based,4,12.4,15.5,72.1,11.1,2.73
"Sunflower seeds, plain, salted","Legumes, Nuts & Seeds",High-Fiber / Plant-based,4,12.4,15.5,72.1,11.0,2.7
"Sunflower seeds, flavored","Legumes, Nuts & Seeds",High-Fiber / Plant-based,4,12.2,17.1,70.7,10.6,5.55
"Sunflower seeds, NFS","Legumes, Nuts & Seeds",High-Fiber / Plant-based,4,12.4,15.5,72.1,11.1,2.73
Sesame seeds,"Legumes, Nuts & Seeds",High-Fiber / Plant-based,4,12.0,6.9,81.1,11.6,0.48
Tahini,"Legumes, Nuts & Seeds",High-Fiber / Plant-based,4,10.7,13.3,76.0,9.3,0.49
Flax seeds,"Legumes, Nuts & Seeds",High-Fiber / Plant-based,4,12.9,20.3,66.8,27.3,1.55
Mixed seeds,Other,High-Fiber / Plant-based,4,14.1,14.0,71.9,10.0,2.37
Chia seeds,"Legumes, Nuts & Seeds",High-Fiber / Plant-based,4,12.9,20.3,66.8,27.3,1.55
Carob chips,Other,High-Fat / Oils,3,6.0,41.7,52.3,3.8,34.11
"Bread, NS as to major flour",Grains & Bakery,Balanced Moderate,1,14.1,73.8,12.1,2.3,5.34
"Bread, NS as to major flour, toasted",Grains & Bakery,Balanced Moderate,1,14.1,73.8,12.1,2.5,5.87
"Bread, made from home recipe or purchased at a bakery, NS as to major flour",Grains & Bakery,Balanced Moderate,1,13.0,75.4,11.6,1.7,3.11
"Bread, made from home recipe or purchased at a bakery, toasted, NS as to major flour",Grains & Bakery,Balanced Moderate,1,13.0,75.4,11.6,1.9,3.41
"Roll, NS as to major flour",Grains & Bakery,Balanced Moderate,1,14.2,73.0,12.8,1.8,7.28
"Roll, hard, NS as to major flour",Grains & Bakery,Balanced Moderate,1,13.7,72.9,13.4,2.3,1.77
"Roll, bran, NS as to type of bran",Grains & Bakery,Balanced Moderate,1,14.2,65.9,19.9,3.8,6.25
"Bread, white",Grains & Bakery,Balanced Moderate,1,14.1,73.8,12.1,2.3,5.34
"Bread, white, toasted",Grains & Bakery,Balanced Moderate,1,14.1,73.8,12.1,2.5,5.87
"Bread, white, made from home recipe or purchased at a bakery",Grains & Bakery,Balanced Moderate,1,13.0,75.4,11.6,1.7,3.11
"Bread, white, made from home recipe or purchased at a bakery, toasted",Grains & Bakery,Balanced Moderate,1,13.0,75.4,11.6,1.9,3.41
"Bread, white with whole wheat swirl",Grains & Bakery,Balanced Moderate,1,16.7,71.0,12.3,4.2,4.88
"Bread, white with whole wheat swirl, toasted",Grains & Bakery,Balanced Moderate,1,16.6,71.1,12.3,4.7,5.65
"Bread, Cuban",Grains & Bakery,Balanced Moderate,1,15.8,76.2,8.0,2.2,4.62
"Bread, Cuban, toasted",Grains & Bakery,Balanced Moderate,1,15.8,76.2,8.0,2.4,5.08
"Bread, native, water, Puerto Rican style",Grains & Bakery,Balanced Moderate,1,12.9,76.3,10.8,1.8,1.79
"Bread, native, water, toasted, Puerto Rican style",Grains & Bakery,Balanced Moderate,1,12.9,76.3,10.8,2.0,1.96
"Bread, lard, Puerto Rican style",Grains & Bakery,Balanced Moderate,1,10.1,80.3,9.6,2.0,7.05
"Bread, lard, toasted, Puerto Rican style",Grains & Bakery,Balanced Moderate,1,10.1,80.3,9.6,2.2,7.83
"Bread, caressed, Puerto Rican style",Grains & Bakery,Balanced Moderate,1,11.5,73.2,15.3,1.8,3.65
"Bread, caressed, toasted, Puerto Rican style",Grains & Bakery,Balanced Moderate,1,11.5,73.2,15.3,2.0,4.01
"Bread, French or Vienna",Grains & Bakery,Balanced Moderate,1,15.8,76.2,8.0,2.2,4.62
"Bread, French or Vienna, toasted",Grains & Bakery,Balanced Moderate,1,15.8,76.2,8.0,2.4,5.08
"Focaccia, Italian flatbread, plain",Grains & Bakery,Low-Calorie / Beverages,5,14.1,57.5,28.5,1.8,1.75
"Naan, Indian flatbread",Grains & Bakery,Balanced Moderate,1,14.3,64.6,21.1,5.2,3.7
"Bread, Italian, Grecian, Armenian",Grains & Bakery,Balanced Moderate,1,14.9,75.5,9.6,2.1,4.69
"Bread, Italian, Grecian, Armenian, toasted",Grains & Bakery,Balanced Moderate,1,14.9,75.5,9.6,2.3,5.15
"Bread, pita",Grains & Bakery,Balanced Moderate,1,13.5,82.5,4.0,2.2,1.3
"Bread, pita, toasted",Grains & Bakery,Balanced Moderate,1,13.5,82.5,4.0,2.4,1.43
"Bread, pita with fruit",Fruits,Balanced Moderate,1,11.7,85.0,3.4,2.6,11.61
"Bread, pita with fruit, toasted",Fruits,Balanced Moderate,1,11.7,85.0,3.4,2.8,12.76
"Bread, cheese",Dairy & Eggs,Low-Calorie / Beverages,5,10.2,43.9,45.9,2.1,2.08
"Bread, cheese, toasted",Dairy & Eggs,Low-Calorie / Beverages,5,10.2,43.9,45.9,2.3,2.29
"Bread, cinnamon",Grains & Bakery,Balanced Moderate,1,11.1,70.1,18.8,3.5,14.11
"Bread, cinnamon, toasted",Grains & Bakery,Balanced Moderate,1,14.1,73.8,12.1,2.5,5.87
"Bread, cornmeal and molasses",Grains & Bakery,Balanced Moderate,1,9.6,78.3,12.1,1.6,14.94
"Bread, cornmeal and molasses, toasted",Grains & Bakery,Balanced Moderate,1,9.6,78.3,12.1,1.8,16.41
"Bread, egg, Challah",Dairy & Eggs,Balanced Moderate,1,13.4,67.5,19.1,2.3,1.78
"Bread, egg, Challah, toasted",Dairy & Eggs,Balanced Moderate,1,13.4,67.5,19.1,2.5,1.96
"Garlic bread, NFS",Vegetables,Low-Calorie / Beverages,5,9.6,47.7,42.7,2.5,3.68
"Garlic bread, from fast food / restaurant",Vegetables,Low-Calorie / Beverages,5,9.6,47.7,42.7,2.5,3.68
"Garlic bread, from frozen",Vegetables,Low-Calorie / Beverages,5,9.6,47.7,42.7,2.5,3.69
"Garlic bread, with parmesan cheese, from fast food / restaurant",Dairy & Eggs,Low-Calorie / Beverages,5,10.0,46.9,43.1,2.4,3.61
"Garlic bread, with parmesan cheese, from frozen",Dairy & Eggs,Low-Calorie / Beverages,5,10.0,46.9,43.1,2.5,3.62
"Garlic bread, with melted cheese, from fast food / restaurant",Dairy & Eggs,Low-Calorie / Beverages,5,13.5,40.4,46.1,2.0,3.31
"Garlic bread, with melted cheese, from frozen",Dairy & Eggs,Low-Calorie / Beverages,5,12.1,43.0,44.9,2.2,3.44
"Bread, onion",Vegetables,Balanced Moderate,1,12.9,75.8,11.3,1.7,3.33
"Bread, onion, toasted",Vegetables,Balanced Moderate,1,12.9,75.8,11.3,1.9,3.66
"Bread, reduced calorie and/or high fiber, white or NFS",Grains & Bakery,High-Fiber / Plant-based,4,14.8,75.6,9.6,9.7,4.76
"Bread, reduced calorie and/or high fiber, white or NFS, toasted",Grains & Bakery,High-Fiber / Plant-based,4,14.8,75.6,9.6,10.7,5.23
"Bread, reduced calorie and/or high fiber, white or NFS, with fruit and/or nuts",Fruits,High-Fiber / Plant-based,4,12.5,79.8,7.7,8.9,14.51
"Bread, reduced calorie and/or high fiber, white or NFS, with fruit and/or nuts, toasted",Fruits,High-Fiber / Plant-based,4,12.5,79.8,7.7,9.7,15.94
"Bread, white, special formula, added fiber",Grains & Bakery,High-Fiber / Plant-based,4,17.9,73.9,8.1,9.2,5.0
"Bread, white, special formula, added fiber, toasted",Grains & Bakery,High-Fiber / Plant-based,4,17.9,73.9,8.1,10.1,5.5
"Bread, high protein",Grains & Bakery,Balanced Moderate,1,19.9,72.0,8.1,3.0,1.44
"Bread, high protein, toasted",Grains & Bakery,Balanced Moderate,1,19.9,72.0,8.1,3.3,1.58
"Bread, potato",Vegetables,Balanced Moderate,1,18.8,70.7,10.6,6.3,9.38
"Bread, potato, toasted",Vegetables,High-Fiber / Plant-based,4,18.8,70.7,10.6,6.9,10.31
"Bread, raisin",Fruits,Balanced Moderate,1,12.9,76.4,10.7,2.5,11.32
"Bread, raisin, toasted",Fruits,Balanced Moderate,1,12.9,76.4,10.7,2.8,12.44
"Bread, white, low sodium or no salt",Grains & Bakery,Balanced Moderate,1,12.4,75.3,12.3,2.3,4.31
"Bread, white, low sodium or no salt, toasted",Grains & Bakery,Balanced Moderate,1,12.4,75.3,12.3,2.5,4.74
"Bread, sour dough",Grains & Bakery,Balanced Moderate,1,15.8,76.2,8.0,2.2,4.62
"Bread, sour dough, toasted",Grains & Bakery,Balanced Moderate,1,15.8,76.2,8.0,2.4,5.08
"Bread, sweet potato",Vegetables,Balanced Moderate,1,12.6,76.6,10.8,1.7,3.52
"Bread, sweet potato, toasted",Vegetables,Balanced Moderate,1,12.5,76.6,10.8,1.9,3.87
"Bread, vegetable",Vegetables,Balanced Moderate,1,13.1,75.5,11.5,1.9,3.54
"Bread, vegetable, toasted",Vegetables,Balanced Moderate,1,13.1,75.5,11.5,2.1,3.89
Bruschetta,Other,Low-Calorie / Beverages,5,10.0,49.9,40.0,1.5,3.34
"Bread, dough, fried",Grains & Bakery,Low-Calorie / Beverages,5,8.5,47.1,44.4,1.5,3.55
"Roll, white, soft",Grains & Bakery,Balanced Moderate,1,14.2,73.0,12.8,1.8,7.28
"Roll, white, hard",Grains & Bakery,Balanced Moderate,1,13.7,72.9,13.4,2.3,1.77
"Roll, white, hot dog bun",Meat & Poultry,Balanced Moderate,1,14.2,73.0,12.8,1.8,7.28
"Roll, white, hamburger bun",Grains & Bakery,Balanced Moderate,1,14.2,73.0,12.8,1.8,7.28
"Roll, diet",Grains & Bakery,Balanced Moderate,1,15.8,76.2,8.0,2.2,4.62
"Roll, egg bread",Dairy & Eggs,Balanced Moderate,1,13.4,67.5,19.1,2.3,1.78
"Roll, cheese",Dairy & Eggs,Balanced Moderate,1,14.6,63.0,22.4,1.9,5.29
"Roll, French or Vienna",Grains & Bakery,Balanced Moderate,1,12.6,73.3,14.1,3.2,0.31
"Roll, garlic",Vegetables,Balanced Moderate,1,14.0,67.2,18.8,2.0,5.53
"Roll, white, hoagie, submarine",Grains & Bakery,Balanced Moderate,1,14.2,73.0,12.8,1.8,7.28
"Roll, Mexican, bolillo",Grains & Bakery,Balanced Moderate,1,13.4,70.2,16.4,2.2,3.55
"Roll, sour dough",Grains & Bakery,Balanced Moderate,1,15.8,76.2,8.0,2.2,4.62
"Roll, sweet, no frosting",Grains & Bakery,Balanced Moderate,1,12.5,66.8,20.7,3.1,15.38
"Roll, sweet, cinnamon bun, no frosting",Grains & Bakery,High-Fat / Oils,3,6.6,54.1,39.3,2.4,31.73
"Roll, sweet, cinnamon bun, frosted",Grains & Bakery,Low-Calorie / Beverages,5,3.9,43.0,53.0,1.2,25.7
"Pan Dulce, with fruit, no frosting",Fruits,High-Fat / Oils,3,6.6,54.1,39.3,2.4,31.73
"Roll, sweet, with fruit, frosted",Fruits,High-Fat / Oils,3,5.5,56.0,38.5,2.0,36.63
"Roll, sweet, with fruit, frosted, diet",Fruits,Low-Calorie / Beverages,5,3.9,43.0,53.0,1.2,25.7
"Roll, sweet, frosted",Grains & Bakery,High-Fat / Oils,3,5.4,50.1,44.4,2.5,34.47
"Pan Dulce, no topping",Other,Low-Calorie / Beverages,5,10.3,61.4,28.4,2.3,12.5
"Pan Dulce, with sugar topping",Other,Low-Calorie / Beverages,5,9.3,60.0,30.7,2.1,15.68
"Pan Dulce, with raisins and icing",Other,Balanced Moderate,1,9.0,63.3,27.7,2.2,19.6
"Coffee cake, yeast type",Beverages,High-Fat / Oils,3,6.6,54.1,39.3,2.4,31.73
Croissant,Sweets & Desserts,Low-Calorie / Beverages,5,8.1,45.2,46.7,2.6,11.26
"Croissant, cheese",Dairy & Eggs,Low-Calorie / Beverages,5,8.9,45.5,45.6,2.6,11.35
"Croissant, chocolate",Sweets & Desserts,Low-Calorie / Beverages,5,6.8,45.7,47.4,3.3,19.87
"Croissant, fruit",Fruits,Low-Calorie / Beverages,5,7.8,47.4,44.7,3.0,14.1
Brioche,Grains & Bakery,Low-Calorie / Beverages,5,8.3,34.2,57.5,1.5,3.01
"Bread, Spanish coffee",Grains & Bakery,Balanced Moderate,1,8.9,68.1,23.0,1.9,12.12
Bagel,Grains & Bakery,Balanced Moderate,1,16.0,79.5,4.5,1.6,8.43
"Bagel, with raisins",Grains & Bakery,Balanced Moderate,1,14.5,81.4,4.0,1.9,14.1
"Bagel, with fruit other than raisins",Fruits,Balanced Moderate,1,15.7,79.6,4.6,1.7,8.43
Bread stuffing,Grains & Bakery,Low-Calorie / Beverages,5,7.1,49.3,43.5,0.9,2.35
Bread stuffing made with egg,Dairy & Eggs,Low-Calorie / Beverages,5,6.9,37.1,56.0,0.8,1.94
"Breadsticks, NFS",Fast Food & Prepared,Low-Calorie / Beverages,5,14.2,51.9,33.8,2.4,1.11
"Breadsticks, hard, NFS",Fast Food & Prepared,Balanced Moderate,1,11.8,67.2,21.0,3.0,1.26
"Breadsticks, hard, reduced sodium",Other,Balanced Moderate,1,10.0,67.5,22.5,2.5,1.34
"Breadsticks, soft, NFS",Fast Food & Prepared,Low-Calorie / Beverages,5,14.2,51.9,33.8,2.4,1.11
"Breadsticks, soft, from fast food / restaurant",Other,Low-Calorie / Beverages,5,14.2,51.9,33.8,2.4,1.11
"Breadsticks, soft, from frozen",Other,Low-Calorie / Beverages,5,14.2,59.4,26.4,2.4,2.8
"Breadsticks, soft, with parmesan cheese, from fast food / restaurant",Dairy & Eggs,Low-Calorie / Beverages,5,14.6,51.0,34.5,2.3,1.09
"Breadsticks, soft, with parmesan cheese, from frozen",Dairy & Eggs,Low-Calorie / Beverages,5,14.2,59.4,26.4,2.4,2.8
"Breadsticks, soft, topped with melted cheese",Dairy & Eggs,Low-Calorie / Beverages,5,17.4,43.8,38.8,1.9,1.25
"Breadsticks, soft, stuffed with melted cheese",Dairy & Eggs,Low-Calorie / Beverages,5,17.4,43.8,38.8,1.9,1.25
Croutons,Other,Low-Calorie / Beverages,5,9.4,55.0,35.7,5.0,4.41
"Muffin, English",Sweets & Desserts,Balanced Moderate,1,15.6,77.7,6.7,3.5,3.53
"Muffin, English, with raisins",Sweets & Desserts,Balanced Moderate,1,14.0,80.2,5.9,3.6,9.7
"Muffin, English, cheese",Dairy & Eggs,Balanced Moderate,1,16.2,71.2,12.6,3.3,3.37
"Muffin, English, with fruit other than raisins",Fruits,Balanced Moderate,1,15.3,78.1,6.6,3.9,4.82
Melba toast,Other,Balanced Moderate,1,12.6,79.9,7.5,6.3,0.94
Anisette toast,Other,Balanced Moderate,1,9.5,69.9,20.6,2.5,12.5
Pannetone,Other,Balanced Moderate,1,10.7,66.4,22.9,2.3,17.75
Zwieback toast,Other,Balanced Moderate,1,9.5,69.9,20.6,2.5,12.5
"Bread, whole grain white",Grains & Bakery,High-Fiber / Plant-based,4,17.9,73.9,8.1,9.2,5.0
"Bread, whole grain white, toasted",Grains & Bakery,High-Fiber / Plant-based,4,17.9,73.9,8.1,10.1,5.5
"Bagel, whole grain white",Grains & Bakery,Balanced Moderate,1,16.3,78.2,5.5,4.1,6.12
"Bread, whole wheat",Grains & Bakery,Balanced Moderate,1,19.4,68.0,12.6,6.0,4.41
"Bread, whole wheat, toasted",Grains & Bakery,High-Fiber / Plant-based,4,19.4,68.0,12.6,6.6,4.85
"Bread, whole wheat, made from home recipe or purchased at bakery",Grains & Bakery,High-Fiber / Plant-based,4,14.0,72.1,13.9,6.8,3.37
"Bread, whole wheat, made from home recipe or purchased at bakery, toasted",Grains & Bakery,High-Fiber / Plant-based,4,14.0,72.1,13.9,7.5,3.7
"Bread, chappatti or roti, wheat",Grains & Bakery,High-Fiber / Plant-based,4,10.5,61.8,27.7,9.7,2.93
"Bread, puri, wheat",Grains & Bakery,Low-Calorie / Beverages,5,6.1,38.8,55.1,3.5,0.18
"Bread, paratha, wheat",Grains & Bakery,High-Fiber / Plant-based,4,7.8,55.7,36.5,9.6,4.15
"Bread, whole wheat, with raisins",Grains & Bakery,High-Fiber / Plant-based,4,10.5,77.3,12.2,6.6,19.48
"Bread, whole wheat, with raisins, toasted",Grains & Bakery,High-Fiber / Plant-based,4,10.5,77.3,12.2,7.2,21.4
"Bread, sprouted wheat",Grains & Bakery,Balanced Moderate,1,28.0,72.0,0.0,5.3,2.63
"Bread, sprouted wheat, toasted",Grains & Bakery,Balanced Moderate,1,28.0,72.0,0.0,5.8,2.89
"Bread, wheat or cracked wheat",Grains & Bakery,Balanced Moderate,1,15.6,69.5,14.9,4.0,5.73
"Bread, wheat or cracked wheat, toasted",Grains & Bakery,Balanced Moderate,1,15.6,69.5,14.9,4.4,6.3
"Bread, wheat or cracked wheat, made from home recipe or purchased at bakery",Grains & Bakery,Balanced Moderate,1,13.5,74.2,12.3,3.4,3.18
"Bread, wheat or cracked wheat, made from home recipe or purchased at bakery, toasted",Grains & Bakery,Balanced Moderate,1,13.5,74.2,12.3,3.8,3.5
"Bread, wheat or cracked wheat, with raisins",Grains & Bakery,Balanced Moderate,1,10.3,78.6,11.1,3.9,18.69
"Bread, wheat or cracked wheat, with raisins, toasted",Grains & Bakery,Balanced Moderate,1,10.3,78.6,11.1,4.3,20.54
"Bread, wheat or cracked wheat, reduced calorie and/or high fiber",Grains & Bakery,High-Fiber / Plant-based,4,15.0,75.4,9.6,10.7,4.63
"Bread, wheat or cracked wheat, reduced calorie and/or high fiber, toasted",Grains & Bakery,High-Fiber / Plant-based,4,15.0,75.4,9.6,11.8,5.09
"Bread, French or Vienna, whole wheat",Grains & Bakery,Balanced Moderate,1,13.9,82.1,3.9,4.2,0.0
"Bread, French or Vienna, whole wheat, toasted",Grains & Bakery,Balanced Moderate,1,13.9,82.2,3.9,4.6,0.0
"Bread, pita, whole wheat",Grains & Bakery,Balanced Moderate,1,14.1,80.4,5.5,6.1,2.87
"Bread, pita, whole wheat, toasted",Grains & Bakery,Balanced Moderate,1,14.1,80.4,5.5,6.7,3.15
"Bread, pita, wheat or cracked wheat",Grains & Bakery,Balanced Moderate,1,14.1,80.4,5.5,6.1,2.87
"Bread, pita, wheat or cracked wheat, toasted",Grains & Bakery,Balanced Moderate,1,14.1,80.4,5.5,6.7,3.15
"Bagel, wheat",Grains & Bakery,Balanced Moderate,1,16.3,78.2,5.5,4.1,6.12
"Bagel, whole wheat",Grains & Bakery,Balanced Moderate,1,16.3,78.2,5.5,4.1,6.12
"Bagel, wheat, with raisins",Grains & Bakery,Balanced Moderate,1,14.7,80.4,4.9,4.1,12.03
"Bagel, whole wheat, with raisins",Grains & Bakery,Balanced Moderate,1,14.7,80.4,4.9,4.1,12.03
"Bagel, wheat, with fruit and nuts",Fruits,Balanced Moderate,1,14.4,76.6,9.1,4.4,11.74
"Bagel, wheat bran",Grains & Bakery,Balanced Moderate,1,16.3,78.2,5.5,4.1,6.12
"Muffin, English, wheat bran",Grains & Bakery,Balanced Moderate,1,15.0,77.2,7.8,4.6,1.56
"Muffin, English, wheat bran, with raisins",Grains & Bakery,Balanced Moderate,1,13.5,79.7,6.8,4.6,7.92
"Muffin, English, wheat or cracked wheat",Grains & Bakery,Balanced Moderate,1,15.0,77.2,7.8,4.6,1.56
"Muffin, English, whole wheat",Grains & Bakery,Balanced Moderate,1,15.0,77.2,7.8,4.6,1.56
"Muffin, English, wheat or cracked wheat, with raisins",Grains & Bakery,Balanced Moderate,1,13.6,79.5,6.9,4.6,7.34
"Muffin, English, whole wheat, with raisins",Grains & Bakery,Balanced Moderate,1,13.6,79.5,6.9,4.6,7.34
"Muffin, English, whole grain white",Sweets & Desserts,Balanced Moderate,1,15.0,77.2,7.8,4.6,1.56
"Breadsticks, hard, whole wheat",Grains & Bakery,High-Fiber / Plant-based,4,12.5,64.4,23.1,7.2,3.29
"Roll, wheat or cracked wheat",Grains & Bakery,Balanced Moderate,1,12.5,66.9,20.6,3.8,1.63
"Roll, wheat or cracked wheat, hot dog bun",Meat & Poultry,Balanced Moderate,1,17.4,70.5,12.1,4.2,6.9
"Roll, wheat or cracked wheat, hamburger bun",Grains & Bakery,Balanced Moderate,1,17.4,70.5,12.1,4.2,6.9
"Roll, whole wheat",Grains & Bakery,Balanced Moderate,1,12.5,66.9,20.6,3.8,1.63
"Roll, whole wheat, hot dog bun",Meat & Poultry,Balanced Moderate,1,18.4,66.9,14.7,6.1,5.92
"Roll, whole wheat, hamburger bun",Grains & Bakery,Balanced Moderate,1,18.4,66.9,14.7,6.1,5.92
"Roll, whole grain white",Grains & Bakery,Balanced Moderate,1,14.6,73.1,12.3,2.3,9.3
"Roll, whole grain white, hot dog bun",Meat & Poultry,Balanced Moderate,1,14.6,73.1,12.3,2.3,9.3
"Roll, whole grain white, hamburger bun",Grains & Bakery,Balanced Moderate,1,14.6,73.1,12.3,2.3,9.3
"Bread, rye",Grains & Bakery,Balanced Moderate,1,13.2,75.2,11.6,5.8,3.85
"Bread, rye, toasted",Grains & Bakery,Balanced Moderate,1,13.2,75.2,11.6,6.4,4.23
"Bread, marble rye and pumpernickel",Grains & Bakery,Balanced Moderate,1,13.2,75.2,11.6,5.8,3.85
"Bread, marble rye and pumpernickel, toasted",Grains & Bakery,Balanced Moderate,1,13.2,75.2,11.6,6.4,4.23
"Muffin, English, rye",Sweets & Desserts,Balanced Moderate,1,13.2,75.2,11.6,5.8,3.85
"Bread, pumpernickel",Grains & Bakery,Balanced Moderate,1,13.8,75.2,11.0,6.5,0.53
"Bread, pumpernickel, toasted",Grains & Bakery,High-Fiber / Plant-based,4,13.8,75.2,11.1,7.1,0.58
"Bagel, pumpernickel",Grains & Bakery,Balanced Moderate,1,16.3,78.2,5.5,4.1,6.12
"Muffin, English, pumpernickel",Sweets & Desserts,Balanced Moderate,1,13.8,75.2,11.0,6.5,0.53
"Bread, black",Grains & Bakery,Balanced Moderate,1,13.8,75.2,11.0,6.5,0.53
"Bread, black, toasted",Grains & Bakery,High-Fiber / Plant-based,4,13.8,75.2,11.1,7.1,0.58
"Roll, rye",Grains & Bakery,Balanced Moderate,1,13.2,75.2,11.6,5.8,3.85
"Roll, pumpernickel",Grains & Bakery,Balanced Moderate,1,15.7,75.2,9.1,5.4,0.4
"Bread, oatmeal",Grains & Bakery,Balanced Moderate,1,12.6,72.6,14.8,4.0,8.14
"Bread, oatmeal, toasted",Grains & Bakery,Balanced Moderate,1,12.6,72.6,14.8,4.4,8.94
"Bread, oat bran",Grains & Bakery,Balanced Moderate,1,12.6,72.6,14.8,4.4,9.04
"Bread, oat bran, toasted",Grains & Bakery,Balanced Moderate,1,12.6,72.6,14.8,4.4,8.94
"Bagel, oat bran",Grains & Bakery,Balanced Moderate,1,16.3,78.2,5.5,4.1,6.12
"Roll, oatmeal",Grains & Bakery,Balanced Moderate,1,12.6,72.6,14.8,4.0,8.14
"Muffin, English, oat bran",Grains & Bakery,Balanced Moderate,1,12.6,72.6,14.8,4.0,8.14
"Muffin, English, oat bran, with raisins",Grains & Bakery,Balanced Moderate,1,11.5,75.4,13.1,4.0,13.84
"Bread, multigrain, toasted",Grains & Bakery,High-Fiber / Plant-based,4,20.2,65.5,14.4,8.1,7.02
"Bread, multigrain",Grains & Bakery,High-Fiber / Plant-based,4,20.2,65.5,14.4,7.4,6.39
"Bread, multigrain, with raisins",Grains & Bakery,High-Fiber / Plant-based,4,18.2,69.1,12.7,7.1,12.27
"Bread, multigrain, with raisins, toasted",Grains & Bakery,High-Fiber / Plant-based,4,18.2,69.1,12.7,7.8,13.48
"Bread, multigrain, reduced calorie and/or high fiber",Grains & Bakery,High-Fiber / Plant-based,4,15.0,75.4,9.6,10.7,4.63
"Bread, multigrain, reduced calorie and/or high fiber, toasted",Grains & Bakery,High-Fiber / Plant-based,4,15.0,75.4,9.6,11.8,5.09
"Roll, multigrain",Grains & Bakery,Balanced Moderate,1,14.2,65.9,19.9,3.8,6.25
"Roll, multigrain, hot dog bun",Meat & Poultry,Balanced Moderate,1,14.2,65.9,19.9,3.8,6.25
"Roll, multigrain, hamburger bun",Grains & Bakery,Balanced Moderate,1,14.2,65.9,19.9,3.8,6.25
"Bagel, multigrain",Grains & Bakery,Balanced Moderate,1,16.3,78.2,5.5,4.1,6.12
"Bagel, multigrain, with raisins",Grains & Bakery,Balanced Moderate,1,14.7,80.4,4.9,4.1,12.03
"Muffin, English, multigrain",Sweets & Desserts,Balanced Moderate,1,15.0,77.2,7.8,4.6,1.56
"Bread, barley",Grains & Bakery,Balanced Moderate,1,15.6,69.5,14.9,4.0,5.73
"Bread, barley, toasted",Grains & Bakery,Balanced Moderate,1,15.6,69.5,14.9,4.4,6.3
"Bread, soy",Grains & Bakery,Balanced Moderate,1,23.7,64.5,11.9,4.4,6.0
"Bread, soy, toasted",Grains & Bakery,Balanced Moderate,1,23.7,64.5,11.9,4.8,6.6
"Bread, sunflower meal",Grains & Bakery,Balanced Moderate,1,12.9,62.9,24.3,2.7,3.09
"Bread, sunflower meal, toasted",Grains & Bakery,Balanced Moderate,1,12.9,62.9,24.2,2.9,3.4
"Bread, rice",Grains & Bakery,Balanced Moderate,1,7.0,74.0,19.1,4.3,3.53
"Bread, rice, toasted",Grains & Bakery,Balanced Moderate,1,7.0,74.0,19.1,4.7,3.88
"Injera, Ethiopian bread",Grains & Bakery,Balanced Moderate,1,14.7,77.3,8.0,2.7,1.03
"Bread, gluten free",Grains & Bakery,Balanced Moderate,1,7.0,74.0,19.1,4.3,3.53
"Bread, gluten free, toasted",Grains & Bakery,Balanced Moderate,1,7.0,74.0,19.1,4.7,3.88
"Breadsticks, hard, gluten free",Other,High-Fiber / Plant-based,4,9.9,58.6,31.5,10.2,0.86
"Roll, gluten free",Grains & Bakery,Balanced Moderate,1,5.6,84.4,10.0,5.1,6.87
"Biscuit, NFS",Fast Food & Prepared,Low-Calorie / Beverages,5,7.7,46.3,46.0,2.5,3.88
Crumpet,Other,Balanced Moderate,1,15.6,77.7,6.7,3.5,3.53
"Biscuit, from refrigerated dough",Other,Low-Calorie / Beverages,5,8.4,60.5,31.1,2.8,8.19
"Biscuit, from fast food / restaurant",Other,Low-Calorie / Beverages,5,7.7,46.3,46.0,2.5,3.88
"Biscuit, home recipe",Other,Low-Calorie / Beverages,5,7.8,51.7,40.5,1.4,4.48
"Biscuit, wheat",Grains & Bakery,Low-Calorie / Beverages,5,8.1,47.5,44.3,4.5,3.71
"Biscuit, cheese",Dairy & Eggs,Low-Calorie / Beverages,5,9.3,41.5,49.2,2.2,3.52
Biscuit with fruit,Fruits,Low-Calorie / Beverages,5,7.3,50.8,41.9,2.7,10.01
Scone,Grains & Bakery,Low-Calorie / Beverages,5,6.8,50.6,42.6,1.2,13.31
"Scone, with fruit",Fruits,Low-Calorie / Beverages,5,6.6,54.6,38.9,1.5,18.5
"Cornbread, prepared from mix",Snacks & Desserts,Balanced Moderate,1,8.0,65.9,26.1,2.3,16.05
"Cornbread, made from home recipe",Snacks & Desserts,Low-Calorie / Beverages,5,9.1,60.3,30.6,1.5,6.87
Cornbread stuffing,Snacks & Desserts,Low-Calorie / Beverages,5,6.5,49.1,44.4,2.9,0.0
"Cornbread muffin, stick, round",Sweets & Desserts,Balanced Moderate,1,7.8,67.3,24.9,3.4,17.78
"Cornbread muffin, stick, round, made from home recipe",Sweets & Desserts,Low-Calorie / Beverages,5,9.1,60.3,30.5,1.6,7.36
"Corn flour patty or tart, fried",Sweets & Desserts,Balanced Moderate,1,7.2,74.1,18.8,3.0,5.91
"Corn pone, baked",Other,Balanced Moderate,1,6.6,75.0,18.3,1.9,0.79
"Corn pone, fried",Other,Low-Calorie / Beverages,5,5.3,59.9,34.9,1.8,0.76
"Gordita/sope shell, plain, no filling",Other,Low-Calorie / Beverages,5,5.4,47.4,47.2,2.7,0.66
Hush puppy,Other,Low-Calorie / Beverages,5,8.1,52.8,39.1,2.9,3.8
Johnnycake,Other,Balanced Moderate,1,11.6,64.1,24.3,1.8,8.67
Spoonbread,Other,Low-Calorie / Beverages,5,16.5,45.6,37.8,0.7,4.88
"Tortilla, NFS",Grains & Bakery,Balanced Moderate,1,10.5,71.1,18.4,4.9,2.3
"Tortilla, corn",Grains & Bakery,Balanced Moderate,1,10.0,78.7,11.3,6.3,0.88
"Tortilla, flour",Grains & Bakery,Balanced Moderate,1,10.9,65.4,23.8,3.5,3.71
"Tortilla, whole wheat",Grains & Bakery,High-Fiber / Plant-based,4,12.6,59.1,28.3,9.8,2.44
"Taco shell, corn",Fast Food & Prepared,High-Fiber / Plant-based,4,5.4,53.4,41.2,6.7,1.5
"Taco shell, flour",Fast Food & Prepared,Low-Calorie / Beverages,5,6.9,41.7,51.3,3.8,4.0
Arepa Dominicana,Other,Low-Calorie / Beverages,5,8.4,45.1,46.5,2.4,3.27
"Muffin, NFS",Sweets & Desserts,High-Fat / Oils,3,4.8,56.6,38.6,1.1,31.47
"Muffin, fruit",Fruits,High-Fat / Oils,3,4.8,56.6,38.6,1.1,31.47
"Muffin, fruit, low fat",Fruits,High-Fat / Oils,3,6.6,78.5,14.9,4.2,27.05
"Muffin, chocolate chip",Sweets & Desserts,High-Fat / Oils,3,5.5,53.5,41.1,1.8,32.94
"Muffin, chocolate",Sweets & Desserts,Low-Calorie / Beverages,5,6.5,51.3,42.2,1.9,26.0
"Muffin, whole wheat",Grains & Bakery,Low-Calorie / Beverages,5,7.8,47.8,44.4,3.5,20.11
"Muffin, wheat",Grains & Bakery,Low-Calorie / Beverages,5,7.2,49.4,43.4,1.8,19.93
"Muffin, whole grain",Sweets & Desserts,Low-Calorie / Beverages,5,7.2,49.4,43.4,1.8,19.93
"Muffin, wheat bran",Grains & Bakery,Balanced Moderate,1,10.7,66.8,22.5,2.4,14.74
"Muffin, bran with fruit, lowfat",Fruits,Balanced Moderate,1,10.9,82.2,6.9,2.8,19.87
"Muffin, oatmeal",Grains & Bakery,Low-Calorie / Beverages,5,6.9,47.5,45.6,1.5,20.68
"Muffin, oat bran",Grains & Bakery,Balanced Moderate,1,9.7,67.1,23.1,4.6,8.22
"Muffin, plain",Sweets & Desserts,High-Fat / Oils,3,6.2,55.4,38.4,0.8,27.5
"Muffin, cheese",Dairy & Eggs,Low-Calorie / Beverages,5,10.5,33.2,56.3,1.0,1.91
"Muffin, pumpkin",Vegetables,Low-Calorie / Beverages,5,6.3,56.2,37.5,1.4,22.61
"Muffin, zucchini",Vegetables,Low-Calorie / Beverages,5,6.5,55.5,38.1,0.9,22.74
"Muffin, carrot",Vegetables,Low-Calorie / Beverages,5,6.2,56.3,37.4,1.3,23.33
Popover,Other,Low-Calorie / Beverages,5,16.7,53.4,30.0,1.1,4.08
"Bread, Boston Brown",Grains & Bakery,Balanced Moderate,1,15.6,69.5,14.9,4.0,5.73
"Bread, nut",Grains & Bakery,Low-Calorie / Beverages,5,6.5,49.5,44.0,1.3,26.03
"Bread, pumpkin",Vegetables,Low-Calorie / Beverages,5,6.3,56.2,37.5,1.4,22.61
"Bread, fruit",Fruits,Low-Calorie / Beverages,5,6.4,50.9,42.7,1.4,24.84
"Bread, zucchini",Vegetables,Low-Calorie / Beverages,5,6.5,55.5,38.1,0.9,22.74
"Bread, Irish soda",Grains & Bakery,Balanced Moderate,1,8.2,66.3,25.5,2.3,21.68
"Cake batter, raw, chocolate",Sweets & Desserts,Low-Calorie / Beverages,5,5.7,53.6,40.7,1.2,19.95
"Cake batter, raw, not chocolate",Sweets & Desserts,Low-Calorie / Beverages,5,5.5,58.5,36.0,0.6,21.85
"Cake or cupcake, NS as to type",Sweets & Desserts,High-Fat / Oils,3,3.4,52.1,44.5,2.2,39.96
"Cake, angel food, without icing or filling",Sweets & Desserts,High-Fat / Oils,3,9.3,89.7,1.0,0.2,30.51
"Cake, angel food, with icing or filling",Sweets & Desserts,High-Fat / Oils,3,4.8,76.9,18.3,0.1,46.19
"Cake, angel food, with fruit and icing or filling",Fruits,Balanced Moderate,1,8.1,79.2,12.7,0.7,23.8
"Cake or cupcake, applesauce, without icing or filling",Sweets & Desserts,Low-Calorie / Beverages,5,4.7,42.4,52.9,1.7,27.76
"Cake or cupcake, applesauce, with icing or filling",Sweets & Desserts,High-Fat / Oils,3,3.5,42.6,53.9,1.1,35.2
"Cake or cupcake, banana, without icing or filling",Fruits,Low-Calorie / Beverages,5,4.8,42.7,52.4,2.1,27.47
"Cake or cupcake, banana, with icing or filling",Fruits,High-Fat / Oils,3,3.7,42.8,53.6,1.3,35.2
"Cake or cupcake, Black Forest",Sweets & Desserts,High-Fat / Oils,3,3.5,55.5,41.0,0.5,32.94
"Cake, Boston cream pie",Sweets & Desserts,High-Fat / Oils,3,3.7,66.6,29.7,1.4,36.11
"Cake or cupcake, carrot, without icing or filling",Vegetables,Low-Calorie / Beverages,5,5.0,40.8,54.2,2.1,25.57
"Cake or cupcake, carrot, with icing or filling",Vegetables,High-Fat / Oils,3,3.7,41.6,54.7,1.3,34.04
"Cake, carrot, diet",Vegetables,High-Fiber / Plant-based,4,3.6,72.1,24.3,14.9,29.71
"Cake or cupcake, coconut, with icing or filling",Fruits,High-Fat / Oils,3,4.8,69.6,25.5,1.0,57.39
Cheesecake,Other,Low-Calorie / Beverages,5,6.7,31.2,62.0,0.4,21.8
Cheesecake with fruit,Fruits,Low-Calorie / Beverages,5,6.8,34.8,58.5,1.0,15.27
"Cheesecake, chocolate",Sweets & Desserts,Low-Calorie / Beverages,5,6.2,33.7,60.1,1.0,27.81
"Cake or cupcake, chocolate, devil's food or fudge, with icing or filling",Sweets & Desserts,High-Fat / Oils,3,3.4,52.1,44.5,2.2,39.96
"Cake or cupcake, chocolate, devil's food or fudge, without icing or filling",Sweets & Desserts,Low-Calorie / Beverages,5,5.7,53.6,40.7,1.3,22.42
"Cake or cupcake, German chocolate, with icing or filling",Sweets & Desserts,High-Fat / Oils,3,3.7,49.2,47.1,2.7,38.57
"Cake, chocolate, with icing, diet",Sweets & Desserts,High-Fiber / Plant-based,4,3.6,67.8,28.6,14.9,33.42
"Cake, cream, without icing or topping",Sweets & Desserts,Low-Calorie / Beverages,5,5.2,49.1,45.7,0.4,25.48
"Snack cake, chocolate, with icing or filling",Sweets & Desserts,High-Fat / Oils,3,3.6,60.4,35.9,3.2,37.76
"Snack cake, chocolate, with icing or filling, reduced fat and calories",Sweets & Desserts,High-Fiber / Plant-based,4,3.6,67.8,28.6,14.9,33.42
"Snack cake, not chocolate, with icing or filling",Sweets & Desserts,High-Fat / Oils,3,3.7,68.5,27.8,1.0,37.3
"Snack cake, not chocolate, with icing or filling, reduced fat and calories",Sweets & Desserts,High-Fiber / Plant-based,4,3.6,72.1,24.3,14.9,29.71
"Cake, Dobos Torte",Sweets & Desserts,High-Fat / Oils,3,3.6,55.7,40.7,0.6,39.26
"Cake, fruit cake, light or dark, holiday type cake",Fruits,High-Fat / Oils,3,3.4,72.5,24.1,3.7,27.42
"Cake or cupcake, gingerbread",Sweets & Desserts,High-Fat / Oils,3,5.2,65.4,29.5,1.2,31.66
Ice cream cake,Dairy & Eggs,High-Fat / Oils,3,4.3,52.7,43.0,0.5,31.5
"Cake, jelly roll",Grains & Bakery,High-Fat / Oils,3,4.4,61.1,34.5,0.6,33.64
"Cake or cupcake, lemon, without icing or filling",Fruits,Low-Calorie / Beverages,5,5.2,52.4,42.3,0.4,25.07
"Cake or cupcake, lemon, with icing or filling",Fruits,High-Fat / Oils,3,3.5,56.2,40.3,0.3,39.45
"Cake or cupcake, marble, without icing or filling",Sweets & Desserts,Low-Calorie / Beverages,5,5.5,53.0,41.5,0.8,23.74
"Cake or cupcake, marble, with icing or filling",Sweets & Desserts,High-Fat / Oils,3,3.2,54.3,42.5,1.2,40.88
"Cake or cupcake, nut, without icing or filling",Sweets & Desserts,Low-Calorie / Beverages,5,6.0,42.4,51.6,1.3,24.73
"Cake or cupcake, nut, with icing or filling",Sweets & Desserts,High-Fat / Oils,3,4.0,51.8,44.1,0.9,37.64
"Cake or cupcake, oatmeal",Grains & Bakery,High-Fat / Oils,3,3.4,66.6,30.0,1.5,45.69
"Cake or cupcake, peanut butter",Dairy & Eggs,High-Fat / Oils,3,4.9,50.4,44.8,1.0,38.35
"Cake, pound, without icing or filling",Sweets & Desserts,High-Fat / Oils,3,5.6,59.6,34.9,0.6,33.36
"Cake, pound, with icing or filling",Sweets & Desserts,High-Fat / Oils,3,3.5,61.6,34.9,0.4,46.52
"Cake, pound, chocolate",Sweets & Desserts,High-Fat / Oils,3,5.0,56.9,38.1,1.6,40.73
"Cake, pound, Puerto Rican style",Sweets & Desserts,Low-Calorie / Beverages,5,5.9,38.4,55.7,0.6,27.84
"Cake, pound, reduced fat, cholesterol free",Sweets & Desserts,High-Fat / Oils,3,7.8,88.3,3.9,1.1,34.34
"Cake or cupcake, pumpkin, without icing or filling",Vegetables,Low-Calorie / Beverages,5,5.1,40.9,54.1,2.2,23.8
"Cake or cupcake, pumpkin, with icing or filling",Vegetables,High-Fat / Oils,3,3.8,41.6,54.6,1.4,32.51
"Cake or cupcake, raisin-nut",Fruits,High-Fat / Oils,3,5.8,49.1,45.1,1.9,31.73
"Cake, Ravani",Sweets & Desserts,High-Fat / Oils,3,5.5,70.1,24.4,0.7,33.55
"Cake, rice flour, without icing or filling",Grains & Bakery,Balanced Moderate,1,6.7,66.3,27.0,1.2,14.7
"Cake, Quezadilla, El Salvadorian style",Sweets & Desserts,Low-Calorie / Beverages,5,10.3,61.4,28.4,2.3,12.5
"Cake or cupcake, spice, without icing or filling",Sweets & Desserts,Low-Calorie / Beverages,5,4.7,42.4,52.9,1.7,27.76
"Cake or cupcake, spice, with icing or filling",Sweets & Desserts,High-Fat / Oils,3,3.5,42.6,53.9,1.1,35.2
"Cake, sponge, without icing or filling",Sweets & Desserts,High-Fat / Oils,3,7.5,84.2,8.4,0.5,36.66
"Cake, sponge, with icing or filling",Sweets & Desserts,High-Fat / Oils,3,4.1,75.5,20.4,0.3,49.79
"Cake, sponge, chocolate",Sweets & Desserts,High-Fat / Oils,3,4.6,73.6,21.8,0.7,47.67
"Rum cake, without icing",Sweets & Desserts,High-Fat / Oils,3,5.6,59.6,34.9,0.6,33.36
"Cake, torte",Sweets & Desserts,Low-Calorie / Beverages,5,5.1,51.8,43.1,0.8,21.69
"Cake, tres leche",Sweets & Desserts,High-Fat / Oils,3,9.4,61.7,28.9,0.3,33.14
"Cake, pineapple, upside down",Fruits,High-Fat / Oils,3,4.2,51.7,44.1,0.9,33.09
"Cake or cupcake, white, with icing or filling",Sweets & Desserts,High-Fat / Oils,3,3.0,56.5,40.5,0.3,41.79
"Cake or cupcake, white, without icing or filling",Sweets & Desserts,High-Fat / Oils,3,4.6,59.8,35.7,0.4,30.02
"Cake or cupcake, yellow, with icing or filling",Sweets & Desserts,High-Fat / Oils,3,3.2,56.2,40.6,1.5,39.22
"Cake or cupcake, yellow, without icing or filling",Sweets & Desserts,Low-Calorie / Beverages,5,5.2,52.4,42.3,0.4,25.07
"Cake, shortcake, biscuit type, with whipped cream and fruit",Dairy & Eggs,Low-Calorie / Beverages,5,7.3,50.5,42.2,1.4,6.77
"Cake, shortcake, biscuit type, with fruit",Fruits,Low-Calorie / Beverages,5,7.8,56.7,35.6,1.6,6.71
"Cake, shortcake, sponge type, with whipped cream and fruit",Dairy & Eggs,High-Fat / Oils,3,6.9,77.5,15.7,0.9,29.42
"Cake, shortcake, sponge type, with fruit",Fruits,High-Fat / Oils,3,7.2,84.8,8.0,1.0,32.71
"Cake, shortcake, with whipped topping and fruit, diet",Dairy & Eggs,Balanced Moderate,1,6.6,73.9,19.5,1.0,25.7
"Cake or cupcake, zucchini",Vegetables,High-Fat / Oils,3,3.8,41.0,55.2,1.1,34.66
"Cookie, batter or dough, raw",Sweets & Desserts,High-Fat / Oils,3,4.4,49.7,45.9,0.9,29.26
"Cookie, NFS",Sweets & Desserts,High-Fat / Oils,3,4.0,51.8,44.1,2.0,32.9
"Cookie, almond","Legumes, Nuts & Seeds",Low-Calorie / Beverages,5,4.2,49.8,46.0,1.3,21.65
"Cookie, applesauce",Sweets & Desserts,High-Fat / Oils,3,5.4,59.4,35.2,2.8,24.66
"Cookie, biscotti",Sweets & Desserts,High-Fat / Oils,3,8.0,72.2,19.8,1.4,28.46
"Cookie, brownie, NS as to icing",Sweets & Desserts,High-Fat / Oils,3,4.6,60.6,34.8,2.1,36.61
"Cookie, brownie, without icing",Sweets & Desserts,High-Fat / Oils,3,4.6,60.6,34.8,2.1,36.61
"Cookie, brownie, with icing or filling",Sweets & Desserts,High-Fat / Oils,3,2.8,60.7,36.5,1.5,47.22
"Cookie, brownie, reduced fat, NS as to icing",Sweets & Desserts,High-Fiber / Plant-based,4,3.2,71.5,25.3,11.1,38.73
"Cookie, brownie, fat free, NS as to icing",Sweets & Desserts,High-Fiber / Plant-based,4,3.2,71.5,25.3,11.1,38.73
"Cookie, butterscotch, brownie",Sweets & Desserts,High-Fat / Oils,3,4.6,60.6,34.8,2.1,36.61
"Cookie, bar, with chocolate",Sweets & Desserts,High-Fat / Oils,3,4.0,51.8,44.1,2.0,32.9
"Cookie, chocolate chip",Sweets & Desserts,High-Fat / Oils,3,4.0,51.8,44.1,2.0,32.9
"Cookie, chocolate chip, made from home recipe or purchased at a bakery",Sweets & Desserts,High-Fat / Oils,3,4.5,46.2,49.3,2.7,41.14
"Cookie, chocolate chip, reduced fat",Sweets & Desserts,High-Fat / Oils,3,5.2,59.3,35.4,3.0,32.84
"Cookie, chocolate chip sandwich",Fast Food & Prepared,High-Fat / Oils,3,2.8,59.8,37.4,0.0,38.24
"Cookie, chocolate, made with rice cereal",Grains & Bakery,High-Fat / Oils,3,2.9,57.5,39.6,1.6,40.32
"Cookie, chocolate, made with oatmeal and coconut, no bake",Fruits,High-Fat / Oils,3,5.4,59.4,35.2,2.8,24.66
"Cookie, chocolate or fudge",Sweets & Desserts,High-Fat / Oils,3,5.9,65.3,28.7,3.4,37.43
"Cookie, chocolate or fudge, reduced fat",Sweets & Desserts,High-Fat / Oils,3,5.2,59.3,35.4,3.0,32.84
"Cookie, chocolate, with chocolate filling or coating, fat free",Sweets & Desserts,High-Fat / Oils,3,5.2,59.3,35.4,3.0,32.84
"Cookie, marshmallow, chocolate-covered",Sweets & Desserts,High-Fat / Oils,3,3.6,61.7,34.7,2.0,44.8
"Cookie, marshmallow pie, chocolate covered",Sweets & Desserts,High-Fat / Oils,3,3.6,61.7,34.7,2.0,44.8
"Cookie, chocolate, with icing or coating",Sweets & Desserts,High-Fat / Oils,3,3.5,53.5,42.9,2.3,32.0
"Cookie, sugar wafer, chocolate-covered",Sweets & Desserts,High-Fat / Oils,3,2.6,50.2,47.2,3.4,51.72
"Cookie, chocolate sandwich",Fast Food & Prepared,High-Fat / Oils,3,4.4,59.5,36.1,2.9,40.67
"Cookie, chocolate sandwich, reduced fat",Fast Food & Prepared,High-Fat / Oils,3,2.7,69.9,27.4,2.9,41.18
"Cookie, chocolate, sandwich, with extra filling",Fast Food & Prepared,High-Fat / Oils,3,3.4,53.4,43.2,2.7,46.0
"Cookie, chocolate and vanilla sandwich",Fast Food & Prepared,High-Fat / Oils,3,4.4,59.5,36.1,2.9,40.67
"Cookie, chocolate wafer",Sweets & Desserts,High-Fat / Oils,3,5.9,65.3,28.7,3.4,37.43
"Cookie, graham cracker with chocolate and marshmallow",Grains & Bakery,High-Fat / Oils,3,5.4,58.9,35.7,2.8,43.87
"Cookie bar, with chocolate, nuts, and graham crackers",Sweets & Desserts,High-Fat / Oils,3,4.0,51.8,44.1,2.0,32.9
"Cookie, coconut",Fruits,High-Fat / Oils,3,2.6,53.2,44.1,5.1,45.16
"Cookie, fruit-filled bar",Fruits,High-Fat / Oils,3,4.1,77.9,18.0,4.6,46.36
"Cookie, fruit-filled bar, fat free",Fruits,High-Fat / Oils,3,4.1,77.9,18.0,4.6,46.36
"Cookie, fig bar",Fruits,High-Fat / Oils,3,4.1,77.9,18.0,4.6,46.36
"Cookie, fig bar, fat free",Fruits,High-Fat / Oils,3,4.1,77.9,18.0,4.6,46.36
"Cookie, fortune",Sweets & Desserts,High-Fat / Oils,3,4.5,89.1,6.4,1.6,45.42
"Cookie, cone shell, ice cream type, wafer or cake",Dairy & Eggs,Balanced Moderate,1,7.9,77.0,15.1,3.0,6.0
"Cookie, gingersnaps",Sweets & Desserts,Balanced Moderate,1,5.4,73.6,21.1,2.2,19.92
"Cookie, granola",Grains & Bakery,High-Fat / Oils,3,8.4,57.5,34.1,3.1,27.52
"Cookie, ladyfinger",Sweets & Desserts,High-Fat / Oils,3,11.7,65.8,22.6,1.0,25.39
"Cookie, lemon bar",Fruits,High-Fat / Oils,3,4.6,56.9,38.5,0.8,42.1
"Cookie, macaroon",Sweets & Desserts,High-Fat / Oils,3,2.6,53.2,44.1,5.1,45.16
"Cookie, marshmallow, with coconut",Fruits,High-Fat / Oils,3,3.6,61.7,34.7,2.0,44.8
"Cookie, marshmallow, with rice cereal, no bake",Grains & Bakery,Balanced Moderate,1,3.3,77.3,19.4,0.0,19.36
"Cookie, marshmallow, with rice cereal and chocolate chips",Grains & Bakery,High-Fat / Oils,3,4.2,58.2,37.6,0.0,40.91
"Cookie, marshmallow and peanut butter, with oat cereal, no bake",Dairy & Eggs,Balanced Moderate,1,3.3,77.3,19.4,0.0,19.36
"Cookie, meringue",Sweets & Desserts,High-Fat / Oils,3,6.6,92.5,0.9,0.0,80.35
"Cookie, molasses",Sweets & Desserts,Balanced Moderate,1,5.2,68.2,26.6,1.0,17.6
"Cookie, Lebkuchen",Sweets & Desserts,Balanced Moderate,1,5.2,68.2,26.6,1.0,17.6
"Cookie, multigrain, high fiber",Sweets & Desserts,High-Fat / Oils,3,8.4,57.5,34.1,3.1,27.52
"Cookie, oatmeal",Grains & Bakery,High-Fat / Oils,3,5.4,59.4,35.2,2.8,24.66
"Cookie, oatmeal, with raisins",Grains & Bakery,High-Fat / Oils,3,5.4,59.4,35.2,2.8,24.66
"Cookie, oatmeal, reduced fat, NS as to raisins",Grains & Bakery,High-Fiber / Plant-based,4,4.4,70.8,24.8,16.1,32.14
"Cookie, oatmeal sandwich, with creme filling",Grains & Bakery,High-Fat / Oils,3,2.6,56.0,41.4,2.6,31.36
"Cookie, oatmeal, with chocolate chips",Grains & Bakery,High-Fat / Oils,3,4.8,56.1,39.1,3.5,31.74
"Cookie, oatmeal sandwich, with peanut butter and jelly filling",Dairy & Eggs,High-Fat / Oils,3,2.6,56.0,41.4,2.6,31.36
"Cookie, oatmeal, with chocolate and peanut butter, no bake",Dairy & Eggs,High-Fat / Oils,3,5.4,59.4,35.2,2.8,24.66
"Cookie, peanut butter",Dairy & Eggs,High-Fat / Oils,3,7.4,48.2,44.4,2.1,28.58
"Cookie, peanut butter, with chocolate",Dairy & Eggs,High-Fat / Oils,3,6.3,47.9,45.8,3.0,34.73
"Cookie, peanut butter with rice cereal, no bake",Dairy & Eggs,Balanced Moderate,1,3.3,77.3,19.4,0.0,19.36
"Cookie, peanut butter sandwich",Dairy & Eggs,High-Fat / Oils,3,7.2,53.8,39.0,1.9,35.44
"Cookie, with peanut butter filling, chocolate-coated",Dairy & Eggs,High-Fat / Oils,3,5.8,37.7,56.6,3.5,30.9
"Cookie, Pfeffernusse",Sweets & Desserts,Low-Calorie / Beverages,5,4.2,49.8,46.0,1.3,21.65
"Cookie, Pizzelle",Sweets & Desserts,Balanced Moderate,1,7.9,77.0,15.1,3.0,6.0
"Cookie, pumpkin",Vegetables,High-Fat / Oils,3,5.4,59.4,35.2,2.8,24.66
"Cookie, raisin",Fruits,High-Fat / Oils,3,4.0,66.2,29.8,1.2,47.56
"Cookie, raisin sandwich, cream-filled",Fruits,High-Fat / Oils,3,2.6,56.0,41.4,2.6,31.36
"Cookie, rum ball, no bake",Sweets & Desserts,Low-Calorie / Beverages,5,4.2,49.8,46.0,1.3,21.65
"Cookie, sandwich-type, not chocolate or vanilla",Fast Food & Prepared,High-Fat / Oils,3,3.7,59.3,37.0,1.5,39.3
"Cookie, shortbread",Sweets & Desserts,Low-Calorie / Beverages,5,4.2,49.8,46.0,1.3,21.65
"Cookie, shortbread, reduced fat",Sweets & Desserts,Balanced Moderate,1,4.8,67.3,27.9,1.3,21.65
"Cookie, shortbread, with icing or filling",Sweets & Desserts,High-Fat / Oils,3,3.8,47.7,48.5,2.1,27.34
Pocky,Other,Low-Calorie / Beverages,5,9.0,45.7,45.3,5.0,25.0
"Cookie, animal",Sweets & Desserts,Balanced Moderate,1,6.2,66.1,27.7,1.1,23.3
"Cookie, animal, with frosting or icing",Sweets & Desserts,High-Fat / Oils,3,2.4,55.1,42.6,0.9,41.1
"Cookie, butter or sugar",Dairy & Eggs,High-Fat / Oils,3,4.6,57.7,37.7,1.3,27.31
Marie biscuit,Other,Balanced Moderate,1,7.0,69.6,23.5,3.5,21.16
"Cookie, butter or sugar, with fruit and/or nuts",Fruits,Low-Calorie / Beverages,5,5.6,55.1,39.3,1.8,23.97
"Cookie, sugar wafer",Sweets & Desserts,High-Fat / Oils,3,3.0,55.7,41.2,1.6,42.95
"Cookie, toffee bar",Sweets & Desserts,High-Fat / Oils,3,4.0,51.8,44.1,2.0,32.9
"Cookie, vanilla sandwich",Fast Food & Prepared,High-Fat / Oils,3,3.7,59.3,37.0,1.5,39.3
"Cookie, vanilla sandwich, extra filling",Fast Food & Prepared,High-Fat / Oils,3,3.4,53.4,43.2,2.7,46.0
"Cookie, vanilla sandwich, reduced fat",Fast Food & Prepared,High-Fat / Oils,3,3.9,73.9,22.2,2.1,37.5
"Cookie, butter or sugar, with chocolate icing or filling",Dairy & Eggs,High-Fat / Oils,3,3.3,54.7,42.0,1.9,33.8
"Cookie, butter or sugar, with icing or filling other than chocolate",Dairy & Eggs,High-Fat / Oils,3,3.1,66.3,30.6,0.4,45.92
"Cookie, tea, Japanese",Beverages,High-Fat / Oils,3,4.5,89.1,6.4,1.6,45.42
"Cookie, vanilla wafer",Sweets & Desserts,High-Fat / Oils,3,4.3,63.4,32.3,1.6,35.07
"Cookie, vanilla wafer, reduced fat",Sweets & Desserts,High-Fat / Oils,3,4.4,65.2,30.3,1.9,37.5
"Cookie, vanilla with caramel, coconut, and chocolate coating",Fruits,High-Fat / Oils,3,2.8,51.0,46.2,4.4,35.8
"Cookie, rugelach",Sweets & Desserts,High-Fat / Oils,3,4.1,77.9,18.0,4.6,46.36
"Cookie, chocolate chip, sugar free",Sweets & Desserts,High-Fat / Oils,3,3.4,63.8,32.8,1.6,39.81
"Cookie, oatmeal, sugar free",Grains & Bakery,High-Fat / Oils,3,4.2,60.7,35.2,2.9,31.65
"Cookie, sandwich, sugar free",Fast Food & Prepared,Low-Calorie / Beverages,5,3.7,55.6,40.7,4.1,19.73
"Cookie, sugar or plain, sugar free",Sweets & Desserts,Low-Calorie / Beverages,5,7.9,38.7,53.4,3.4,0.0
"Cookie, sugar wafer, sugar free",Sweets & Desserts,High-Fiber / Plant-based,4,2.7,49.4,47.9,14.3,0.0
"Cookie, peanut butter, sugar free",Dairy & Eggs,Low-Calorie / Beverages,5,7.9,38.7,53.4,3.4,0.0
"Cookie, gluten free",Sweets & Desserts,High-Fat / Oils,3,1.8,64.2,34.0,2.5,49.0
"Cookies, Puerto Rican style",Other,Low-Calorie / Beverages,5,4.8,53.9,41.3,1.6,23.31
"Pie, NFS",Sweets & Desserts,Low-Calorie / Beverages,5,3.1,56.1,40.8,1.6,15.65
"Pie, individual size or tart, NFS",Sweets & Desserts,Low-Calorie / Beverages,5,3.7,52.1,44.3,2.6,21.4
"Pie, fried, NFS",Sweets & Desserts,Low-Calorie / Beverages,5,3.7,52.1,44.3,2.6,21.4
"Pie, apple, two crust",Fruits,Low-Calorie / Beverages,5,3.1,56.1,40.8,1.6,15.65
"Pie, apple, individual size or tart",Fruits,Low-Calorie / Beverages,5,3.7,52.1,44.3,2.6,21.4
"Pie, apple, fried pie",Fruits,Low-Calorie / Beverages,5,3.7,52.1,44.3,2.6,21.4
"Pie, apple, one crust",Fruits,High-Fat / Oils,3,2.9,63.1,34.0,1.1,24.15
"Pie, apricot, two crust",Fruits,Low-Calorie / Beverages,5,4.5,55.4,40.1,1.7,18.35
"Pie, apricot, individual size or tart",Fruits,Low-Calorie / Beverages,5,3.7,52.1,44.3,2.6,21.4
"Pie, apricot, fried pie",Fruits,Low-Calorie / Beverages,5,3.7,52.1,44.3,2.6,21.4
"Pie, blackberry, two crust",Fruits,Low-Calorie / Beverages,5,4.3,53.5,42.2,3.2,16.09
"Pie, blackberry, individual size or tart",Fruits,Low-Calorie / Beverages,5,4.4,51.3,44.3,3.1,15.0
"Pie, berry, not blackberry, blueberry, boysenberry, huckleberry, raspberry, or strawberry; two crust",Fruits,Low-Calorie / Beverages,5,3.5,54.0,42.5,2.1,17.32
"Pie, berry, not blackberry, blueberry, boysenberry, huckleberry, raspberry, or strawberry; one crust",Fruits,Low-Calorie / Beverages,5,2.8,60.6,36.6,2.5,21.59
"Pie, berry, not blackberry, blueberry, boysenberry, huckleberry, raspberry, or strawberry, individual size or tart",Fruits,Low-Calorie / Beverages,5,3.8,51.7,44.6,2.1,16.0
"Pie, blueberry, two crust",Fruits,Low-Calorie / Beverages,5,3.0,59.0,38.0,1.0,9.89
"Pie, blueberry, individual size or tart",Fruits,Low-Calorie / Beverages,5,3.9,53.1,43.0,1.8,17.32
"Pie, cherry, two crust",Fruits,Low-Calorie / Beverages,5,3.0,59.8,37.2,0.8,14.29
"Pie, cherry, one crust",Fruits,Low-Calorie / Beverages,5,3.6,63.1,33.4,1.2,22.08
"Pie, cherry, individual size or tart",Fruits,Low-Calorie / Beverages,5,3.0,59.8,37.2,0.8,14.29
"Pie, cherry, fried pie",Fruits,Low-Calorie / Beverages,5,3.7,52.1,44.3,2.6,21.4
"Pie, lemon, not cream or meringue",Fruits,High-Fat / Oils,3,5.2,58.7,36.1,0.9,36.22
"Pie, lemon, not cream or meringue, individual size or tart",Fruits,High-Fat / Oils,3,5.3,56.8,38.0,1.0,32.92
"Pie, lemon, fried pie",Fruits,Low-Calorie / Beverages,5,3.7,52.1,44.3,2.6,21.4
"Pie, mince, two crust",Sweets & Desserts,High-Fat / Oils,3,3.5,64.1,32.4,2.6,28.31
"Pie, peach, two crust",Fruits,Low-Calorie / Beverages,5,3.3,57.4,39.3,0.8,16.23
"Pie, peach, one crust",Fruits,High-Fat / Oils,3,3.7,64.9,31.4,1.4,23.47
"Pie, peach, individual size or tart",Fruits,Low-Calorie / Beverages,5,4.3,52.7,43.0,1.4,16.36
"Pie, peach, fried pie",Fruits,Low-Calorie / Beverages,5,3.7,52.1,44.3,2.6,21.4
"Pie, pear, two crust",Fruits,Low-Calorie / Beverages,5,3.6,56.0,40.4,2.0,17.7
"Pie, pear, individual size or tart",Fruits,Low-Calorie / Beverages,5,3.8,53.0,43.2,2.0,16.38
"Pie, pineapple, two crust",Fruits,Low-Calorie / Beverages,5,4.0,53.8,42.2,1.0,15.56
"Pie, pineapple, individual size or tart",Fruits,Low-Calorie / Beverages,5,3.7,52.1,44.3,2.6,21.4
"Pie, raisin, two crust",Fruits,Low-Calorie / Beverages,5,4.1,57.5,38.4,1.3,18.27
"Pie, raisin, individual size or tart",Fruits,Low-Calorie / Beverages,5,4.3,54.6,41.1,1.4,18.08
"Pie, raspberry, one crust",Fruits,Low-Calorie / Beverages,5,3.6,61.8,34.6,4.3,19.64
"Pie, raspberry, two crust",Fruits,Low-Calorie / Beverages,5,4.0,54.2,41.7,3.8,15.86
"Pie, rhubarb, two crust",Sweets & Desserts,Low-Calorie / Beverages,5,4.5,49.0,46.5,1.5,10.76
"Pie, strawberry, one crust",Fruits,Low-Calorie / Beverages,5,3.9,59.1,37.0,1.8,17.5
"Pie, strawberry-rhubarb, two crust",Fruits,Low-Calorie / Beverages,5,4.5,50.0,45.5,1.6,11.81
"Pie, strawberry, individual size or tart",Fruits,Low-Calorie / Beverages,5,4.2,53.9,41.9,1.7,15.34
"Pie, apple-sour cream",Dairy & Eggs,Low-Calorie / Beverages,5,3.5,56.8,39.7,1.3,17.11
"Pie, cherry, made with cream cheese and sour cream",Dairy & Eggs,High-Fat / Oils,3,4.3,54.9,40.8,0.6,31.57
"Pie, banana cream",Fruits,Low-Calorie / Beverages,5,6.5,48.5,45.1,0.7,12.06
"Pie, banana cream, individual size or tart",Fruits,Low-Calorie / Beverages,5,7.5,51.8,40.7,1.1,13.92
"Pie, buttermilk",Dairy & Eggs,High-Fat / Oils,3,4.3,53.2,42.5,0.4,40.44
"Pie, chess",Sweets & Desserts,High-Fat / Oils,3,5.1,51.3,43.6,0.9,41.51
"Pie, chocolate cream",Sweets & Desserts,Low-Calorie / Beverages,5,4.5,41.3,54.2,0.8,27.39
"Pie, chocolate cream, individual size or tart",Sweets & Desserts,Low-Calorie / Beverages,5,7.3,49.6,43.1,1.5,17.79
"Pie, coconut cream",Fruits,Low-Calorie / Beverages,5,2.7,48.6,48.7,1.3,18.52
"Pie, coconut cream, individual size or tart",Fruits,Low-Calorie / Beverages,5,9.7,44.9,45.4,0.8,11.13
"Pie, custard",Dairy & Eggs,Low-Calorie / Beverages,5,10.5,39.7,49.8,1.6,11.58
"Pie, custard, individual size or tart",Dairy & Eggs,Balanced Moderate,1,13.4,61.7,24.9,0.5,11.68
Mixed fruit tart filled with custard or cream cheese,Dairy & Eggs,Low-Calorie / Beverages,5,8.1,47.2,44.7,1.4,11.07
Dessert pizza,Fast Food & Prepared,Low-Calorie / Beverages,5,3.7,63.1,33.2,1.7,15.75
"Pie, lemon cream",Fruits,High-Fat / Oils,3,6.8,56.8,36.4,0.4,27.84
"Pie, lemon cream, individual size or tart",Fruits,Low-Calorie / Beverages,5,6.5,53.9,39.6,0.5,24.99
"Pie, peanut butter cream",Dairy & Eggs,Low-Calorie / Beverages,5,10.4,45.6,44.0,1.1,18.52
"Pie, pineapple cream",Fruits,Low-Calorie / Beverages,5,7.5,57.9,34.6,0.5,17.67
"Pie, pumpkin",Vegetables,Low-Calorie / Beverages,5,6.4,57.4,36.2,1.8,18.88
"Pie, pumpkin, individual size or tart",Vegetables,Low-Calorie / Beverages,5,6.4,57.4,36.2,1.8,18.88
"Pie, sour cream, raisin",Dairy & Eggs,Low-Calorie / Beverages,5,5.6,37.9,56.5,1.5,14.02
"Pie, squash",Vegetables,Low-Calorie / Beverages,5,8.2,54.7,37.0,1.3,15.62
"Pie, strawberry cream",Fruits,Low-Calorie / Beverages,5,3.2,50.4,46.4,1.1,16.98
"Pie, strawberry cream, individual size or tart",Fruits,Low-Calorie / Beverages,5,3.7,47.1,49.3,1.1,14.81
"Pie, sweet potato",Vegetables,Low-Calorie / Beverages,5,4.9,43.8,51.2,1.9,16.59
"Pie, vanilla cream",Sweets & Desserts,Low-Calorie / Beverages,5,6.9,46.7,46.4,0.6,12.68
"Pie, chiffon, not chocolate",Sweets & Desserts,High-Fat / Oils,3,9.1,54.6,36.3,0.5,26.71
"Pie, chiffon, chocolate",Sweets & Desserts,Low-Calorie / Beverages,5,7.8,50.6,41.5,1.4,24.0
"Pie, black bottom",Sweets & Desserts,Low-Calorie / Beverages,5,7.0,48.0,44.9,1.2,21.05
"Pie, lemon meringue",Fruits,High-Fat / Oils,3,2.2,69.1,28.7,1.2,23.86
"Pie, lemon meringue, individual size or tart",Fruits,High-Fat / Oils,3,2.2,69.1,28.7,1.2,23.86
"Pie, chocolate-marshmallow",Sweets & Desserts,High-Fat / Oils,3,4.7,48.1,47.3,1.6,35.32
"Pie, pecan","Legumes, Nuts & Seeds",High-Fat / Oils,3,4.4,58.6,36.9,2.1,25.18
"Pie, pecan, individual size or tart","Legumes, Nuts & Seeds",High-Fat / Oils,3,4.4,58.6,36.9,2.1,25.18
"Pie, oatmeal",Grains & Bakery,High-Fat / Oils,3,5.1,59.5,35.4,1.4,41.84
"Pie, pudding, flavors other than chocolate",Sweets & Desserts,Low-Calorie / Beverages,5,4.8,50.5,44.7,0.5,12.64
"Pie, Toll house chocolate chip",Sweets & Desserts,Low-Calorie / Beverages,5,4.2,32.2,63.6,2.3,26.98
"Pie, shoo-fly",Sweets & Desserts,High-Fat / Oils,3,4.4,67.7,27.9,0.9,38.51
"Pie, tofu with fruit",Plant-based Alternatives,Low-Calorie / Beverages,5,8.8,40.8,50.4,0.8,16.71
Pie shell,Sweets & Desserts,Low-Calorie / Beverages,5,5.1,44.3,50.6,3.3,4.23
"Pie shell, graham cracker",Grains & Bakery,Low-Calorie / Beverages,5,4.1,51.3,44.6,1.9,18.13
"Pie shell, chocolate wafer",Sweets & Desserts,High-Fat / Oils,3,5.0,53.3,41.7,2.7,26.31
Vanilla wafer dessert base,Sweets & Desserts,Low-Calorie / Beverages,5,2.7,37.1,60.2,0.1,7.33
"Blintz, cheese-filled",Dairy & Eggs,Low-Calorie / Beverages,5,19.5,43.3,37.1,0.4,9.51
"Blintz, fruit-filled",Fruits,Low-Calorie / Beverages,5,12.6,55.8,31.6,0.7,16.39
"Cobbler, apple",Fruits,Balanced Moderate,1,4.6,73.0,22.4,0.9,23.13
"Cobbler, apricot",Fruits,Balanced Moderate,1,5.5,73.9,20.6,1.8,22.42
"Cobbler, berry",Sweets & Desserts,Balanced Moderate,1,4.7,72.9,22.4,1.8,23.6
"Cobbler, cherry",Fruits,Balanced Moderate,1,4.8,71.8,23.5,1.1,21.37
"Cobbler, peach",Fruits,Balanced Moderate,1,4.8,74.5,20.7,1.4,23.63
"Cobbler, pear",Fruits,Balanced Moderate,1,3.9,76.1,20.1,2.4,24.68
"Cobbler, plum",Fruits,Balanced Moderate,1,4.4,74.6,21.0,1.3,24.09
"Cobbler, rhubarb",Sweets & Desserts,High-Fat / Oils,3,3.7,72.9,23.4,1.3,33.11
"Crisp, apple, apple dessert",Fruits,Balanced Moderate,1,5.1,75.3,19.6,1.5,19.91
"Fritter, apple",Fruits,Low-Calorie / Beverages,5,6.7,36.1,57.2,1.3,14.01
"Fritter, banana",Fruits,Low-Calorie / Beverages,5,5.8,39.3,54.9,2.1,14.25
"Fritter, berry",Other,Low-Calorie / Beverages,5,6.5,36.3,57.2,1.8,12.88
"Crisp, blueberry",Fruits,High-Fat / Oils,3,2.9,62.3,34.8,1.9,27.76
"Crisp, cherry",Fruits,High-Fat / Oils,3,2.6,71.1,26.3,0.9,29.73
"Crisp, peach",Fruits,High-Fat / Oils,3,3.1,68.9,28.0,1.3,28.9
"Cream puff, eclair, custard or cream filled, NS as to icing",Dairy & Eggs,High-Carb / Sugary,0,6.4,15.1,78.5,0.3,2.36
"Cream puff, eclair, custard or cream filled, not iced",Dairy & Eggs,High-Carb / Sugary,0,7.5,19.1,73.4,0.4,2.22
"Cream puff, eclair, custard or cream filled, iced",Dairy & Eggs,Low-Calorie / Beverages,5,5.3,44.8,49.9,0.9,22.05
"Cream puff, eclair, custard or cream filled, iced, reduced fat",Dairy & Eggs,High-Fat / Oils,3,5.6,68.1,26.2,1.0,33.44
"Cream puff, no filling or icing",Dairy & Eggs,High-Carb / Sugary,0,10.0,25.3,64.7,0.8,0.25
"Air filled fritter or fried puff, without syrup, Puerto Rican style",Condiments & Sauces,High-Fat / Oils,3,5.9,45.6,48.5,0.6,33.95
"Wheat flour fritter, without syrup",Grains & Bakery,High-Carb / Sugary,0,6.4,16.3,77.4,0.7,0.22
"Sopaipilla, without syrup or honey",Condiments & Sauces,Low-Calorie / Beverages,5,6.0,44.9,49.1,1.4,0.14
Sopaipilla with syrup or honey,Condiments & Sauces,Low-Calorie / Beverages,5,4.5,56.0,39.4,1.1,20.88
"Crepe, NS as to filling",Grains & Bakery,Low-Calorie / Beverages,5,9.8,56.6,33.6,1.2,16.25
"Crepe, chocolate filled",Sweets & Desserts,Low-Calorie / Beverages,5,11.6,54.3,34.1,0.2,12.28
"Crepe, fruit filled",Fruits,Low-Calorie / Beverages,5,9.8,56.6,33.6,1.2,16.25
"Tamale, sweet",Other,Low-Calorie / Beverages,5,3.4,53.9,42.8,2.3,15.44
"Tamale, sweet, with fruit",Fruits,Low-Calorie / Beverages,5,3.5,59.1,37.4,2.1,14.7
"Strudel, apple",Fruits,High-Fat / Oils,3,4.7,59.1,36.2,2.2,25.75
"Strudel, berry",Other,High-Fat / Oils,3,5.4,72.4,22.2,2.5,26.95
"Strudel, cherry",Fruits,High-Fat / Oils,3,6.0,61.6,32.3,1.8,27.66
"Strudel, cheese",Dairy & Eggs,Low-Calorie / Beverages,5,10.8,53.8,35.4,0.7,21.12
"Strudel, peach",Fruits,Balanced Moderate,1,5.9,71.9,22.2,1.9,23.2
"Strudel, cheese and fruit",Dairy & Eggs,Low-Calorie / Beverages,5,10.2,57.7,32.1,0.9,18.46
Baklava,Sweets & Desserts,Low-Calorie / Beverages,5,5.3,36.6,58.1,2.1,13.14
Basbousa,Other,High-Fat / Oils,3,6.2,65.5,28.3,0.5,30.4
"Turnover or dumpling, apple",Fruits,Low-Calorie / Beverages,5,4.1,49.6,46.3,1.3,15.81
"Turnover or dumpling, berry",Other,Low-Calorie / Beverages,5,4.2,51.0,44.8,1.9,16.18
"Turnover or dumpling, cherry",Fruits,Low-Calorie / Beverages,5,4.2,51.7,44.0,1.3,16.45
"Turnover or dumpling, lemon",Fruits,Low-Calorie / Beverages,5,4.6,48.9,46.6,0.7,14.11
"Turnover or dumpling, peach",Fruits,Low-Calorie / Beverages,5,4.7,51.2,44.1,1.6,14.94
"Turnover, guava",Fruits,Low-Calorie / Beverages,5,5.1,48.0,46.9,3.3,14.85
"Turnover, pumpkin",Vegetables,Low-Calorie / Beverages,5,8.8,40.2,51.0,1.6,8.35
"Pastry, fruit-filled",Fruits,High-Fat / Oils,3,4.5,53.0,42.5,4.4,25.93
"Pastry, made with bean or lotus seed paste filling, baked","Legumes, Nuts & Seeds",High-Fat / Oils,3,8.1,80.6,11.3,2.7,36.51
"Pastry, made with bean paste and salted egg yolk filling, baked",Dairy & Eggs,High-Fat / Oils,3,10.0,68.3,21.6,2.2,30.56
"Pastry, Chinese, made with rice flour",Grains & Bakery,Balanced Moderate,1,4.0,73.8,22.2,1.1,19.09
"Pastry, cookie type, fried",Sweets & Desserts,Low-Calorie / Beverages,5,5.9,36.1,57.9,1.0,12.84
"Pastry, Italian, with cheese",Dairy & Eggs,Low-Calorie / Beverages,5,11.1,52.4,36.5,0.8,13.08
"Pastry, puff",Sweets & Desserts,Low-Calorie / Beverages,5,5.3,32.7,62.0,1.5,0.75
"Pastry, puff, custard or cream filled, iced or not iced",Dairy & Eggs,High-Carb / Sugary,0,5.7,29.1,65.2,0.8,4.7
Cheese pastry puffs,Dairy & Eggs,High-Carb / Sugary,0,14.1,19.8,66.1,0.4,0.25
"Pastry, mainly flour and water, fried",Beverages,Low-Calorie / Beverages,5,7.2,55.0,37.8,3.7,15.68
"Empanada, Mexican turnover, fruit-filled",Fruits,Low-Calorie / Beverages,5,5.6,50.5,43.8,2.2,6.96
"Empanada,  Mexican turnover, pumpkin",Vegetables,Low-Calorie / Beverages,5,6.3,57.6,36.1,2.1,8.78
"Breakfast pastry, NFS",Sweets & Desserts,High-Fat / Oils,3,5.7,50.4,43.9,1.9,27.53
"Danish pastry, plain or spice",Sweets & Desserts,Low-Calorie / Beverages,5,6.9,43.7,49.4,1.3,19.78
"Danish pastry, with fruit",Fruits,High-Fat / Oils,3,5.7,50.4,43.9,1.9,27.53
"Danish pastry, with cheese",Dairy & Eggs,Low-Calorie / Beverages,5,8.5,39.4,52.2,1.0,6.95
"Doughnut, NFS",Sweets & Desserts,Low-Calorie / Beverages,5,5.2,46.5,48.3,1.8,23.51
"Doughnut, cake type, plain",Sweets & Desserts,Low-Calorie / Beverages,5,4.9,43.4,51.7,1.7,18.15
"Doughnut, chocolate",Sweets & Desserts,Low-Calorie / Beverages,5,4.8,48.3,46.9,3.7,26.05
"Doughnut, cake type, powdered sugar",Sweets & Desserts,Low-Calorie / Beverages,5,4.5,47.4,48.0,1.6,24.28
"Doughnut, cake type, with icing",Sweets & Desserts,Low-Calorie / Beverages,5,3.9,47.6,48.5,1.4,27.14
"Doughnut, cake type, chocolate icing",Sweets & Desserts,Low-Calorie / Beverages,5,4.2,46.8,49.1,1.5,26.06
"Doughnut, chocolate, with chocolate icing",Sweets & Desserts,Low-Calorie / Beverages,5,5.0,47.4,47.5,3.9,24.97
Doughnut holes,Sweets & Desserts,Low-Calorie / Beverages,5,5.2,46.5,48.3,1.8,23.51
Churros,Other,Low-Calorie / Beverages,5,5.8,46.6,47.6,2.6,23.38
Beignet,Other,High-Fat / Oils,3,5.2,51.4,43.4,1.9,31.09
"Doughnut, yeast type",Sweets & Desserts,Low-Calorie / Beverages,5,5.8,45.6,48.6,2.1,22.75
"Doughnut, yeast type, with chocolate icing",Sweets & Desserts,High-Fat / Oils,3,4.9,48.6,46.5,1.9,29.74
"Doughnut, jelly",Condiments & Sauces,High-Fat / Oils,3,5.0,53.3,41.6,1.9,28.44
"Doughnut, custard-filled",Dairy & Eggs,Low-Calorie / Beverages,5,5.7,47.3,47.0,1.7,21.59
"Doughnut, custard-filled, with icing",Dairy & Eggs,High-Fat / Oils,3,4.9,49.8,45.3,1.6,27.61
Breakfast tart,Sweets & Desserts,High-Fat / Oils,3,4.2,74.7,21.1,1.8,31.0
"Breakfast tart, lowfat",Sweets & Desserts,Balanced Moderate,1,4.2,81.5,14.3,1.5,4.87
"Coffee cake, crumb or quick-bread type",Grains & Bakery,High-Fat / Oils,3,6.6,52.6,40.8,1.5,26.55
"Coffee cake, crumb or quick-bread type, with fruit",Fruits,High-Fat / Oils,3,5.2,62.9,31.9,1.3,33.79
"Coffee cake, crumb or quick-bread type, cheese-filled",Dairy & Eggs,Low-Calorie / Beverages,5,7.5,50.2,42.4,1.3,22.81
Cereal or granola bar (General Mills Fiber One Chewy Bar),Grains & Bakery,High-Fiber / Plant-based,4,5.1,71.7,23.1,22.5,25.0
Cereal or granola bar (Kellogg's Nutri-Grain Cereal Bar),Grains & Bakery,High-Fat / Oils,3,4.6,74.0,21.4,3.0,28.98
Cereal or granola bar (Kellogg's Nutri-Grain Yogurt Bar),Dairy & Eggs,High-Fat / Oils,3,4.6,74.0,21.4,3.0,28.98
Cereal or granola bar (Kellogg's Nutri-Grain Fruit and Nut Bar),Fruits,High-Fiber / Plant-based,4,9.3,66.3,24.4,7.5,32.45
Milk 'n Cereal bar,Dairy & Eggs,High-Fat / Oils,3,6.3,69.8,23.9,0.4,45.97
Cereal or granola bar (Kellogg's Special K bar),Grains & Bakery,High-Fat / Oils,3,8.9,71.1,20.0,1.8,31.8
Cereal or granola bar (Kashi Chewy),Grains & Bakery,High-Fat / Oils,3,17.1,65.1,17.8,7.7,42.31
Cereal or granola bar (Kashi Crunchy),Grains & Bakery,High-Fiber / Plant-based,4,17.3,49.7,33.0,11.4,17.14
Cereal or granola bar (KIND Fruit and Nut Bar),Fruits,High-Fiber / Plant-based,4,10.6,34.1,55.3,6.6,22.56
Cereal or granola bar (General Mills Nature Valley Chewy Trail Mix),Grains & Bakery,High-Fat / Oils,3,5.5,69.7,24.8,3.8,42.86
"Cereal or granola bar, with yogurt coating (General Mills Nature Valley Chewy Granola Bar)",Dairy & Eggs,High-Fat / Oils,3,5.4,70.3,24.3,4.4,40.0
Cereal or granola bar (General Mills Nature Valley Sweet and Salty Granola Bar),Grains & Bakery,High-Fat / Oils,3,7.5,50.2,42.3,2.9,33.14
Cereal or granola bar (General Mills Nature Valley Crunchy Granola Bar),Grains & Bakery,High-Fat / Oils,3,8.5,54.1,37.4,5.3,28.57
Cereal or granola bar (Quaker Chewy Granola Bar),Grains & Bakery,High-Fat / Oils,3,5.0,62.1,33.0,3.8,28.92
Cereal or granola bar (Quaker Chewy 90 Calorie Granola Bar),Grains & Bakery,High-Fat / Oils,3,4.1,77.6,18.4,4.2,29.17
Cereal or granola bar (Quaker Chewy 25% Less Sugar Granola Bar),Grains & Bakery,Balanced Moderate,1,5.4,67.3,27.3,3.1,20.8
Cereal or granola bar (Quaker Chewy Dipps Granola Bar),Grains & Bakery,High-Fat / Oils,3,6.4,54.9,38.8,3.2,37.61
Cereal or granola bar (Quaker Granola Bites),Grains & Bakery,High-Fat / Oils,3,6.4,58.7,34.9,5.7,30.0
"Snack bar, oatmeal",Grains & Bakery,High-Fat / Oils,3,6.9,77.7,15.4,4.6,31.54
"Cereal or Granola bar, NFS",Grains & Bakery,High-Fat / Oils,3,8.5,54.1,37.4,5.3,28.57
"Cereal or granola bar, lowfat, NFS",Grains & Bakery,High-Fat / Oils,3,4.1,77.6,18.4,4.2,29.17
"Cereal or granola bar, nonfat",Grains & Bakery,High-Fat / Oils,3,6.9,90.7,2.4,7.4,45.24
"Cereal or granola bar, reduced sugar, NFS",Grains & Bakery,Balanced Moderate,1,5.4,67.3,27.3,3.1,20.8
"Cereal or granola bar, fruit and nut",Fruits,High-Fiber / Plant-based,4,10.6,34.1,55.3,6.6,22.56
"Cereal or granola bar, peanuts , oats, sugar, wheat germ",Grains & Bakery,High-Fat / Oils,3,8.5,54.1,37.4,5.3,28.57
"Cereal or granola bar, chocolate coated, NFS",Grains & Bakery,High-Fat / Oils,3,6.4,54.9,38.8,3.2,37.61
"Cereal or granola bar, with coconut, chocolate coated",Fruits,High-Fat / Oils,3,3.9,41.6,54.5,6.2,34.27
"Cereal or granola bar with nuts, chocolate coated",Grains & Bakery,Low-Calorie / Beverages,5,7.2,40.4,52.4,3.8,23.63
"Cereal or granola bar, oats, nuts, coated with non-chocolate coating",Grains & Bakery,High-Fat / Oils,3,7.6,52.9,39.6,4.3,34.0
"Cereal or granola bar, coated with non-chocolate coating",Grains & Bakery,Low-Calorie / Beverages,5,7.6,40.0,52.4,2.8,23.74
"Cereal or granola bar, high fiber, coated with non-chocolate yogurt coating",Dairy & Eggs,High-Fiber / Plant-based,4,5.1,71.7,23.1,22.5,25.0
"Cereal or granola bar, with rice cereal",Grains & Bakery,Balanced Moderate,1,3.3,77.3,19.4,0.0,19.36
"Breakfast bar, NFS",Fast Food & Prepared,High-Fat / Oils,3,4.7,77.4,17.9,2.1,35.1
"Breakfast bar, date, with yogurt coating",Dairy & Eggs,High-Fat / Oils,3,4.1,77.9,18.0,4.6,46.36
"Breakfast bar, cereal crust with fruit filling, lowfat",Fruits,High-Fat / Oils,3,4.7,77.4,17.9,2.1,35.1
Nutrition bar (Balance Original Bar),Sweets & Desserts,High-Fat / Oils,3,27.0,47.0,26.0,3.1,34.89
Nutrition bar (Clif Bar),Sweets & Desserts,High-Fiber / Plant-based,4,15.8,70.1,14.2,7.4,31.62
Nutrition bar (Clif Kids Organic Zbar),Sweets & Desserts,High-Fiber / Plant-based,4,5.4,73.2,21.4,8.3,30.56
Nutrition bar (PowerBar),Sweets & Desserts,High-Fat / Oils,3,15.6,76.7,7.7,5.7,30.07
Nutrition bar (Slim Fast Original Meal Bar),Sweets & Desserts,High-Fat / Oils,3,16.8,62.4,20.8,5.1,25.0
Nutrition bar (Snickers Marathon Protein Bar),Sweets & Desserts,High-Fiber / Plant-based,4,24.1,48.7,27.1,12.5,28.75
Nutrition bar (South Beach Living Meal Bar),Sweets & Desserts,High-Fat / Oils,3,16.8,62.4,20.8,5.1,25.0
Nutrition bar (South Beach Living High Protein Bar),Sweets & Desserts,High-Fiber / Plant-based,4,29.5,37.3,33.2,7.3,15.17
Nutrition bar (Tiger's Milk),Dairy & Eggs,High-Fat / Oils,3,15.9,53.6,30.5,2.3,36.4
Nutrition bar (Zone Perfect Classic Crunch),Dairy & Eggs,Low-Calorie / Beverages,5,28.2,42.3,29.6,2.0,27.0
"Nutrition bar or meal replacement bar, NFS",Sweets & Desserts,Low-Calorie / Beverages,5,28.2,42.3,29.6,2.0,27.0
"Cereal bar with fruit filling, baby food",Infant Nutrition,High-Fat / Oils,3,6.3,79.8,13.9,1.7,42.0
"Cookie, fruit, baby food",Infant Nutrition,High-Fat / Oils,3,6.2,67.7,26.0,3.4,24.2
"Cookie, baby food",Infant Nutrition,Balanced Moderate,1,10.9,61.8,27.3,0.2,24.2
"Cookie, teething, baby",Sweets & Desserts,Balanced Moderate,1,11.1,79.1,9.8,1.4,12.65
"Cookie, rice, baby",Grains & Bakery,Balanced Moderate,1,12.8,85.2,2.0,0.0,12.5
"Crackers, NFS",Fast Food & Prepared,Low-Calorie / Beverages,5,5.2,48.1,46.7,2.3,8.18
Graham crackers,Other,High-Fat / Oils,3,6.2,71.8,22.0,3.4,24.85
Graham crackers (Teddy Grahams),Other,High-Fat / Oils,3,6.2,71.8,22.0,3.4,24.85
"Graham crackers, chocolate covered",Sweets & Desserts,High-Fat / Oils,3,3.1,51.8,45.1,2.2,37.3
"Crackers, oatmeal",Grains & Bakery,High-Fiber / Plant-based,4,6.4,61.5,32.1,6.9,15.48
"Crackers, Cuban",Other,Balanced Moderate,1,5.2,68.2,26.6,1.0,17.6
"Graham crackers, reduced fat",Other,Balanced Moderate,1,5.9,80.8,13.3,5.7,22.86
"Graham crackers, sandwich, with filling",Fast Food & Prepared,High-Fat / Oils,3,3.7,59.3,37.0,1.5,39.3
"Crackers, breakfast biscuit",Other,High-Fiber / Plant-based,4,6.4,63.4,30.3,7.3,22.83
"Crackers, butter, reduced sodium",Dairy & Eggs,High-Fiber / Plant-based,4,7.6,59.1,33.3,10.5,0.37
"Crackers, matzo, reduced sodium",Other,Balanced Moderate,1,10.3,86.4,3.3,3.0,0.29
"Crackers, saltine, reduced sodium",Other,Balanced Moderate,1,9.2,71.6,19.2,2.9,2.19
"Crackers, wheat, reduced sodium",Grains & Bakery,High-Fiber / Plant-based,4,7.6,59.1,33.3,10.5,0.37
"Crackers, woven wheat, reduced sodium",Grains & Bakery,High-Fiber / Plant-based,4,7.6,59.1,33.3,10.5,0.37
"Crackers, butter, plain",Dairy & Eggs,Low-Calorie / Beverages,5,5.2,48.1,46.7,2.3,8.18
"Crackers, butter, flavored",Dairy & Eggs,Low-Calorie / Beverages,5,5.2,48.1,46.7,2.3,8.18
"Crackers, butter (Ritz)",Dairy & Eggs,Low-Calorie / Beverages,5,5.2,48.1,46.7,2.3,8.18
"Crackers, butter, reduced fat",Dairy & Eggs,Balanced Moderate,1,8.4,64.5,27.1,3.4,15.01
"Crackers, cheese",Dairy & Eggs,Low-Calorie / Beverages,5,9.0,48.9,42.1,2.3,4.53
"Crackers, cheese (Cheez-It)",Dairy & Eggs,Low-Calorie / Beverages,5,9.0,48.9,42.1,2.3,4.53
"Crackers, cheese (Goldfish)",Dairy & Eggs,Low-Calorie / Beverages,5,9.0,48.9,42.1,2.3,4.53
"Crackers, cheese, reduced fat",Dairy & Eggs,Balanced Moderate,1,9.6,65.3,25.1,3.3,0.0
"Crackers, cheese, reduced sodium",Dairy & Eggs,Low-Calorie / Beverages,5,8.1,46.5,45.5,2.4,0.28
"Crackers, cheese, whole grain",Dairy & Eggs,High-Fiber / Plant-based,4,9.3,55.6,35.0,6.4,0.0
"Crackers, crispbread",Other,High-Fiber / Plant-based,4,8.5,88.4,3.1,16.5,1.07
"Crackers, flatbread",Grains & Bakery,High-Fiber / Plant-based,4,9.5,72.6,17.9,10.2,2.92
"Crackers, matzo",Other,Balanced Moderate,1,10.3,86.4,3.3,3.0,0.29
"Crackers, milk",Dairy & Eggs,Balanced Moderate,1,6.9,65.0,28.1,3.4,10.32
"Crackers, oyster",Seafood,Balanced Moderate,1,9.2,71.9,18.9,2.8,1.29
"Chips, rice",Grains & Bakery,Balanced Moderate,1,8.5,84.9,6.6,4.2,0.6
Rice cake,Grains & Bakery,Balanced Moderate,1,7.3,82.9,9.9,4.2,0.88
"Crackers, rice",Grains & Bakery,Balanced Moderate,1,9.6,79.5,10.8,0.0,0.0
"Crackers, rice and nuts",Grains & Bakery,Balanced Moderate,1,10.0,71.6,18.4,0.8,0.37
Popcorn cake,Sweets & Desserts,Balanced Moderate,1,10.0,82.8,7.2,2.9,0.72
Rice paper,Grains & Bakery,Balanced Moderate,1,6.3,90.3,3.4,2.1,0.27
"Crackers, saltine",Other,Balanced Moderate,1,9.2,71.9,18.9,2.8,1.29
"Crackers, saltine, reduced fat",Other,Balanced Moderate,1,10.9,85.4,3.7,2.7,0.38
"Crackers, saltine, multigrain",Other,High-Fiber / Plant-based,4,7.2,68.6,24.2,6.7,0.0
"Crackers, multigrain",Other,Low-Calorie / Beverages,5,5.9,56.1,38.1,3.5,12.0
"Crackers, sandwich",Fast Food & Prepared,Low-Calorie / Beverages,5,9.2,46.7,44.1,2.3,10.5
"Crackers, sandwich, peanut butter filled",Dairy & Eggs,Low-Calorie / Beverages,5,9.2,46.7,44.1,2.3,10.5
"Crackers, sandwich, peanut butter filled (Ritz)",Dairy & Eggs,Low-Calorie / Beverages,5,6.2,47.3,46.5,2.5,10.0
"Crackers, sandwich, reduced fat, peanut butter filled",Dairy & Eggs,Low-Calorie / Beverages,5,7.6,58.1,34.3,2.8,11.11
"Crackers, whole grain, sandwich, peanut butter filled",Dairy & Eggs,High-Fiber / Plant-based,4,12.1,46.9,41.0,9.4,9.41
"Crackers, sandwich, cheese filled",Dairy & Eggs,Low-Calorie / Beverages,5,7.8,52.1,40.1,1.9,3.18
"Crackers, sandwich, cheese filled (Ritz)",Dairy & Eggs,Low-Calorie / Beverages,5,6.4,46.6,47.0,2.5,9.92
"Crackers, water",Beverages,High-Fiber / Plant-based,4,7.4,75.8,16.7,7.1,0.0
"Crackers, wonton",Other,Low-Calorie / Beverages,5,7.7,38.8,53.4,1.9,0.25
"Crackers, woven wheat",Grains & Bakery,High-Fiber / Plant-based,4,7.9,61.8,30.3,8.6,8.34
"Crackers, woven wheat, plain (Triscuit)",Grains & Bakery,High-Fiber / Plant-based,4,7.9,61.8,30.3,8.6,8.34
"Crackers, woven wheat, flavored (Triscuit)",Grains & Bakery,High-Fiber / Plant-based,4,7.9,61.8,30.3,8.6,8.34
"Crackers, woven wheat, reduced fat",Grains & Bakery,High-Fiber / Plant-based,4,10.9,72.7,16.4,10.9,1.22
"Crackers, wheat",Grains & Bakery,High-Fiber / Plant-based,4,7.9,61.8,30.3,8.6,8.34
"Crackers, wheat, plain (Wheat Thins)",Grains & Bakery,High-Fiber / Plant-based,4,7.9,61.8,30.3,8.6,8.34
"Crackers, wheat, flavored (Wheat Thins)",Grains & Bakery,High-Fiber / Plant-based,4,7.9,61.8,30.3,8.6,8.34
"Crackers, wheat, reduced fat",Grains & Bakery,Balanced Moderate,1,8.4,64.5,27.1,3.4,15.01
"Crackers, corn",Other,High-Fiber / Plant-based,4,6.4,61.5,32.1,6.9,15.48
"Crackers, gluten free, plain",Other,High-Fiber / Plant-based,4,9.9,58.6,31.5,10.2,0.86
"Crackers, gluten free, flavored",Other,High-Fiber / Plant-based,4,9.9,58.6,31.5,10.2,0.86
"Crackers, baby food",Infant Nutrition,Low-Calorie / Beverages,5,7.0,56.0,37.0,4.0,13.0
"Gerber Finger Foods, Puffs, baby food",Infant Nutrition,High-Fat / Oils,3,6.1,72.8,21.1,2.3,28.0
"Finger Foods, Puffs, baby food",Infant Nutrition,Balanced Moderate,1,6.4,88.3,5.3,3.8,17.84
"Crunchy snacks, corn based, baby food",Infant Nutrition,Low-Calorie / Beverages,5,0.0,48.9,51.1,0.0,0.0
Corn nuts,Other,High-Fiber / Plant-based,4,7.4,62.2,30.5,6.9,0.61
"Corn chips, plain",Snacks & Desserts,Low-Calorie / Beverages,5,4.5,41.3,54.2,4.0,0.27
"Corn chips, flavored",Snacks & Desserts,Low-Calorie / Beverages,5,4.4,40.7,54.9,4.0,0.27
"Corn chips, plain (Fritos)",Snacks & Desserts,Low-Calorie / Beverages,5,4.5,41.4,54.2,4.0,0.27
"Corn chips, flavored (Fritos)",Snacks & Desserts,Low-Calorie / Beverages,5,4.5,41.4,54.2,4.0,0.27
Cheese flavored corn snacks,Dairy & Eggs,Low-Calorie / Beverages,5,4.2,38.1,57.7,1.4,3.19
"Cheese flavored corn snacks, reduced fat",Dairy & Eggs,Balanced Moderate,1,7.9,66.9,25.2,3.6,7.29
"Tortilla chips, plain",Grains & Bakery,Low-Calorie / Beverages,5,5.8,55.8,38.3,5.4,0.78
Cheese flavored corn snacks (Cheetos),Dairy & Eggs,Low-Calorie / Beverages,5,4.2,38.1,57.7,1.4,3.19
"Tortilla chips, flavored",Grains & Bakery,Low-Calorie / Beverages,5,5.7,46.8,47.5,5.1,2.59
"Corn chips, reduced sodium",Snacks & Desserts,Low-Calorie / Beverages,5,4.9,40.8,54.3,3.9,0.41
"Tortilla chips, popped",Grains & Bakery,Balanced Moderate,1,9.3,67.7,23.0,4.9,0.79
"Tortilla chips, nacho cheese flavor (Doritos)",Dairy & Eggs,Low-Calorie / Beverages,5,5.7,46.8,47.5,5.1,2.59
"Tortilla chips, cool ranch flavor (Doritos)",Grains & Bakery,Low-Calorie / Beverages,5,5.8,55.8,38.3,5.4,0.78
"Tortilla chips, other flavors (Doritos)",Grains & Bakery,Low-Calorie / Beverages,5,5.7,46.8,47.5,5.1,2.59
"Tortilla chips, reduced fat, plain",Grains & Bakery,Balanced Moderate,1,10.6,77.1,12.3,5.2,0.84
"Tortilla chips, reduced fat, flavored",Grains & Bakery,Balanced Moderate,1,10.6,77.1,12.3,5.2,0.84
"Tortilla chips, low fat, unsalted",Grains & Bakery,Balanced Moderate,1,10.6,77.1,12.3,5.3,0.85
"Tortilla chips, reduced sodium",Grains & Bakery,Low-Calorie / Beverages,5,7.7,55.8,36.6,4.5,0.72
Snack mix,Other,Low-Calorie / Beverages,5,5.5,49.3,45.2,3.3,1.77
"Potato chips, restructured, multigrain",Other,Low-Calorie / Beverages,5,4.2,51.7,44.1,2.7,4.08
Pita chips,Grains & Bakery,Low-Calorie / Beverages,5,10.3,59.7,29.9,3.8,4.76
"Popcorn, NFS",Snacks & Desserts,High-Fiber / Plant-based,4,6.5,41.6,51.9,10.1,0.3
"Popcorn, movie theater, with added butter",Dairy & Eggs,High-Carb / Sugary,0,2.9,18.7,78.3,5.4,0.29
"Popcorn, movie theater, unbuttered",Snacks & Desserts,Low-Calorie / Beverages,5,4.0,25.6,70.4,6.9,0.37
"Popcorn, air-popped, unbuttered",Snacks & Desserts,High-Fiber / Plant-based,4,12.8,77.1,10.1,14.4,0.87
"Popcorn, air-popped, with added butter or margarine",Dairy & Eggs,High-Fiber / Plant-based,4,9.9,59.3,30.8,12.2,0.74
"Popcorn, popped in oil, unbuttered",Snacks & Desserts,High-Fiber / Plant-based,4,6.9,44.6,48.5,10.0,0.54
"Popcorn, popped in oil, with added butter or margarine",Dairy & Eggs,High-Fiber / Plant-based,4,5.7,36.2,58.2,8.4,0.46
"Popcorn, microwave, NFS",Snacks & Desserts,High-Fiber / Plant-based,4,6.5,41.6,51.9,10.1,0.3
"Popcorn, microwave, plain",Snacks & Desserts,High-Fiber / Plant-based,4,6.5,41.6,51.9,10.1,0.3
"Popcorn, microwave, plain, light",Snacks & Desserts,High-Fiber / Plant-based,4,11.9,67.9,20.2,14.1,0.91
"Popcorn, microwave, low sodium",Snacks & Desserts,High-Fiber / Plant-based,4,6.9,44.6,48.5,9.9,0.54
"Popcorn, microwave, unsalted",Snacks & Desserts,High-Fiber / Plant-based,4,6.9,44.6,48.5,9.9,0.54
"Popcorn, microwave, butter flavored",Dairy & Eggs,High-Fiber / Plant-based,4,6.5,41.6,51.9,10.1,0.3
"Popcorn, microwave, butter flavored, light",Dairy & Eggs,High-Fiber / Plant-based,4,11.9,67.9,20.2,14.1,0.91
"Popcorn, microwave, cheese flavored",Dairy & Eggs,High-Fiber / Plant-based,4,6.5,41.6,51.9,10.1,0.3
"Popcorn, microwave, kettle corn",Snacks & Desserts,High-Fiber / Plant-based,4,7.7,45.2,47.2,11.1,2.3
"Popcorn, microwave, kettle corn, light",Snacks & Desserts,High-Fiber / Plant-based,4,11.7,68.5,19.8,13.9,2.48
"Popcorn, microwave, other flavored",Snacks & Desserts,High-Fiber / Plant-based,4,6.5,41.6,51.9,10.1,0.3
"Popcorn, ready-to-eat packaged, NFS",Snacks & Desserts,High-Fiber / Plant-based,4,6.6,39.4,54.0,10.0,0.6
"Popcorn, ready-to-eat packaged, plain",Snacks & Desserts,High-Fiber / Plant-based,4,8.2,49.5,42.3,11.4,0.68
"Popcorn, ready-to-eat packaged, plain, light",Snacks & Desserts,High-Fiber / Plant-based,4,10.0,60.3,29.7,12.7,0.76
"Popcorn, ready-to-eat packaged, low sodium",Snacks & Desserts,High-Fiber / Plant-based,4,8.2,49.5,42.3,11.5,0.69
"Popcorn, ready-to-eat packaged, unsalted",Snacks & Desserts,High-Fiber / Plant-based,4,8.2,49.5,42.3,11.5,0.69
"Popcorn, ready-to-eat packaged, butter flavored",Dairy & Eggs,High-Fiber / Plant-based,4,6.6,39.4,54.0,10.0,0.6
"Popcorn, ready-to-eat packaged, butter flavored, light",Dairy & Eggs,High-Fiber / Plant-based,4,10.0,60.3,29.7,12.6,0.76
"Popcorn, ready-to-eat packaged, cheese flavored",Dairy & Eggs,High-Fiber / Plant-based,4,6.9,38.1,55.1,9.9,0.79
"Popcorn, ready-to-eat packaged, cheese flavored, light",Dairy & Eggs,High-Fiber / Plant-based,4,10.0,60.3,29.7,12.6,0.76
"Popcorn, ready-to-eat-packaged, kettle corn",Snacks & Desserts,High-Fat / Oils,3,4.1,45.4,50.6,6.1,28.52
"Popcorn, ready-to-eat packaged, kettle corn, light",Snacks & Desserts,High-Fiber / Plant-based,4,8.0,65.7,26.3,10.0,20.3
"Popcorn, ready-to-eat packaged, other flavored",Snacks & Desserts,High-Fiber / Plant-based,4,6.9,38.1,55.1,9.9,0.79
"Popcorn, caramel coated",Sweets & Desserts,High-Fat / Oils,3,3.4,70.8,25.8,5.2,52.77
"Popcorn, caramel coated, with nuts",Sweets & Desserts,High-Fat / Oils,3,6.1,77.1,16.8,3.8,45.0
"Popcorn, chocolate coated",Sweets & Desserts,High-Fat / Oils,3,4.8,69.1,26.0,8.3,47.66
"Popcorn chips, plain",Snacks & Desserts,Balanced Moderate,1,9.3,67.7,23.0,4.9,0.79
"Popcorn chips, other flavors",Snacks & Desserts,Balanced Moderate,1,9.3,67.7,23.0,4.9,0.79
"Popcorn chips, sweet flavors",Snacks & Desserts,Balanced Moderate,1,7.7,65.6,26.7,4.2,11.59
Onion flavored rings,Vegetables,Low-Calorie / Beverages,5,6.2,52.6,41.1,3.9,4.83
Shrimp chips,Seafood,Low-Calorie / Beverages,5,6.7,55.5,37.8,5.6,21.43
"Pretzels, NFS",Fast Food & Prepared,Balanced Moderate,1,10.3,82.9,6.8,3.4,2.21
"Pretzels, hard, NFS",Fast Food & Prepared,Balanced Moderate,1,10.3,82.9,6.8,3.4,2.21
"Pretzels, hard, plain, salted",Other,Balanced Moderate,1,10.3,82.9,6.8,3.4,2.21
"Pretzels, hard, plain, lightly salted",Other,Balanced Moderate,1,9.9,82.6,7.5,3.1,2.21
"Pretzels, hard, plain, unsalted",Other,Balanced Moderate,1,9.5,82.3,8.2,2.8,2.21
"Pretzels, hard, flavored",Other,Balanced Moderate,1,10.1,81.0,8.9,3.4,2.18
"Pretzels, hard, multigrain",Other,Balanced Moderate,1,10.5,82.7,6.9,4.2,2.17
"Pretzels, hard, plain, gluten free",Other,Balanced Moderate,1,3.6,80.9,15.4,3.3,4.22
"Pretzels, hard, flavored, gluten free",Other,Balanced Moderate,1,3.5,79.1,17.4,3.3,4.17
"Pretzel, baby food",Infant Nutrition,Balanced Moderate,1,11.1,84.3,4.6,2.3,3.08
"Pretzel chips, hard, plain",Grains & Bakery,Balanced Moderate,1,10.4,82.9,6.8,3.3,2.16
"Pretzel chips, hard, flavored",Grains & Bakery,Balanced Moderate,1,10.3,82.9,6.8,3.3,2.13
"Pretzel chips, hard, gluten free",Grains & Bakery,Balanced Moderate,1,3.6,80.9,15.5,3.2,4.12
"Pretzels, hard, coated, NFS",Fast Food & Prepared,High-Fat / Oils,3,6.0,60.0,34.0,3.5,38.8
"Pretzels, hard, chocolate coated",Sweets & Desserts,High-Fat / Oils,3,6.0,60.0,34.0,3.5,38.8
"Pretzels, hard, white chocolate coated",Sweets & Desserts,High-Fat / Oils,3,5.3,66.4,28.4,1.2,44.09
"Pretzels, hard, yogurt coated",Dairy & Eggs,High-Fat / Oils,3,5.4,69.7,24.9,1.1,45.42
"Pretzels, hard, coated, gluten free",Other,High-Fat / Oils,3,3.3,65.9,30.8,1.4,45.25
"Pretzels, hard, filled, NFS",Fast Food & Prepared,Low-Calorie / Beverages,5,8.6,58.1,33.3,3.6,17.6
"Pretzels, hard, cheese filled",Dairy & Eggs,Low-Calorie / Beverages,5,8.6,58.1,33.3,3.6,17.6
"Pretzels, hard, peanut butter filled",Dairy & Eggs,Low-Calorie / Beverages,5,12.0,51.7,36.2,3.9,4.95
"Pretzels, soft, NFS",Fast Food & Prepared,Balanced Moderate,1,9.3,80.3,10.4,1.7,0.24
"Pretzels, soft, ready-to-eat, NFS",Fast Food & Prepared,Balanced Moderate,1,9.3,80.3,10.4,1.7,0.24
"Pretzels, soft, ready-to-eat, salted, buttered",Other,Balanced Moderate,1,9.3,80.3,10.4,1.7,0.24
"Pretzels, soft, ready-to-eat, unsalted, buttered",Other,Balanced Moderate,1,9.3,80.3,10.4,1.7,0.25
"Pretzels, soft, ready-to-eat, salted, no butter",Dairy & Eggs,Balanced Moderate,1,9.5,82.4,8.1,1.7,0.25
"Pretzels, soft, ready-to-eat, unsalted, no butter",Dairy & Eggs,Balanced Moderate,1,9.5,82.4,8.1,1.7,0.25
"Pretzels, soft, ready-to-eat, cinnamon sugar coated",Condiments & Sauces,Balanced Moderate,1,6.6,78.7,14.7,2.1,19.74
"Pretzels, soft, ready-to-eat, coated or flavored",Other,Balanced Moderate,1,8.6,72.3,19.1,1.6,0.23
"Pretzels, soft, ready-to-eat, topped with meat",Other,Low-Calorie / Beverages,5,13.2,61.2,25.6,1.3,0.49
"Pretzels, soft, ready-to-eat, topped with cheese",Dairy & Eggs,Balanced Moderate,1,12.1,73.7,14.3,1.5,0.45
"Pretzels, soft, from frozen, NFS",Fast Food & Prepared,Balanced Moderate,1,9.3,80.3,10.4,1.7,0.24
"Pretzels, soft, from frozen, salted",Other,Balanced Moderate,1,9.5,82.4,8.1,1.7,0.25
"Pretzels, soft, from frozen, unsalted",Other,Balanced Moderate,1,9.5,82.4,8.1,1.7,0.25
"Pretzels, soft, from frozen, cinnamon sugar coated",Condiments & Sauces,Balanced Moderate,1,6.6,78.7,14.7,2.1,19.74
"Pretzels, soft, from frozen, coated or flavored",Other,Balanced Moderate,1,8.6,72.3,19.1,1.6,0.23
"Pretzels, soft, from frozen, topped with meat",Other,Low-Calorie / Beverages,5,13.2,61.2,25.6,1.3,0.49
"Pretzels, soft, from frozen, topped with cheese",Dairy & Eggs,Balanced Moderate,1,12.1,73.7,14.3,1.5,0.45
"Pretzels, soft, filled with cheese",Dairy & Eggs,Balanced Moderate,1,12.1,73.7,14.3,1.5,0.45
"Pretzels, soft, from school lunch",Other,Balanced Moderate,1,9.9,81.9,8.2,3.7,0.26
"Pretzels, soft, multigrain",Other,Balanced Moderate,1,9.9,81.9,8.2,3.6,0.26
"Pretzels, soft, gluten free",Other,Balanced Moderate,1,5.4,77.2,17.4,4.0,3.77
"Pretzels, soft, gluten free, cinnamon sugar coated",Condiments & Sauces,Balanced Moderate,1,3.6,74.9,21.5,3.8,22.41
"Pretzels, soft, gluten free, coated or flavored",Other,Balanced Moderate,1,5.0,66.4,28.6,3.7,3.56
Multigrain chips (Sun Chips),Other,High-Fiber / Plant-based,4,6.5,54.8,38.7,8.8,7.2
"Snack mix, plain (Chex Mix)",Other,Balanced Moderate,1,8.3,70.7,21.0,5.8,7.35
Bagel chips,Grains & Bakery,Low-Calorie / Beverages,5,10.9,58.8,30.2,4.1,6.02
Cracker chips,Grains & Bakery,High-Fiber / Plant-based,4,6.5,54.8,38.7,8.8,7.2
"Pancakes, NFS",Fast Food & Prepared,Low-Calorie / Beverages,5,10.7,50.8,38.6,2.1,7.07
"Pancakes, plain, from frozen",Other,Balanced Moderate,1,9.0,64.7,26.3,1.0,8.32
"Pancakes, plain, reduced fat, from fozen",Other,Low-Calorie / Beverages,5,11.6,55.3,33.0,2.2,7.23
"Pancakes, with fruit, from frozen",Fruits,Balanced Moderate,1,8.9,65.0,26.1,1.1,8.33
"Pancakes, with chocolate, from frozen",Sweets & Desserts,Low-Calorie / Beverages,5,8.6,62.5,28.9,1.1,10.48
"Pancakes, whole grain, from frozen",Other,Balanced Moderate,1,9.3,65.0,25.6,2.3,8.08
"Pancakes, whole grain, reduced fat, from frozen",Other,Balanced Moderate,1,9.3,65.0,25.6,2.3,8.08
"Pancakes, gluten free, from frozen",Other,Balanced Moderate,1,6.1,74.9,19.0,1.5,4.06
"Pancakes, plain, from fast food / restaurant",Other,Low-Calorie / Beverages,5,9.5,45.0,45.5,2.1,6.83
"Pancakes, with fruit, from fast food / restaurant",Fruits,Low-Calorie / Beverages,5,9.1,47.4,43.5,2.3,7.51
"Pancakes, with chocolate, from fast food / restaurant",Sweets & Desserts,Low-Calorie / Beverages,5,8.4,44.8,46.8,2.4,15.68
"Pancakes, whole grain, from fast food / restaurant",Other,Low-Calorie / Beverages,5,10.2,42.6,47.2,3.1,6.67
"Pancakes, whole grain and nuts, from fast food / restaurant",Other,Low-Calorie / Beverages,5,8.9,33.5,57.6,4.0,6.46
"Pancakes, from school, NFS",Fast Food & Prepared,Balanced Moderate,1,10.2,65.8,24.0,5.2,7.53
"Pancakes, plain",Other,Low-Calorie / Beverages,5,10.7,50.8,38.6,2.1,7.07
"Pancakes, plain, reduced fat",Other,Low-Calorie / Beverages,5,11.6,55.3,33.0,2.2,7.23
"Pancakes, with fruit",Fruits,Low-Calorie / Beverages,5,10.2,53.1,36.7,2.4,7.71
"Pancakes, pumpkin",Vegetables,Low-Calorie / Beverages,5,10.7,51.8,37.5,2.3,6.53
"Pancakes, with chocolate",Sweets & Desserts,Low-Calorie / Beverages,5,9.1,48.7,42.1,2.4,16.13
"Pancakes, buckwheat",Other,Low-Calorie / Beverages,5,11.8,46.4,41.8,3.5,5.56
"Pancakes, cornmeal",Grains & Bakery,Balanced Moderate,1,9.5,63.9,26.6,1.3,3.76
"Pancakes, whole grain",Other,Low-Calorie / Beverages,5,11.6,48.3,40.1,3.2,6.91
"Pancakes, whole grain, reduced fat",Other,Low-Calorie / Beverages,5,12.7,52.9,34.4,3.3,7.07
"Pancakes, gluten free",Other,Balanced Moderate,1,6.1,74.9,19.0,1.5,4.06
"Waffle, NFS",Grains & Bakery,Low-Calorie / Beverages,5,9.6,62.7,27.7,2.6,4.41
"Waffle, plain, from frozen",Grains & Bakery,Low-Calorie / Beverages,5,9.6,62.7,27.7,2.6,4.41
"Waffle, plain, reduced fat, from frozen",Grains & Bakery,Balanced Moderate,1,13.2,64.9,21.9,1.5,3.7
"Waffle, fruit, from frozen",Fruits,Low-Calorie / Beverages,5,9.6,62.9,27.5,2.6,4.61
"Waffle, chocolate, from frozen",Sweets & Desserts,Low-Calorie / Beverages,5,9.3,61.2,29.5,2.6,6.76
"Waffle, whole grain, from frozen",Grains & Bakery,Balanced Moderate,1,9.4,64.5,26.1,4.1,4.08
"Waffle, whole grain, reduced fat, from frozen",Grains & Bakery,Balanced Moderate,1,11.1,76.4,12.5,4.3,4.29
"Waffle, whole grain, fruit, from frozen",Fruits,Balanced Moderate,1,9.3,64.8,25.9,4.0,4.28
"Waffle, gluten free, from frozen",Grains & Bakery,Low-Calorie / Beverages,5,4.1,65.6,30.3,1.4,1.73
"Waffle, plain, from fast food / restaurant",Grains & Bakery,Low-Calorie / Beverages,5,7.7,36.7,55.6,2.4,7.79
"Waffle, chocolate, from fast food / restaurant",Sweets & Desserts,Low-Calorie / Beverages,5,7.2,38.6,54.1,2.7,18.06
"Waffle, fruit, from fast food / restaurant",Fruits,Low-Calorie / Beverages,5,7.5,39.1,53.4,2.7,8.68
"Waffle, whole grain, from fast food / restaurant",Grains & Bakery,Low-Calorie / Beverages,5,8.3,34.4,57.3,3.5,7.59
"Waffle, from school, NFS",Grains & Bakery,Balanced Moderate,1,11.1,76.4,12.5,4.3,4.29
"Waffle, plain",Grains & Bakery,Low-Calorie / Beverages,5,9.5,45.0,45.5,2.5,8.31
"Waffle, fruit",Fruits,Low-Calorie / Beverages,5,9.1,47.4,43.5,2.8,9.13
"Waffle, chocolate",Sweets & Desserts,Low-Calorie / Beverages,5,8.4,44.8,46.8,2.9,19.06
"Waffle, cinnamon",Grains & Bakery,Low-Calorie / Beverages,5,9.5,45.2,45.4,2.7,8.3
"Waffle, cornmeal",Grains & Bakery,Low-Calorie / Beverages,5,10.3,49.8,39.9,1.2,5.7
"Waffle, whole grain",Grains & Bakery,Low-Calorie / Beverages,5,10.2,42.6,47.2,3.8,8.11
"Waffle, gluten free",Grains & Bakery,Low-Calorie / Beverages,5,4.1,65.6,30.3,1.4,1.73
"Waffle, plain, reduced fat",Grains & Bakery,Low-Calorie / Beverages,5,10.7,50.8,38.5,2.6,8.59
"Waffle, whole grain, reduced fat",Grains & Bakery,Low-Calorie / Beverages,5,11.6,48.3,40.1,3.9,8.39
"French toast, NFS",Grains & Bakery,Low-Calorie / Beverages,5,15.4,47.6,37.0,1.2,10.14
"French toast, plain, from frozen",Grains & Bakery,Balanced Moderate,1,16.0,65.7,18.4,1.1,9.04
"French toast, whole grain, from frozen",Grains & Bakery,Balanced Moderate,1,18.2,62.3,19.4,2.6,8.98
"French toast, gluten free, from frozen",Grains & Bakery,Balanced Moderate,1,11.2,65.4,23.4,2.0,8.18
"French toast, plain, from fast food / restaurant",Grains & Bakery,Low-Calorie / Beverages,5,12.8,46.1,41.0,1.3,10.1
"French toast, whole grain, from fast food / restaurant",Grains & Bakery,Low-Calorie / Beverages,5,14.4,43.6,42.0,3.1,10.03
"French toast, from school, NFS",Grains & Bakery,Low-Calorie / Beverages,5,22.9,56.3,20.8,2.9,3.5
"French toast, plain",Grains & Bakery,Low-Calorie / Beverages,5,15.4,47.6,37.0,1.2,10.14
"French toast, plain, reduced fat",Grains & Bakery,Low-Calorie / Beverages,5,18.5,57.3,24.2,1.2,10.67
"French toast, whole grain",Grains & Bakery,Low-Calorie / Beverages,5,17.0,45.1,37.9,2.7,10.07
"French toast, whole grain, reduced fat",Grains & Bakery,Low-Calorie / Beverages,5,20.4,54.4,25.2,2.8,10.6
"French toast, gluten free",Grains & Bakery,Low-Calorie / Beverages,5,12.0,46.7,41.3,2.2,9.24
"French toast sticks, NFS",Grains & Bakery,Low-Calorie / Beverages,5,11.0,59.2,29.9,1.3,12.87
"French toast sticks, plain, from frozen",Grains & Bakery,Low-Calorie / Beverages,5,11.0,59.2,29.9,1.3,12.87
"French toast sticks, plain, from fast food / restaurant",Grains & Bakery,Low-Calorie / Beverages,5,6.9,47.3,45.8,1.6,11.64
"French toast sticks, from school, NFS",Grains & Bakery,Low-Calorie / Beverages,5,22.9,56.3,20.8,2.9,3.5
"French toast sticks, plain",Grains & Bakery,Low-Calorie / Beverages,5,6.9,47.3,45.8,1.4,9.89
"French toast sticks, whole grain",Grains & Bakery,Low-Calorie / Beverages,5,17.0,45.1,37.9,2.7,10.07
"Fried bread, Puerto Rican style",Grains & Bakery,High-Fat / Oils,3,7.7,63.8,28.5,0.5,31.28
"Crepe, NFS",Grains & Bakery,Low-Calorie / Beverages,5,15.9,39.4,44.6,0.6,4.55
"Crepe, plain",Grains & Bakery,Low-Calorie / Beverages,5,15.9,39.4,44.6,0.6,4.55
Chinese pancake,Grains & Bakery,Balanced Moderate,1,8.1,90.2,1.7,0.7,0.07
"Dumpling, plain",Other,Balanced Moderate,1,10.7,65.8,23.5,0.7,1.23
Cake made with glutinous rice,Grains & Bakery,High-Fat / Oils,3,3.1,76.0,20.9,1.2,31.12
Cake or pancake made with rice flour and/or dried beans,Grains & Bakery,Balanced Moderate,1,19.8,77.8,2.5,5.8,1.85
"Dosa (Indian), plain",Other,Balanced Moderate,1,11.0,71.4,17.6,1.8,0.3
Cake made with glutinous rice and dried beans,Grains & Bakery,Balanced Moderate,1,17.9,80.5,1.6,3.2,1.58
Funnel cake with sugar,Sweets & Desserts,Low-Calorie / Beverages,5,8.8,49.4,41.8,1.0,15.9
Funnel cake with sugar and fruit,Fruits,Low-Calorie / Beverages,5,6.0,57.6,36.4,0.9,21.28
"Pasta, vegetable, cooked",Vegetables,Balanced Moderate,1,14.4,84.8,0.8,4.3,1.15
"Noodles, cooked",Other,Balanced Moderate,1,13.2,73.2,13.6,1.2,0.4
"Noodles, whole grain, cooked",Other,Balanced Moderate,1,15.0,75.3,9.6,3.9,0.75
"Noodles, vegetable, cooked",Vegetables,Balanced Moderate,1,15.4,73.9,10.8,2.3,0.71
"Noodles, chow mein",Other,Low-Calorie / Beverages,5,7.7,38.8,53.4,1.9,0.25
"Long rice noodles, made from mung beans, cooked",Grains & Bakery,Balanced Moderate,1,0.2,99.7,0.1,0.1,0.0
"Rice noodles, cooked",Grains & Bakery,Balanced Moderate,1,6.8,91.5,1.7,1.0,0.03
"Pasta, cooked",Grains & Bakery,Balanced Moderate,1,15.0,79.7,5.4,1.8,0.56
"Pasta, whole grain, cooked",Grains & Bakery,Balanced Moderate,1,15.0,75.4,9.6,3.9,0.75
"Pasta, gluten free",Grains & Bakery,Balanced Moderate,1,7.4,87.5,5.2,1.4,0.0
"Cereal, cooked, NFS",Grains & Bakery,Balanced Moderate,1,13.8,70.9,15.3,1.7,0.17
"Barley, NS as to fat",Grains & Bakery,Balanced Moderate,1,7.2,89.7,3.2,3.8,0.28
"Barley, no added fat",Grains & Bakery,Balanced Moderate,1,7.2,89.7,3.2,3.8,0.28
"Barley, fat added",Grains & Bakery,Balanced Moderate,1,6.2,76.6,17.2,3.7,0.27
"Buckwheat groats, NS as to fat",Fast Food & Prepared,Balanced Moderate,1,13.7,80.6,5.7,2.7,0.9
"Buckwheat groats, no added fat",Other,Balanced Moderate,1,13.7,80.6,5.7,2.7,0.9
"Buckwheat groats, fat added",Other,Balanced Moderate,1,10.8,63.9,25.3,2.6,0.86
"Grits, NS as to regular, quick, or instant, NS as to fat",Grains & Bakery,Balanced Moderate,1,6.8,69.8,23.4,0.7,0.09
"Grits, NS as to regular, quick, or instant, no added fat",Grains & Bakery,Balanced Moderate,1,8.4,87.1,4.4,0.7,0.09
"Grits, NS as to regular, quick, or instant, fat added",Grains & Bakery,Balanced Moderate,1,6.8,69.8,23.4,0.7,0.09
"Grits, regular or quick, made with water, NS as to fat",Grains & Bakery,Balanced Moderate,1,6.8,69.8,23.4,0.7,0.09
"Grits, regular or quick, made with water, no added fat",Grains & Bakery,Balanced Moderate,1,8.4,87.1,4.4,0.7,0.09
"Grits, regular or quick, made with water, fat added",Grains & Bakery,Balanced Moderate,1,6.8,69.8,23.4,0.7,0.09
"Grits, regular or quick, made with milk, NS as to fat",Dairy & Eggs,Low-Calorie / Beverages,5,15.0,56.5,28.5,0.7,4.98
"Grits, regular or quick, made with milk, no added fat",Dairy & Eggs,Balanced Moderate,1,16.9,64.0,19.1,0.7,5.07
"Grits, regular or quick, made with milk, fat added",Dairy & Eggs,Low-Calorie / Beverages,5,15.0,56.5,28.5,0.7,4.98
"Grits, regular or quick, made with non-dairy milk, NS as to fat",Dairy & Eggs,Balanced Moderate,1,8.9,64.0,27.1,0.9,3.12
"Grits, regular or quick, made with non-dairy milk, no added fat",Dairy & Eggs,Balanced Moderate,1,10.4,74.5,15.2,0.9,3.18
"Grits, regular or quick, made with non-dairy milk, fat added",Dairy & Eggs,Balanced Moderate,1,8.9,64.0,27.1,0.9,3.12
"Grits, with cheese, NS as to fat",Dairy & Eggs,Low-Calorie / Beverages,5,13.3,42.4,44.3,0.6,0.12
"Grits, with cheese, no added fat",Dairy & Eggs,Low-Calorie / Beverages,5,15.0,48.2,36.8,0.7,0.12
"Grits, with cheese, fat added",Dairy & Eggs,Low-Calorie / Beverages,5,13.3,42.4,44.3,0.6,0.12
"Grits, instant, made with water, no added fat",Grains & Bakery,Balanced Moderate,1,8.1,86.7,5.3,0.8,0.29
"Grits, instant, made with water, fat added",Grains & Bakery,Balanced Moderate,1,6.2,65.0,28.8,0.8,0.28
"Grits, instant, made with water, NS as to fat",Grains & Bakery,Balanced Moderate,1,6.2,65.0,28.8,0.8,0.28
"Grits, instant, made with milk, fat added",Dairy & Eggs,Low-Calorie / Beverages,5,12.4,56.7,30.8,0.8,4.11
"Grits, instant, made with milk, no added fat",Dairy & Eggs,Balanced Moderate,1,14.9,68.5,16.6,0.8,4.25
"Grits, instant, made with milk, NS as to fat",Dairy & Eggs,Low-Calorie / Beverages,5,12.4,56.7,30.8,0.8,4.11
"Grits, instant, made with non-dairy milk, NS as to fat",Dairy & Eggs,Low-Calorie / Beverages,5,7.8,62.0,30.2,0.9,2.66
"Grits, instant, made with non-dairy milk, no added fat",Dairy & Eggs,Balanced Moderate,1,9.6,77.2,13.2,0.9,2.74
"Grits, instant, made with non-dairy milk, fat added",Dairy & Eggs,Low-Calorie / Beverages,5,7.8,62.0,30.2,0.9,2.66
"Cornmeal mush, NS as to fat",Grains & Bakery,Balanced Moderate,1,6.4,70.2,23.5,0.6,0.25
"Cornmeal mush, no added fat",Grains & Bakery,Balanced Moderate,1,7.9,87.7,4.4,0.6,0.25
"Cornmeal mush, fat added",Grains & Bakery,Balanced Moderate,1,6.4,70.2,23.5,0.6,0.25
"Cornmeal, Puerto Rican Style",Grains & Bakery,Balanced Moderate,1,11.1,75.8,13.1,0.5,17.75
Cornmeal dumpling,Grains & Bakery,Balanced Moderate,1,12.9,61.6,25.5,1.1,1.55
"Masa harina, cooked",Other,Balanced Moderate,1,9.0,82.0,8.9,1.7,0.43
"Millet, NS as to fat",Grains & Bakery,Balanced Moderate,1,11.9,80.4,7.7,1.3,0.13
"Millet, no added fat",Grains & Bakery,Balanced Moderate,1,11.9,80.4,7.7,1.3,0.13
"Millet, fat added",Grains & Bakery,Balanced Moderate,1,9.5,64.3,26.2,1.2,0.12
"Oatmeal, from fast food, plain",Grains & Bakery,Low-Calorie / Beverages,5,12.9,58.9,28.3,1.7,0.69
"Oatmeal, from fast food, maple flavored",Grains & Bakery,Balanced Moderate,1,8.6,72.7,18.7,1.6,9.95
"Oatmeal, from fast food, fruit flavored",Fruits,Balanced Moderate,1,7.2,77.6,15.2,1.9,14.22
"Oatmeal, from fast food, other flavors",Grains & Bakery,Balanced Moderate,1,8.6,72.7,18.7,1.6,9.95
"Oatmeal, NS as to regular, quick, or instant, NS as to fat",Grains & Bakery,Low-Calorie / Beverages,5,11.3,58.1,30.6,1.7,0.16
"Oatmeal, NS as to regular, quick, or instant, no added fat",Grains & Bakery,Balanced Moderate,1,13.8,70.9,15.3,1.7,0.17
"Oatmeal, NS as to regular, quick, or instant, fat added",Grains & Bakery,Low-Calorie / Beverages,5,11.3,58.1,30.6,1.7,0.16
"Oatmeal, regular or quick, made with water, NS as to fat",Grains & Bakery,Low-Calorie / Beverages,5,11.3,58.1,30.6,1.7,0.16
"Oatmeal, regular or quick, made with water, no added fat",Grains & Bakery,Balanced Moderate,1,13.8,70.9,15.3,1.7,0.17
"Oatmeal, regular or quick, made with water, fat added",Grains & Bakery,Low-Calorie / Beverages,5,11.3,58.1,30.6,1.7,0.16
"Oatmeal, regular or quick, made with milk, NS as to fat",Dairy & Eggs,Low-Calorie / Beverages,5,17.2,50.3,32.5,1.7,5.0
"Oatmeal, regular or quick, made with milk, no added fat",Dairy & Eggs,Low-Calorie / Beverages,5,19.3,56.5,24.2,1.7,5.09
"Oatmeal, regular or quick, made with milk, fat added",Dairy & Eggs,Low-Calorie / Beverages,5,17.2,50.3,32.5,1.7,5.0
"Oatmeal, regular or quick, made with non-dairy milk, NS as to fat",Dairy & Eggs,Low-Calorie / Beverages,5,12.1,56.0,31.9,1.8,3.16
"Oatmeal, regular or quick, made with non-dairy milk, no added fat",Dairy & Eggs,Balanced Moderate,1,13.9,64.4,21.7,1.9,3.22
"Oatmeal, regular or quick, made with non-dairy milk, fat added",Dairy & Eggs,Low-Calorie / Beverages,5,12.1,56.0,31.9,1.8,3.16
"Oatmeal, instant, plain, made with water, NS as to fat",Grains & Bakery,Low-Calorie / Beverages,5,9.5,54.8,35.8,1.8,0.28
"Oatmeal, instant, plain, made with water, no added fat",Grains & Bakery,Balanced Moderate,1,12.3,71.7,16.0,1.9,0.28
"Oatmeal, instant, plain, made with water, fat added",Grains & Bakery,Low-Calorie / Beverages,5,9.5,54.8,35.8,1.8,0.28
"Oatmeal, instant, plain, made with milk, NS as to fat",Dairy & Eggs,Low-Calorie / Beverages,5,14.5,49.8,35.7,1.8,4.11
"Oatmeal, instant, plain, made with milk, no added fat",Dairy & Eggs,Balanced Moderate,1,17.3,59.7,22.9,1.9,4.25
"Oatmeal,  instant, plain, made with milk, fat added",Dairy & Eggs,Low-Calorie / Beverages,5,14.5,49.8,35.7,1.8,4.11
"Oatmeal, instant, plain, made with non-dairy milk, NS as to fat",Dairy & Eggs,Low-Calorie / Beverages,5,10.4,53.9,35.7,2.0,2.65
"Oatmeal, instant, plain, made with non-dairy milk, no added fat",Dairy & Eggs,Balanced Moderate,1,12.7,66.4,20.9,2.0,2.74
"Oatmeal, instant, plain, made with non-dairy milk, fat added",Dairy & Eggs,Low-Calorie / Beverages,5,10.4,53.9,35.7,2.0,2.65
"Oatmeal, instant, maple flavored, NS as to fat",Grains & Bakery,Balanced Moderate,1,8.0,66.0,26.0,1.8,7.75
"Oatmeal, instant, maple flavored, no added fat",Grains & Bakery,Balanced Moderate,1,9.6,79.4,11.0,1.9,7.99
"Oatmeal, instant, maple flavored, fat added",Grains & Bakery,Balanced Moderate,1,8.0,66.0,26.0,1.8,7.75
"Oatmeal, instant, fruit flavored, NS as to fat",Fruits,Balanced Moderate,1,7.8,66.3,25.9,1.9,8.07
"Oatmeal, instant, fruit flavored, no added fat",Fruits,Balanced Moderate,1,9.3,80.0,10.7,1.9,8.32
"Oatmeal, instant, fruit flavored, fat added",Fruits,Balanced Moderate,1,7.8,66.3,25.9,1.9,8.07
"Oatmeal, instant, other flavors, NS as to fat",Grains & Bakery,Balanced Moderate,1,8.0,66.0,26.0,1.8,7.75
"Oatmeal, instant, other flavors, no added fat",Grains & Bakery,Balanced Moderate,1,9.6,79.4,11.0,1.9,7.99
"Oatmeal, instant, other flavors, fat added",Grains & Bakery,Balanced Moderate,1,8.0,66.0,26.0,1.8,7.75
"Oatmeal, reduced sugar, plain, NS as to fat",Grains & Bakery,Low-Calorie / Beverages,5,8.7,60.9,30.4,1.8,3.93
"Oatmeal, reduced sugar, plain, no added fat",Grains & Bakery,Balanced Moderate,1,10.8,76.1,13.2,1.9,4.05
"Oatmeal, reduced sugar, plain, fat added",Grains & Bakery,Low-Calorie / Beverages,5,8.7,60.9,30.4,1.8,3.93
"Oatmeal, made with milk and sugar, Puerto Rican style",Dairy & Eggs,Balanced Moderate,1,12.6,71.4,16.0,1.4,17.09
"Oatmeal, reduced sugar, flavored, NS as to fat",Grains & Bakery,Low-Calorie / Beverages,5,8.7,60.9,30.4,1.8,3.93
"Oatmeal, reduced sugar, flavored, no added fat",Grains & Bakery,Balanced Moderate,1,10.8,76.1,13.2,1.9,4.05
"Oatmeal, reduced sugar, flavored, fat added",Grains & Bakery,Low-Calorie / Beverages,5,8.7,60.9,30.4,1.8,3.93
"Oatmeal, multigrain, NS as to fat",Grains & Bakery,Balanced Moderate,1,11.3,64.6,24.1,2.0,0.41
"Oatmeal, multigrain, no added fat",Grains & Bakery,Balanced Moderate,1,13.8,79.4,6.7,2.0,0.41
"Oatmeal, multigrain, fat added",Grains & Bakery,Balanced Moderate,1,11.3,64.6,24.1,2.0,0.41
"Quinoa, NS as to fat",Grains & Bakery,Low-Calorie / Beverages,5,11.9,57.6,30.5,2.7,0.82
"Quinoa, no added fat",Grains & Bakery,Balanced Moderate,1,14.7,71.0,14.4,2.8,0.87
"Quinoa, fat added",Grains & Bakery,Low-Calorie / Beverages,5,11.9,57.6,30.5,2.7,0.82
"Rice, cooked, NFS",Grains & Bakery,Balanced Moderate,1,8.5,89.5,2.0,0.4,0.05
"Rice, white, cooked, NS as to fat",Grains & Bakery,Balanced Moderate,1,8.5,89.5,2.0,0.4,0.05
"Rice, white, cooked, made with oil",Grains & Bakery,Balanced Moderate,1,7.1,73.9,19.1,0.4,0.05
"Rice, white, cooked, made with butter",Dairy & Eggs,Balanced Moderate,1,7.4,76.4,16.3,0.4,0.05
"Rice, white, cooked, made with margarine",Grains & Bakery,Balanced Moderate,1,7.5,78.7,13.8,0.4,0.05
"Rice, white, cooked, fat added, NS as to fat type",Grains & Bakery,Balanced Moderate,1,7.2,75.5,17.2,0.4,0.05
"Rice, white, cooked, no added fat",Grains & Bakery,Balanced Moderate,1,8.5,89.5,2.0,0.4,0.05
"Rice, brown, cooked, NS as to fat",Grains & Bakery,Balanced Moderate,1,9.0,83.9,7.1,1.6,0.24
"Rice, brown, cooked, fat added, made with oil",Grains & Bakery,Balanced Moderate,1,7.6,71.3,21.1,1.6,0.23
"Rice, brown, cooked, made with butter",Dairy & Eggs,Balanced Moderate,1,7.9,73.3,18.8,1.6,0.24
"Rice, brown, cooked, made with margarine",Grains & Bakery,Balanced Moderate,1,8.1,75.2,16.7,1.6,0.23
"Rice, brown, cooked, fat added, NS as to fat type",Grains & Bakery,Balanced Moderate,1,7.8,72.7,19.5,1.6,0.23
"Rice, brown, cooked, no added fat",Grains & Bakery,Balanced Moderate,1,9.0,83.9,7.1,1.6,0.24
"Rice, cream of, cooked, no added fat",Grains & Bakery,Balanced Moderate,1,7.0,91.8,1.2,0.1,0.06
"Rice, cooked, with milk",Dairy & Eggs,Balanced Moderate,1,14.7,71.5,13.9,0.3,4.92
"Rice, sweet, cooked with honey",Grains & Bakery,Balanced Moderate,1,7.4,90.9,1.7,0.4,4.89
"Rice, creamed, made with milk and sugar, Puerto Rican style",Dairy & Eggs,Balanced Moderate,1,10.2,79.9,9.9,0.1,8.76
"Rice, cream of, cooked, fat added",Grains & Bakery,Balanced Moderate,1,5.9,75.9,18.2,0.1,0.06
"Rice, cream of, cooked, NS as to fat",Grains & Bakery,Balanced Moderate,1,5.9,75.9,18.2,0.1,0.06
"Rice, cream of, cooked, made with milk",Dairy & Eggs,Balanced Moderate,1,13.7,61.5,24.8,0.1,4.81
Congee,Other,Balanced Moderate,1,8.5,89.5,2.0,0.1,0.01
"Yellow rice, cooked, NS as to fat",Grains & Bakery,Balanced Moderate,1,8.2,87.2,4.6,0.5,0.45
"Yellow rice, cooked, no added fat",Grains & Bakery,Balanced Moderate,1,8.2,87.2,4.6,0.5,0.45
"Yellow rice, cooked, fat added",Grains & Bakery,Balanced Moderate,1,6.8,72.1,21.1,0.4,0.44
"Rice, white, cooked, glutinous",Grains & Bakery,Balanced Moderate,1,8.6,89.6,1.8,1.0,0.05
"Rice, wild, 100%, cooked, NS as to fat",Grains & Bakery,Balanced Moderate,1,12.3,65.7,22.1,1.7,0.71
"Rice, wild, 100%, cooked, no added fat",Grains & Bakery,Balanced Moderate,1,15.3,81.7,2.9,1.8,0.73
"Rice, wild, 100%, cooked, fat added",Grains & Bakery,Balanced Moderate,1,12.3,65.7,22.1,1.7,0.71
"Rice, white and wild, cooked, no added fat",Grains & Bakery,Balanced Moderate,1,9.4,88.8,1.9,0.5,0.11
"Rice, brown and wild, cooked, no added fat",Grains & Bakery,Balanced Moderate,1,9.7,83.6,6.7,1.6,0.3
"Rice, white and wild, cooked, fat added",Grains & Bakery,Balanced Moderate,1,7.9,74.7,17.4,0.5,0.13
"Rice, white and wild, cooked, NS as to fat",Grains & Bakery,Balanced Moderate,1,7.9,74.7,17.4,0.5,0.13
"Rice, brown and wild, cooked, fat added",Grains & Bakery,Balanced Moderate,1,8.2,70.6,21.2,1.6,0.3
"Rice, brown and wild, cooked, NS as to fat",Grains & Bakery,Balanced Moderate,1,8.0,70.4,21.5,1.0,0.25
"Rice, white, cooked with fat, Puerto Rican style",Grains & Bakery,Balanced Moderate,1,5.8,65.2,29.0,0.5,0.05
"Cream of wheat, NS as to regular, quick, or instant, NS as to fat",Grains & Bakery,Balanced Moderate,1,9.1,65.5,25.4,0.5,0.03
"Cream of wheat, NS as to regular, quick, or instant, no added fat",Grains & Bakery,Balanced Moderate,1,11.6,84.6,3.8,0.5,0.03
"Cream of wheat, NS as to regular, quick, or instant, fat added",Grains & Bakery,Balanced Moderate,1,9.1,65.5,25.4,0.5,0.03
"Cream of wheat, regular or quick, made with water, NS as to fat",Grains & Bakery,Balanced Moderate,1,9.1,65.5,25.4,0.5,0.03
"Cream of wheat, regular or quick, made with water, no added fat",Grains & Bakery,Balanced Moderate,1,11.6,84.6,3.8,0.5,0.03
"Cream of wheat, regular or quick, made with water, fat added",Grains & Bakery,Balanced Moderate,1,9.1,65.5,25.4,0.5,0.03
"Cream of wheat, regular or quick, made with milk, NS as to fat",Dairy & Eggs,Low-Calorie / Beverages,5,16.8,53.3,29.9,0.5,5.01
"Cream of wheat, regular or quick, made with milk, no added fat",Dairy & Eggs,Balanced Moderate,1,19.2,60.9,19.9,0.5,5.1
"Cream of wheat, regular or quick, made with milk, fat added",Dairy & Eggs,Low-Calorie / Beverages,5,16.8,53.3,29.9,0.5,5.01
"Cream of wheat, regular or quick, made with non-dairy milk, NS as to fat",Dairy & Eggs,Low-Calorie / Beverages,5,10.7,60.7,28.6,0.7,3.11
"Cream of wheat, regular or quick, made with non-dairy milk, no added fat",Dairy & Eggs,Balanced Moderate,1,12.5,71.6,15.8,0.7,3.17
"Cream of wheat, regular or quick, made with non-dairy milk, fat added",Dairy & Eggs,Low-Calorie / Beverages,5,10.7,60.7,28.6,0.7,3.11
"Cream of wheat, instant, made with water, no added fat",Grains & Bakery,Balanced Moderate,1,9.3,87.9,2.9,0.5,3.64
"Wheat, cream of, cooked, made with milk and sugar, Puerto Rican style",Dairy & Eggs,Balanced Moderate,1,14.7,69.3,16.0,0.4,11.08
"Cream of wheat, instant, made with water, fat added",Grains & Bakery,Balanced Moderate,1,7.4,69.5,23.0,0.5,3.55
"Cream of wheat, instant, made with water, NS as to fat",Grains & Bakery,Balanced Moderate,1,7.4,69.5,23.0,0.5,3.55
"Cream of wheat, instant, made with milk, fat added",Dairy & Eggs,Low-Calorie / Beverages,5,13.7,59.1,27.2,0.5,7.46
"Cream of wheat, instant, made with milk, no added fat",Dairy & Eggs,Balanced Moderate,1,15.9,68.6,15.5,0.5,7.65
"Cream of wheat, instant, made with milk, NS as to fat",Dairy & Eggs,Low-Calorie / Beverages,5,13.7,59.1,27.2,0.5,7.46
"Cream of wheat, instant, made with non-dairy milk, NS as to fat",Dairy & Eggs,Balanced Moderate,1,8.9,65.2,25.9,0.6,5.98
"Cream of wheat, instant, made with non-dairy milk, no added fat",Dairy & Eggs,Balanced Moderate,1,10.6,77.7,11.7,0.6,6.13
"Cream of wheat, instant, made with non-dairy milk, fat added",Dairy & Eggs,Balanced Moderate,1,8.9,65.2,25.9,0.6,5.98
"Bulgur, no added fat",Grains & Bakery,Balanced Moderate,1,13.9,83.7,2.4,4.5,0.1
"Bulgur, fat added",Grains & Bakery,Low-Calorie / Beverages,5,9.7,58.6,31.7,4.2,0.09
"Bulgur, NS as to fat",Grains & Bakery,Balanced Moderate,1,13.9,83.7,2.4,4.5,0.1
"Couscous, plain, cooked",Grains & Bakery,Balanced Moderate,1,13.8,84.8,1.3,1.4,0.1
"Whole wheat cereal, cooked, NS as to fat",Grains & Bakery,Balanced Moderate,1,9.6,64.1,26.3,1.3,0.06
"Whole wheat cereal, cooked, no added fat",Grains & Bakery,Balanced Moderate,1,12.3,82.7,5.0,1.3,0.06
"Whole wheat cereal, cooked, fat added",Grains & Bakery,Balanced Moderate,1,9.6,64.1,26.3,1.3,0.06
"Wheat cereal, chocolate flavored, cooked",Grains & Bakery,Balanced Moderate,1,13.0,79.4,7.7,1.8,0.08
"Oat bran cereal, cooked, no added fat",Grains & Bakery,Balanced Moderate,1,17.4,66.7,15.9,2.9,0.27
"Oat bran cereal, cooked, fat added",Grains & Bakery,Low-Calorie / Beverages,5,14.7,56.1,29.2,2.8,0.26
"Oat bran cereal, cooked, NS as to fat",Grains & Bakery,Low-Calorie / Beverages,5,14.7,56.1,29.2,2.8,0.26
Cream of rye,Dairy & Eggs,Balanced Moderate,1,12.1,84.0,3.8,1.4,0.13
"Cereal, nestum",Grains & Bakery,Balanced Moderate,1,13.8,70.9,15.3,1.7,0.17
"Cereal, oat, NFS",Grains & Bakery,High-Fiber / Plant-based,4,12.3,72.9,14.8,10.1,4.5
"Cereal, ready-to-eat, NFS",Grains & Bakery,High-Fiber / Plant-based,4,9.1,80.0,10.9,7.1,22.17
Cereal (Kellogg's All-Bran),Grains & Bakery,High-Fiber / Plant-based,4,13.4,75.4,11.2,29.3,15.69
Cereal (Post Alpha-Bits),Grains & Bakery,High-Fiber / Plant-based,4,9.9,79.8,10.3,7.1,21.0
Cereal (General Mills Cheerios Apple Cinnamon),Fruits,High-Fat / Oils,3,8.1,78.4,13.4,7.3,34.2
Cereal (Kellogg's Apple Jacks),Fruits,High-Fat / Oils,3,5.1,87.4,7.6,9.3,43.7
Cereal (Post Great Grains Banana Nut Crunch),Fruits,High-Fiber / Plant-based,4,9.8,70.5,19.7,11.2,17.5
Cereal (General Mills Cheerios Banana Nut),Fruits,High-Fat / Oils,3,5.5,85.4,9.1,6.1,33.09
Cereal (General Mills Cheerios Berry Burst),Grains & Bakery,High-Fiber / Plant-based,4,8.9,81.0,10.2,7.6,27.0
Cereal (Quaker Cap'n Crunch),Grains & Bakery,High-Fat / Oils,3,4.3,84.3,11.4,2.5,44.32
Cereal (Quaker Christmas Crunch),Grains & Bakery,High-Fat / Oils,3,4.4,84.9,10.7,2.6,44.31
Cereal (Quaker Cap'n Crunch's Crunchberries),Grains & Bakery,High-Fat / Oils,3,4.4,84.9,10.7,2.6,44.2
Cereal (Quaker Cap'n Crunch's Peanut Butter Crunch),Dairy & Eggs,High-Fat / Oils,3,6.7,73.8,19.5,2.7,33.36
Cereal (General Mills Cheerios),Grains & Bakery,High-Fiber / Plant-based,4,12.3,72.9,14.8,10.1,4.5
Cereal (General Mills Chex Chocolate),Grains & Bakery,High-Fat / Oils,3,4.6,77.4,18.0,2.0,26.2
Cereal (General Mills Chex Cinnamon),Grains & Bakery,High-Fat / Oils,3,4.9,80.6,14.5,2.4,26.1
Cereal (General Mills Cheerios Chocolate),Grains & Bakery,High-Fat / Oils,3,5.8,82.9,11.4,6.2,34.09
"Cereal, chocolate flavored, frosted, puffed corn",Grains & Bakery,High-Fat / Oils,3,3.4,88.6,8.0,3.8,43.7
Cereal (General Mills Lucky Charms Chocolate),Grains & Bakery,High-Fat / Oils,3,5.6,84.5,9.9,5.3,36.79
Cereal (General Mills Cinnamon Toast Crunch),Grains & Bakery,High-Fat / Oils,3,5.1,73.2,21.7,6.8,30.3
Cereal (General Mills 25% Less Sugar Cinnamon Toast Crunch),Grains & Bakery,High-Fiber / Plant-based,4,4.8,74.1,21.1,11.2,21.39
Cereal (General Mills Honey Nut Clusters),Grains & Bakery,Balanced Moderate,1,7.9,87.5,4.6,6.3,24.8
Cereal (Kellogg's Cocoa Krispies),Grains & Bakery,High-Fat / Oils,3,4.7,89.2,6.2,1.4,38.6
Cereal (Post Cocoa Pebbles),Grains & Bakery,High-Fat / Oils,3,4.8,85.9,9.3,1.6,35.8
Cereal (General Mills Cocoa Puffs),Grains & Bakery,High-Fat / Oils,3,5.5,82.9,11.6,5.7,37.2
Cereal (General Mills Cookie Crisp),Grains & Bakery,High-Fat / Oils,3,5.2,84.8,9.9,5.1,34.8
Cereal (General Mills Chex Corn),Grains & Bakery,Balanced Moderate,1,6.6,87.8,5.6,4.7,11.1
"Cereal, corn flakes",Grains & Bakery,Balanced Moderate,1,8.1,90.9,1.0,3.3,9.5
Cereal (Kellogg's Corn Flakes),Grains & Bakery,Balanced Moderate,1,8.1,90.9,1.0,3.3,9.5
"Cereal, corn puffs",Grains & Bakery,High-Fiber / Plant-based,4,7.8,84.3,7.9,8.8,9.76
Cereal (General Mills Count Chocula),Grains & Bakery,High-Fat / Oils,3,5.4,84.1,10.5,5.0,33.09
Cereal (Kellogg's Cracklin' Oat Bran),Grains & Bakery,High-Fiber / Plant-based,4,8.3,63.2,28.5,12.7,28.0
"Cereal (Post Great Grains, Cranberry Almond Crunch)",Fruits,High-Fiber / Plant-based,4,9.0,77.5,13.4,11.1,25.5
Cereal (Kellogg's Crispix),Grains & Bakery,Balanced Moderate,1,6.9,91.2,1.9,1.0,12.8
"Cereal, crispy rice",Grains & Bakery,Balanced Moderate,1,7.0,90.1,3.0,0.7,12.12
Cereal (General Mills Fiber One),Grains & Bakery,High-Fiber / Plant-based,4,6.9,87.8,5.4,46.2,1.0
Cereal (General Mills Fiber One Honey Clusters),Grains & Bakery,High-Fiber / Plant-based,4,7.9,86.1,6.0,19.0,17.79
Cereal (General Mills Fiber One Raisin Bran Clusters),Fruits,High-Fiber / Plant-based,4,6.6,87.9,5.4,17.9,25.6
"Cereal, bran flakes",Grains & Bakery,High-Fiber / Plant-based,4,9.9,83.4,6.7,14.2,16.9
Cereal (Kellogg's All-Bran Complete Wheat Flakes),Grains & Bakery,High-Fiber / Plant-based,4,10.5,83.8,5.8,17.3,18.8
Cereal (Post Bran Flakes),Grains & Bakery,High-Fiber / Plant-based,4,10.4,84.6,5.0,18.3,18.6
Cereal (General Mills Frankenberry),Grains & Bakery,High-Fat / Oils,3,5.5,84.9,9.6,4.2,27.29
Cereal (Kellogg's Froot Loops),Grains & Bakery,High-Fiber / Plant-based,4,5.3,87.2,7.6,9.3,34.5
Cereal (Kellogg's Froot Loops Marshmallow),Grains & Bakery,High-Fat / Oils,3,4.6,89.2,6.3,7.4,49.9
Cereal (General Mills Cheerios Frosted),Grains & Bakery,High-Fat / Oils,3,9.1,80.3,10.6,7.5,32.0
Cereal (Kellogg's Frosted Mini-Wheats),Grains & Bakery,High-Fiber / Plant-based,4,9.6,86.7,3.7,10.8,20.3
"Cereal, frosted rice",Grains & Bakery,High-Fat / Oils,3,4.5,94.6,0.9,0.5,40.2
"Cereal, fruit rings",Fruits,High-Fat / Oils,3,4.8,87.8,7.4,2.2,45.31
Cereal (General Mills Cheerios Fruity),Grains & Bakery,High-Fat / Oils,3,5.8,83.9,10.3,5.9,32.2
Cereal (Post Fruity Pebbles),Grains & Bakery,High-Fat / Oils,3,4.6,86.3,9.1,0.8,34.28
Cereal (General Mills Golden Grahams),Grains & Bakery,High-Fat / Oils,3,5.4,87.2,7.4,5.6,35.0
"Cereal, granola",Grains & Bakery,High-Fiber / Plant-based,4,9.1,67.4,23.5,9.4,22.2
"Granola, homemade",Grains & Bakery,High-Fiber / Plant-based,4,11.2,44.1,44.7,8.9,19.8
Cereal (Kellogg's Low Fat Granola),Grains & Bakery,High-Fiber / Plant-based,4,9.1,67.4,23.5,9.4,22.2
Cereal (Post Grape-Nuts),Fruits,High-Fiber / Plant-based,4,11.7,84.0,4.3,13.0,8.86
"Cereal (Post Great Grains Raisins, Dates, and Pecans)",Grains & Bakery,High-Fiber / Plant-based,4,8.0,75.7,16.3,9.3,24.1
Cereal (Post Honey Bunches of Oats Honey Roasted),Grains & Bakery,Balanced Moderate,1,7.1,80.7,12.2,4.2,19.79
Cereal (Post Honey Bunches of Oats with Vanilla Bunches),Grains & Bakery,High-Fiber / Plant-based,4,7.8,80.9,11.3,7.8,20.7
Cereal (Post Honey Bunches of Oats with Almonds),Grains & Bakery,Balanced Moderate,1,7.4,76.7,15.8,5.5,20.0
Cereal (Post Honeycomb),Grains & Bakery,High-Fat / Oils,3,6.1,87.3,6.6,3.2,31.51
Cereal (General Mills Chex Honey Nut),Grains & Bakery,High-Fat / Oils,3,6.5,88.9,4.6,3.9,28.1
Cereal (General Mills Cheerios Honey Nut),Grains & Bakery,High-Fat / Oils,3,8.9,79.9,11.3,7.1,32.89
Cereal (Post Shredded Wheat Honey Nut),Grains & Bakery,High-Fiber / Plant-based,4,8.6,84.8,6.6,10.7,20.7
Cereal (Kellogg's Honey Smacks),Grains & Bakery,High-Fat / Oils,3,5.7,89.3,5.0,5.0,56.2
Cereal (Kashi 7 Whole Grain Puffs),Grains & Bakery,High-Fiber / Plant-based,4,13.4,81.2,5.3,8.0,0.93
Cereal (Kashi Autumn Wheat),Grains & Bakery,High-Fiber / Plant-based,4,12.7,83.9,3.3,11.2,12.4
Cereal (Kashi GOLEAN),Grains & Bakery,High-Fiber / Plant-based,4,25.7,69.2,5.1,20.1,16.5
Cereal (Kashi GOLEAN Crunch),Grains & Bakery,High-Fiber / Plant-based,4,16.5,70.4,13.1,14.5,24.0
Cereal (Kashi GOLEAN Crunch Honey Almond Flax),Grains & Bakery,High-Fiber / Plant-based,4,15.8,63.1,21.0,15.0,22.2
Cereal (Kashi Heart to Heart Honey Toasted Oat),Meat & Poultry,High-Fiber / Plant-based,4,11.2,77.7,11.1,13.7,15.5
Cereal (General Mills Kix),Grains & Bakery,High-Fiber / Plant-based,4,7.8,84.3,7.9,8.8,9.76
Cereal (General Mills Honey Kix),Grains & Bakery,High-Fiber / Plant-based,4,6.5,84.5,8.9,8.3,18.2
Cereal (Kellogg's Krave),Grains & Bakery,High-Fiber / Plant-based,4,6.0,79.0,15.1,10.1,33.23
Cereal (Quaker Life),Grains & Bakery,High-Fiber / Plant-based,4,10.2,79.6,10.2,6.6,19.43
Cereal (General Mills Lucky Charms),Grains & Bakery,High-Fat / Oils,3,7.7,81.0,11.3,5.0,36.13
"Cereal, frosted oat cereal with marshmallows",Grains & Bakery,High-Fat / Oils,3,7.2,85.3,7.5,4.3,36.13
Cereal (Malt-O-Meal Blueberry Muffin Tops),Fruits,High-Fiber / Plant-based,4,9.5,85.9,4.6,10.9,20.0
Cereal (Malt-O-Meal Cinnamon Toasters),Grains & Bakery,High-Fat / Oils,3,3.1,72.0,24.9,5.0,32.86
Cereal (Malt-O-Meal Coco-Roos),Grains & Bakery,High-Fat / Oils,3,3.4,86.3,10.3,3.3,48.11
Cereal (Malt-O-Meal Colossal Crunch),Grains & Bakery,High-Fat / Oils,3,3.7,84.0,12.2,1.7,42.5
Cereal (Malt-O-Meal Cocoa Dyno-Bites),Grains & Bakery,High-Fat / Oils,3,4.2,88.1,7.7,1.1,43.15
Cereal (Malt-O-Meal Corn Bursts),Grains & Bakery,High-Fat / Oils,3,3.5,95.7,0.8,1.9,46.88
Cereal (Malt-O-Meal Frosted Flakes),Grains & Bakery,High-Fat / Oils,3,4.4,93.6,2.0,1.2,39.27
Cereal (Malt-O-Meal Fruity Dyno-Bites),Grains & Bakery,High-Fat / Oils,3,3.9,89.1,7.0,1.0,42.6
Cereal (Malt-O-Meal Honey Graham Squares),Grains & Bakery,High-Fat / Oils,3,5.4,87.2,7.4,5.6,35.0
Cereal (Malt-O-Meal Honey Nut Toasty O's),Grains & Bakery,High-Fat / Oils,3,8.9,79.9,11.3,7.1,32.89
Cereal (Malt-O-Meal Marshmallow Mateys),Grains & Bakery,High-Fat / Oils,3,7.1,84.8,8.1,4.9,40.91
Cereal (Malt-O-Meal Golden Puffs),Grains & Bakery,High-Fat / Oils,3,5.7,89.3,5.0,5.0,56.2
Cereal (Malt-O-Meal Toasted Oat Cereal),Grains & Bakery,High-Fiber / Plant-based,4,12.3,72.9,14.8,10.1,4.5
Cereal (Malt-O-Meal Tootie Fruities),Grains & Bakery,High-Fat / Oils,3,4.8,87.8,7.4,2.2,45.31
"Cereal, muesli",Grains & Bakery,High-Fiber / Plant-based,4,9.0,78.3,12.7,7.7,25.1
Cereal (General Mills Cheerios Multigrain),Grains & Bakery,High-Fiber / Plant-based,4,8.4,82.3,9.3,8.7,21.2
Cereal (Nature Valley Granola),Grains & Bakery,High-Fiber / Plant-based,4,9.1,67.4,23.5,9.4,22.2
Cereal (General Mills Cheerios Oat Cluster Crunch),Grains & Bakery,High-Fiber / Plant-based,4,8.5,81.1,10.4,7.0,27.9
Cereal (General Mills Cheerios Protein),Grains & Bakery,High-Fiber / Plant-based,4,12.4,76.2,11.4,7.3,29.48
Cereal (General Mills Oatmeal Crisp with Almonds),Grains & Bakery,High-Fiber / Plant-based,4,9.6,75.8,14.6,8.2,22.89
Cereal (Quaker Honey Graham Oh's),Grains & Bakery,High-Fat / Oils,3,3.7,79.9,16.4,2.1,43.23
"Cereal (Quaker Granola with Oats, Honey, and Raisins)",Grains & Bakery,High-Fiber / Plant-based,4,9.1,67.4,23.5,9.4,22.2
Cereal (Nature's Path Organic Flax Plus),Grains & Bakery,High-Fiber / Plant-based,4,12.0,75.7,12.4,16.6,12.25
Cereal (Barbara's Puffins),Grains & Bakery,High-Fiber / Plant-based,4,7.4,84.2,8.3,18.5,18.52
Cereal (Quaker Toasted Oat Bran),Grains & Bakery,High-Fiber / Plant-based,4,12.5,75.8,11.6,10.2,16.34
Cereal (Quaker Oatmeal Squares),Grains & Bakery,High-Fiber / Plant-based,4,11.4,77.8,10.9,8.3,16.69
"Cereal, raisin bran",Fruits,High-Fiber / Plant-based,4,8.4,87.3,4.3,12.0,32.97
Cereal (Kellogg's Raisin Bran),Fruits,High-Fiber / Plant-based,4,8.5,84.8,6.7,11.4,31.3
Cereal (Kellogg's Raisin Bran Crunch),Fruits,High-Fat / Oils,3,6.9,88.9,4.2,8.0,35.2
Cereal (Post Raisin Bran),Fruits,High-Fiber / Plant-based,4,8.4,87.6,4.0,13.7,32.9
Cereal (General Mills Raisin Nut Bran),Fruits,High-Fiber / Plant-based,4,8.2,79.9,11.9,12.2,28.5
Cereal (General Mills Reese's Puffs),Grains & Bakery,High-Fat / Oils,3,6.3,70.4,23.3,4.7,35.3
Cereal (General Mills Chex Rice),Grains & Bakery,Balanced Moderate,1,6.7,88.9,4.4,2.0,8.0
"Cereal, rice flakes",Grains & Bakery,Balanced Moderate,1,7.0,90.1,3.0,0.7,12.12
Cereal (Kellogg's Rice Krispies),Grains & Bakery,Balanced Moderate,1,7.0,88.2,4.8,0.4,9.87
Cereal (Kellogg's Rice Krispies Treats Cereal),Grains & Bakery,High-Fat / Oils,3,4.3,86.2,9.5,0.4,29.6
"Cereal, puffed rice",Grains & Bakery,Balanced Moderate,1,7.2,90.7,2.1,1.4,0.0
Cereal (Kellogg's Smart Start Strong),Grains & Bakery,High-Fat / Oils,3,7.7,88.9,3.5,5.4,27.79
Cereal (Kellogg's Smorz),Grains & Bakery,High-Fat / Oils,3,3.4,88.6,8.0,3.8,43.7
Cereal (Kellogg's Special K),Grains & Bakery,Balanced Moderate,1,18.7,77.1,4.2,1.4,12.69
Cereal (Kellogg's Special K Blueberry),Fruits,High-Fiber / Plant-based,4,7.1,89.4,3.5,8.6,26.7
Cereal (Kellogg's Special K Chocolatey Delight),Grains & Bakery,High-Fiber / Plant-based,4,6.2,78.0,15.8,10.6,29.9
Cereal (Kellogg's Special K Red Berries),Grains & Bakery,High-Fiber / Plant-based,4,6.5,90.4,3.0,8.5,29.7
Cereal (Kellogg's Special K Fruit & Yogurt),Dairy & Eggs,High-Fiber / Plant-based,4,7.2,86.2,6.6,8.1,32.1
Cereal (Kellogg's Special K Vanilla Almond),Grains & Bakery,High-Fiber / Plant-based,4,7.8,83.2,9.0,9.6,29.2
Cereal (Kellogg's Special K Cinnamon Pecan),Grains & Bakery,High-Fiber / Plant-based,4,7.3,79.5,13.2,10.3,24.0
Cereal (Kellogg's Corn Pops),Grains & Bakery,High-Fiber / Plant-based,4,4.9,92.1,3.0,8.4,31.3
"Cereal, frosted corn flakes",Grains & Bakery,High-Fat / Oils,3,4.4,93.6,2.0,1.2,39.27
Cereal (Kellogg's Frosted Flakes),Grains & Bakery,High-Fat / Oils,3,4.1,92.0,3.9,2.2,35.43
Cereal (Post Golden Crisp),Grains & Bakery,High-Fat / Oils,3,5.5,90.6,3.8,5.0,53.6
"Cereal, toasted oat",Grains & Bakery,High-Fiber / Plant-based,4,10.8,76.9,12.2,10.7,3.57
Cereal (General Mills Trix),Grains & Bakery,High-Fat / Oils,3,4.9,86.5,8.6,3.9,32.0
Cereal (Uncle Sam),Grains & Bakery,High-Fiber / Plant-based,4,14.8,61.0,24.2,20.3,1.56
Cereal (General Mills Chex Wheat),Grains & Bakery,High-Fiber / Plant-based,4,10.2,85.6,4.2,12.2,10.3
"Wheat germ, plain",Grains & Bakery,High-Fiber / Plant-based,4,28.3,48.3,23.4,15.1,7.8
"Cereal, puffed wheat, plain",Grains & Bakery,High-Fiber / Plant-based,4,16.7,78.4,5.0,9.4,1.37
"Cereal, puffed wheat, sweetened",Grains & Bakery,High-Fat / Oils,3,5.7,89.3,5.0,5.0,56.2
Cereal (Post Shredded Wheat),Grains & Bakery,High-Fiber / Plant-based,4,12.0,83.2,4.8,12.4,0.92
Cereal (General Mills Wheaties),Grains & Bakery,High-Fiber / Plant-based,4,8.6,86.1,5.3,10.1,15.2
"Wheat bran, unprocessed",Grains & Bakery,High-Fiber / Plant-based,4,17.4,72.0,10.7,42.8,0.41
"Oats, raw",Grains & Bakery,High-Fiber / Plant-based,4,13.8,70.9,15.4,10.1,0.99
"Oat bran, uncooked",Grains & Bakery,High-Fiber / Plant-based,4,17.4,66.7,15.9,15.4,1.45
"Barley cereal, baby food, dry, instant",Infant Nutrition,High-Fiber / Plant-based,4,13.5,71.2,15.2,6.6,13.2
"Mixed cereal, baby food, dry, instant",Infant Nutrition,High-Fat / Oils,3,6.7,78.3,15.0,6.7,26.66
"Oatmeal cereal, baby food, dry, instant",Infant Nutrition,High-Fiber / Plant-based,4,11.1,74.4,14.5,7.3,11.67
"Rice cereal, baby food, dry, instant",Infant Nutrition,Balanced Moderate,1,7.0,87.8,5.2,1.3,4.85
"Rice cereal with apples, baby food, dry, instant",Infant Nutrition,Balanced Moderate,1,6.8,87.8,5.5,3.0,3.22
"Rice cereal with mixed fruits, baby food, dry, instant",Infant Nutrition,Balanced Moderate,1,6.8,91.1,2.1,2.6,1.35
"Rice cereal with bananas, baby food, dry, instant",Infant Nutrition,Balanced Moderate,1,8.9,81.5,9.6,1.0,16.7
"Brown rice cereal, baby food, dry, instant",Infant Nutrition,Balanced Moderate,1,8.6,84.8,6.7,6.5,0.72
"Mixed cereal with bananas, baby food, dry, instant",Infant Nutrition,High-Fiber / Plant-based,4,10.9,78.6,10.5,7.8,6.68
"Multigrain, whole grain cereal, baby food, dry, instant",Infant Nutrition,High-Fat / Oils,3,6.6,78.7,14.8,6.7,26.67
"Oatmeal cereal with bananas, baby food, dry, instant",Infant Nutrition,High-Fat / Oils,3,6.7,78.3,15.0,5.2,26.66
"Oatmeal cereal with fruit, baby food, dry, instant, toddler",Infant Nutrition,High-Fiber / Plant-based,4,10.5,73.8,15.8,7.8,11.09
"Whole wheat cereal with apples, baby food, dry, instant",Infant Nutrition,High-Fat / Oils,3,6.6,82.7,10.7,6.7,26.66
"Cereal, baby food, jarred, NFS",Infant Nutrition,Balanced Moderate,1,4.8,84.5,10.7,0.9,8.85
"Rice cereal, baby food, jarred, NFS",Infant Nutrition,Balanced Moderate,1,6.2,89.1,4.7,1.0,2.24
"Mixed cereal with applesauce and bananas, baby food, jarred",Infant Nutrition,Balanced Moderate,1,3.5,90.9,5.6,1.0,11.1
"Oatmeal with applesauce and bananas, baby food, jarred",Infant Nutrition,Balanced Moderate,1,4.8,84.5,10.7,0.9,8.85
"Rice cereal with applesauce and bananas, baby food, jarred",Infant Nutrition,Balanced Moderate,1,6.2,89.1,4.7,1.0,2.24
"Rice cereal with mixed fruit, baby food, jarred",Infant Nutrition,Balanced Moderate,1,6.2,89.1,4.7,1.0,2.24
"Gerber Graduates Finger Snacks Cereal, baby food",Infant Nutrition,High-Fat / Oils,3,6.1,72.8,21.1,2.3,28.0
"Burrito, taco, or quesadilla with egg",Dairy & Eggs,Low-Calorie / Beverages,5,18.2,33.1,48.7,1.4,1.88
"Burrito, taco, or quesadilla with egg and potato",Dairy & Eggs,Low-Calorie / Beverages,5,15.5,34.6,49.9,1.6,1.67
"Burrito, taco, or quesadilla with egg and breakfast meat",Dairy & Eggs,High-Carb / Sugary,0,19.0,27.5,53.5,1.2,1.77
"Burrito, taco, or quesadilla with egg and breakfast meat, from fast food",Dairy & Eggs,Low-Calorie / Beverages,5,16.0,33.2,50.8,1.2,2.57
"Burrito, taco, or quesadilla with egg, potato, and breakfast meat",Dairy & Eggs,Low-Calorie / Beverages,5,16.6,29.7,53.7,1.4,1.6
"Burrito, taco, or quesadilla with egg, potato, and breakfast meat, from fast food",Dairy & Eggs,Low-Calorie / Beverages,5,18.5,29.4,52.1,1.3,2.18
"Burrito, taco, or quesadilla with egg, beans, and breakfast meat",Dairy & Eggs,Low-Calorie / Beverages,5,19.2,29.9,50.9,1.7,1.55
Burrito with meat,Fast Food & Prepared,High-Carb / Sugary,0,21.7,24.1,54.3,1.2,1.69
Burrito with meat and beans,Fast Food & Prepared,Low-Calorie / Beverages,5,20.5,31.2,48.2,2.0,1.68
"Burrito with meat and beans, from fast food",Fast Food & Prepared,Low-Calorie / Beverages,5,15.4,51.1,33.5,3.7,2.1
Burrito with meat and sour cream,Dairy & Eggs,High-Carb / Sugary,0,19.6,22.2,58.2,1.1,1.94
"Burrito with meat, beans, and sour cream",Dairy & Eggs,Low-Calorie / Beverages,5,18.4,28.4,53.2,1.7,1.92
"Burrito with meat, beans, and sour cream, from fast food",Dairy & Eggs,Low-Calorie / Beverages,5,16.1,50.5,33.4,3.6,1.7
"Burrito with meat, beans, and rice",Grains & Bakery,Low-Calorie / Beverages,5,20.0,33.6,46.4,1.9,1.57
"Burrito with meat, beans, rice, and sour cream",Dairy & Eggs,Low-Calorie / Beverages,5,18.1,30.5,51.4,1.6,1.81
Burrito with chicken,Meat & Poultry,Low-Calorie / Beverages,5,27.9,27.4,44.7,1.3,1.81
Burrito with chicken and beans,Meat & Poultry,Low-Calorie / Beverages,5,23.5,33.6,42.9,2.1,1.73
Burrito with chicken and sour cream,Dairy & Eggs,High-Carb / Sugary,0,24.6,24.8,50.6,1.1,2.08
"Burrito with chicken, beans, and sour cream",Dairy & Eggs,Low-Calorie / Beverages,5,20.8,30.1,49.0,1.8,1.98
"Burrito with chicken, beans, and rice",Meat & Poultry,Low-Calorie / Beverages,5,22.8,36.0,41.2,2.0,1.61
"Burrito with chicken, beans, rice, and sour cream",Dairy & Eggs,Low-Calorie / Beverages,5,20.4,32.3,47.3,1.7,1.86
"Burrito with beans and rice, meatless",Plant-based Alternatives,Low-Calorie / Beverages,5,18.7,41.8,39.6,2.6,1.56
"Burrito with beans, meatless",Plant-based Alternatives,Low-Calorie / Beverages,5,19.1,39.6,41.2,2.7,1.66
"Burrito with beans, meatless, from fast food",Plant-based Alternatives,Low-Calorie / Beverages,5,14.1,59.8,26.1,4.2,1.73
"Burrito with beans, rice, and sour cream, meatless",Plant-based Alternatives,Low-Calorie / Beverages,5,16.8,37.3,45.8,2.2,1.8
"Chilaquiles, tortilla casserole with salsa, cheese, and egg",Dairy & Eggs,Low-Calorie / Beverages,5,12.0,33.6,54.4,2.9,2.42
"Chilaquiles, tortilla casserole with salsa and cheese, no egg",Dairy & Eggs,Low-Calorie / Beverages,5,10.3,37.8,51.9,3.5,2.78
"Enchilada, no sauce",Condiments & Sauces,Low-Calorie / Beverages,5,25.4,29.4,45.2,2.4,2.05
"Enchilada with meat and beans, red-chile or enchilada sauce",Condiments & Sauces,Low-Calorie / Beverages,5,20.6,38.1,41.3,2.8,1.99
"Enchilada with meat and beans, green-chile or enchilada sauce",Condiments & Sauces,Low-Calorie / Beverages,5,18.4,36.3,45.2,2.6,1.98
"Enchilada with meat, red-chile or enchilada sauce",Condiments & Sauces,Low-Calorie / Beverages,5,25.4,29.4,45.2,2.4,2.05
"Enchilada with meat, green-chile or enchilada sauce",Condiments & Sauces,Low-Calorie / Beverages,5,22.9,28.5,48.6,2.1,2.04
"Enchilada with chicken and beans, red-chile or enchilada sauce",Meat & Poultry,Low-Calorie / Beverages,5,20.6,40.3,39.1,2.8,1.99
"Enchilada with chicken and beans, green-chile or enchilada sauce",Meat & Poultry,Low-Calorie / Beverages,5,18.4,38.2,43.4,2.6,1.98
"Enchilada with chicken, red-chile or enchilada sauce",Meat & Poultry,Low-Calorie / Beverages,5,26.0,32.8,41.2,2.4,2.05
"Enchilada with chicken, green-chile or enchilada sauce",Meat & Poultry,Low-Calorie / Beverages,5,23.2,31.4,45.3,2.1,2.04
"Enchilada with beans, meatless, red-chile or enchilada sauce",Plant-based Alternatives,Low-Calorie / Beverages,5,15.3,47.6,37.1,3.2,1.94
"Enchilada with beans, green-chile or enchilada sauce",Condiments & Sauces,Low-Calorie / Beverages,5,13.6,44.9,41.5,3.1,1.92
"Enchilada, just cheese, meatless, no beans, red-chile or enchilada sauce",Plant-based Alternatives,Low-Calorie / Beverages,5,17.6,26.9,55.5,2.4,2.18
"Enchilada, just cheese, meatless, no beans, green-chile or enchilada sauce",Plant-based Alternatives,High-Carb / Sugary,0,15.9,26.3,57.7,2.2,2.17
Taco or tostada with meat,Fast Food & Prepared,Low-Calorie / Beverages,5,16.8,30.9,52.2,2.7,2.27
"Taco or tostada with meat, from fast food",Fast Food & Prepared,Low-Calorie / Beverages,5,15.5,34.7,49.9,3.9,0.9
Taco or tostada with meat and sour cream,Dairy & Eggs,Low-Calorie / Beverages,5,15.4,28.2,56.4,2.3,2.48
Soft taco with meat,Fast Food & Prepared,Low-Calorie / Beverages,5,19.3,36.8,43.9,2.1,2.96
"Soft taco with meat, from fast food",Fast Food & Prepared,Low-Calorie / Beverages,5,18.0,39.3,42.7,2.9,1.57
Soft taco with meat and sour cream,Dairy & Eggs,Low-Calorie / Beverages,5,17.5,33.4,49.1,1.9,3.06
"Soft taco with meat and sour cream, from fast food",Dairy & Eggs,Low-Calorie / Beverages,5,17.5,38.2,44.3,2.6,1.45
Soft taco with chicken,Meat & Poultry,Low-Calorie / Beverages,5,22.5,38.2,39.2,2.0,2.32
"Soft taco with chicken, from fast food",Meat & Poultry,Low-Calorie / Beverages,5,28.1,41.6,30.2,1.2,1.3
Soft taco with chicken and sour cream,Dairy & Eggs,Low-Calorie / Beverages,5,20.1,34.3,45.6,1.7,2.48
Taco or tostada with chicken,Meat & Poultry,Low-Calorie / Beverages,5,19.8,31.7,48.6,2.6,1.45
Taco or tostada with chicken and sour cream,Dairy & Eggs,Low-Calorie / Beverages,5,17.7,28.6,53.7,2.2,1.78
Taco or tostada with fish,Seafood,Low-Calorie / Beverages,5,17.5,35.4,47.1,2.6,1.47
Soft taco with fish,Seafood,Low-Calorie / Beverages,5,20.6,42.7,36.7,2.0,2.33
Soft taco with beans,Fast Food & Prepared,Low-Calorie / Beverages,5,16.1,54.5,29.4,3.1,1.83
Soft taco with beans and sour cream,Dairy & Eggs,Low-Calorie / Beverages,5,14.6,48.4,37.0,2.8,2.0
Soft taco with meat and beans,Fast Food & Prepared,Low-Calorie / Beverages,5,17.8,45.2,37.0,2.7,2.34
Soft taco with chicken and beans,Meat & Poultry,Low-Calorie / Beverages,5,19.3,46.5,34.3,2.6,2.03
"Soft taco with meat, beans, and sour cream",Dairy & Eggs,Low-Calorie / Beverages,5,16.1,40.6,43.3,2.4,2.48
"Soft taco with chicken, beans, and sour cream",Dairy & Eggs,Low-Calorie / Beverages,5,17.3,41.4,41.3,2.3,2.2
Taco or tostada with beans,Fast Food & Prepared,Low-Calorie / Beverages,5,13.3,48.2,38.4,3.7,1.21
Taco or tostada with beans and sour cream,Dairy & Eggs,Low-Calorie / Beverages,5,12.2,43.0,44.9,3.2,1.47
Taco or tostada with meat and beans,Fast Food & Prepared,Low-Calorie / Beverages,5,15.2,39.2,45.7,3.2,1.68
"Taco or tostada with meat and beans, from fast food",Fast Food & Prepared,Low-Calorie / Beverages,5,15.7,35.6,48.7,3.9,0.87
Taco or tostada with chicken and beans,Meat & Poultry,Low-Calorie / Beverages,5,16.5,40.0,43.4,3.2,1.31
"Taco or tostada with meat, beans, and sour cream",Dairy & Eggs,Low-Calorie / Beverages,5,13.8,35.3,50.9,2.8,1.92
"Taco or tostada with chicken, beans, and sour cream",Dairy & Eggs,Low-Calorie / Beverages,5,14.9,35.8,49.2,2.8,1.6
Ground beef with tomato sauce and taco seasonings on a cornbread crust,Meat & Poultry,Low-Calorie / Beverages,5,19.8,42.4,37.8,2.6,7.02
"Mexican casserole made with ground beef, beans, tomato sauce, cheese, taco seasonings, and corn chips",Dairy & Eggs,Low-Calorie / Beverages,5,22.4,29.4,48.1,3.1,1.13
"Mexican casserole made with ground beef, tomato sauce, cheese, taco seasonings, and corn chips",Dairy & Eggs,High-Carb / Sugary,0,21.6,21.5,56.9,1.6,1.41
Taco or tostada salad with meat,Fast Food & Prepared,Low-Calorie / Beverages,5,16.7,36.5,46.8,2.9,1.8
Taco or tostada salad with chicken,Meat & Poultry,Low-Calorie / Beverages,5,18.6,38.4,42.9,2.8,1.78
"Taco or tostada salad, meatless",Plant-based Alternatives,Low-Calorie / Beverages,5,12.9,46.7,40.3,3.7,1.84
Taco or tostada salad with meat and sour cream,Dairy & Eggs,Low-Calorie / Beverages,5,15.0,32.7,52.2,2.5,2.0
Taco or tostada salad with chicken and sour cream,Dairy & Eggs,Low-Calorie / Beverages,5,16.6,34.2,49.2,2.5,1.98
"Taco or tostada salad, meatless with sour cream",Plant-based Alternatives,Low-Calorie / Beverages,5,11.7,41.0,47.3,3.3,2.04
Tamale with meat,Other,High-Carb / Sugary,0,15.9,27.3,56.8,1.2,0.4
Tamale with chicken,Meat & Poultry,High-Carb / Sugary,0,15.9,27.3,56.8,1.2,0.4
"Tamale, meatless, with sauce, Puerto Rican or Caribbean style",Plant-based Alternatives,High-Carb / Sugary,0,1.4,8.5,90.1,1.4,2.58
"Tamale, plain, meatless, no sauce, Mexican style",Plant-based Alternatives,Low-Calorie / Beverages,5,7.5,57.5,35.0,3.2,7.42
Tamale casserole with meat,Fast Food & Prepared,Low-Calorie / Beverages,5,15.9,38.9,45.1,1.7,2.03
Nachos with cheese and sour cream,Dairy & Eggs,Low-Calorie / Beverages,5,14.7,38.0,47.2,3.9,1.66
Nachos with cheese,Dairy & Eggs,Low-Calorie / Beverages,5,4.9,39.8,55.2,3.2,2.17
Nachos with meat and cheese,Dairy & Eggs,Low-Calorie / Beverages,5,22.7,29.9,47.3,3.3,1.05
Nachos with chicken and cheese,Dairy & Eggs,Low-Calorie / Beverages,5,26.6,32.6,40.9,3.2,1.02
Nachos with chili,Fast Food & Prepared,Low-Calorie / Beverages,5,15.6,35.3,49.1,3.0,1.16
"Nachos with meat, cheese, and sour cream",Dairy & Eggs,Low-Calorie / Beverages,5,11.1,37.4,51.5,3.4,1.5
"Nachos with chicken, cheese, and sour cream",Dairy & Eggs,Low-Calorie / Beverages,5,24.7,30.5,44.8,2.9,1.24
"Gordita, sope, or chalupa with beans",Other,Low-Calorie / Beverages,5,12.8,50.3,36.9,3.4,1.66
"Gordita, sope, or chalupa with beans and sour cream",Dairy & Eggs,Low-Calorie / Beverages,5,12.0,46.2,41.7,3.1,1.82
"Gordita, sope, or chalupa with meat and sour cream",Dairy & Eggs,Low-Calorie / Beverages,5,14.4,35.1,50.5,2.5,2.7
"Gordita, sope, or chalupa with meat",Other,Low-Calorie / Beverages,5,15.4,37.8,46.8,2.7,2.58
"Gordita, sope, or chalupa with chicken and sour cream",Dairy & Eggs,Low-Calorie / Beverages,5,16.0,35.9,48.0,2.3,2.15
"Gordita, sope, or chalupa with chicken",Meat & Poultry,Low-Calorie / Beverages,5,17.3,38.9,43.9,2.6,1.98
Chimichanga with meat,Other,Low-Calorie / Beverages,5,14.3,43.4,42.3,2.9,2.64
"Chimichanga, meatless",Plant-based Alternatives,Low-Calorie / Beverages,5,13.1,49.6,37.3,3.1,2.03
Chimichanga with chicken,Meat & Poultry,Low-Calorie / Beverages,5,15.2,44.2,40.6,3.0,2.48
Chimichanga with meat and sour cream,Dairy & Eggs,Low-Calorie / Beverages,5,12.7,38.4,48.9,2.3,3.34
"Chimichanga, meatless, with sour cream",Plant-based Alternatives,Low-Calorie / Beverages,5,12.3,45.8,41.9,2.8,2.16
Chimichanga with chicken and sour cream,Dairy & Eggs,Low-Calorie / Beverages,5,14.2,40.8,44.9,2.7,2.62
"Quesadilla, just cheese, meatless",Plant-based Alternatives,Low-Calorie / Beverages,5,14.9,37.9,47.3,2.3,2.56
"Quesadilla, just cheese, from fast food",Dairy & Eggs,Low-Calorie / Beverages,5,15.5,34.4,50.1,2.1,2.4
Quesadilla with meat,Fast Food & Prepared,Low-Calorie / Beverages,5,17.8,35.7,46.5,2.0,2.29
Quesadilla with chicken,Meat & Poultry,Low-Calorie / Beverages,5,17.6,35.8,46.6,2.0,2.28
"Quesadilla with chicken, from fast food",Meat & Poultry,Low-Calorie / Beverages,5,20.5,32.8,46.7,1.7,1.88
Quesadilla with vegetables,Fast Food & Prepared,Low-Calorie / Beverages,5,14.9,38.3,46.8,2.2,2.67
Quesadilla with vegetables and meat,Fast Food & Prepared,Low-Calorie / Beverages,5,16.4,36.9,46.7,2.1,2.48
Quesadilla with vegetables and chicken,Meat & Poultry,Low-Calorie / Beverages,5,16.3,37.0,46.7,2.1,2.48
Taquito or flauta with cheese,Dairy & Eggs,Low-Calorie / Beverages,5,15.2,47.8,37.0,4.6,0.73
Taquito or flauta with meat,Other,Low-Calorie / Beverages,5,13.1,46.7,40.2,2.8,1.66
Taquito or flauta with meat and cheese,Dairy & Eggs,Low-Calorie / Beverages,5,13.1,46.7,40.2,2.8,1.66
Taquito or flauta with chicken,Meat & Poultry,Low-Calorie / Beverages,5,13.0,47.3,39.7,2.9,1.3
Taquito or flauta with chicken and cheese,Dairy & Eggs,Low-Calorie / Beverages,5,13.0,47.3,39.7,2.9,1.3
Taquito or flauta with egg,Dairy & Eggs,Low-Calorie / Beverages,5,16.0,40.7,43.3,2.0,2.33
Taquito or flauta with egg and breakfast meat,Dairy & Eggs,Low-Calorie / Beverages,5,17.2,37.1,45.7,1.8,2.2
Fajita with chicken and vegetables,Meat & Poultry,Low-Calorie / Beverages,5,23.8,36.2,40.0,1.5,2.76
Fajita with meat and vegetables,Other,Low-Calorie / Beverages,5,25.2,35.9,38.9,1.5,2.76
Fajita with vegetables,Other,Low-Calorie / Beverages,5,13.3,38.7,47.9,1.8,3.43
"Pupusa, cheese-filled",Dairy & Eggs,Low-Calorie / Beverages,5,18.3,35.0,46.6,2.9,1.2
"Pupusa, bean-filled","Legumes, Nuts & Seeds",Balanced Moderate,1,13.0,66.8,20.2,3.0,0.74
"Pupusa, meat-filled",Other,Low-Calorie / Beverages,5,19.8,39.7,40.5,2.6,1.45
"Pizza, cheese, from frozen, thin crust",Dairy & Eggs,Low-Calorie / Beverages,5,18.2,43.9,38.0,3.0,3.71
"Pizza, cheese, from frozen, thick crust",Dairy & Eggs,Low-Calorie / Beverages,5,19.0,50.6,30.4,2.5,5.09
"Pizza, cheese, from restaurant or fast food, NS as to type of crust",Dairy & Eggs,Low-Calorie / Beverages,5,17.1,50.1,32.8,2.3,3.58
"Pizza, cheese, from restaurant or fast food, thin crust",Dairy & Eggs,Low-Calorie / Beverages,5,17.0,41.4,41.6,2.5,3.61
"Pizza, cheese, from restaurant or fast food, medium crust",Dairy & Eggs,Low-Calorie / Beverages,5,17.1,50.1,32.8,2.3,3.58
"Pizza, cheese, from restaurant or fast food, thick crust",Dairy & Eggs,Low-Calorie / Beverages,5,16.0,49.0,35.0,2.2,3.34
"Pizza, cheese, stuffed crust",Dairy & Eggs,Low-Calorie / Beverages,5,17.9,43.9,38.3,1.7,2.9
"Pizza, cheese, from school lunch, medium crust",Dairy & Eggs,Low-Calorie / Beverages,5,21.8,47.4,30.8,3.4,6.07
"Pizza, cheese, from school lunch, thin crust",Dairy & Eggs,Low-Calorie / Beverages,5,20.6,50.6,28.8,4.0,7.12
"Pizza, cheese, from school lunch, thick crust",Dairy & Eggs,Low-Calorie / Beverages,5,23.0,44.2,32.8,2.9,5.02
"Pizza, extra cheese, thin crust",Dairy & Eggs,Low-Calorie / Beverages,5,17.9,39.4,42.7,2.4,3.51
"Pizza, extra cheese, thick crust",Dairy & Eggs,Low-Calorie / Beverages,5,16.8,46.8,36.4,2.1,3.27
"Pizza, cheese, with vegetables, from frozen, thin crust",Dairy & Eggs,Low-Calorie / Beverages,5,15.4,44.1,40.5,2.1,3.62
"Pizza, cheese with vegetables, from frozen, thick crust",Dairy & Eggs,Low-Calorie / Beverages,5,18.9,51.0,30.1,2.4,5.02
"Pizza, cheese, with vegetables, from restaurant or fast food, thin crust",Dairy & Eggs,Low-Calorie / Beverages,5,16.9,42.3,40.8,2.3,3.66
"Pizza, cheese, with vegetables, from restaurant or fast food, medium crust",Dairy & Eggs,Low-Calorie / Beverages,5,17.0,50.7,32.3,2.2,3.62
"Pizza, cheese, with vegetables, from restaurant or fast food, thick crust",Dairy & Eggs,Low-Calorie / Beverages,5,15.9,49.6,34.5,2.1,3.41
"Pizza with cheese and extra vegetables, thin crust",Dairy & Eggs,Low-Calorie / Beverages,5,16.5,41.8,41.8,2.2,3.32
"Pizza with cheese and extra vegetables, medium crust",Dairy & Eggs,Low-Calorie / Beverages,5,16.6,49.9,33.5,2.1,3.36
"Pizza with cheese and extra vegetables, thick crust",Dairy & Eggs,Low-Calorie / Beverages,5,15.7,48.9,35.4,2.1,3.23
"Pizza, cheese, with fruit, thin crust",Dairy & Eggs,Low-Calorie / Beverages,5,16.6,43.3,40.1,2.3,4.69
"Pizza, cheese, with fruit, medium crust",Dairy & Eggs,Low-Calorie / Beverages,5,16.7,51.4,31.8,2.2,4.4
"Pizza, cheese, with fruit, thick crust",Dairy & Eggs,Low-Calorie / Beverages,5,15.6,50.2,34.1,2.1,4.12
"Pizza with pepperoni, from frozen, thin crust",Meat & Poultry,Low-Calorie / Beverages,5,17.9,40.3,41.8,2.9,3.54
"Pizza with pepperoni, from frozen, medium crust",Meat & Poultry,Low-Calorie / Beverages,5,18.4,43.8,37.8,2.6,4.23
"Pizza with pepperoni, from frozen, thick crust",Meat & Poultry,Low-Calorie / Beverages,5,18.8,47.5,33.7,2.4,4.92
"Pizza with pepperoni, from restaurant or fast food, NS as to type of crust",Meat & Poultry,Low-Calorie / Beverages,5,16.6,45.4,38.0,2.3,3.26
"Pizza with pepperoni, from restaurant or fast food, thin crust",Meat & Poultry,Low-Calorie / Beverages,5,17.0,35.1,48.0,2.3,3.22
"Pizza with pepperoni, from restaurant or fast food,  medium crust",Meat & Poultry,Low-Calorie / Beverages,5,16.6,45.4,38.0,2.3,3.26
"Pizza with pepperoni, from restaurant or fast food, thick crust",Meat & Poultry,Low-Calorie / Beverages,5,16.0,44.4,39.5,2.2,2.93
"Pizza with pepperoni, stuffed crust",Meat & Poultry,Low-Calorie / Beverages,5,17.5,36.8,45.7,1.5,2.62
"Pizza with pepperoni, from school lunch, thin crust",Meat & Poultry,Low-Calorie / Beverages,5,20.2,49.3,30.6,4.3,7.62
"Pizza, with pepperoni, from school lunch, medium crust",Meat & Poultry,Low-Calorie / Beverages,5,21.2,46.5,32.4,4.3,5.82
"Pizza with pepperoni, from school lunch, thick crust",Meat & Poultry,Low-Calorie / Beverages,5,22.2,43.7,34.1,4.3,4.03
"Pizza with meat other than pepperoni, from frozen, thin crust",Meat & Poultry,Low-Calorie / Beverages,5,18.5,40.5,40.9,2.8,3.56
"Pizza with meat other than pepperoni, from frozen, medium crust",Meat & Poultry,Low-Calorie / Beverages,5,18.9,44.1,37.0,2.6,4.23
"Pizza with meat other than pepperoni, from frozen, thick crust",Meat & Poultry,Low-Calorie / Beverages,5,19.3,47.7,33.0,2.4,4.91
"Pizza with meat other than pepperoni, from restaurant or fast food, NS as to type of crust",Meat & Poultry,Low-Calorie / Beverages,5,16.5,43.8,39.7,2.3,3.32
"Pizza with meat other than pepperoni, from restaurant or fast food, thin crust",Meat & Poultry,Low-Calorie / Beverages,5,16.7,33.7,49.7,2.5,3.02
"Pizza with meat other than pepperoni, from restaurant or fast food, medium crust",Meat & Poultry,Low-Calorie / Beverages,5,16.5,43.8,39.7,2.3,3.32
"Pizza with meat other than pepperoni, from restaurant or fast food, thick crust",Meat & Poultry,Low-Calorie / Beverages,5,15.7,43.0,41.3,2.3,2.82
"Pizza, with meat other than pepperoni, stuffed crust",Meat & Poultry,Low-Calorie / Beverages,5,18.4,39.3,42.3,1.5,2.76
"Pizza, with meat other than pepperoni, from school lunch, medium crust",Meat & Poultry,Low-Calorie / Beverages,5,20.4,49.6,30.0,4.0,5.62
"Pizza, with meat other than pepperoni, from school lunch, thin crust",Meat & Poultry,Low-Calorie / Beverages,5,20.2,51.6,28.2,3.9,7.53
"Pizza, with meat other than pepperoni, from school lunch, thick crust",Meat & Poultry,Low-Calorie / Beverages,5,20.6,47.6,31.8,4.0,3.72
"Pizza with extra meat, thin crust",Fast Food & Prepared,Low-Calorie / Beverages,5,20.9,30.1,49.0,1.8,2.7
"Pizza with extra meat, medium crust",Fast Food & Prepared,Low-Calorie / Beverages,5,20.3,38.9,40.8,1.8,2.92
"Pizza with extra meat, thick crust",Fast Food & Prepared,Low-Calorie / Beverages,5,19.2,38.5,42.3,1.8,2.74
"Pizza with meat and vegetables, from frozen, thin crust",Fast Food & Prepared,Low-Calorie / Beverages,5,16.4,36.5,47.1,2.2,4.85
"Pizza with meat and vegetables, from frozen, medium crust",Fast Food & Prepared,Low-Calorie / Beverages,5,16.4,36.5,47.1,2.2,4.85
"Pizza with meat and vegetables, from frozen, thick crust",Fast Food & Prepared,Low-Calorie / Beverages,5,18.6,42.4,39.0,2.3,7.26
"Pizza with meat and vegetables, from restaurant or fast food, thin crust",Fast Food & Prepared,Low-Calorie / Beverages,5,18.8,37.2,44.0,2.1,3.31
"Pizza with meat and vegetables, from restaurant or fast food, medium crust",Fast Food & Prepared,Low-Calorie / Beverages,5,18.1,41.7,40.3,2.2,3.73
"Pizza with meat and vegetables, from restaurant or fast food, thick crust",Fast Food & Prepared,Low-Calorie / Beverages,5,16.9,46.5,36.6,2.0,3.23
"Pizza with extra meat and extra vegetables, thin crust",Fast Food & Prepared,Low-Calorie / Beverages,5,20.2,36.0,43.8,2.0,2.96
"Pizza with extra meat and extra vegetables, thick crust",Fast Food & Prepared,Low-Calorie / Beverages,5,18.4,44.1,37.5,1.9,2.94
"Pizza with extra meat and extra vegetables, medium crust",Fast Food & Prepared,Low-Calorie / Beverages,5,19.6,44.5,35.9,2.0,3.09
"Pizza with meat and fruit, thin crust",Fruits,Low-Calorie / Beverages,5,19.0,40.0,41.0,2.0,3.94
"Pizza with meat and fruit, medium crust",Fruits,Low-Calorie / Beverages,5,18.8,48.1,33.1,2.0,3.85
"Pizza with meat and fruit, thick crust",Fruits,Low-Calorie / Beverages,5,17.3,47.6,35.1,2.0,3.6
"Pizza with beans and vegetables, thin crust",Fast Food & Prepared,Low-Calorie / Beverages,5,18.0,44.6,37.4,3.3,2.99
"Pizza with beans and vegetables, thick crust",Fast Food & Prepared,Low-Calorie / Beverages,5,16.7,50.7,32.6,2.8,2.97
"Pizza, no cheese, thin crust",Dairy & Eggs,Low-Calorie / Beverages,5,10.7,44.8,44.5,1.8,5.03
"Pizza, no cheese, thick crust",Dairy & Eggs,Low-Calorie / Beverages,5,10.2,52.3,37.5,1.9,5.47
"White pizza, cheese, thin crust",Dairy & Eggs,Low-Calorie / Beverages,5,17.5,39.0,43.5,1.1,2.97
"White pizza, cheese, thick crust",Dairy & Eggs,Low-Calorie / Beverages,5,17.0,46.0,37.0,1.3,3.32
"White pizza, cheese, with vegetables, thin crust",Dairy & Eggs,Low-Calorie / Beverages,5,16.9,39.3,43.8,1.2,2.9
"White pizza, cheese, with vegetables, thick crust",Dairy & Eggs,Low-Calorie / Beverages,5,16.5,45.9,37.6,1.3,3.21
"White pizza, cheese, with meat, thin crust",Dairy & Eggs,Low-Calorie / Beverages,5,18.0,30.2,51.8,0.9,2.59
"White pizza, cheese, with meat, thick crust",Dairy & Eggs,Low-Calorie / Beverages,5,17.5,37.1,45.4,1.1,2.95
"White pizza, cheese, with meat and vegetables, thin crust",Dairy & Eggs,Low-Calorie / Beverages,5,17.8,31.2,51.0,1.0,2.75
"White pizza, cheese, with meat and vegetables, thick crust",Dairy & Eggs,Low-Calorie / Beverages,5,17.4,37.8,44.8,1.1,3.06
"Calzone, with cheese, meatless",Plant-based Alternatives,Low-Calorie / Beverages,5,18.0,30.1,51.9,1.3,0.37
"Calzone, with meat and cheese",Dairy & Eggs,Low-Calorie / Beverages,5,17.2,36.4,46.3,1.4,0.6
Pizza rolls,Fast Food & Prepared,Low-Calorie / Beverages,5,10.7,61.9,27.4,1.3,3.94
"Pizza, cheese, whole wheat thin crust",Dairy & Eggs,Low-Calorie / Beverages,5,17.2,41.9,40.8,3.5,3.59
"Pizza, cheese, whole wheat thick crust",Dairy & Eggs,Low-Calorie / Beverages,5,16.8,48.6,34.5,3.9,3.75
"Pizza, with meat, whole wheat thin crust",Grains & Bakery,Low-Calorie / Beverages,5,17.8,32.1,50.1,2.9,3.09
"Pizza, with meat, whole wheat thick crust",Grains & Bakery,Low-Calorie / Beverages,5,17.4,39.0,43.6,3.3,3.31
"Pizza, cheese and vegetables, whole wheat thin crust",Dairy & Eggs,Low-Calorie / Beverages,5,16.6,42.1,41.3,3.1,3.4
"Pizza, cheese and vegetables, whole wheat thick crust",Dairy & Eggs,Low-Calorie / Beverages,5,16.3,48.5,35.2,3.5,3.56
"Pizza, cheese, gluten-free thin crust",Dairy & Eggs,Low-Calorie / Beverages,5,13.2,40.3,46.5,2.5,3.2
"Pizza, cheese, gluten-free thick crust",Dairy & Eggs,Low-Calorie / Beverages,5,12.0,46.9,41.1,2.9,3.27
"Pizza, with meat, gluten-free thin crust",Fast Food & Prepared,Low-Calorie / Beverages,5,14.8,30.6,54.6,2.1,2.78
"Pizza, with meat, gluten-free thick crust",Fast Food & Prepared,Low-Calorie / Beverages,5,13.6,37.4,49.1,2.5,2.91
"Pizza, cheese and vegetables, gluten-free thin crust",Dairy & Eggs,Low-Calorie / Beverages,5,12.8,40.5,46.7,2.3,3.09
"Pizza, cheese and vegetables, gluten-free thick crust",Dairy & Eggs,Low-Calorie / Beverages,5,11.7,46.8,41.5,2.7,3.17
Breakfast pizza with egg,Dairy & Eggs,Low-Calorie / Beverages,5,19.5,35.5,45.0,1.1,2.88
"Egg roll, meatless",Plant-based Alternatives,Low-Calorie / Beverages,5,8.3,44.5,47.2,2.3,5.63
"Egg roll, with shrimp",Dairy & Eggs,Low-Calorie / Beverages,5,8.3,44.5,47.2,2.3,5.63
"Egg roll, with beef and/or pork",Dairy & Eggs,Low-Calorie / Beverages,5,13.5,40.1,46.4,2.0,5.03
"Egg roll, with chicken or turkey",Dairy & Eggs,Low-Calorie / Beverages,5,15.5,42.5,41.9,2.3,5.26
"Roll with meat and/or shrimp, vegetables and rice paper, not fried",Seafood,Balanced Moderate,1,19.4,59.9,20.7,2.1,3.91
"Wonton, fried, filled with meat, poultry, or seafood,",Meat & Poultry,Low-Calorie / Beverages,5,18.3,29.4,52.3,1.5,2.92
"Wonton, fried, meatless",Plant-based Alternatives,Low-Calorie / Beverages,5,18.3,29.4,52.3,1.5,2.92
"Wonton, fried, filled with meat, poultry, or seafood, and vegetable",Meat & Poultry,Low-Calorie / Beverages,5,18.3,29.4,52.3,1.5,2.92
"Puffs, fried, crab meat and cream cheese filled",Dairy & Eggs,Low-Calorie / Beverages,5,11.9,44.6,43.6,1.2,3.56
"Dumpling, steamed, filled with meat, poultry, or seafood",Meat & Poultry,Low-Calorie / Beverages,5,24.4,39.1,36.5,1.2,2.3
"Tamale casserole, Puerto Rican style",Fast Food & Prepared,High-Carb / Sugary,0,17.4,27.2,55.4,1.5,2.03
"Tamal in a leaf, Puerto Rican style",Other,Low-Calorie / Beverages,5,23.9,29.1,47.0,1.5,5.51
"Taco with crab meat, Puerto Rican style",Seafood,Low-Calorie / Beverages,5,22.1,30.3,47.6,1.2,1.17
"Meat turnover, Puerto Rican style",Other,Low-Calorie / Beverages,5,18.7,34.0,47.3,1.1,1.62
"Empanada, Mexican turnover, filled with cheese and vegetables",Dairy & Eggs,Low-Calorie / Beverages,5,10.7,43.1,46.2,1.6,5.53
"Empanada, Mexican turnover, filled with meat and vegetables",Fast Food & Prepared,Low-Calorie / Beverages,5,13.5,37.2,49.3,2.0,1.84
"Empanada, Mexican turnover, filled with chicken and vegetables",Meat & Poultry,Low-Calorie / Beverages,5,13.4,46.7,39.9,1.6,5.21
"Meat pie, Puerto Rican style",Sweets & Desserts,High-Carb / Sugary,0,13.6,22.0,64.4,1.1,0.52
"Cheese turnover, Puerto Rican style",Dairy & Eggs,Low-Calorie / Beverages,5,9.5,35.7,54.8,1.3,0.2
"Cornmeal fritter, Puerto Rican style",Grains & Bakery,Low-Calorie / Beverages,5,10.1,31.1,58.8,1.0,0.52
"Cornmeal stick, Puerto Rican style",Grains & Bakery,Low-Calorie / Beverages,5,6.8,47.2,46.0,2.4,1.03
"Kibby, Puerto Rican style",Other,Low-Calorie / Beverages,5,20.4,41.9,37.7,3.1,0.8
"Codfish fritter, Puerto Rican style",Other,Low-Calorie / Beverages,5,22.4,52.6,25.1,1.3,0.14
"Hayacas, Puerto Rican style",Other,High-Carb / Sugary,0,14.7,23.7,61.6,1.1,3.38
"Cornmeal coconut dessert, Puerto Rican style",Fruits,Low-Calorie / Beverages,5,3.7,36.1,60.3,2.3,16.3
"Crepe, filled with meat, poultry, or seafood, with sauce",Meat & Poultry,High-Carb / Sugary,0,29.9,17.9,52.2,0.3,1.62
"Crepe, filled with meat, poultry, or seafood, no sauce",Meat & Poultry,High-Carb / Sugary,0,27.7,22.3,50.0,0.8,2.05
"Dumpling, meat-filled",Other,High-Carb / Sugary,0,14.1,28.4,57.5,0.9,0.13
"Dumpling, potato- or cheese-filled",Dairy & Eggs,Low-Calorie / Beverages,5,10.8,60.8,28.4,0.9,1.75
"Dumpling, vegetable",Vegetables,Balanced Moderate,1,12.7,66.0,21.3,1.5,0.63
"Gnocchi, cheese",Dairy & Eggs,High-Carb / Sugary,0,19.1,20.9,60.1,0.2,0.16
"Gnocchi, potato",Vegetables,Low-Calorie / Beverages,5,7.1,51.2,41.6,1.0,0.95
"Kishke, stuffed derma",Other,High-Carb / Sugary,0,4.1,30.8,65.1,1.6,1.1
"Knish, potato",Vegetables,Low-Calorie / Beverages,5,8.7,38.8,52.5,1.5,0.62
"Knish, cheese",Dairy & Eggs,Low-Calorie / Beverages,5,11.9,36.6,51.5,1.1,1.02
"Knish, meat",Other,High-Carb / Sugary,0,15.1,29.6,55.3,1.1,0.74
"Sweet bread dough, filled with meat, steamed",Grains & Bakery,Low-Calorie / Beverages,5,16.3,58.8,24.8,1.2,5.86
"Sweet bread dough, filled with bean paste, meatless, steamed",Plant-based Alternatives,Balanced Moderate,1,9.8,80.8,9.4,3.4,22.28
"Pastry, cheese-filled",Dairy & Eggs,High-Carb / Sugary,0,12.2,22.0,65.8,0.4,1.72
"Pastry, egg and cheese filled",Dairy & Eggs,Low-Calorie / Beverages,5,9.5,50.6,39.9,1.6,6.12
"Pastry, meat / poultry-filled",Meat & Poultry,Low-Calorie / Beverages,5,13.4,36.3,50.3,1.1,4.59
Spanakopitta,Other,High-Carb / Sugary,0,14.3,20.1,65.6,1.3,0.4
"Pastry, filled with potatoes and peas, fried",Sweets & Desserts,Low-Calorie / Beverages,5,6.1,40.4,53.5,1.8,1.32
"Quiche with meat, poultry or fish",Seafood,High-Carb / Sugary,0,16.4,12.2,71.5,0.7,1.94
"Spinach quiche, meatless",Plant-based Alternatives,High-Carb / Sugary,0,14.0,15.5,70.5,1.2,1.91
"Cheese quiche, meatless",Plant-based Alternatives,High-Carb / Sugary,0,13.4,14.6,72.1,0.8,2.25
Turnover filled with ground beef and cabbage,Meat & Poultry,Low-Calorie / Beverages,5,17.5,50.8,31.6,1.8,1.06
"Turnover, meat-filled, no gravy",Condiments & Sauces,High-Carb / Sugary,0,14.0,28.4,57.6,1.0,0.12
"Turnover, meat-filled, with gravy",Condiments & Sauces,High-Carb / Sugary,0,15.1,29.0,55.9,0.7,0.16
"Turnover, meat- and cheese-filled, no gravy",Dairy & Eggs,Low-Calorie / Beverages,5,15.2,50.7,34.1,1.5,7.6
"Turnover, meat- and bean-filled, no gravy","Legumes, Nuts & Seeds",Low-Calorie / Beverages,5,14.5,30.1,55.4,1.6,0.14
"Turnover, meat- and cheese-filled, tomato-based sauce",Dairy & Eggs,Low-Calorie / Beverages,5,14.8,48.7,36.5,2.2,7.73
"Turnover, cheese-filled, tomato-based sauce",Dairy & Eggs,Low-Calorie / Beverages,5,17.4,46.4,36.2,1.8,9.05
"Turnover filled with meat and vegetable, no potatoes, no gravy",Vegetables,Low-Calorie / Beverages,5,14.1,30.2,55.8,1.3,0.93
"Turnover, meat-, potato-, and vegetable-filled, no gravy",Vegetables,Low-Calorie / Beverages,5,13.7,31.4,54.8,1.2,0.92
"Turnover, chicken- or turkey-, and cheese-filled, no gravy",Dairy & Eggs,Low-Calorie / Beverages,5,15.2,51.8,33.0,1.1,7.6
"Turnover, chicken- or turkey-, and vegetable-filled, lower in fat",Meat & Poultry,Low-Calorie / Beverages,5,18.7,51.8,29.5,3.1,3.94
"Turnover, meat- and cheese-filled, lower in fat",Dairy & Eggs,Low-Calorie / Beverages,5,17.9,56.6,25.6,1.7,7.6
"Turnover, meat- and cheese-filled, tomato-based sauce, lower in fat",Dairy & Eggs,Balanced Moderate,1,17.6,59.3,23.1,0.8,3.94
"Turnover, filled with egg, meat and cheese",Dairy & Eggs,Low-Calorie / Beverages,5,13.8,36.3,49.8,0.8,7.87
"Turnover, filled with egg, meat, and cheese, lower in fat",Dairy & Eggs,Low-Calorie / Beverages,5,17.9,56.6,25.6,1.7,7.6
Vegetables in pastry,Sweets & Desserts,High-Carb / Sugary,0,8.3,26.6,65.1,3.1,2.63
Vegetables and cheese in pastry,Dairy & Eggs,High-Carb / Sugary,0,9.7,24.2,66.1,2.8,2.45
"Croissant sandwich, filled with broccoli and cheese",Dairy & Eggs,Low-Calorie / Beverages,5,10.5,38.4,51.1,1.2,4.58
"Croissant sandwich, filled with ham and cheese",Dairy & Eggs,Low-Calorie / Beverages,5,15.8,31.9,52.3,0.7,3.88
Croissant sandwich with sausage and egg,Dairy & Eggs,High-Carb / Sugary,0,15.4,25.9,58.7,1.2,5.75
Croissant sandwich with bacon and egg,Dairy & Eggs,High-Carb / Sugary,0,16.5,27.1,56.4,1.2,5.87
"Croissant sandwich with ham, egg, and cheese",Dairy & Eggs,Low-Calorie / Beverages,5,19.1,29.2,51.7,0.9,5.42
"Croissant sandwich with sausage, egg, and cheese",Dairy & Eggs,High-Carb / Sugary,0,15.7,20.7,63.6,1.8,3.12
"Croissant sandwich with bacon, egg, and cheese",Dairy & Eggs,Low-Calorie / Beverages,5,17.9,31.1,51.0,1.0,4.8
"Vegetable submarine sandwich, with fat free spread",Vegetables,Balanced Moderate,1,12.4,73.4,14.2,1.5,5.37
"Vegetable submarine sandwich, with spread",Vegetables,Low-Calorie / Beverages,5,8.1,40.7,51.2,1.3,3.71
Biscuit with gravy,Condiments & Sauces,High-Carb / Sugary,0,11.0,30.3,58.7,0.8,3.88
Chicken cornbread,Meat & Poultry,High-Carb / Sugary,0,33.3,22.5,44.2,0.4,0.27
Cornmeal dressing with chicken or turkey and vegetables,Meat & Poultry,Low-Calorie / Beverages,5,12.8,32.4,54.7,1.2,3.48
Dressing with oysters,Condiments & Sauces,Low-Calorie / Beverages,5,10.4,38.7,50.9,1.2,2.62
Dressing with chicken or turkey and vegetables,Meat & Poultry,Low-Calorie / Beverages,5,15.1,38.6,46.3,1.4,2.72
Dressing with meat and vegetables,Condiments & Sauces,Low-Calorie / Beverages,5,13.0,33.3,53.7,1.3,2.96
Lasagna with meat,Grains & Bakery,Low-Calorie / Beverages,5,21.4,46.5,32.1,1.6,3.33
"Lasagna with meat, canned",Grains & Bakery,Low-Calorie / Beverages,5,13.4,54.9,31.7,1.5,1.97
"Lasagna with meat, from restaurant",Grains & Bakery,High-Carb / Sugary,0,23.4,24.6,52.0,1.5,3.15
"Lasagna with meat, home recipe",Grains & Bakery,High-Carb / Sugary,0,26.6,25.5,47.9,1.1,1.48
"Lasagna with meat, frozen",Grains & Bakery,Low-Calorie / Beverages,5,21.4,46.5,32.1,1.4,2.96
Lasagna with meat and spinach,Vegetables,Low-Calorie / Beverages,5,26.0,26.9,47.2,1.1,2.16
Lasagna with chicken or turkey,Meat & Poultry,Low-Calorie / Beverages,5,26.9,27.5,45.6,1.0,2.2
"Lasagna, with chicken or turkey, and spinach",Meat & Poultry,Low-Calorie / Beverages,5,27.0,27.5,45.5,1.1,2.16
"Lasagna, meatless",Plant-based Alternatives,Low-Calorie / Beverages,5,20.2,42.8,37.0,1.7,4.23
"Lasagna, meatless, with vegetables",Plant-based Alternatives,Low-Calorie / Beverages,5,23.9,31.1,45.0,1.2,2.43
"Ravioli, NS as to filling, no sauce",Grains & Bakery,Low-Calorie / Beverages,5,22.6,43.6,33.8,0.7,0.24
"Ravioli, NS as to filling, with tomato sauce",Vegetables,Low-Calorie / Beverages,5,20.0,42.2,37.8,0.9,1.48
"Ravioli, NS as to filling, with cream sauce",Grains & Bakery,Low-Calorie / Beverages,5,19.4,36.2,44.4,0.5,1.71
"Ravioli, meat-filled, no sauce",Grains & Bakery,Low-Calorie / Beverages,5,27.0,37.8,35.2,0.6,0.23
"Ravioli, meat-filled, with tomato sauce or meat sauce",Vegetables,Low-Calorie / Beverages,5,23.6,38.9,37.5,1.0,1.75
"Ravioli, meat-filled, with tomato sauce or meat sauce, canned",Vegetables,Low-Calorie / Beverages,5,13.4,54.9,31.7,1.5,1.97
"Ravioli, meat-filled, with cream sauce",Grains & Bakery,Low-Calorie / Beverages,5,23.4,31.4,45.1,0.4,1.61
"Ravioli, cheese-filled, no sauce",Dairy & Eggs,Low-Calorie / Beverages,5,17.1,50.9,31.9,0.7,0.24
"Ravioli, cheese-filled, with tomato sauce",Dairy & Eggs,Balanced Moderate,1,16.3,62.4,21.2,1.2,3.6
"Ravioli, cheese-filled, with tomato sauce, canned",Dairy & Eggs,Balanced Moderate,1,12.8,70.4,16.8,1.3,3.72
"Ravioli, cheese-filled, with meat sauce",Dairy & Eggs,Low-Calorie / Beverages,5,18.5,41.8,39.7,0.8,1.39
"Ravioli, cheese-filled, with cream sauce",Dairy & Eggs,Low-Calorie / Beverages,5,15.2,40.9,44.0,0.5,1.75
"Ravioli, cheese and spinach-filled, no sauce",Dairy & Eggs,Low-Calorie / Beverages,5,17.6,56.6,25.8,1.1,0.28
"Ravioli, cheese and spinach-filled, with cream sauce",Dairy & Eggs,Low-Calorie / Beverages,5,15.3,43.9,40.9,0.8,1.76
"Ravioli, cheese and spinach filled, with tomato sauce",Dairy & Eggs,Low-Calorie / Beverages,5,17.5,58.0,24.5,1.3,1.35
"Manicotti, cheese-filled, no sauce",Dairy & Eggs,Low-Calorie / Beverages,5,20.2,39.5,40.3,0.6,0.52
"Manicotti, cheese-filled, with tomato sauce, meatless",Plant-based Alternatives,Low-Calorie / Beverages,5,19.8,42.0,38.2,0.9,1.67
"Manicotti, cheese-filled, with meat sauce",Dairy & Eggs,Low-Calorie / Beverages,5,22.0,37.6,40.4,0.8,1.55
"Manicotti, vegetable- and cheese-filled, with tomato sauce, meatless",Plant-based Alternatives,Low-Calorie / Beverages,5,18.9,47.2,33.8,1.1,1.64
"Stuffed shells, cheese-filled, no sauce",Dairy & Eggs,Low-Calorie / Beverages,5,19.5,43.5,37.1,0.7,0.55
"Stuffed shells, cheese-filled, with tomato sauce, meatless",Plant-based Alternatives,Low-Calorie / Beverages,5,19.1,46.0,34.9,0.9,1.78
"Stuffed shells, cheese-filled, with meat sauce",Dairy & Eggs,Low-Calorie / Beverages,5,21.3,41.9,36.8,1.0,1.99
"Stuffed shells, cheese- and spinach- filled, no sauce",Dairy & Eggs,Low-Calorie / Beverages,5,20.5,48.4,31.2,1.1,0.35
"Stuffed shells, with chicken, with tomato sauce",Meat & Poultry,Low-Calorie / Beverages,5,31.3,47.3,21.3,1.1,2.09
"Stuffed shells, with fish and/or shellfish, with tomato sauce",Seafood,Balanced Moderate,1,30.3,55.6,14.1,1.1,2.08
"Tortellini, meat-filled, with tomato sauce",Vegetables,Low-Calorie / Beverages,5,19.2,47.3,33.5,1.0,1.27
"Tortellini, meat-filled, with tomato sauce, canned",Vegetables,Balanced Moderate,1,14.3,69.6,16.1,1.4,2.36
"Tortellini, cheese-filled, meatless, with tomato sauce",Plant-based Alternatives,Balanced Moderate,1,16.5,61.5,22.0,1.6,2.96
"Tortellini, cheese-filled, meatless, with tomato sauce, canned",Plant-based Alternatives,Balanced Moderate,1,15.2,70.0,14.8,0.8,1.74
"Tortellini, cheese-filled, meatless, with vinaigrette dressing",Plant-based Alternatives,Low-Calorie / Beverages,5,12.8,38.9,48.3,0.6,0.58
"Tortellini, meat-filled, no sauce",Condiments & Sauces,Low-Calorie / Beverages,5,25.7,38.0,36.2,0.6,0.21
"Tortellini, cheese-filled, with cream sauce",Dairy & Eggs,Low-Calorie / Beverages,5,15.3,44.1,40.6,0.5,1.64
"Tortellini, cheese-filled, no sauce",Dairy & Eggs,Balanced Moderate,1,17.6,61.2,21.2,1.5,0.73
"Tortellini, spinach-filled, with tomato sauce",Vegetables,Low-Calorie / Beverages,5,14.7,53.2,32.1,1.2,1.31
"Tortellini, spinach-filled, no sauce",Vegetables,Low-Calorie / Beverages,5,19.1,45.9,34.9,0.9,0.29
"Cannelloni, cheese- and spinach-filled, no sauce",Dairy & Eggs,Low-Calorie / Beverages,5,15.9,47.4,36.7,1.2,0.76
Chow fun noodles with meat and vegetables,Other,Low-Calorie / Beverages,5,28.6,46.5,24.9,0.9,1.1
"Chow fun noodles with vegetables, meatless",Plant-based Alternatives,Balanced Moderate,1,8.6,79.4,12.0,1.1,1.39
"Lo mein, NFS",Fast Food & Prepared,Balanced Moderate,1,15.8,66.7,17.5,1.3,2.63
"Lo mein, meatless",Plant-based Alternatives,Balanced Moderate,1,15.8,66.7,17.5,1.3,2.63
"Lo mein, with shrimp",Seafood,Balanced Moderate,1,28.8,54.5,16.7,1.0,2.08
"Lo mein, with pork",Meat & Poultry,Low-Calorie / Beverages,5,27.7,47.3,24.9,1.0,2.11
"Lo mein, with beef",Meat & Poultry,Low-Calorie / Beverages,5,30.3,50.3,19.4,1.0,2.11
"Lo mein, with chicken",Meat & Poultry,Low-Calorie / Beverages,5,28.3,49.9,21.9,1.0,2.11
"Pad Thai, NFS",Fast Food & Prepared,Low-Calorie / Beverages,5,20.7,36.5,42.7,1.2,4.08
"Pad Thai, meatless",Plant-based Alternatives,Low-Calorie / Beverages,5,13.6,38.2,48.2,1.8,4.66
Pad Thai with chicken,Meat & Poultry,Low-Calorie / Beverages,5,20.7,36.5,42.7,1.2,4.08
Pad Thai with seafood,Fast Food & Prepared,Low-Calorie / Beverages,5,18.4,40.5,41.1,1.2,4.21
Pad Thai with meat,Fast Food & Prepared,Low-Calorie / Beverages,5,20.1,36.2,43.6,1.2,4.18
"Adobo, with noodles",Other,High-Protein,2,39.9,19.3,40.8,0.4,0.03
"Spaghetti with corned beef, Puerto Rican style",Meat & Poultry,High-Carb / Sugary,0,20.5,27.4,52.1,1.1,0.85
"Macaroni with tuna, Puerto Rican style",Seafood,Low-Calorie / Beverages,5,21.2,49.9,28.9,0.9,2.15
Macaroni or noodles with cheese,Dairy & Eggs,Low-Calorie / Beverages,5,15.7,41.8,42.4,1.2,2.43
"Macaroni or noodles with cheese, from restaurant",Dairy & Eggs,Low-Calorie / Beverages,5,14.3,49.7,36.0,1.1,3.09
"Macaroni or noodles with cheese, made from packaged mix",Dairy & Eggs,Low-Calorie / Beverages,5,10.4,49.6,40.1,1.0,3.42
"Macaroni or noodles with cheese, canned",Dairy & Eggs,Low-Calorie / Beverages,5,16.5,56.4,27.1,0.5,0.5
"Macaroni or noodles with cheese, Easy Mac type",Dairy & Eggs,Balanced Moderate,1,11.8,73.0,15.2,0.5,2.33
"Macaroni or noodles with cheese, made from reduced fat packaged mix",Dairy & Eggs,Low-Calorie / Beverages,5,14.0,53.0,32.9,0.6,2.1
Macaroni or noodles with cheese and tuna,Dairy & Eggs,Low-Calorie / Beverages,5,18.5,44.5,37.0,0.8,2.81
Macaroni or noodles with cheese and meat,Dairy & Eggs,Low-Calorie / Beverages,5,22.7,29.1,48.2,0.7,2.34
"Macaroni or noodles with cheese and meat, prepared from Hamburger Helper mix",Dairy & Eggs,Low-Calorie / Beverages,5,23.2,29.0,47.8,0.3,2.33
Macaroni or noodles with cheese and tomato,Dairy & Eggs,Low-Calorie / Beverages,5,10.6,50.3,39.1,1.1,3.33
Macaroni or noodles with cheese and frankfurters or hot dogs,Dairy & Eggs,Low-Calorie / Beverages,5,11.8,35.3,52.9,0.8,3.07
Macaroni or noodles with cheese and egg,Dairy & Eggs,Low-Calorie / Beverages,5,12.9,41.2,45.9,0.8,2.97
Macaroni or noodles with cheese and chicken or turkey,Dairy & Eggs,Low-Calorie / Beverages,5,28.2,33.4,38.3,0.7,2.29
"Macaroni or noodles with cheese, whole grain",Dairy & Eggs,Low-Calorie / Beverages,5,15.7,40.7,43.5,2.2,2.52
"Pasta with tomato-based sauce, cheese and meat",Dairy & Eggs,Low-Calorie / Beverages,5,20.7,36.3,43.0,0.8,1.3
Pasta with tomato-based sauce and cheese,Dairy & Eggs,Low-Calorie / Beverages,5,12.6,50.6,36.7,1.7,3.54
"Pasta with vegetables, no sauce or dressing",Grains & Bakery,Balanced Moderate,1,12.6,65.0,22.4,2.3,1.27
"Pasta with sauce, NFS",Grains & Bakery,Balanced Moderate,1,19.0,62.1,18.8,1.6,2.44
"Pasta with sauce, meatless, school lunch",Plant-based Alternatives,Balanced Moderate,1,14.1,72.5,13.4,2.9,3.03
"Pasta with tomato-based sauce, restaurant",Vegetables,Low-Calorie / Beverages,5,8.6,46.3,45.1,1.7,2.72
"Pasta with tomato-based sauce, home recipe",Vegetables,Balanced Moderate,1,14.0,75.7,10.3,1.8,2.94
"Pasta with tomato-based sauce, ready-to-heat",Vegetables,Balanced Moderate,1,12.1,65.3,22.5,1.8,2.88
"Pasta with tomato-based sauce, and added vegetables, restaurant",Vegetables,Low-Calorie / Beverages,5,8.7,46.2,45.0,1.7,2.48
"Pasta with tomato-based sauce, and added vegetables, home recipe",Vegetables,Balanced Moderate,1,14.4,76.3,9.4,1.8,2.67
"Pasta with tomato-based sauce, and added vegetables, ready-to-heat",Vegetables,Balanced Moderate,1,12.4,65.6,22.0,1.8,2.62
"Pasta with sauce and meat, from school lunch",Grains & Bakery,Low-Calorie / Beverages,5,19.5,57.4,23.0,2.6,2.73
"Pasta with tomato-based sauce and meat, restaurant",Vegetables,Low-Calorie / Beverages,5,12.3,40.3,47.3,1.5,2.26
"Pasta with tomato-based sauce and meat, home recipe",Vegetables,Balanced Moderate,1,19.0,62.1,18.8,1.6,2.44
"Pasta with tomato-based sauce and meat, ready-to-heat",Vegetables,Low-Calorie / Beverages,5,16.8,54.7,28.5,1.6,2.39
"Pasta with tomato-based sauce, meat, and added vegetables, restaurant",Vegetables,Low-Calorie / Beverages,5,12.5,40.2,47.3,1.5,2.06
"Pasta with tomato-based sauce, meat, and added vegetables, home recipe",Vegetables,Balanced Moderate,1,19.3,62.3,18.4,1.6,2.23
"Pasta with tomato-based sauce, meat, and added vegetables, ready-to-heat",Vegetables,Low-Calorie / Beverages,5,17.0,54.8,28.2,1.6,2.18
"Pasta with tomato-based sauce and poultry, restaurant",Meat & Poultry,Low-Calorie / Beverages,5,13.2,42.0,44.8,1.5,2.26
"Pasta with tomato-based sauce and poultry, home recipe",Meat & Poultry,Balanced Moderate,1,20.9,66.0,13.1,1.6,2.44
"Pasta with tomato-based sauce and poultry, ready-to-heat",Meat & Poultry,Low-Calorie / Beverages,5,18.2,57.8,24.0,1.6,2.39
"Pasta with tomato-based sauce, poultry, and added vegetables, restaurant",Meat & Poultry,Low-Calorie / Beverages,5,13.4,41.8,44.8,1.5,2.06
"Pasta with tomato-based sauce, poultry, and added vegetables, home recipe",Meat & Poultry,Balanced Moderate,1,21.2,66.3,12.5,1.6,2.23
"Pasta with tomato-based sauce, poultry, and added vegetables, ready-to-heat",Meat & Poultry,Low-Calorie / Beverages,5,18.5,57.8,23.6,1.6,2.18
"Pasta with tomato-based sauce and seafood, restaurant",Vegetables,Low-Calorie / Beverages,5,12.6,43.8,43.7,1.5,2.26
"Pasta with tomato-based sauce and seafood, home recipe",Vegetables,Balanced Moderate,1,20.2,70.2,9.7,1.6,2.44
"Pasta with tomato-based sauce and seafood, ready-to-heat",Vegetables,Balanced Moderate,1,17.5,61.0,21.5,1.6,2.39
"Pasta with tomato-based sauce, seafood, and added vegetables, restaurant",Vegetables,Low-Calorie / Beverages,5,12.7,43.7,43.6,1.5,2.06
"Pasta with tomato-based sauce, seafood, and added vegetables, home recipe",Vegetables,Balanced Moderate,1,20.5,70.5,9.0,1.6,2.23
"Pasta with tomato-based sauce, seafood, and added vegetables, ready-to-heat",Vegetables,Balanced Moderate,1,17.8,61.1,21.1,1.6,2.18
"Pasta with cream sauce, restaurant",Grains & Bakery,High-Carb / Sugary,0,7.5,30.4,62.1,0.9,0.66
"Pasta with cream sauce, home recipe",Grains & Bakery,Low-Calorie / Beverages,5,10.8,43.6,45.6,0.9,0.72
"Pasta with cream sauce, ready-to-heat",Grains & Bakery,Low-Calorie / Beverages,5,9.8,39.3,50.9,0.9,0.7
"Pasta with cream sauce and added vegetables, restaurant",Grains & Bakery,Low-Calorie / Beverages,5,8.0,33.2,58.9,1.0,0.9
"Pasta with cream sauce and added vegetables, from home recipe",Grains & Bakery,Low-Calorie / Beverages,5,11.8,49.0,39.2,1.1,0.98
"Pasta with cream sauce and added vegetables, ready-to-heat",Grains & Bakery,Low-Calorie / Beverages,5,10.5,43.8,45.7,1.1,0.96
"Pasta with cream sauce and meat, restaurant",Grains & Bakery,High-Carb / Sugary,0,10.9,28.9,60.2,0.9,0.59
"Pasta with cream sauce and meat, home recipe",Grains & Bakery,Low-Calorie / Beverages,5,15.4,40.8,43.8,0.9,0.64
"Pasta with cream sauce and meat, ready-to-heat",Grains & Bakery,Low-Calorie / Beverages,5,13.9,37.0,49.1,0.9,0.62
"Pasta with cream sauce, meat, and added vegetables, restaurant",Grains & Bakery,Low-Calorie / Beverages,5,11.4,31.0,57.6,1.0,0.78
"Pasta with cream sauce, meat, and added vegetables, home recipe",Grains & Bakery,Low-Calorie / Beverages,5,16.4,44.7,39.0,1.1,0.85
"Pasta with cream sauce, meat, and added vegetables, ready-to-heat",Grains & Bakery,Low-Calorie / Beverages,5,14.8,40.2,45.0,1.0,0.83
"Pasta with cream sauce and poultry, restaurant",Meat & Poultry,High-Carb / Sugary,0,11.6,29.9,58.5,0.9,0.59
"Pasta with cream sauce and poultry, home recipe",Meat & Poultry,Low-Calorie / Beverages,5,16.6,42.7,40.7,0.9,0.64
"Pasta with cream sauce and poultry, ready-to-heat",Meat & Poultry,Low-Calorie / Beverages,5,15.0,38.6,46.5,0.9,0.62
"Pasta with cream sauce, poultry, and added vegetables, restaurant",Meat & Poultry,Low-Calorie / Beverages,5,12.1,32.1,55.8,1.0,0.78
"Pasta with cream sauce, poultry, and added vegetables, home recipe",Meat & Poultry,Low-Calorie / Beverages,5,17.7,46.9,35.3,1.1,0.85
"Pasta with cream sauce, poultry, and added vegetables, ready-to-heat",Meat & Poultry,Low-Calorie / Beverages,5,15.9,42.1,42.1,1.0,0.83
"Pasta with cream sauce and seafood, restaurant",Grains & Bakery,Low-Calorie / Beverages,5,11.0,31.1,57.9,0.9,0.59
"Pasta with cream sauce and seafood, home recipe",Grains & Bakery,Low-Calorie / Beverages,5,15.9,44.9,39.2,0.9,0.64
"Pasta with cream sauce and seafood, ready-to-heat",Grains & Bakery,Low-Calorie / Beverages,5,14.3,40.4,45.3,0.9,0.62
"Pasta with cream sauce, seafood, and added vegetables, restaurant",Grains & Bakery,Low-Calorie / Beverages,5,11.5,33.4,55.1,1.0,0.78
"Pasta with cream sauce, seafood, and added vegetables, home recipe",Grains & Bakery,Low-Calorie / Beverages,5,17.0,49.4,33.5,1.1,0.85
"Pasta with cream sauce, seafood, and added vegetables, ready-to-heat",Grains & Bakery,Low-Calorie / Beverages,5,15.2,44.2,40.6,1.0,0.83
"Pasta, whole grain, with tomato-based sauce, restaurant",Vegetables,Low-Calorie / Beverages,5,8.7,44.7,46.6,2.7,2.81
"Pasta, whole grain, with tomato-based sauce, home recipe",Vegetables,Balanced Moderate,1,14.1,72.5,13.4,2.9,3.04
"Pasta, whole grain, with tomato-based sauce, ready-to-heat",Vegetables,Balanced Moderate,1,12.2,62.8,25.1,2.8,2.97
"Pasta, whole grain, with tomato-based sauce and added vegetables, restaurant",Vegetables,Low-Calorie / Beverages,5,8.8,44.7,46.5,2.7,2.57
"Pasta, whole grain, with tomato-based sauce and added vegetables, home recipe",Vegetables,Balanced Moderate,1,14.4,73.0,12.6,2.9,2.77
"Pasta, whole grain, with tomato-based sauce and added vegetables, ready-to-heat",Vegetables,Balanced Moderate,1,12.5,63.0,24.6,2.8,2.71
"Pasta, whole grain, with tomato-based sauce and meat, restaurant",Vegetables,Low-Calorie / Beverages,5,12.4,39.0,48.6,2.5,2.35
"Pasta, whole grain, with tomato-based sauce and meat, home recipe",Vegetables,Balanced Moderate,1,19.0,59.7,21.4,2.7,2.54
"Pasta, whole grain, with tomato-based sauce and meat, ready-to-heat",Vegetables,Low-Calorie / Beverages,5,16.8,52.7,30.6,2.7,2.48
"Pasta, whole grain, with tomato-based sauce, meat, and added vegetables, restaurant",Vegetables,Low-Calorie / Beverages,5,12.5,38.8,48.6,2.5,2.15
"Pasta, whole grain, with tomato-based sauce, meat, and added vegetables, home recipe",Vegetables,Balanced Moderate,1,19.3,59.8,20.9,2.7,2.33
"Pasta, whole grain, with tomato-based sauce, meat, and added vegetables, ready-to-heat",Vegetables,Low-Calorie / Beverages,5,17.0,52.7,30.3,2.7,2.28
"Pasta, whole grain, with tomato-based sauce and poultry, restaurant",Meat & Poultry,Low-Calorie / Beverages,5,13.3,40.5,46.2,2.5,2.35
"Pasta, whole grain, with tomato-based sauce and poultry, home recipe",Meat & Poultry,Balanced Moderate,1,20.8,63.3,15.9,2.7,2.54
"Pasta, whole grain, with tomato-based sauce and poultry, ready-to-heat",Meat & Poultry,Low-Calorie / Beverages,5,18.2,55.5,26.3,2.7,2.48
"Pasta, whole grain, with tomato-based sauce, poultry, and added vegetables, restaurant",Meat & Poultry,Low-Calorie / Beverages,5,13.4,40.4,46.2,2.5,2.15
"Pasta, whole grain, with tomato-based sauce, poultry, and added vegetables, home recipe",Meat & Poultry,Balanced Moderate,1,21.1,63.5,15.4,2.7,2.33
"Pasta, whole grain, with tomato-based sauce, poultry, and added vegetables, ready-to-heat",Meat & Poultry,Low-Calorie / Beverages,5,18.5,55.6,26.0,2.7,2.28
"Pasta, whole grain, with tomato-based sauce and seafood, restaurant",Vegetables,Low-Calorie / Beverages,5,12.6,42.3,45.1,2.5,2.35
"Pasta, whole grain, with tomato-based sauce and seafood, home recipe",Vegetables,Balanced Moderate,1,20.0,67.2,12.7,2.7,2.54
"Pasta, whole grain, with tomato-based sauce and seafood, ready-to-heat",Vegetables,Low-Calorie / Beverages,5,17.5,58.6,24.0,2.7,2.48
"Pasta, whole grain, with tomato-based sauce, seafood, and added vegetables, restaurant",Vegetables,Low-Calorie / Beverages,5,12.8,42.2,45.1,2.5,2.15
"Pasta, whole grain, with tomato-based sauce, seafood, and added vegetables, home recipe",Vegetables,Balanced Moderate,1,20.4,67.4,12.1,2.7,2.33
"Pasta, whole grain, with tomato-based sauce, seafood, and added vegetables, ready-to-heat",Vegetables,Low-Calorie / Beverages,5,17.8,58.7,23.5,2.7,2.28
"Pasta, whole grain, with cream sauce, restaurant",Grains & Bakery,High-Carb / Sugary,0,7.6,29.3,63.0,1.9,0.75
"Pasta, whole grain, with cream sauce, home recipe",Grains & Bakery,Low-Calorie / Beverages,5,10.9,41.9,47.2,2.0,0.82
"Pasta, whole grain, with cream sauce, ready-to-heat",Grains & Bakery,Low-Calorie / Beverages,5,9.9,37.8,52.3,2.0,0.8
"Pasta, whole grain, with cream sauce, and added vegetables, restaurant",Grains & Bakery,Low-Calorie / Beverages,5,8.1,32.0,59.9,2.0,1.0
"Pasta, whole grain, with cream sauce, and added vegetables, home recipe",Grains & Bakery,Low-Calorie / Beverages,5,11.8,47.1,41.1,2.2,1.08
"Pasta, whole grain, with cream sauce, and added vegetables, ready-to-heat",Grains & Bakery,Low-Calorie / Beverages,5,10.6,42.1,47.3,2.1,1.05
"Pasta, whole grain, with cream sauce and meat, restaurant",Grains & Bakery,High-Carb / Sugary,0,10.9,27.9,61.1,1.9,0.68
"Pasta, whole grain, with cream sauce and meat, home recipe",Grains & Bakery,Low-Calorie / Beverages,5,15.4,39.2,45.4,2.0,0.74
"Pasta, whole grain, with cream sauce and meat, ready-to-heat",Grains & Bakery,Low-Calorie / Beverages,5,14.0,35.6,50.4,2.0,0.72
"Pasta, whole grain, with cream sauce, meat, and added vegetables, restaurant",Grains & Bakery,Low-Calorie / Beverages,5,11.4,29.9,58.6,2.0,0.88
"Pasta, whole grain, with cream sauce, meat, and added vegetables, home recipe",Grains & Bakery,Low-Calorie / Beverages,5,16.4,42.9,40.7,2.2,0.95
"Pasta, whole grain, with cream sauce, meat, and added vegetables, ready-to-heat",Grains & Bakery,Low-Calorie / Beverages,5,14.8,38.7,46.5,2.1,0.93
"Pasta, whole grain, with cream sauce and poultry, restaurant",Meat & Poultry,High-Carb / Sugary,0,11.6,28.8,59.5,1.9,0.68
"Pasta, whole grain, with cream sauce and poultry, home recipe",Meat & Poultry,Low-Calorie / Beverages,5,16.5,41.0,42.4,2.0,0.74
"Pasta, whole grain, with cream sauce and poultry, ready-to-heat",Meat & Poultry,Low-Calorie / Beverages,5,15.0,37.1,47.9,2.0,0.72
"Pasta, whole grain, with cream sauce, poultry, and added vegetables, restaurant",Meat & Poultry,Low-Calorie / Beverages,5,12.2,30.9,56.9,2.0,0.88
"Pasta, whole grain, with cream sauce, poultry, and added vegetables, home recipe",Meat & Poultry,Low-Calorie / Beverages,5,17.7,45.0,37.3,2.2,0.95
"Pasta, whole grain, with cream sauce, poultry, and added vegetables, ready-to-heat",Meat & Poultry,Low-Calorie / Beverages,5,15.9,40.4,43.7,2.1,0.93
"Pasta, whole grain, with cream sauce and seafood, restaurant",Grains & Bakery,Low-Calorie / Beverages,5,11.0,30.0,58.9,1.9,0.68
"Pasta, whole grain, with cream sauce and seafood, home recipe",Grains & Bakery,Low-Calorie / Beverages,5,15.9,43.1,41.0,2.0,0.74
"Pasta, whole grain, with cream sauce and seafood, ready-to-heat",Grains & Bakery,Low-Calorie / Beverages,5,14.3,38.9,46.8,2.0,0.72
"Pasta, whole grain, with cream sauce, seafood, and added vegetables, restaurant",Grains & Bakery,Low-Calorie / Beverages,5,11.6,32.2,56.2,2.0,0.88
"Pasta, whole grain, with cream sauce, seafood, and added vegetables, home recipe",Grains & Bakery,Low-Calorie / Beverages,5,17.0,47.5,35.5,2.2,0.95
"Pasta, whole grain, with cream sauce, seafood, and added vegetables, ready-to-heat",Grains & Bakery,Low-Calorie / Beverages,5,15.2,42.5,42.3,2.1,0.93
Pasta with tomato-based sauce and beans or lentils,Vegetables,Balanced Moderate,1,16.7,66.9,16.4,3.0,2.2
"Macaroni or noodles, creamed, with cheese",Dairy & Eggs,Low-Calorie / Beverages,5,12.3,56.0,31.8,1.3,0.68
"Macaroni or noodles, creamed, with cheese and tuna",Dairy & Eggs,Low-Calorie / Beverages,5,22.3,48.8,28.9,1.0,0.53
Flavored pasta,Grains & Bakery,Balanced Moderate,1,11.3,66.0,22.7,0.4,0.99
"Yat Ga Mein with meat, fish, or poultry",Seafood,Low-Calorie / Beverages,5,30.4,32.8,36.8,1.5,1.54
"Macaroni or pasta salad, made with mayonnaise",Grains & Bakery,Low-Calorie / Beverages,5,8.1,44.8,47.1,1.4,1.85
"Macaroni or pasta salad, made with light mayonnaise",Grains & Bakery,Balanced Moderate,1,11.0,65.2,23.8,1.4,2.3
"Macaroni or pasta salad, made with mayonnaise-type salad dressing",Grains & Bakery,Balanced Moderate,1,11.0,66.5,22.6,1.4,3.28
"Macaroni or pasta salad, made with light mayonnaise-type salad dressing",Grains & Bakery,Balanced Moderate,1,11.0,65.2,23.8,1.4,2.3
"Macaroni or pasta salad, made with Italian dressing",Grains & Bakery,Balanced Moderate,1,11.2,63.4,25.4,1.6,2.38
"Macaroni or pasta salad, made with light Italian dressing",Grains & Bakery,Balanced Moderate,1,12.8,71.6,15.6,1.6,2.21
"Macaroni or pasta salad, made with creamy dressing",Grains & Bakery,Low-Calorie / Beverages,5,9.8,51.8,38.4,1.6,1.66
"Macaroni or pasta salad, made with light creamy dressing",Dairy & Eggs,Balanced Moderate,1,12.5,66.1,21.4,1.6,1.79
"Macaroni or pasta salad, made with any type of fat free dressing",Grains & Bakery,Balanced Moderate,1,12.8,79.5,7.7,1.7,3.42
Macaroni or pasta salad with egg,Dairy & Eggs,Low-Calorie / Beverages,5,9.7,42.1,48.1,1.3,1.79
Macaroni or pasta salad with tuna,Seafood,Low-Calorie / Beverages,5,13.4,41.9,44.7,1.2,1.57
Macaroni or pasta salad with crab meat,Seafood,Low-Calorie / Beverages,5,13.0,42.1,44.8,1.2,1.57
Macaroni or pasta salad with shrimp,Seafood,Low-Calorie / Beverages,5,13.4,41.8,44.8,1.2,1.58
Macaroni or pasta salad with tuna and egg,Dairy & Eggs,Low-Calorie / Beverages,5,14.6,39.6,45.8,1.1,1.53
Macaroni or pasta salad with chicken,Meat & Poultry,Low-Calorie / Beverages,5,14.8,39.5,45.7,1.2,1.57
Macaroni or pasta salad with cheese,Dairy & Eggs,Low-Calorie / Beverages,5,11.3,35.6,53.1,1.3,1.66
Macaroni or pasta salad with meat,Grains & Bakery,Low-Calorie / Beverages,5,14.6,39.8,45.6,1.2,1.56
Noodle pudding,Grains & Bakery,Low-Calorie / Beverages,5,11.2,58.0,30.8,1.6,11.11
"Bibimbap, Korean",Other,Low-Calorie / Beverages,5,26.6,41.9,31.5,1.1,1.59
"Rice, fried, meatless",Plant-based Alternatives,Balanced Moderate,1,8.8,74.7,16.5,1.1,0.62
"Rice, fried, NFS",Grains & Bakery,Balanced Moderate,1,8.8,74.7,16.5,1.1,0.62
"Rice, fried, with chicken",Meat & Poultry,Balanced Moderate,1,16.9,64.0,19.1,0.9,0.53
"Rice, fried, with pork",Meat & Poultry,Balanced Moderate,1,17.0,62.0,21.0,0.9,0.53
"Rice, fried, with beef",Meat & Poultry,Balanced Moderate,1,17.6,61.9,20.5,0.9,0.53
"Rice, fried, with shrimp",Seafood,Balanced Moderate,1,16.2,67.6,16.2,0.9,0.53
"Dukboki or Tteokbokki, Korean",Other,Low-Calorie / Beverages,5,11.9,60.4,27.8,1.0,1.59
"Adobo, with rice",Grains & Bakery,High-Protein,2,39.8,20.0,40.2,0.2,0.03
"Sushi, NFS",Fast Food & Prepared,Balanced Moderate,1,12.8,80.6,6.6,1.0,2.13
"Sushi roll, avocado",Fruits,Balanced Moderate,1,7.9,77.6,14.5,1.4,1.21
"Sushi roll, California",Grains & Bakery,Balanced Moderate,1,12.8,80.6,6.6,1.0,2.13
"Sushi roll, eel",Seafood,Low-Calorie / Beverages,5,23.1,49.8,27.1,0.7,0.92
"Sushi roll, salmon",Seafood,Balanced Moderate,1,27.5,61.1,11.5,0.7,0.92
"Sushi roll, shrimp",Seafood,Balanced Moderate,1,29.3,65.5,5.2,0.7,0.92
Sushi roll tuna,Seafood,Balanced Moderate,1,31.8,65.7,2.5,0.7,0.92
"Sushi roll, vegetable",Vegetables,Balanced Moderate,1,7.9,77.6,14.5,1.4,1.21
"Sushi, topped with crab",Seafood,Balanced Moderate,1,16.7,80.6,2.7,0.8,2.97
"Sushi, topped with eel",Seafood,Low-Calorie / Beverages,5,26.9,39.0,34.1,0.6,0.8
"Sushi, topped with salmon",Seafood,Balanced Moderate,1,34.0,51.1,14.9,0.6,0.8
"Sushi, topped with shrimp",Seafood,Balanced Moderate,1,37.0,56.6,6.4,0.6,0.8
"Sushi, topped with tuna",Seafood,Balanced Moderate,1,40.8,56.5,2.8,0.6,0.8
"Sushi, topped with egg",Dairy & Eggs,Low-Calorie / Beverages,5,25.7,35.2,39.1,0.4,0.78
"Rice with chicken, Puerto Rican style",Meat & Poultry,Low-Calorie / Beverages,5,13.8,42.8,43.4,0.8,0.46
"Paella with meat, Valenciana style",Other,High-Carb / Sugary,0,32.6,25.4,42.0,0.5,0.69
"Seafood paella, Puerto Rican style",Other,Low-Calorie / Beverages,5,21.1,43.6,35.3,0.9,0.85
"Soupy rice with chicken, Puerto Rican style",Meat & Poultry,Low-Calorie / Beverages,5,32.1,43.8,24.2,1.4,1.17
"Soupy rice mixture with chicken and potatoes, Puerto Rican style",Meat & Poultry,Low-Calorie / Beverages,5,22.6,43.1,34.3,0.9,0.59
"Rice meal fritter, Puerto Rican style",Grains & Bakery,Low-Calorie / Beverages,5,11.6,47.4,40.9,1.0,2.78
"Stewed rice, Puerto Rican style",Grains & Bakery,Low-Calorie / Beverages,5,7.2,60.8,31.9,0.7,0.34
"Rice with squid, Puerto Rican style",Seafood,Low-Calorie / Beverages,5,13.7,45.2,41.1,1.0,1.1
"Fried rice, Puerto Rican style",Grains & Bakery,High-Protein,2,44.4,29.6,26.0,0.6,0.87
"Rice with vienna sausage, Puerto Rican style",Meat & Poultry,Low-Calorie / Beverages,5,9.8,50.7,39.5,0.8,0.43
"Rice with Spanish sausage, Puerto Rican style",Meat & Poultry,Low-Calorie / Beverages,5,11.8,45.4,42.8,0.8,0.42
"Rice with onions, Puerto Rican style",Grains & Bakery,Low-Calorie / Beverages,5,7.9,42.6,49.6,1.3,2.58
"Rice with stewed beans, Puerto Rican style",Grains & Bakery,Balanced Moderate,1,10.8,67.8,21.4,1.5,0.1
"Congee, with meat, poultry, and/or seafood",Meat & Poultry,Low-Calorie / Beverages,5,36.9,46.9,16.2,0.1,0.01
"Congee, with meat, poultry, and/or seafood, and vegetables",Meat & Poultry,Low-Calorie / Beverages,5,36.1,47.7,16.2,0.3,0.18
"Congee, with vegetables",Other,Balanced Moderate,1,8.8,88.7,2.6,0.3,0.3
Biryani with vegetables,Other,Balanced Moderate,1,7.2,66.4,26.4,1.2,1.16
"Beans and rice, from fast food / restaurant",Grains & Bakery,Low-Calorie / Beverages,5,13.5,52.6,33.9,3.6,0.2
"Kidney beans and rice, from fast food / restaurant",Meat & Poultry,Low-Calorie / Beverages,5,12.8,51.7,35.5,4.2,0.19
"Black beans and rice, from fast food / restaurant",Grains & Bakery,Low-Calorie / Beverages,5,12.8,52.1,35.1,4.9,0.19
"Pinto beans and rice, from fast food / restaurant",Grains & Bakery,Low-Calorie / Beverages,5,12.6,53.2,34.2,5.0,0.2
Beans and white rice,Grains & Bakery,Balanced Moderate,1,15.8,61.2,23.0,3.7,0.21
"Beans and rice, with tomatoes",Grains & Bakery,Balanced Moderate,1,13.7,63.7,22.6,3.8,0.81
"Beans and rice, with meat",Grains & Bakery,Low-Calorie / Beverages,5,18.5,58.0,23.5,4.4,0.25
Kidney beans and white rice,Meat & Poultry,Low-Calorie / Beverages,5,15.0,60.6,24.5,4.3,0.2
Black beans and white rice,Grains & Bakery,Low-Calorie / Beverages,5,15.0,60.8,24.2,5.0,0.2
Pinto beans and white rice,Grains & Bakery,Balanced Moderate,1,14.6,61.8,23.6,5.2,0.21
"Rice, white, with corn, NS as to fat",Grains & Bakery,Balanced Moderate,1,7.7,75.4,16.8,0.9,0.81
"Rice, white, with corn, no added fat",Grains & Bakery,Balanced Moderate,1,9.0,88.1,2.9,0.9,0.83
"Rice, white, with corn, fat added",Grains & Bakery,Balanced Moderate,1,7.7,75.4,16.8,0.9,0.81
"Rice, white, with peas, NS as to fat",Grains & Bakery,Balanced Moderate,1,9.8,73.5,16.7,1.4,1.11
"Rice, white, with peas, no added fat",Grains & Bakery,Balanced Moderate,1,11.6,86.2,2.2,1.4,1.14
"Rice, white, with peas, fat added",Grains & Bakery,Balanced Moderate,1,9.8,73.5,16.7,1.4,1.11
"Rice, white, with carrots, NS as to fat",Grains & Bakery,Balanced Moderate,1,7.1,74.9,18.0,1.0,0.86
"Rice, white, with carrots, no added fat",Grains & Bakery,Balanced Moderate,1,8.5,89.3,2.2,1.0,0.88
"Rice, white, with carrots, fat added",Grains & Bakery,Balanced Moderate,1,7.1,74.9,18.0,1.0,0.86
"Rice, white, with peas and carrots, NS as to fat",Grains & Bakery,Balanced Moderate,1,8.5,73.9,17.7,1.2,1.07
"Rice, white, with peas and carrots, no added fat",Grains & Bakery,Balanced Moderate,1,10.0,87.3,2.7,1.3,1.09
"Rice, white, with peas and carrots, fat added",Grains & Bakery,Balanced Moderate,1,8.5,73.9,17.7,1.2,1.07
"Rice, white, with tomatoes and/or tomato-based sauce, NS as to fat",Vegetables,Balanced Moderate,1,7.6,73.8,18.6,0.9,0.87
"Rice, white, with tomatoes and/or tomato-based sauce, no added fat",Vegetables,Balanced Moderate,1,9.1,88.2,2.7,0.9,0.89
"Rice, white, with tomatoes and/or tomato-based sauce, fat added",Vegetables,Balanced Moderate,1,7.6,73.8,18.6,0.9,0.87
"Rice, white, with dark green vegetables, NS as to fat",Grains & Bakery,Balanced Moderate,1,8.8,73.1,18.1,0.9,0.46
"Rice, white, with dark green vegetables, no added fat",Grains & Bakery,Balanced Moderate,1,10.5,87.0,2.6,1.0,0.47
"Rice, white, with dark green vegetables, fat added",Grains & Bakery,Balanced Moderate,1,8.8,73.1,18.1,0.9,0.46
"Rice, white, with carrots and tomatoes and/or tomato-based sauce, NS as to fat",Vegetables,Balanced Moderate,1,7.4,74.3,18.3,0.9,0.87
"Rice, white, with carrots and tomatoes and/or tomato-based sauce, no added fat",Vegetables,Balanced Moderate,1,8.8,88.8,2.4,1.0,0.89
"Rice, white, with carrots and tomatoes and/or tomato-based sauce, fat added",Vegetables,Balanced Moderate,1,7.4,74.3,18.3,0.9,0.87
"Rice, white, with dark green vegetables and tomatoes and/or tomato-based sauce, NS as to fat",Vegetables,Balanced Moderate,1,8.2,73.4,18.4,0.9,0.68
"Rice, white, with dark green vegetables and tomatoes and/or tomato-based sauce, no added fat",Vegetables,Balanced Moderate,1,9.8,87.6,2.6,0.9,0.69
"Rice, white, with dark green vegetables and tomatoes and/or tomato-based sauce, fat added",Vegetables,Balanced Moderate,1,8.2,73.4,18.4,0.9,0.68
"Rice, white, with carrots and dark green vegetables, NS as to fat",Grains & Bakery,Balanced Moderate,1,7.9,74.0,18.1,1.0,0.66
"Rice, white, with carrots and dark green vegetables, no added fat",Grains & Bakery,Balanced Moderate,1,9.4,88.1,2.4,1.0,0.68
"Rice, white, with carrots and dark green vegetables, fat added",Grains & Bakery,Balanced Moderate,1,7.9,74.0,18.1,1.0,0.66
"Rice, white, with carrots, dark green vegetables, and tomatoes and/or tomato-based sauce, NS as to fat",Vegetables,Balanced Moderate,1,8.1,73.8,18.1,1.0,0.77
"Rice, white, with carrots, dark green vegetables, and tomatoes and/or tomato-based sauce, no added fat",Vegetables,Balanced Moderate,1,9.4,88.1,2.5,1.0,0.75
"Rice, white, with carrots, dark green vegetables, and tomatoes and/or tomato-based sauce, fat added",Vegetables,Balanced Moderate,1,7.8,73.9,18.3,0.9,0.74
"Rice, white, with other vegetables, NS as to fat",Grains & Bakery,Balanced Moderate,1,7.6,74.6,17.9,0.8,0.97
"Rice, white, with other vegetables, no added fat",Grains & Bakery,Balanced Moderate,1,9.0,88.7,2.2,0.7,1.01
"Rice, white, with other vegetables, fat added",Grains & Bakery,Balanced Moderate,1,7.6,74.6,17.9,0.8,0.97
"Rice, white, with lentils, NS as to fat",Grains & Bakery,Low-Calorie / Beverages,5,14.5,56.7,28.7,4.1,1.29
"Rice, white, with lentils, fat added",Grains & Bakery,Low-Calorie / Beverages,5,14.5,56.7,28.7,4.1,1.29
"Rice, white, with lentils, no added fat",Grains & Bakery,Balanced Moderate,1,19.9,77.6,2.6,4.3,1.35
"Rice, cooked with coconut milk",Plant-based Alternatives,Low-Calorie / Beverages,5,5.2,38.5,56.3,1.9,3.34
Beans and brown rice,Grains & Bakery,Low-Calorie / Beverages,5,16.0,59.3,24.8,4.2,0.28
Kidney beans and brown rice,Meat & Poultry,Low-Calorie / Beverages,5,15.1,58.6,26.3,4.8,0.27
Black beans and brown rice,Grains & Bakery,Low-Calorie / Beverages,5,15.2,58.9,26.0,5.5,0.27
Pinto beans and brown rice,Grains & Bakery,Low-Calorie / Beverages,5,14.8,59.9,25.3,5.7,0.28
"Rice, brown, with corn, NS as to fat",Grains & Bakery,Balanced Moderate,1,8.1,73.0,18.8,1.7,0.84
"Rice, brown, with corn, no added fat",Grains & Bakery,Balanced Moderate,1,9.3,83.6,7.0,1.8,0.86
"Rice, brown, with corn, fat added",Grains & Bakery,Balanced Moderate,1,8.1,73.0,18.8,1.7,0.84
"Rice, brown, with peas, NS as to fat",Grains & Bakery,Balanced Moderate,1,10.0,71.3,18.7,2.2,1.1
"Rice, brown, with peas, no added fat",Grains & Bakery,Balanced Moderate,1,11.5,81.9,6.6,2.2,1.12
"Rice, brown, with peas, fat added",Grains & Bakery,Balanced Moderate,1,10.0,71.3,18.7,2.2,1.1
"Rice, brown, with carrots, NS as to fat",Grains & Bakery,Balanced Moderate,1,7.7,72.4,20.0,1.9,0.9
"Rice, brown, with carrots, no added fat",Grains & Bakery,Balanced Moderate,1,8.9,84.2,6.9,1.9,0.91
"Rice, brown, with carrots, fat added",Grains & Bakery,Balanced Moderate,1,7.7,72.4,20.0,1.9,0.9
"Rice, brown, with peas and carrots, NS as to fat",Grains & Bakery,Balanced Moderate,1,8.8,71.5,19.7,2.0,1.07
"Rice, brown, with peas and carrots, no added fat",Grains & Bakery,Balanced Moderate,1,10.2,82.7,7.2,2.1,1.09
"Rice, brown, with peas and carrots, fat added",Grains & Bakery,Balanced Moderate,1,8.8,71.5,19.7,2.0,1.07
"Rice, brown, with tomatoes and/or tomato based sauce, NS as to fat",Vegetables,Balanced Moderate,1,8.1,71.3,20.6,1.7,0.89
"Rice, brown, with tomatoes and/or tomato based sauce, no added fat",Vegetables,Balanced Moderate,1,9.4,83.1,7.5,1.7,0.91
"Rice, brown, with tomatoes and/or tomato based sauce, fat added",Vegetables,Balanced Moderate,1,8.1,71.3,20.6,1.7,0.89
"Rice, brown, with dark green vegetables, NS as to fat",Grains & Bakery,Balanced Moderate,1,9.1,70.7,20.2,1.8,0.55
"Rice, brown, with dark green vegetables, no added fat",Grains & Bakery,Balanced Moderate,1,10.6,82.2,7.2,1.8,0.56
"Rice, brown, with dark green vegetables, fat added",Grains & Bakery,Balanced Moderate,1,9.1,70.7,20.2,1.8,0.55
"Rice, brown, with carrots and tomatoes and/or tomato-based sauce, NS as to fat",Vegetables,Balanced Moderate,1,7.9,71.8,20.3,1.7,0.9
"Rice, brown, with carrots and tomatoes and/or tomato-based sauce, no added fat",Vegetables,Balanced Moderate,1,9.2,83.6,7.2,1.8,0.91
"Rice, brown, with carrots and tomatoes and/or tomato-based sauce, fat added",Vegetables,Balanced Moderate,1,7.9,71.8,20.3,1.7,0.9
"Rice, brown, with dark green vegetables and tomatoes and/or tomato-based sauce, NS as to fat",Vegetables,Balanced Moderate,1,8.6,71.0,20.4,1.7,0.73
"Rice, brown, with dark green vegetables and tomatoes and/or tomato-based sauce, no added fat",Vegetables,Balanced Moderate,1,10.0,82.7,7.3,1.7,0.74
"Rice, brown, with dark green vegetables and tomatoes and/or tomato-based sauce, fat added",Vegetables,Balanced Moderate,1,8.8,71.0,20.2,1.8,0.76
"Rice, brown, with carrots and dark green vegetables, NS as to fat",Grains & Bakery,Balanced Moderate,1,8.3,71.6,20.1,1.8,0.72
"Rice, brown, with carrots and dark green vegetables, no added fat",Grains & Bakery,Balanced Moderate,1,9.7,83.2,7.1,1.9,0.73
"Rice, brown, with carrots and dark green vegetables, fat added",Grains & Bakery,Balanced Moderate,1,8.3,71.6,20.1,1.8,0.72
Grape leaves stuffed with rice,Fruits,Low-Calorie / Beverages,5,5.3,32.2,62.5,3.1,2.78
"Rice, brown, with carrots, dark green vegetables, and tomatoes and/or tomato-based sauce, NS as to fat",Vegetables,Balanced Moderate,1,8.3,71.5,20.3,1.8,0.78
"Rice, brown, with carrots, dark green vegetables, and tomatoes and/or tomato-based sauce, no added fat",Vegetables,Balanced Moderate,1,9.6,83.2,7.2,1.8,0.8
"Rice, brown, with carrots, dark green vegetables, and tomatoes and/or tomato-based sauce, fat added",Vegetables,Balanced Moderate,1,8.3,71.5,20.3,1.8,0.78
"Rice, brown, with other vegetables, NS as to fat",Grains & Bakery,Balanced Moderate,1,8.1,72.1,19.9,1.6,1.0
"Rice, brown, with other vegetables, no added fat",Grains & Bakery,Balanced Moderate,1,9.4,83.7,6.9,1.6,1.02
"Rice, brown, with other vegetables, fat added",Grains & Bakery,Balanced Moderate,1,8.1,72.1,19.9,1.6,1.0
Rice croquette,Grains & Bakery,Low-Calorie / Beverages,5,9.0,52.5,38.6,0.9,0.64
"Stuffed pepper, with meat",Vegetables,High-Carb / Sugary,0,18.9,8.4,72.7,1.1,1.59
"Stuffed pepper, with rice and meat",Vegetables,High-Carb / Sugary,0,18.0,22.4,59.6,1.0,2.24
"Stuffed pepper, with rice, meatless",Plant-based Alternatives,High-Carb / Sugary,0,9.3,28.9,61.7,1.2,1.51
"Stuffed tomato, with rice and meat",Vegetables,Low-Calorie / Beverages,5,19.1,39.7,41.1,1.0,2.05
"Stuffed tomato, with rice, meatless",Plant-based Alternatives,Balanced Moderate,1,8.2,66.9,24.9,1.2,2.27
Rice pilaf,Grains & Bakery,Balanced Moderate,1,9.6,70.4,19.9,0.4,0.48
Dirty rice,Grains & Bakery,Balanced Moderate,1,18.7,62.9,18.4,0.6,0.87
Flavored rice mixture,Grains & Bakery,Low-Calorie / Beverages,5,6.0,63.4,30.6,0.4,0.56
Flavored rice mixture with cheese,Dairy & Eggs,Balanced Moderate,1,9.7,81.6,8.7,0.6,1.8
"Flavored rice, brown and wild",Grains & Bakery,Balanced Moderate,1,10.3,71.8,17.9,1.2,0.38
Flavored rice and pasta mixture,Grains & Bakery,Balanced Moderate,1,9.0,64.5,26.5,0.3,0.18
"Flavored rice and pasta mixture, reduced sodium",Grains & Bakery,Low-Calorie / Beverages,5,9.4,62.7,27.9,0.6,0.76
"Spanish rice, from restaurant",Grains & Bakery,Balanced Moderate,1,7.1,67.2,25.7,1.2,1.3
"Spanish rice, fat added",Grains & Bakery,Balanced Moderate,1,10.1,69.2,20.7,1.2,1.55
"Spanish rice, no added fat",Grains & Bakery,Balanced Moderate,1,11.6,79.3,9.0,1.2,1.57
"Spanish rice, NS as to fat",Grains & Bakery,Balanced Moderate,1,10.1,69.2,20.7,1.2,1.55
Spanish rice with ground beef,Meat & Poultry,Low-Calorie / Beverages,5,24.2,36.9,38.8,0.9,1.17
Rice dressing,Grains & Bakery,Balanced Moderate,1,7.4,65.2,27.4,0.6,0.71
Rice with raisins,Grains & Bakery,Balanced Moderate,1,6.5,79.2,14.3,0.8,6.49
Rice dessert or salad with fruit,Fruits,Low-Calorie / Beverages,5,4.1,53.4,42.4,0.8,10.7
"Rice, white, with cheese and/or cream based sauce, NS as to fat",Dairy & Eggs,Low-Calorie / Beverages,5,12.6,48.8,38.6,0.3,0.1
"Rice, white, with cheese and/or cream based sauce, no added fat",Dairy & Eggs,Low-Calorie / Beverages,5,14.1,54.5,31.4,0.3,0.1
"Rice, white, with cheese and/or cream based sauce, fat added",Dairy & Eggs,Low-Calorie / Beverages,5,12.6,48.8,38.6,0.3,0.1
"Rice, white, with gravy, NS as to fat",Grains & Bakery,Balanced Moderate,1,6.9,69.8,23.2,0.3,0.13
"Rice, white, with gravy, no added fat",Grains & Bakery,Balanced Moderate,1,8.1,82.2,9.6,0.3,0.13
"Rice, white, with gravy, fat added",Grains & Bakery,Balanced Moderate,1,6.9,69.8,23.2,0.3,0.13
"Rice, white, with soy-based sauce, NS as to fat",Grains & Bakery,Balanced Moderate,1,7.1,75.6,17.3,0.3,1.28
"Rice, white, with soy-based sauce, no added fat",Grains & Bakery,Balanced Moderate,1,8.3,89.1,2.6,0.3,1.31
"Rice, white, with soy-based sauce, fat added",Grains & Bakery,Balanced Moderate,1,7.1,75.6,17.3,0.3,1.28
"Rice, brown, with cheese and/or cream based sauce, NS as to fat",Dairy & Eggs,Low-Calorie / Beverages,5,12.5,49.4,38.1,1.1,0.22
"Rice, brown, with cheese and/or cream based sauce, no added fat",Dairy & Eggs,Low-Calorie / Beverages,5,13.8,54.6,31.6,1.2,0.22
"Rice, brown, with cheese and/or cream based sauce, fat added",Dairy & Eggs,Low-Calorie / Beverages,5,12.5,49.4,38.1,1.1,0.22
"Rice, brown, with gravy, NS as to fat",Grains & Bakery,Balanced Moderate,1,7.5,68.1,24.5,1.1,0.25
"Rice, brown, with gravy, no added fat",Grains & Bakery,Balanced Moderate,1,8.6,78.5,13.0,1.2,0.26
"Rice, brown, with gravy, fat added",Grains & Bakery,Balanced Moderate,1,7.5,68.1,24.5,1.1,0.25
"Rice, brown, with soy-based sauce, NS as to fat",Grains & Bakery,Balanced Moderate,1,7.6,73.1,19.3,1.1,1.25
"Rice, brown, with soy-based sauce, no added fat",Grains & Bakery,Balanced Moderate,1,8.7,84.3,7.0,1.2,1.27
"Rice, brown, with soy-based sauce, fat added",Grains & Bakery,Balanced Moderate,1,7.6,73.1,19.3,1.1,1.25
"Rice, white, with vegetables, cheese and/or cream based sauce, NS as to fat",Dairy & Eggs,Low-Calorie / Beverages,5,13.0,51.7,35.3,1.1,0.7
"Rice, white, with vegetables, cheese and/or cream based sauce, no added fat",Dairy & Eggs,Low-Calorie / Beverages,5,14.4,57.1,28.5,1.1,0.71
"Rice, white, with vegetables, cheese and/or cream based sauce, fat added",Dairy & Eggs,Low-Calorie / Beverages,5,13.0,51.7,35.3,1.1,0.7
"Rice, white, with vegetables and gravy, NS as to fat",Grains & Bakery,Balanced Moderate,1,8.2,71.2,20.6,1.1,0.73
"Rice, white, with vegetables and gravy, no added fat",Grains & Bakery,Balanced Moderate,1,9.5,81.9,8.6,1.1,0.74
"Rice, white, with vegetables and gravy, fat added",Grains & Bakery,Balanced Moderate,1,8.2,71.2,20.6,1.1,0.73
"Rice, white, with vegetables, soy-based sauce, NS as to fat",Grains & Bakery,Balanced Moderate,1,8.4,76.2,15.5,1.1,1.65
"Rice, white, with vegetables, soy-based sauce, no added fat",Grains & Bakery,Balanced Moderate,1,9.7,87.8,2.6,1.1,1.67
"Rice, white, with vegetables, soy-based sauce, fat added",Grains & Bakery,Balanced Moderate,1,8.4,76.2,15.5,1.1,1.65
"Rice, brown, with vegetables, cheese and/or cream based sauce, NS as to fat",Dairy & Eggs,Low-Calorie / Beverages,5,12.9,52.0,35.2,1.7,0.74
"Rice, brown, with vegetables, cheese and/or cream based sauce, no added fat",Dairy & Eggs,Low-Calorie / Beverages,5,14.1,56.9,29.0,1.7,0.74
"Rice, brown, with vegetables, cheese and/or cream based sauce, fat added",Dairy & Eggs,Low-Calorie / Beverages,5,12.9,52.0,35.2,1.7,0.74
"Rice, brown, with vegetables and gravy, NS as to fat",Grains & Bakery,Balanced Moderate,1,8.6,69.4,22.0,1.7,0.76
"Rice, brown, with vegetables and gravy, no added fat",Grains & Bakery,Balanced Moderate,1,9.7,78.7,11.6,1.7,0.77
"Rice, brown, with vegetables and gravy, fat added",Grains & Bakery,Balanced Moderate,1,8.6,69.4,22.0,1.7,0.76
"Rice, brown, with vegetables, soy-based sauce, NS as to fat",Grains & Bakery,Balanced Moderate,1,8.7,73.8,17.4,1.7,1.58
"Rice, brown, with vegetables, soy-based sauce, no added fat",Grains & Bakery,Balanced Moderate,1,9.9,83.8,6.4,1.7,1.6
"Rice, brown, with vegetables, soy-based sauce, fat added",Grains & Bakery,Balanced Moderate,1,8.7,73.8,17.4,1.7,1.58
"Upma, Indian breakfast dish",Other,Balanced Moderate,1,9.1,63.6,27.3,1.3,1.61
"Dosa (Indian), with filling",Other,Balanced Moderate,1,11.9,67.1,20.9,2.2,1.1
"Vada, fried dumpling",Other,Low-Calorie / Beverages,5,18.8,49.0,32.2,5.8,1.31
Tabbouleh,Other,High-Carb / Sugary,0,5.0,29.2,65.8,1.8,1.34
"Wrap sandwich, filled with vegetables",Fast Food & Prepared,Low-Calorie / Beverages,5,10.2,44.4,45.4,1.7,3.05
"Jelly sandwich, regular jelly, NFS",Fast Food & Prepared,Balanced Moderate,1,8.4,84.5,7.1,1.8,23.69
"Jelly sandwich, regular jelly, on white bread",Grains & Bakery,Balanced Moderate,1,8.4,84.5,7.1,1.8,23.69
"Jelly sandwich, regular jelly, on wheat bread",Grains & Bakery,Balanced Moderate,1,10.2,81.8,8.0,3.6,23.61
"Jelly sandwich, regular jelly, on whole wheat bread",Grains & Bakery,Balanced Moderate,1,10.2,81.8,8.0,3.6,23.61
"Jelly sandwich, reduced sugar jelly, on white bread",Grains & Bakery,Balanced Moderate,1,10.3,80.8,8.9,2.0,14.97
"Jelly sandwich, reduced sugar jelly, on wheat bread",Grains & Bakery,Balanced Moderate,1,12.5,77.5,10.0,3.8,14.89
"Jelly sandwich, reduced sugar jelly, on whole wheat bread",Grains & Bakery,Balanced Moderate,1,12.5,77.5,10.0,3.8,14.89
"Lasagna with cheese and meat sauce, diet frozen meal",Dairy & Eggs,Low-Calorie / Beverages,5,25.8,41.9,32.3,1.1,2.41
"Vegetable lasagna, frozen meal",Vegetables,Low-Calorie / Beverages,5,13.5,39.9,46.6,1.6,1.75
"Zucchini lasagna, diet frozen meal",Vegetables,Low-Calorie / Beverages,5,20.8,50.5,28.6,1.6,3.23
"Macaroni and cheese, diet frozen meal",Dairy & Eggs,Low-Calorie / Beverages,5,18.7,53.0,28.3,0.8,1.62
"Beef and noodles with meat sauce and cheese, diet frozen meal",Dairy & Eggs,Low-Calorie / Beverages,5,27.7,39.6,32.7,1.2,1.91
"Noodles with vegetables in tomato-based sauce, diet frozen meal",Vegetables,Balanced Moderate,1,19.0,61.2,19.8,1.7,2.68
"Spaghetti and meatballs dinner, NFS, frozen meal",Grains & Bakery,Low-Calorie / Beverages,5,19.7,53.3,27.0,1.5,2.88
"Spaghetti with meat and mushroom sauce, diet frozen meal",Vegetables,Low-Calorie / Beverages,5,21.0,57.2,21.8,1.6,2.82
"Spaghetti with meat sauce, diet frozen meal",Grains & Bakery,Low-Calorie / Beverages,5,19.7,53.3,27.0,1.5,2.88
"Ravioli, cheese-filled, with tomato sauce, diet frozen meal",Dairy & Eggs,Low-Calorie / Beverages,5,23.6,40.0,36.4,1.1,2.49
"Linguini with vegetables and seafood in white wine sauce, diet frozen meal",Beverages,Low-Calorie / Beverages,5,28.0,40.9,31.0,1.1,1.22
"Pasta with vegetable and cheese sauce, diet frozen meal",Dairy & Eggs,Balanced Moderate,1,17.8,59.2,23.0,1.4,1.05
"Beef enchilada dinner, NFS, frozen meal",Meat & Poultry,Low-Calorie / Beverages,5,16.2,53.8,30.0,2.2,0.48
"Beef enchilada, chili gravy, rice, refried beans, frozen meal",Meat & Poultry,Low-Calorie / Beverages,5,16.2,53.8,30.0,2.2,0.48
"Cheese enchilada, frozen meal",Dairy & Eggs,Low-Calorie / Beverages,5,18.0,43.7,38.3,3.0,5.06
"Sausage and french toast, frozen meal",Meat & Poultry,Low-Calorie / Beverages,5,21.3,33.5,45.2,0.7,5.81
"Pancakes and sausage, frozen meal",Meat & Poultry,Low-Calorie / Beverages,5,13.1,41.1,45.8,0.6,9.61
"Soup, NFS",Soups & Broths,Low-Calorie / Beverages,5,19.9,51.0,29.1,0.5,0.0
"Noodle soup, NFS",Grains & Bakery,Low-Calorie / Beverages,5,9.3,54.7,36.0,0.4,0.3
"Rice soup, NFS",Grains & Bakery,Balanced Moderate,1,10.9,68.4,20.7,0.5,0.12
"Barley soup, home recipe, canned, or ready-to-serve",Grains & Bakery,Balanced Moderate,1,21.8,61.5,16.7,0.9,1.22
"Barley soup, sweet, with or without nuts, Asian Style",Grains & Bakery,Balanced Moderate,1,6.2,72.3,21.5,0.9,9.22
"Beef noodle soup, canned or ready-to-serve",Meat & Poultry,Low-Calorie / Beverages,5,23.2,43.3,33.5,0.3,1.04
"Beef dumpling soup, home recipe, canned or ready-to-serve",Meat & Poultry,Balanced Moderate,1,24.0,60.9,15.1,0.6,0.67
"Beef rice soup, home recipe, canned or ready-to-serve",Meat & Poultry,Balanced Moderate,1,24.0,60.9,15.1,0.6,0.67
"Beef noodle soup, home recipe",Meat & Poultry,High-Protein,2,41.9,26.9,31.3,0.4,0.57
"Chicken or turkey noodle soup, canned or ready-to-serve",Meat & Poultry,Low-Calorie / Beverages,5,19.9,51.0,29.1,0.5,0.0
"Chicken or turkey noodle soup, home recipe",Meat & Poultry,Low-Calorie / Beverages,5,35.9,31.8,32.3,0.4,0.93
"Chicken or turkey noodle soup, cream of, home recipe, canned, or ready-to-serve",Meat & Poultry,Low-Calorie / Beverages,5,23.2,44.4,32.3,0.4,2.45
"Chicken or turkey noodle soup, reduced sodium, canned or ready-to-serve",Meat & Poultry,Low-Calorie / Beverages,5,32.4,37.9,29.7,0.8,0.34
"Noodle and potato soup, Puerto Rican style",Vegetables,Balanced Moderate,1,11.3,85.2,3.5,0.8,1.17
"Chicken or turkey rice soup, canned, or ready-to-serve",Meat & Poultry,Balanced Moderate,1,10.9,68.4,20.7,0.5,0.12
"Chicken or turkey rice soup, home recipe",Meat & Poultry,Low-Calorie / Beverages,5,33.8,36.6,29.6,0.3,0.84
"Chicken or turkey rice soup, reduced sodium, canned, prepared with water or ready-to-serve",Meat & Poultry,Balanced Moderate,1,13.9,62.7,23.4,0.4,0.4
"Chicken or turkey rice soup, reduced sodium, canned, prepared with milk",Dairy & Eggs,Low-Calorie / Beverages,5,20.5,49.8,29.8,0.4,2.87
"Rice and potato soup, Puerto Rican style",Vegetables,Balanced Moderate,1,7.4,67.4,25.1,0.5,0.36
Matzo ball soup,Soups & Broths,Low-Calorie / Beverages,5,17.4,51.7,30.8,0.5,0.91
"Chicken or turkey soup with dumplings and potatoes, home recipe, canned, or ready-to-serve",Meat & Poultry,Low-Calorie / Beverages,5,30.4,43.9,25.7,0.8,0.38
"Chicken or turkey soup with dumplings, home recipe, canned or ready-to-serve",Meat & Poultry,Low-Calorie / Beverages,5,30.4,43.9,25.7,0.8,0.38
"Instant soup, noodle",Grains & Bakery,Balanced Moderate,1,16.6,67.4,16.0,0.2,0.13
"Soup, mostly noodles",Soups & Broths,Low-Calorie / Beverages,5,9.3,54.7,36.0,0.4,0.3
"Soup, mostly noodles, reduced sodium",Soups & Broths,Balanced Moderate,1,12.5,81.1,6.4,0.4,0.13
"Instant soup, noodle with egg, shrimp or chicken",Dairy & Eggs,Low-Calorie / Beverages,5,9.3,54.7,36.0,0.4,0.3
Wonton soup,Soups & Broths,Balanced Moderate,1,26.3,66.3,7.4,0.2,0.34
"Noodle soup with vegetables, Asian style",Grains & Bakery,Balanced Moderate,1,10.3,74.8,14.8,1.4,1.37
"Noodle soup, with fish ball, shrimp, and dark green leafy vegetable",Seafood,Low-Calorie / Beverages,5,24.1,55.3,20.7,0.7,0.24
"Sopa seca, Mexican style, NFS",Fast Food & Prepared,Low-Calorie / Beverages,5,7.5,51.7,40.8,1.1,2.02
"Sopa Seca de Fideo, Mexican style, made with dry noodles, home recipe",Other,Low-Calorie / Beverages,5,8.9,47.1,44.0,1.3,2.24
"Sopa de Fideo Aguada, Mexican style noodle soup, home recipe",Grains & Bakery,Low-Calorie / Beverages,5,16.5,43.8,39.6,0.4,2.16
"Sopa seca de arroz, home recipe, Mexican style",Other,Low-Calorie / Beverages,5,6.2,55.4,38.4,1.0,1.7
"Sopa de tortilla, Mexican style tortilla soup, home recipe",Grains & Bakery,High-Carb / Sugary,0,16.5,25.5,58.0,0.7,2.15
"Macaroni, tomatoes, and beef, baby food, NS as to strained or junior",Infant Nutrition,Balanced Moderate,1,16.5,64.0,19.5,1.2,2.26
"Macaroni, tomatoes, and beef, baby food, strained",Infant Nutrition,Balanced Moderate,1,15.6,62.5,21.9,1.2,2.09
"Macaroni, tomatoes, and beef, baby food, junior",Infant Nutrition,Balanced Moderate,1,17.4,65.4,17.2,1.1,2.43
"Macaroni with beef and tomato sauce, baby food, toddler",Infant Nutrition,Low-Calorie / Beverages,5,21.5,57.2,21.2,1.1,0.37
"Macaroni and cheese, baby food, strained",Infant Nutrition,Low-Calorie / Beverages,5,17.9,53.3,28.8,0.5,1.3
"Macaroni and cheese, baby food, toddler",Infant Nutrition,Low-Calorie / Beverages,5,17.0,54.5,28.5,0.5,0.79
"Spaghetti, tomato sauce, and beef, baby food, junior",Infant Nutrition,Balanced Moderate,1,15.1,66.9,18.1,1.1,2.72
"Ravioli, cheese-filled, with tomato sauce, baby food, toddler",Infant Nutrition,Balanced Moderate,1,14.5,65.6,19.9,0.1,0.59
"Macaroni with vegetables, baby food, strained",Infant Nutrition,Low-Calorie / Beverages,5,11.5,56.7,31.9,1.5,1.2
"Meat substitute, cereal- and vegetable protein-based, fried",Vegetables,High-Fiber / Plant-based,4,12.7,69.5,17.8,9.0,0.5
"Clementine, raw",Fruits,Balanced Moderate,1,5.5,89.8,4.7,1.8,10.58
"Grapefruit, raw",Fruits,Balanced Moderate,1,6.6,90.8,2.7,1.6,6.89
"Grapefruit, canned",Fruits,Balanced Moderate,1,5.8,91.9,2.3,0.4,8.75
"Kumquat, raw",Other,Balanced Moderate,1,9.5,80.6,9.8,6.5,9.36
"Lemon, raw",Fruits,Balanced Moderate,1,9.9,84.0,6.1,2.8,2.5
Lemon pie filling,Fruits,High-Fat / Oils,3,5.3,77.5,17.1,0.4,62.22
"Lime, raw",Fruits,Balanced Moderate,1,6.0,90.2,3.8,2.8,1.69
"Orange, raw",Fruits,Balanced Moderate,1,7.3,90.7,2.1,2.4,9.35
"Orange, canned, NFS",Fruits,Balanced Moderate,1,4.8,94.5,0.7,0.7,11.14
"Orange, canned, juice pack",Fruits,Balanced Moderate,1,6.0,93.3,0.7,0.7,8.87
"Orange, canned, in syrup",Fruits,Balanced Moderate,1,4.0,95.4,0.6,0.7,13.42
"Tangerine, raw",Fruits,Balanced Moderate,1,5.5,89.8,4.7,1.8,10.58
"Grapefruit juice, 100%, freshly squeezed",Fruits,Balanced Moderate,1,5.0,92.7,2.3,0.1,9.1
"Grapefruit juice, 100%, NS as to form",Fruits,Balanced Moderate,1,5.7,78.1,16.2,0.2,7.72
"Grapefruit juice, 100%, canned, bottled or in a carton",Fruits,Balanced Moderate,1,5.7,78.1,16.2,0.2,7.72
"Grapefruit juice, 100%, with calcium added",Fruits,Balanced Moderate,1,5.2,79.1,15.6,0.3,7.96
"Grapefruit juice,100%, frozen, reconstituted",Fruits,Balanced Moderate,1,5.2,92.0,2.8,0.1,9.55
"Lemon juice, 100%, NS as to form",Fruits,Balanced Moderate,1,4.5,88.6,6.9,0.3,2.52
"Lemon juice, 100%, freshly squeezed",Fruits,Balanced Moderate,1,4.5,88.6,6.9,0.3,2.52
"Lemon juice, 100%, canned or bottled",Fruits,Balanced Moderate,1,7.2,90.2,2.5,0.7,1.53
"Lime juice, 100%, NS as to form",Fruits,Balanced Moderate,1,4.7,93.6,1.8,0.4,1.69
"Lime juice, 100%, freshly squeezed",Fruits,Balanced Moderate,1,4.7,93.6,1.8,0.4,1.69
"Lime juice, 100%, canned or bottled",Fruits,Balanced Moderate,1,3.4,89.7,6.9,0.4,1.37
"Orange juice, 100%, NFS",Fruits,Balanced Moderate,1,5.5,92.3,2.2,0.3,8.31
"Orange juice, 100%,  freshly squeezed",Fruits,Balanced Moderate,1,6.1,90.0,3.9,0.2,8.4
"Orange juice, 100%, canned, bottled or in a carton",Fruits,Balanced Moderate,1,5.4,92.4,2.2,0.3,8.31
"Orange juice, 100%, with calcium added, canned, bottled or in a carton",Fruits,Balanced Moderate,1,5.6,92.2,2.2,0.3,8.31
"Orange juice, 100%, frozen, reconstituted",Fruits,Balanced Moderate,1,6.3,92.3,1.4,0.3,8.47
"Orange juice, 100%, frozen, not reconstituted",Fruits,High-Fat / Oils,3,6.3,92.2,1.5,1.0,29.68
"Orange juice, 100%, with calcium added, frozen, reconstituted",Fruits,Balanced Moderate,1,6.5,92.0,1.5,0.3,8.48
"Tangerine juice, 100%",Fruits,Balanced Moderate,1,4.5,91.4,4.1,0.2,9.9
"Fruit juice blend, citrus, 100% juice",Fruits,Balanced Moderate,1,3.2,95.4,1.4,0.2,10.57
"Fruit juice blend, citrus, 100% juice, with calcium added",Fruits,Balanced Moderate,1,5.6,92.2,2.2,0.3,8.31
"Fruit mixture, dried",Fruits,High-Fat / Oils,3,2.8,95.5,1.7,4.8,66.33
"Apple, dried",Fruits,High-Fat / Oils,3,1.4,97.6,1.1,8.7,57.19
"Apricot, dried",Fruits,High-Fat / Oils,3,5.0,93.2,1.7,7.3,53.44
"Blueberries, dried",Other,High-Fat / Oils,3,2.8,90.8,6.4,7.5,67.5
"Cherries, dried",Other,High-Fat / Oils,3,1.5,96.5,2.0,2.5,67.15
Banana chips,Fruits,High-Fiber / Plant-based,4,1.7,42.8,55.5,7.7,35.34
"Currants, dried",Other,High-Fat / Oils,3,4.2,95.1,0.6,4.4,62.28
"Cranberries, dried",Other,High-Fat / Oils,3,0.2,96.9,2.9,5.3,72.56
Date,Fruits,High-Fat / Oils,3,3.1,95.8,1.1,8.0,63.35
"Fig, dried",Fruits,High-Fat / Oils,3,4.8,92.2,3.0,9.8,47.9
"Mango, dried",Fruits,High-Fat / Oils,3,2.9,93.9,3.2,2.4,66.27
"Papaya, dried",Fruits,High-Fat / Oils,3,1.6,96.0,2.4,4.5,67.55
"Peach, dried",Fruits,High-Fat / Oils,3,5.4,92.0,2.6,8.2,41.74
"Pear, dried",Fruits,High-Fat / Oils,3,2.6,95.5,1.9,7.5,62.2
"Persimmon, dried",Fruits,High-Fat / Oils,3,1.6,96.9,1.5,9.6,80.06
"Pineapple, dried",Fruits,High-Fat / Oils,3,1.7,97.0,1.3,3.7,72.94
"Prune, dried",Fruits,High-Fat / Oils,3,3.3,95.5,1.3,7.1,38.13
Raisins,Other,High-Fat / Oils,3,4.0,95.4,0.7,4.5,65.18
"Tamarind, dried",Fruits,High-Fat / Oils,3,3.6,94.6,1.8,4.6,44.9
"Fruit, NFS",Fruits,Balanced Moderate,1,4.4,92.6,3.0,2.1,10.77
"Fruit, pickled",Fruits,Balanced Moderate,1,3.4,93.3,3.3,1.4,13.68
"Apple, raw",Fruits,Balanced Moderate,1,1.8,95.6,2.6,2.4,10.39
"Applesauce, regular",Other,Balanced Moderate,1,0.9,97.0,2.1,1.2,14.67
"Applesauce, unsweetened",Other,Balanced Moderate,1,1.5,96.6,1.9,1.1,9.39
"Applesauce, flavored",Other,Balanced Moderate,1,0.9,97.0,2.1,1.2,14.67
Apple pie filling,Fruits,Balanced Moderate,1,0.4,98.8,0.9,1.0,13.8
"Apple, baked",Fruits,Balanced Moderate,1,1.1,76.0,22.9,2.5,18.99
"Apricot, raw",Fruits,Balanced Moderate,1,10.4,83.0,6.5,2.0,9.24
"Apricot, canned",Fruits,Balanced Moderate,1,4.4,93.1,2.6,1.5,12.39
"Avocado, raw",Fruits,High-Carb / Sugary,0,4.6,19.6,75.8,6.7,0.66
"Banana, raw",Fruits,Balanced Moderate,1,4.4,92.6,3.0,2.6,12.23
"Banana, fried",Fruits,Balanced Moderate,1,2.9,79.3,17.8,2.8,20.94
"Cantaloupe, raw",Fruits,Balanced Moderate,1,8.7,86.9,4.3,0.8,7.88
"Starfruit, raw",Fruits,Balanced Moderate,1,12.2,79.1,8.7,2.8,3.98
"Cassaba melon, raw",Fruits,Balanced Moderate,1,14.0,83.1,2.8,0.9,5.69
"Cherries, maraschino",Other,High-Fat / Oils,3,0.5,98.4,1.1,3.2,38.77
Cherry pie filling,Fruits,Balanced Moderate,1,1.9,91.5,6.6,0.9,24.96
"Cherries, raw",Other,Balanced Moderate,1,6.1,91.4,2.6,2.1,12.82
"Cherries, canned",Other,Balanced Moderate,1,3.6,94.8,1.6,1.4,17.42
"Cherries, frozen",Other,Balanced Moderate,1,6.1,91.4,2.6,2.1,12.82
"Fig, raw",Fruits,Balanced Moderate,1,3.6,93.1,3.3,2.9,16.26
"Fig, canned",Fruits,Balanced Moderate,1,2.7,94.6,2.6,2.2,17.18
"Grapes, raw",Other,Balanced Moderate,1,3.8,94.4,1.9,0.9,15.48
"Guava, raw",Fruits,Balanced Moderate,1,13.4,75.3,11.2,5.4,8.92
"Kiwi fruit, raw",Fruits,Balanced Moderate,1,6.6,87.2,6.2,3.0,8.99
Lychee,Fruits,Balanced Moderate,1,4.5,90.1,5.4,1.3,15.23
"Honeydew melon, raw",Fruits,Balanced Moderate,1,5.4,91.4,3.2,0.8,8.12
"Mango, raw",Fruits,Balanced Moderate,1,4.9,89.9,5.1,1.6,13.66
"Mango, canned",Fruits,Balanced Moderate,1,3.5,92.6,3.9,1.2,15.24
"Mango, frozen",Fruits,Balanced Moderate,1,4.9,89.9,5.1,1.6,13.66
"Nectarine, raw",Fruits,Balanced Moderate,1,9.8,84.5,5.8,1.5,7.89
"Papaya, raw",Fruits,Balanced Moderate,1,4.0,91.1,4.9,1.7,7.82
"Papaya, canned",Fruits,Balanced Moderate,1,2.5,94.1,3.4,1.3,10.86
"Passion fruit, raw",Fruits,High-Fiber / Plant-based,4,8.1,86.1,5.8,10.4,11.2
"Peach, raw",Fruits,Balanced Moderate,1,7.8,86.9,5.2,1.5,8.39
"Peach, canned, NFS",Fruits,Balanced Moderate,1,3.4,95.0,1.6,1.2,10.65
"Peach, canned, in syrup",Fruits,Balanced Moderate,1,2.8,95.9,1.3,1.2,12.41
"Peach, canned, juice pack",Fruits,Balanced Moderate,1,4.1,93.8,2.1,1.2,8.89
"Peach, frozen",Fruits,Balanced Moderate,1,7.8,86.9,5.2,1.5,8.39
"Pear, raw",Fruits,Balanced Moderate,1,2.3,95.8,2.0,3.1,9.75
"Pear, Asian, raw",Fruits,Balanced Moderate,1,4.3,91.3,4.4,3.6,7.05
"Pear, canned, NFS",Fruits,Balanced Moderate,1,1.4,97.6,1.0,1.5,11.81
"Pear, canned, in syrup",Fruits,Balanced Moderate,1,1.2,98.1,0.7,1.5,13.6
"Pear, canned, juice pack",Fruits,Balanced Moderate,1,1.9,96.8,1.3,1.5,10.03
"Persimmon, raw",Fruits,Balanced Moderate,1,3.0,94.9,2.2,3.6,12.53
"Pineapple, raw",Fruits,Balanced Moderate,1,3.9,94.2,1.9,1.4,9.85
"Pineapple, canned, NFS",Fruits,Balanced Moderate,1,2.9,95.3,1.8,0.7,13.07
"Pineapple, canned, in syrup",Fruits,Balanced Moderate,1,2.5,96.0,1.5,0.7,14.88
"Pineapple, canned, juice pack",Fruits,Balanced Moderate,1,3.4,94.5,2.1,0.8,11.26
"Pineapple, frozen",Fruits,Balanced Moderate,1,3.9,94.2,1.9,1.4,9.85
"Plum, raw",Fruits,Balanced Moderate,1,5.5,89.6,4.9,1.4,9.92
"Plum, canned",Fruits,Balanced Moderate,1,3.6,92.9,3.5,1.0,12.43
"Pomegranate, raw",Fruits,Balanced Moderate,1,7.3,81.3,11.4,4.0,13.67
Rhubarb,Other,Balanced Moderate,1,4.3,93.0,2.6,1.6,14.4
Tamarind,Fruits,High-Fat / Oils,3,4.2,93.8,2.0,5.1,38.8
"Watermelon, raw",Fruits,Balanced Moderate,1,7.2,88.8,4.0,0.4,6.2
"Berries, NFS",Fast Food & Prepared,Balanced Moderate,1,6.2,87.5,6.3,2.1,6.41
"Blackberries, raw",Other,Balanced Moderate,1,11.5,79.4,9.1,5.3,4.88
"Blackberries, frozen",Other,Balanced Moderate,1,6.6,87.9,5.4,5.0,10.67
"Blueberries, raw",Other,Balanced Moderate,1,4.6,90.7,4.6,2.4,9.96
"Bluberries, canned",Other,Balanced Moderate,1,4.2,92.1,3.7,2.6,17.45
"Blueberries, frozen",Other,Balanced Moderate,1,3.0,86.7,10.3,2.7,8.45
Blueberry pie filling,Fruits,High-Fat / Oils,3,0.9,98.1,1.0,2.6,37.75
"Cranberries, raw",Other,Balanced Moderate,1,3.6,94.1,2.3,3.6,4.27
Cranberry sauce,Fruits,High-Fat / Oils,3,2.2,97.0,0.8,1.1,31.75
"Raspberries, raw",Other,Balanced Moderate,1,8.2,81.8,10.0,6.5,4.42
"Raspberries, frozen",Other,Balanced Moderate,1,8.2,81.8,10.0,6.5,4.42
"Strawberries, raw",Other,Balanced Moderate,1,7.4,85.1,7.5,2.0,4.89
"Strawberries, canned",Other,Balanced Moderate,1,2.3,95.4,2.4,1.7,21.83
"Strawberries, frozen",Other,Balanced Moderate,1,4.4,93.1,2.5,2.1,4.56
Ambrosia,Other,Balanced Moderate,1,4.7,84.1,11.2,2.3,11.62
"Fruit salad, fresh or raw,  excluding citrus fruits, no dressing",Fruits,Balanced Moderate,1,4.7,91.8,3.5,1.7,9.49
"Fruit salad, fresh or raw, including citrus fruits, no dressing",Fruits,Balanced Moderate,1,5.2,91.5,3.3,1.9,9.46
"Fruit cocktail, canned, NFS",Fruits,Balanced Moderate,1,2.8,96.0,1.2,0.9,13.08
"Fruit cocktail, canned, in syrup",Fruits,Balanced Moderate,1,2.4,96.7,1.0,0.9,14.89
"Fruit cocktail, canned, juice pack",Fruits,Balanced Moderate,1,3.3,95.2,1.6,0.9,11.27
"Fruit mixture, frozen",Fruits,Balanced Moderate,1,5.7,90.4,3.9,1.5,8.87
Apple salad with dressing,Fruits,High-Carb / Sugary,0,3.3,27.0,69.7,2.1,8.89
"Apple, candied",Fruits,Balanced Moderate,1,3.7,82.7,13.5,1.8,24.17
"Fruit, chocolate covered",Fruits,Low-Calorie / Beverages,5,3.9,54.4,41.6,2.8,15.68
"Fruit salad, excluding citrus fruits, with salad dressing or mayonnaise",Fruits,High-Carb / Sugary,0,3.1,22.0,74.9,1.9,8.7
"Fruit salad, excluding citrus fruits, with whipped cream",Dairy & Eggs,Low-Calorie / Beverages,5,5.5,37.1,57.4,2.1,9.78
"Fruit salad, excluding citrus fruits, with nondairy whipped topping",Dairy & Eggs,Low-Calorie / Beverages,5,5.5,45.3,49.2,2.2,11.67
"Fruit salad, excluding citrus fruits, with marshmallows",Fruits,High-Carb / Sugary,0,3.1,27.9,69.1,1.8,11.56
"Fruit salad, including citrus fruits, with pudding",Fruits,Low-Calorie / Beverages,5,6.2,53.0,40.8,2.1,11.97
"Fruit salad, excluding citrus fruits, with pudding",Fruits,Low-Calorie / Beverages,5,5.9,53.3,40.8,1.8,12.13
"Fruit salad, including citrus fruits, with salad dressing or mayonnaise",Fruits,High-Carb / Sugary,0,3.3,21.8,74.9,2.1,8.6
"Fruit salad, including citrus fruit, with whipped cream",Dairy & Eggs,Low-Calorie / Beverages,5,5.8,36.9,57.3,2.3,9.65
"Fruit salad, including citrus fruits, with nondairy whipped topping",Dairy & Eggs,Low-Calorie / Beverages,5,5.8,45.1,49.1,2.4,11.49
"Fruit salad, including citrus fruits, with marshmallows",Fruits,High-Carb / Sugary,0,3.2,27.8,69.0,2.0,11.42
Lime souffle,Fruits,High-Fat / Oils,3,10.8,48.9,40.3,1.3,37.42
"Guacamole, NFS",Fruits,High-Carb / Sugary,0,4.6,20.0,75.4,6.5,0.72
Guacamole with tomatoes,Fruits,High-Carb / Sugary,0,4.7,20.5,74.7,6.1,0.87
Chutney,Other,High-Fat / Oils,3,0.5,99.2,0.2,1.0,42.68
Pineapple salad with dressing,Fruits,Low-Calorie / Beverages,5,2.3,47.0,50.7,1.3,8.94
"Soup, fruit",Fruits,Balanced Moderate,1,7.0,89.3,3.7,0.8,5.87
Frozen fruit juice bar,Fruits,Balanced Moderate,1,3.1,96.4,0.5,0.5,22.6
"Frozen fruit juice bar, no sugar added",Fruits,Balanced Moderate,1,1.6,98.1,0.3,0.1,3.12
Sorbet,Dairy & Eggs,Balanced Moderate,1,2.8,96.8,0.4,0.5,25.78
"Fruit juice, NFS",Fruits,Balanced Moderate,1,1.2,96.7,2.1,0.2,10.92
"Fruit juice blend, 100% juice",Fruits,Balanced Moderate,1,1.2,96.7,2.1,0.2,10.92
"Cranberry juice blend, 100% juice",Fruits,Balanced Moderate,1,1.2,96.7,2.1,0.2,10.92
"Cranberry juice blend, 100% juice, with calcium added",Fruits,Balanced Moderate,1,2.4,95.3,2.4,0.1,9.8
Apple cider,Fruits,Balanced Moderate,1,0.9,96.6,2.5,0.2,9.62
"Apple juice, 100%",Fruits,Balanced Moderate,1,0.9,96.6,2.5,0.2,9.62
"Apple juice, 100%, with calcium added",Fruits,Balanced Moderate,1,1.0,95.8,3.2,0.3,9.47
"Blackberry juice, 100%",Fruits,Balanced Moderate,1,3.2,82.5,14.3,0.1,7.7
Blueberry juice,Fruits,Balanced Moderate,1,4.6,90.8,4.6,1.6,6.47
"Cranberry juice, 100%, not a blend",Fruits,Balanced Moderate,1,3.0,94.7,2.3,0.1,12.1
"Grape juice, 100%",Fruits,Balanced Moderate,1,2.4,95.7,1.9,0.2,14.2
"Grape juice, 100%, with calcium added",Fruits,Balanced Moderate,1,2.4,95.7,1.9,0.2,14.2
"Papaya juice, 100%",Fruits,Balanced Moderate,1,1.1,96.6,2.2,0.6,13.91
"Passion fruit juice, 100%",Fruits,Balanced Moderate,1,2.8,96.4,0.8,0.2,13.4
"Pineapple juice, 100%",Fruits,Balanced Moderate,1,2.7,95.3,2.0,0.2,9.98
"Pomegranate juice, 100%",Fruits,Balanced Moderate,1,1.1,94.2,4.7,0.1,12.65
"Prune juice, 100%",Fruits,Balanced Moderate,1,3.4,96.3,0.4,1.0,16.45
"Strawberry juice, 100%",Fruits,Balanced Moderate,1,3.2,82.5,14.3,0.1,7.7
"Watermelon juice, 100%",Fruits,Balanced Moderate,1,7.2,88.8,4.0,0.4,6.2
"Fruit smoothie, with whole fruit, no dairy",Fruits,Balanced Moderate,1,4.5,91.3,4.2,1.7,8.2
"Fruit smoothie, with whole fruit, no dairy, added protein",Fruits,Balanced Moderate,1,31.8,64.0,4.2,1.8,7.6
"Fruit smoothie, with whole fruit, non-dairy",Fruits,Balanced Moderate,1,9.6,76.5,13.9,1.3,4.97
"Fruit smoothie juice drink, no dairy",Fruits,Balanced Moderate,1,4.7,92.8,2.5,1.2,7.67
"Fruit smoothie, light",Fruits,Balanced Moderate,1,19.3,70.5,10.2,1.1,7.01
"Fruit smoothie, bottled",Fruits,Balanced Moderate,1,3.8,91.5,4.8,0.6,10.05
"Fruit nectar, NFS",Fruits,Balanced Moderate,1,0.8,98.2,1.0,0.3,12.45
Apricot nectar,Fruits,Balanced Moderate,1,1.1,92.0,6.8,0.1,12.79
Banana nectar,Fruits,Balanced Moderate,1,2.0,96.2,1.8,0.9,14.26
Cantaloupe nectar,Fruits,Balanced Moderate,1,2.0,96.4,1.5,0.3,15.55
Guava nectar,Fruits,Balanced Moderate,1,2.2,96.7,1.1,1.2,10.15
Mango nectar,Fruits,Balanced Moderate,1,0.8,98.2,1.0,0.3,12.45
Peach nectar,Fruits,Balanced Moderate,1,0.8,89.4,9.9,0.1,12.08
Papaya nectar,Fruits,Balanced Moderate,1,1.1,96.6,2.2,0.6,13.91
Passion fruit nectar,Fruits,Balanced Moderate,1,0.9,98.3,0.8,0.1,17.34
Pear nectar,Fruits,Balanced Moderate,1,0.7,99.2,0.1,0.6,15.16
"Soursop, nectar",Beverages,Balanced Moderate,1,0.7,96.8,2.5,0.1,13.07
Vinegar,Condiments & Sauces,Balanced Moderate,1,0.0,100.0,0.0,0.0,0.4
"Fruit, baby food, NFS",Infant Nutrition,Balanced Moderate,1,1.7,94.3,3.9,1.7,9.87
"Fruit bar, with added vitamin C, baby food, toddler",Infant Nutrition,High-Fat / Oils,3,1.0,92.9,6.1,2.0,68.65
"Tropical fruit medley, baby food, strained",Infant Nutrition,Balanced Moderate,1,2.4,95.1,2.5,1.3,9.78
"Apples, baby food, toddler",Infant Nutrition,Balanced Moderate,1,1.5,92.0,6.4,1.9,10.48
"Apple-raspberry, baby food, NS as to strained or junior",Infant Nutrition,Balanced Moderate,1,1.2,96.1,2.7,2.0,12.17
"Apple-raspberry, baby food, strained",Infant Nutrition,Balanced Moderate,1,1.2,96.0,2.8,2.1,12.96
"Apple-raspberry, baby food, junior",Infant Nutrition,Balanced Moderate,1,1.2,96.1,2.7,2.0,10.9
"Applesauce, baby food, NS as to strained or junior",Infant Nutrition,Balanced Moderate,1,0.9,97.0,2.1,1.7,9.18
"Applesauce, baby food, strained",Infant Nutrition,Balanced Moderate,1,1.7,94.3,3.9,1.7,9.87
"Applesauce, baby food, junior",Infant Nutrition,Balanced Moderate,1,0.0,100.0,0.0,1.7,8.48
"Applesauce and apricots, baby food, NS as to strained or junior",Infant Nutrition,Balanced Moderate,1,1.6,94.9,3.6,1.8,8.98
"Applesauce and apricots, baby food, strained",Infant Nutrition,Balanced Moderate,1,1.6,94.7,3.7,1.8,9.25
"Applesauce and apricots, baby food, junior",Infant Nutrition,Balanced Moderate,1,1.5,95.0,3.4,1.8,8.72
"Applesauce with bananas, baby food, NS as to strained or junior",Infant Nutrition,Balanced Moderate,1,2.2,96.4,1.3,1.6,4.35
"Applesauce with bananas, baby food, strained",Infant Nutrition,Balanced Moderate,1,2.2,96.4,1.3,1.6,4.35
"Applesauce with bananas, baby food, junior",Infant Nutrition,Balanced Moderate,1,2.2,96.4,1.3,1.6,4.35
"Applesauce with cherries, baby food, strained",Infant Nutrition,Balanced Moderate,1,0.0,100.0,0.0,1.1,10.81
"Applesauce with cherries, baby food, junior",Infant Nutrition,Balanced Moderate,1,0.0,100.0,0.0,1.1,10.61
"Applesauce with cherries, baby food, NS as to strained or junior",Infant Nutrition,Balanced Moderate,1,0.0,100.0,0.0,1.1,10.71
"Bananas, baby food, strained",Infant Nutrition,Balanced Moderate,1,4.4,93.6,2.0,1.6,11.36
"Bananas with apples and pears, baby food, strained",Infant Nutrition,Balanced Moderate,1,4.3,93.3,2.4,1.4,12.76
"Bananas with orange, baby food, strained",Infant Nutrition,Balanced Moderate,1,4.9,95.1,0.0,2.1,14.27
"Banana with mixed berries, baby food, strained",Infant Nutrition,Balanced Moderate,1,4.4,92.1,3.5,1.0,15.0
"Peaches, baby food, NS as to strained or junior",Infant Nutrition,Balanced Moderate,1,5.8,89.6,4.6,1.3,11.5
"Peaches, baby food, strained",Infant Nutrition,Balanced Moderate,1,5.8,89.6,4.6,1.3,11.5
"Peaches, baby food, junior",Infant Nutrition,Balanced Moderate,1,5.8,89.6,4.6,1.3,11.5
"Peaches, baby food, toddler",Infant Nutrition,Balanced Moderate,1,3.9,92.5,3.5,0.8,9.49
"Pears, baby food, NS as to strained or junior",Infant Nutrition,Balanced Moderate,1,2.5,94.6,2.9,2.8,7.16
"Pears, baby food, strained",Infant Nutrition,Balanced Moderate,1,2.6,93.5,3.9,2.8,6.98
"Pears, baby food, junior",Infant Nutrition,Balanced Moderate,1,2.5,95.7,1.9,2.8,7.34
"Pears, baby food, toddler",Infant Nutrition,Balanced Moderate,1,2.1,96.3,1.6,1.2,8.66
"Prunes, baby food, strained",Infant Nutrition,Balanced Moderate,1,4.0,94.2,1.8,2.7,14.28
"Apples and pears, baby food, NS as to strained or junior",Infant Nutrition,Balanced Moderate,1,1.8,95.9,2.4,2.2,8.17
"Apples and pears, baby food, strained",Infant Nutrition,Balanced Moderate,1,2.2,93.9,3.9,2.2,8.43
"Apples and pears, baby food, junior",Infant Nutrition,Balanced Moderate,1,1.3,97.7,1.0,2.2,7.91
"Pears and pineapple, baby food, NS as to strained or junior",Infant Nutrition,Balanced Moderate,1,2.5,94.6,2.9,2.6,7.58
"Pears and pineapple, baby food, strained",Infant Nutrition,Balanced Moderate,1,2.6,95.4,2.0,2.6,7.79
"Pears and pineapple, baby food, junior",Infant Nutrition,Balanced Moderate,1,2.5,93.8,3.7,2.6,7.36
"Apple juice, baby food",Infant Nutrition,Balanced Moderate,1,0.0,98.1,1.9,0.1,10.7
"Apple juice, with added calcium, baby food",Infant Nutrition,Balanced Moderate,1,0.5,97.5,2.0,0.4,9.0
"Apple-fruit juice blend, baby food",Infant Nutrition,Balanced Moderate,1,1.1,97.7,1.2,0.1,10.58
"Apple-banana juice, baby food",Infant Nutrition,Balanced Moderate,1,1.6,96.7,1.8,0.2,11.0
"Apple-cherry juice, baby food",Infant Nutrition,Balanced Moderate,1,1.7,96.3,1.9,0.3,10.5
"Apple-grape juice, baby food",Infant Nutrition,Balanced Moderate,1,0.8,95.4,3.8,0.1,10.9
"Apple-peach juice, baby food",Infant Nutrition,Balanced Moderate,1,1.8,96.1,2.1,0.1,9.59
"Apple-prune juice, baby food",Infant Nutrition,Balanced Moderate,1,1.1,97.7,1.2,0.1,10.58
"Grape juice, baby food",Infant Nutrition,Balanced Moderate,1,0.0,100.0,0.0,0.0,15.3
"Mixed fruit juice, not citrus, baby food",Infant Nutrition,Balanced Moderate,1,0.8,97.3,1.9,0.1,8.46
"Mixed fruit juice, not citrus, with added calcium, baby food",Infant Nutrition,Balanced Moderate,1,1.5,96.8,1.7,0.4,10.6
"Orange juice, baby food",Infant Nutrition,Balanced Moderate,1,5.2,88.9,5.9,0.1,8.26
"Orange-apple-banana juice, baby food",Infant Nutrition,Balanced Moderate,1,3.3,94.8,1.9,0.1,10.03
"Pear juice, baby food",Infant Nutrition,Balanced Moderate,1,0.0,100.0,0.0,0.1,7.28
"Apple-sweet potato juice, baby food",Infant Nutrition,Balanced Moderate,1,2.5,95.6,1.9,0.5,9.6
"Orange-carrot juice, baby food",Infant Nutrition,Balanced Moderate,1,4.7,93.2,2.1,0.4,8.4
"Banana juice with lowfat yogurt, baby food",Infant Nutrition,Balanced Moderate,1,11.4,80.3,8.2,0.4,13.28
"Mixed fruit juice with lowfat yogurt, baby food",Infant Nutrition,Balanced Moderate,1,12.7,77.8,9.5,0.4,10.8
"Fruit juice and water drink, with high vitamin C and added calcium, baby food",Infant Nutrition,Balanced Moderate,1,0.0,100.0,0.0,0.0,6.12
"Plums, baby food, NS as to strained or junior",Infant Nutrition,Balanced Moderate,1,0.5,99.5,0.0,1.2,13.49
"Plums, baby food, strained",Infant Nutrition,Balanced Moderate,1,0.5,99.5,0.0,1.2,13.34
"Plums, baby food, junior",Infant Nutrition,Balanced Moderate,1,0.5,99.5,0.0,1.2,13.64
"Plums, bananas, and rice, baby food strained",Infant Nutrition,Balanced Moderate,1,7.6,87.7,4.7,1.3,9.3
"Prunes with oatmeal, baby food, strained",Infant Nutrition,Balanced Moderate,1,3.1,95.7,1.2,2.7,10.97
"Apricots, baby food, NS as to strained or junior",Infant Nutrition,Balanced Moderate,1,1.8,98.2,0.0,1.5,1.4
"Apricots, baby food, strained",Infant Nutrition,Balanced Moderate,1,1.8,98.2,0.0,1.5,1.41
"Apricots, baby food, junior",Infant Nutrition,Balanced Moderate,1,1.7,98.3,0.0,1.5,1.4
"Bananas, baby food, NS as to strained or junior",Infant Nutrition,Balanced Moderate,1,2.3,95.7,2.0,1.6,3.74
"Bananas, baby food, junior",Infant Nutrition,Balanced Moderate,1,2.1,95.4,2.4,1.6,7.1
"Bananas and pineapple, baby food, NS as to strained or junior",Infant Nutrition,Balanced Moderate,1,1.1,98.3,0.6,1.6,9.57
"Bananas and pineapple, baby food, strained",Infant Nutrition,Balanced Moderate,1,1.1,98.9,0.0,1.6,10.73
"Bananas and pineapple, baby food, junior",Infant Nutrition,Balanced Moderate,1,1.1,97.7,1.2,1.6,8.41
"Bananas and strawberry, baby food, junior",Infant Nutrition,Balanced Moderate,1,2.6,94.4,3.0,1.4,19.29
"Fruit dessert, baby food, NS as to strained or junior",Infant Nutrition,Balanced Moderate,1,1.8,98.2,0.0,0.6,12.3
"Fruit dessert, baby food, strained",Infant Nutrition,Balanced Moderate,1,1.8,98.2,0.0,0.6,12.6
"Fruit dessert, baby food, junior",Infant Nutrition,Balanced Moderate,1,1.7,98.3,0.0,0.6,12.0
"Fruit Supreme dessert, baby food",Infant Nutrition,Balanced Moderate,1,2.8,94.8,2.5,2.0,14.87
"Apple yogurt dessert, baby food, strained",Infant Nutrition,Balanced Moderate,1,3.3,81.6,15.1,0.5,12.02
"Banana apple dessert, baby food, strained",Infant Nutrition,Balanced Moderate,1,1.8,95.6,2.6,1.0,14.66
"Blueberry yogurt dessert, baby food, strained",Infant Nutrition,Balanced Moderate,1,2.6,89.2,8.2,0.4,13.62
"Mixed fruit yogurt dessert, baby food, strained",Infant Nutrition,Balanced Moderate,1,4.2,86.2,9.6,0.4,11.74
"Cherry cobbler, baby food, junior",Infant Nutrition,Balanced Moderate,1,1.5,97.3,1.1,0.2,10.39
"Peach cobbler, baby food, NS as to strained or junior",Infant Nutrition,Balanced Moderate,1,1.6,98.4,0.0,0.7,11.26
"Peach cobbler, baby food, strained",Infant Nutrition,Balanced Moderate,1,1.7,98.3,0.0,0.7,10.62
"Peach cobbler, baby food, junior",Infant Nutrition,Balanced Moderate,1,1.6,98.4,0.0,0.7,11.89
"Banana pudding, baby food, strained",Infant Nutrition,Balanced Moderate,1,5.9,83.5,10.6,0.8,10.55
"Banana yogurt dessert, baby food, strained",Infant Nutrition,Balanced Moderate,1,5.6,88.4,6.0,0.5,12.2
"Cherry vanilla pudding, baby food, strained",Infant Nutrition,Balanced Moderate,1,1.1,96.0,3.0,0.3,13.06
"Dutch apple dessert, baby food, NS as to strained or junior",Infant Nutrition,Balanced Moderate,1,1.0,95.9,3.1,1.4,17.89
"Dutch apple dessert, baby food, strained",Infant Nutrition,Balanced Moderate,1,1.0,94.7,4.3,1.4,17.89
"Dutch apple dessert, baby food, junior",Infant Nutrition,Balanced Moderate,1,1.0,97.2,1.8,1.4,17.89
"Peach yogurt dessert, baby food, strained",Infant Nutrition,Balanced Moderate,1,4.8,93.1,2.1,0.4,11.11
"Pineapple dessert, baby food, strained",Infant Nutrition,Balanced Moderate,1,5.8,91.1,3.0,0.7,10.28
"Mango dessert, baby food",Infant Nutrition,Balanced Moderate,1,1.5,96.2,2.3,1.1,13.0
"Tutti-fruitti pudding, baby food, NS as to strained or junior",Infant Nutrition,Balanced Moderate,1,2.4,93.0,4.7,0.5,9.35
"Tutti-fruitti pudding, baby food, strained",Infant Nutrition,Balanced Moderate,1,2.4,93.5,4.1,0.6,9.29
"Tutti-fruitti pudding, baby food, junior",Infant Nutrition,Balanced Moderate,1,2.3,92.5,5.2,0.4,9.41
"Fruit flavored snack, baby food",Infant Nutrition,High-Fat / Oils,3,0.0,99.9,0.1,0.0,57.4
"Yogurt and fruit snack, baby food",Infant Nutrition,High-Fat / Oils,3,15.0,75.5,9.5,2.3,57.14
"Apples and chicken, baby food, strained",Infant Nutrition,Balanced Moderate,1,13.4,67.4,19.2,1.8,6.06
"Apples with ham, baby food, strained",Infant Nutrition,Balanced Moderate,1,16.7,70.2,13.0,1.8,7.98
"Apples and sweet potatoes, baby food, strained",Infant Nutrition,Balanced Moderate,1,1.9,95.1,3.1,1.4,11.6
"Potato, NFS",Vegetables,Low-Calorie / Beverages,5,5.9,64.2,29.9,1.4,1.61
"Potato, baked, NFS",Vegetables,Balanced Moderate,1,8.3,90.8,1.0,1.5,1.69
"Potato, baked, peel not eaten",Vegetables,Balanced Moderate,1,8.3,90.8,1.0,1.5,1.69
"Potato, boiled, NFS",Vegetables,Low-Calorie / Beverages,5,5.9,64.2,29.9,1.4,1.61
"Potato, boiled, ready-to-heat",Vegetables,Low-Calorie / Beverages,5,5.9,64.2,29.9,1.4,1.61
"Potato, boiled, from fresh, peel not eaten, NS as to fat",Vegetables,Low-Calorie / Beverages,5,5.9,64.2,29.9,1.4,1.61
"Potato, boiled, from fresh, peel not eaten, no added fat",Vegetables,Balanced Moderate,1,8.3,90.8,1.0,1.5,1.69
"Potato, boiled, from fresh, peel not eaten, fat added, NS as to fat type",Vegetables,Low-Calorie / Beverages,5,5.9,64.2,29.9,1.4,1.61
"Potato, boiled, from fresh, peel not eaten, made with oil",Vegetables,Low-Calorie / Beverages,5,5.6,61.6,32.8,1.4,1.61
"Potato, boiled, from fresh, peel not eaten, made with butter",Dairy & Eggs,Balanced Moderate,1,6.1,65.5,28.4,1.4,1.62
"Potato, boiled, from fresh, peel not eaten, made with margarine",Vegetables,Balanced Moderate,1,6.3,69.4,24.3,1.4,1.61
"Potato, boiled, from fresh, peel eaten, NS as to fat",Vegetables,Low-Calorie / Beverages,5,7.5,62.6,30.0,2.1,1.12
"Potato, boiled, from fresh, peel eaten, fat added, NS as to fat type",Vegetables,Low-Calorie / Beverages,5,7.5,62.6,30.0,2.1,1.12
"Potato, boiled, from fresh,  peel eaten, no addded fat",Vegetables,Balanced Moderate,1,10.4,88.3,1.2,2.2,1.18
"Potato, boiled, from fresh, peel eaten, made with oil",Vegetables,Low-Calorie / Beverages,5,7.1,60.1,32.8,2.1,1.12
"Potato, boiled, from fresh, peel eaten, made with butter",Dairy & Eggs,Low-Calorie / Beverages,5,7.7,63.9,28.4,2.1,1.12
"Potato, boiled, from fresh, peel eaten, made with margarine",Vegetables,Balanced Moderate,1,8.0,67.7,24.3,2.1,1.12
"Potato, canned, NS as to fat",Vegetables,Low-Calorie / Beverages,5,5.6,53.8,40.6,2.3,0.56
"Potato, canned, fat added, NS as to fat type",Vegetables,Low-Calorie / Beverages,5,5.6,53.8,40.6,2.3,0.56
"Potato, canned, no added fat",Vegetables,Balanced Moderate,1,9.0,88.0,2.9,2.4,0.59
"Potato, roasted, NFS",Vegetables,Low-Calorie / Beverages,5,5.9,64.2,29.9,1.4,1.61
"Potato, roasted, from fresh, peel eaten, NS as to fat",Vegetables,Low-Calorie / Beverages,5,7.5,62.6,30.0,2.1,1.12
"Potato, roasted, from fresh, peel eaten, no added fat",Vegetables,Balanced Moderate,1,10.4,88.3,1.2,2.2,1.18
"Potato, roasted, from fresh, peel eaten, fat added, NS as to fat type",Vegetables,Low-Calorie / Beverages,5,7.5,62.6,30.0,2.1,1.12
"Potato, roasted, from fresh, peel eaten, made with oil",Vegetables,Low-Calorie / Beverages,5,7.1,60.1,32.8,2.1,1.12
"Potato, roasted, from fresh, peel eaten, made with butter",Dairy & Eggs,Low-Calorie / Beverages,5,7.7,63.9,28.4,2.1,1.12
"Potato, roasted, from fresh, peel eaten, made with margarine",Vegetables,Balanced Moderate,1,8.0,67.7,24.3,2.1,1.12
"Potato, roasted, from fresh, peel not eaten, NS as to fat",Vegetables,Low-Calorie / Beverages,5,5.9,64.2,29.9,1.4,1.61
"Potato, roasted, from fresh, peel not eaten, fat added, NS as to fat type",Vegetables,Low-Calorie / Beverages,5,5.9,64.2,29.9,1.4,1.61
"Potato, roasted, from fresh, peel not eaten, no added fat",Vegetables,Balanced Moderate,1,8.3,90.8,1.0,1.5,1.69
"Potato, roasted, from fresh, peel not eaten, made with oil",Vegetables,Low-Calorie / Beverages,5,5.6,61.6,32.8,1.4,1.61
"Potato, roasted, from fresh, peel not eaten, made with butter",Dairy & Eggs,Balanced Moderate,1,6.1,65.5,28.4,1.4,1.62
"Potato, roasted, from fresh, peel not eaten, made with margarine",Vegetables,Balanced Moderate,1,6.3,69.4,24.3,1.4,1.61
"Potato, roasted, ready-to-heat",Vegetables,Low-Calorie / Beverages,5,5.9,64.2,29.9,1.4,1.61
"Stewed potatoes, Puerto Rican style",Other,Low-Calorie / Beverages,5,7.2,64.2,28.6,1.9,1.24
"Potato only from Puerto Rican mixed dishes, gravy and other components reported separately",Vegetables,Balanced Moderate,1,7.8,91.2,1.0,1.8,0.88
"Potato from Puerto Rican style stuffed pot roast, with gravy",Vegetables,Balanced Moderate,1,12.9,76.0,11.0,1.3,0.64
"Potato from Puerto Rican beef stew, with gravy",Meat & Poultry,Balanced Moderate,1,12.9,76.0,11.0,1.3,0.64
"Potato from Puerto Rican chicken fricassee, with sauce",Meat & Poultry,Balanced Moderate,1,7.3,80.1,12.6,1.2,0.67
"Potato chips, NFS",Fast Food & Prepared,Low-Calorie / Beverages,5,4.7,39.4,55.9,3.1,0.33
"Potato chips, plain",Other,Low-Calorie / Beverages,5,4.7,39.4,55.9,3.1,0.33
"Potato chips, barbecue flavored",Other,Low-Calorie / Beverages,5,4.9,42.3,52.8,3.8,5.47
"Potato chips, sour cream and onion flavored",Dairy & Eggs,Low-Calorie / Beverages,5,4.9,42.3,52.8,3.8,5.47
"Potato chips, cheese flavored",Dairy & Eggs,Low-Calorie / Beverages,5,4.9,42.3,52.8,3.8,5.47
"Potato chips, other flavored",Other,Low-Calorie / Beverages,5,4.9,42.3,52.8,3.8,5.47
"Potato chips, ruffled, plain",Other,Low-Calorie / Beverages,5,4.7,39.4,55.9,3.1,0.33
"Potato chips, ruffled, barbecue flavored",Other,Low-Calorie / Beverages,5,4.9,42.3,52.8,3.8,5.47
"Potato chips, ruffled, sour cream and onion flavored",Dairy & Eggs,Low-Calorie / Beverages,5,4.9,42.3,52.8,3.8,5.47
"Potato chips, ruffled, cheese flavored",Dairy & Eggs,Low-Calorie / Beverages,5,4.9,42.3,52.8,3.8,5.47
"Potato chips, ruffled, other flavored",Other,Low-Calorie / Beverages,5,4.9,42.3,52.8,3.8,5.47
"Potato chips, restructured, plain",Other,Low-Calorie / Beverages,5,3.3,39.7,56.9,2.9,0.76
"Potato chips, restructured, flavored",Other,Low-Calorie / Beverages,5,3.3,39.7,57.0,2.9,0.76
"Potato chips, baked, plain",Other,Low-Calorie / Beverages,5,4.3,60.8,34.9,4.8,5.01
"Potato chips, baked, flavored",Other,Low-Calorie / Beverages,5,4.3,60.8,34.9,4.8,4.99
"Potato chips, reduced fat",Other,Low-Calorie / Beverages,5,5.8,55.7,38.5,6.0,0.22
"Potato chips, fat free",Other,Low-Calorie / Beverages,5,5.8,55.7,38.5,6.0,0.22
"Potato chips, restructured, reduced fat, lightly salted",Other,Low-Calorie / Beverages,5,3.6,50.5,45.9,3.2,0.63
"Potato chips, restructured, fat free",Other,Low-Calorie / Beverages,5,3.6,50.5,45.9,3.2,0.63
"Potato chips, unsalted",Other,Low-Calorie / Beverages,5,4.7,44.5,50.8,5.4,0.19
"Potato chips, reduced fat, unsalted",Other,Low-Calorie / Beverages,5,5.8,55.7,38.5,6.1,0.22
"Potato chips, lightly salted",Other,Low-Calorie / Beverages,5,4.8,38.3,56.9,4.2,0.34
"Potato chips, restructured, lightly salted",Other,Low-Calorie / Beverages,5,4.8,38.3,56.9,4.2,0.34
"Potato chips, popped, plain",Other,Low-Calorie / Beverages,5,4.3,60.8,34.9,4.8,5.01
"Potato chips, popped, flavored",Other,Low-Calorie / Beverages,5,4.3,60.8,34.9,4.8,4.99
"Potato chips, popped, NFS",Fast Food & Prepared,Low-Calorie / Beverages,5,4.3,60.8,34.9,4.8,5.01
"Potato sticks, plain",Vegetables,Low-Calorie / Beverages,5,4.9,38.8,56.3,3.4,0.22
"Potato sticks, flavored",Vegetables,Low-Calorie / Beverages,5,4.9,38.8,56.3,3.4,0.22
"Potato sticks, fry shaped",Vegetables,Low-Calorie / Beverages,5,4.9,38.8,56.3,3.4,0.22
Vegetable chips,Vegetables,High-Fiber / Plant-based,4,3.8,47.9,48.3,7.8,6.9
"Potato, scalloped, NFS",Vegetables,Low-Calorie / Beverages,5,16.9,32.0,51.1,0.8,2.12
"Potato, scalloped, from fast food or restaurant",Vegetables,High-Carb / Sugary,0,12.8,25.1,62.1,0.7,1.94
"Potato, scalloped, from fresh",Vegetables,Low-Calorie / Beverages,5,16.9,32.0,51.1,0.8,2.12
"Potato, scalloped, from fresh, with meat",Vegetables,Low-Calorie / Beverages,5,17.1,29.6,53.3,0.7,2.07
"Potato, scalloped, from dry mix",Vegetables,Low-Calorie / Beverages,5,16.3,32.0,51.7,0.8,2.21
"Potato, scalloped, from dry mix, with meat",Vegetables,Low-Calorie / Beverages,5,17.4,31.3,51.3,0.7,2.18
"Potato, scalloped, ready-to-heat",Vegetables,High-Carb / Sugary,0,15.2,29.8,55.0,0.7,2.17
"Potato, scalloped, ready-to-heat, with meat",Vegetables,High-Carb / Sugary,0,15.5,27.8,56.6,0.7,2.12
"Potato, french fries, NFS",Vegetables,Low-Calorie / Beverages,5,4.4,40.5,55.2,1.8,0.34
"Potato, french fries, NS as to fresh or frozen",Vegetables,Low-Calorie / Beverages,5,4.4,40.5,55.2,1.8,0.34
"Potato, french fries, from fresh, fried",Vegetables,Low-Calorie / Beverages,5,3.9,37.1,59.1,1.6,1.25
"Potato, french fries, from fresh, baked",Vegetables,Low-Calorie / Beverages,5,4.8,46.1,49.1,1.7,1.3
"Potato, french fries, from frozen, baked",Vegetables,Low-Calorie / Beverages,5,6.8,62.9,30.3,2.0,0.37
"Potato, french fries, fast food",Vegetables,Low-Calorie / Beverages,5,4.4,53.1,42.5,3.8,0.3
"Potato, french fries, restaurant",Vegetables,Low-Calorie / Beverages,5,4.8,51.5,43.7,3.9,0.28
"Potato, french fries, from frozen, fried",Vegetables,Low-Calorie / Beverages,5,4.4,40.5,55.2,1.8,0.34
"Potato, french fries, school",Vegetables,Low-Calorie / Beverages,5,4.8,46.1,49.1,1.7,1.3
"Potato, french fries, with cheese, fast food / restaurant",Dairy & Eggs,Low-Calorie / Beverages,5,5.2,45.8,49.0,2.6,0.3
"Potato, french fries, with cheese, school",Dairy & Eggs,Low-Calorie / Beverages,5,10.0,38.9,51.0,1.5,1.2
"Potato, french fries, with chili, fast food / restaurant",Vegetables,Low-Calorie / Beverages,5,7.1,52.5,40.4,3.6,0.85
"Potato, french fries, with chili and cheese, fast food / restaurant",Dairy & Eggs,Low-Calorie / Beverages,5,7.3,46.2,46.6,2.8,0.7
"Potato, french fries, with cheese",Dairy & Eggs,Low-Calorie / Beverages,5,5.2,45.8,49.0,2.6,0.3
"Potato, french fries, with chili and cheese",Dairy & Eggs,Low-Calorie / Beverages,5,7.3,46.2,46.6,2.8,0.7
"Potato, french fries, with chili",Vegetables,Low-Calorie / Beverages,5,7.1,52.5,40.4,3.6,0.85
"Potato, home fries, NFS",Vegetables,Low-Calorie / Beverages,5,3.9,37.1,59.1,1.6,1.24
"Potato, home fries, from restaurant / fast food",Vegetables,Low-Calorie / Beverages,5,3.5,33.2,63.4,1.6,1.21
"Potato, home fries, from fresh",Vegetables,Low-Calorie / Beverages,5,4.2,40.2,55.6,1.6,1.26
"Potato, home fries, ready-to-heat",Vegetables,Low-Calorie / Beverages,5,3.9,37.1,59.1,1.6,1.24
"Potato, home fries, with vegetables",Vegetables,Low-Calorie / Beverages,5,3.9,35.6,60.4,1.6,1.84
"Potato, hash brown, NFS",Vegetables,Low-Calorie / Beverages,5,4.6,49.8,45.6,3.2,0.27
"Potato, hash brown, from fast food",Vegetables,Low-Calorie / Beverages,5,3.7,41.4,54.9,2.7,0.56
"Potato, hash brown, from fast food, with cheese",Dairy & Eggs,Low-Calorie / Beverages,5,8.0,32.5,59.4,2.2,0.52
"Potato, hash brown, from restaurant",Vegetables,Low-Calorie / Beverages,5,3.7,41.4,54.9,2.7,0.56
"Potato, hash brown, from restaurant, with cheese",Dairy & Eggs,Low-Calorie / Beverages,5,8.0,32.5,59.4,2.2,0.52
"Potato, hash brown, from school lunch",Vegetables,Low-Calorie / Beverages,5,4.6,49.8,45.5,3.2,0.27
"Potato, hash brown, from fresh",Vegetables,Low-Calorie / Beverages,5,4.0,38.6,57.4,1.6,1.25
"Potato, hash brown, from fresh, with cheese",Dairy & Eggs,High-Carb / Sugary,0,9.1,28.8,62.1,1.4,1.12
"Potato, hash brown, from dry mix",Vegetables,Low-Calorie / Beverages,5,4.6,49.8,45.6,3.2,0.27
"Potato, hash brown, ready-to-heat",Vegetables,Low-Calorie / Beverages,5,4.6,49.8,45.6,3.2,0.27
"Potato, hash brown, ready-to-heat, with cheese",Dairy & Eggs,Low-Calorie / Beverages,5,9.4,37.3,53.3,2.6,0.28
Potato skins without topping,Vegetables,Low-Calorie / Beverages,5,5.5,50.8,43.6,1.8,1.25
"Potato skins, with cheese",Dairy & Eggs,Low-Calorie / Beverages,5,12.1,32.5,55.5,1.5,1.08
"Potato skins, with cheese and bacon",Dairy & Eggs,High-Carb / Sugary,0,14.2,28.8,57.1,1.4,1.02
"Potato skins, NFS",Vegetables,Low-Calorie / Beverages,5,12.1,32.5,55.5,1.5,1.08
"Potato, mashed, NFS",Vegetables,Low-Calorie / Beverages,5,7.4,60.9,31.6,1.2,2.13
"Potato, mashed, from fast food",Vegetables,Balanced Moderate,1,7.3,64.7,28.0,1.3,0.5
"Potato, mashed, from fast food, with gravy",Vegetables,Low-Calorie / Beverages,5,7.1,62.4,30.5,1.1,0.46
"Potato, mashed, ready-to-heat",Vegetables,Low-Calorie / Beverages,5,7.4,50.1,42.5,1.9,1.76
"Potato, mashed, from fresh, made with milk",Dairy & Eggs,Low-Calorie / Beverages,5,7.4,60.9,31.6,1.2,2.13
"Potato, mashed, from fresh, made with milk, with cheese",Dairy & Eggs,Low-Calorie / Beverages,5,12.0,43.5,44.5,1.0,1.93
"Potato, mashed, from fresh, made with milk, with gravy",Dairy & Eggs,Low-Calorie / Beverages,5,7.3,59.4,33.3,1.0,1.76
"Potato, mashed, from fresh, NFS",Vegetables,Low-Calorie / Beverages,5,7.4,60.9,31.6,1.2,2.13
"Potato, mashed, from restaurant",Vegetables,Low-Calorie / Beverages,5,5.9,47.9,46.2,1.1,2.02
"Potato, mashed, from restaurant, with gravy",Vegetables,Low-Calorie / Beverages,5,5.9,47.7,46.4,0.9,1.68
"Potato, mashed, from school lunch",Vegetables,Balanced Moderate,1,10.9,67.4,21.7,1.0,1.85
"Potato, mashed, from dry mix, NFS",Vegetables,Low-Calorie / Beverages,5,6.9,42.6,50.5,0.9,1.59
"Potato, mashed, from dry mix, made with milk",Dairy & Eggs,Low-Calorie / Beverages,5,6.9,42.6,50.5,0.9,1.59
"Potato, mashed, from dry mix, made with milk, with cheese",Dairy & Eggs,Low-Calorie / Beverages,5,11.5,30.8,57.6,0.8,1.45
"Potato, mashed, from dry mix, made with milk, with gravy",Dairy & Eggs,Low-Calorie / Beverages,5,6.8,42.7,50.5,0.8,1.33
"Potato, mashed, ready-to-heat, NFS",Vegetables,Low-Calorie / Beverages,5,7.4,50.1,42.5,1.9,1.76
"Potato, mashed, ready-to-heat, with cheese",Dairy & Eggs,Low-Calorie / Beverages,5,12.3,35.0,52.7,1.7,1.61
"Potato, mashed, ready-to-heat, with gravy",Vegetables,Low-Calorie / Beverages,5,7.3,49.5,43.2,1.5,1.47
Potato patty,Vegetables,Low-Calorie / Beverages,5,9.1,31.5,59.4,1.5,1.51
"Potato tots, NFS",Vegetables,Low-Calorie / Beverages,5,3.1,39.9,56.9,2.3,0.28
"Potato tots, fast food / restaurant",Vegetables,Low-Calorie / Beverages,5,3.1,40.0,56.9,2.3,0.27
"Potato tots, school",Vegetables,Low-Calorie / Beverages,5,4.8,46.1,49.1,1.7,1.3
"Potato tots, from fresh, fried or baked",Vegetables,Low-Calorie / Beverages,5,3.1,39.9,56.9,2.3,0.28
"Potato tots, frozen, baked",Vegetables,Low-Calorie / Beverages,5,4.2,53.5,42.3,2.4,0.3
"Potato tots, frozen, fried",Vegetables,Low-Calorie / Beverages,5,3.1,39.9,56.9,2.3,0.28
"Potato tots, frozen, NS as to fried or baked",Vegetables,Low-Calorie / Beverages,5,3.1,39.9,56.9,2.3,0.28
"Potato, baked, peel not eaten, with butter",Dairy & Eggs,Low-Calorie / Beverages,5,6.0,64.6,29.4,1.4,1.61
"Potato, baked, peel not eaten, with sour cream",Dairy & Eggs,Low-Calorie / Beverages,5,5.9,56.9,37.2,1.3,1.77
"Potato, baked, peel not eaten, with cheese",Dairy & Eggs,Low-Calorie / Beverages,5,9.3,45.7,45.0,1.2,1.66
"Potato, baked, peel not eaten, with meat",Vegetables,Low-Calorie / Beverages,5,10.6,42.9,46.5,1.2,1.62
"Potato, baked, peel not eaten, with chili",Vegetables,Low-Calorie / Beverages,5,11.2,50.0,38.7,1.6,1.56
"Potato, baked, peel not eaten, with vegetables",Vegetables,Low-Calorie / Beverages,5,10.2,50.3,39.4,1.4,1.5
"Potato, baked, peel eaten",Vegetables,Balanced Moderate,1,10.4,88.3,1.2,2.2,1.18
"Potato, baked, peel eaten, with butter",Dairy & Eggs,Low-Calorie / Beverages,5,7.6,63.0,29.5,2.1,1.12
"Potato, baked, peel eaten, with sour cream",Dairy & Eggs,Low-Calorie / Beverages,5,7.2,55.6,37.2,1.9,1.33
"Potato, baked, peel eaten, with cheese",Dairy & Eggs,Low-Calorie / Beverages,5,10.4,44.7,44.9,1.7,1.25
"Potato, baked, peel eaten, with meat",Vegetables,Low-Calorie / Beverages,5,11.6,42.0,46.4,1.7,1.22
"Potato, baked, peel eaten, with chili",Vegetables,Low-Calorie / Beverages,5,12.3,49.0,38.7,2.1,1.18
"Potato, baked, peel eaten, with vegetables",Vegetables,Low-Calorie / Beverages,5,11.4,49.2,39.4,2.0,1.08
"Potato salad with egg, from restaurant",Dairy & Eggs,Low-Calorie / Beverages,5,6.9,35.0,58.1,1.1,1.8
"Potato salad with egg, made with mayonnaise",Dairy & Eggs,Low-Calorie / Beverages,5,5.0,41.2,53.8,1.3,4.95
"Potato salad with egg, made with light mayonnaise",Dairy & Eggs,Low-Calorie / Beverages,5,9.8,54.2,36.0,1.3,1.68
"Potato salad with egg, made with mayonnaise-type salad dressing",Dairy & Eggs,Low-Calorie / Beverages,5,9.8,56.0,34.2,1.3,2.56
"Potato salad with egg, made with light mayonnaise-type salad dressing",Dairy & Eggs,Low-Calorie / Beverages,5,9.8,54.2,36.0,1.3,1.68
"Potato salad with egg, made with creamy dressing",Dairy & Eggs,Low-Calorie / Beverages,5,8.3,41.8,50.0,1.3,1.54
"Potato salad with egg, made with light creamy dressing",Dairy & Eggs,Low-Calorie / Beverages,5,11.5,58.3,30.2,1.3,1.7
"Potato salad with egg, made with Italian dressing",Dairy & Eggs,Low-Calorie / Beverages,5,9.8,55.3,34.8,1.3,2.41
"Potato salad with egg, made with light Italian dressing",Dairy & Eggs,Balanced Moderate,1,11.9,65.7,22.4,1.3,2.2
"Potato salad with egg, made with any type of fat free dressing",Dairy & Eggs,Balanced Moderate,1,11.8,70.8,17.3,1.6,2.69
"Potato salad, German style",Vegetables,Balanced Moderate,1,10.7,62.8,26.5,1.9,1.46
"Potato salad, from restaurant",Vegetables,Low-Calorie / Beverages,5,3.9,38.6,57.5,1.3,1.9
"Potato salad, made with mayonnaise",Vegetables,Low-Calorie / Beverages,5,3.6,37.3,59.1,1.5,1.29
"Potato salad, made with light mayonnaise",Vegetables,Low-Calorie / Beverages,5,5.3,63.8,30.9,1.5,1.75
"Potato salad, made with mayonnaise-type salad dressing",Vegetables,Balanced Moderate,1,5.4,65.7,28.9,1.5,2.75
"Potato salad, made with light mayonnaise-type salad dressing",Vegetables,Low-Calorie / Beverages,5,5.3,63.8,30.9,1.5,1.75
"Potato salad, made with creamy dressing",Vegetables,Low-Calorie / Beverages,5,4.5,47.5,48.0,1.5,1.6
"Potato salad, made with light creamy dressing",Dairy & Eggs,Balanced Moderate,1,6.7,70.2,23.0,1.5,1.78
"Potato salad, made with Italian dressing",Vegetables,Balanced Moderate,1,5.3,65.4,29.3,1.5,2.59
"Potato salad, made with light Italian dressing",Vegetables,Balanced Moderate,1,6.7,80.9,12.5,1.5,2.35
"Potato salad, made with any type of fat free dressing",Vegetables,Balanced Moderate,1,6.7,87.0,6.3,1.8,2.9
Potato pancake,Vegetables,Low-Calorie / Beverages,5,9.1,41.8,49.0,2.2,1.14
Lefse (Norwegian),Other,Balanced Moderate,1,7.8,66.6,25.6,2.0,2.29
Stewed potatoes,Other,Balanced Moderate,1,6.3,68.7,25.0,1.4,1.88
Stewed potatoes with tomatoes,Other,Low-Calorie / Beverages,5,6.7,63.8,29.5,1.4,2.31
"Potato soup, NS as to made with milk or water",Dairy & Eggs,Low-Calorie / Beverages,5,12.8,61.2,26.0,0.7,1.96
"Potato soup, cream of, prepared with milk",Dairy & Eggs,Low-Calorie / Beverages,5,15.5,56.5,28.0,0.6,3.17
"Potato soup, prepared with water",Vegetables,Balanced Moderate,1,8.2,69.1,22.7,0.7,0.73
Potato and cheese soup,Dairy & Eggs,Low-Calorie / Beverages,5,14.5,45.3,40.1,1.0,1.54
Potato chowder,Vegetables,Low-Calorie / Beverages,5,17.2,37.7,45.1,0.6,4.13
"Plantain soup, Puerto Rican style",Fruits,Balanced Moderate,1,22.1,67.9,10.0,0.4,3.89
"Plantain, cooked, no added fat",Fruits,Balanced Moderate,1,3.8,93.8,2.3,1.7,17.46
"Plantain, cooked with oil",Fruits,Balanced Moderate,1,3.2,78.3,18.5,1.6,16.95
"Ripe plantain, raw",Fruits,Balanced Moderate,1,3.8,93.9,2.3,1.7,17.51
"Plantain, cooked, fat added, NS as to fat type",Fruits,Balanced Moderate,1,3.3,79.9,16.8,1.6,16.95
"Plantain, cooked with butter or margarine",Dairy & Eggs,Balanced Moderate,1,3.4,81.7,14.9,1.6,16.95
Plantain chips,Fruits,Low-Calorie / Beverages,5,1.7,48.1,50.2,3.5,0.92
"Green banana, cooked in salt water",Fruits,Balanced Moderate,1,3.8,93.8,2.3,1.7,17.46
"Green banana, fried",Fruits,Balanced Moderate,1,3.2,78.3,18.5,1.6,16.95
"Cassava, cooked",Vegetables,Balanced Moderate,1,3.0,82.8,14.2,1.9,1.77
Yuca fries,Other,Low-Calorie / Beverages,5,1.8,51.6,46.6,1.6,1.55
"Casabe, cassava bread",Vegetables,Balanced Moderate,1,3.4,95.0,1.6,3.4,3.18
"Yam, cooked, Puerto Rican",Vegetables,Balanced Moderate,1,5.1,93.8,1.1,3.9,0.49
Yam buns; Puerto Rican style,Vegetables,Low-Calorie / Beverages,5,4.6,39.2,56.3,3.5,0.73
"Tannier, cooked",Other,Balanced Moderate,1,4.4,77.1,18.5,4.3,0.42
"Celeriac, cooked",Other,Low-Calorie / Beverages,5,8.7,53.3,38.0,1.9,1.67
"Dasheen, cooked",Other,Balanced Moderate,1,4.4,77.1,18.5,4.3,0.42
"Taro, cooked",Vegetables,Balanced Moderate,1,4.4,77.1,18.5,4.3,0.42
Fufu,Other,Balanced Moderate,1,3.6,80.4,16.0,3.1,1.09
Poi,Other,Balanced Moderate,1,5.3,93.1,1.6,4.4,0.43
Taro chips,Vegetables,High-Fiber / Plant-based,4,1.8,53.9,44.3,7.2,3.82
"Beet greens, raw",Vegetables,Balanced Moderate,1,32.2,63.5,4.3,3.7,0.5
"Beet greens, cooked",Vegetables,Low-Calorie / Beverages,5,17.4,34.1,48.6,3.9,0.52
"Broccoli raab, raw",Vegetables,High-Protein,2,44.5,40.0,15.5,2.7,0.38
"Broccoli raab, cooked",Vegetables,High-Carb / Sugary,0,24.3,21.9,53.7,2.7,0.38
"Chard, raw",Vegetables,Balanced Moderate,1,30.1,62.4,7.5,1.6,1.1
"Chard, cooked",Vegetables,Low-Calorie / Beverages,5,15.2,31.5,53.4,1.7,1.15
"Collards, raw",Vegetables,Balanced Moderate,1,30.8,55.2,14.0,4.0,0.46
"Collards, fresh, cooked, no added fat",Vegetables,Balanced Moderate,1,30.8,55.3,13.9,4.3,0.49
"Collards, frozen, cooked, no added fat",Vegetables,Balanced Moderate,1,27.0,64.6,8.4,2.8,0.57
"Collards, canned, cooked, no added fat",Vegetables,Balanced Moderate,1,28.0,57.9,14.0,1.3,0.42
"Collards, NS as to form, cooked",Vegetables,Low-Calorie / Beverages,5,19.3,34.5,46.2,4.2,0.48
"Collards, fresh, cooked, fat added, NS as to fat type",Vegetables,Low-Calorie / Beverages,5,19.3,34.5,46.2,4.2,0.48
"Collards, frozen, cooked, fat added, NS as to fat type",Vegetables,Low-Calorie / Beverages,5,17.6,42.1,40.3,2.7,0.55
"Collards, canned, cooked, fat added, NS as to fat type",Vegetables,High-Carb / Sugary,0,12.8,26.2,61.1,1.3,0.4
"Collards, fresh, cooked with oil",Condiments & Sauces,Low-Calorie / Beverages,5,18.2,32.7,49.1,4.2,0.48
"Collards, fresh, cooked with butter or margarine",Dairy & Eggs,Low-Calorie / Beverages,5,20.4,36.5,43.1,4.2,0.48
"Collards, frozen, cooked with oil",Condiments & Sauces,Low-Calorie / Beverages,5,16.8,40.0,43.2,2.7,0.55
"Collards, frozen, cooked with butter or margarine",Dairy & Eggs,Low-Calorie / Beverages,5,18.6,44.2,37.2,2.7,0.55
"Collards, canned, cooked with oil",Condiments & Sauces,High-Carb / Sugary,0,11.7,24.3,64.0,1.3,0.4
"Collards, canned, cooked with butter or margarine",Dairy & Eggs,High-Carb / Sugary,0,13.9,28.4,57.6,1.3,0.41
"Cress, raw",Vegetables,Balanced Moderate,1,26.9,56.8,16.3,1.1,4.4
"Cress, cooked",Vegetables,Low-Calorie / Beverages,5,16.8,35.3,48.0,1.1,4.58
"Dandelion greens, raw",Vegetables,Balanced Moderate,1,20.0,68.3,11.7,3.5,0.71
"Dandelion greens, cooked",Vegetables,Low-Calorie / Beverages,5,14.0,47.5,38.6,3.6,0.74
"Romaine lettuce, raw",Vegetables,Balanced Moderate,1,29.8,62.8,7.4,1.3,0.78
"Caesar salad, with romaine, no dressing",Condiments & Sauces,Low-Calorie / Beverages,5,22.2,35.6,42.2,1.8,1.23
"Escarole, cooked",Other,Low-Calorie / Beverages,5,11.0,29.2,59.8,2.7,0.22
"Greens, fresh, cooked, no added fat",Vegetables,Low-Calorie / Beverages,5,28.8,50.0,21.2,4.2,0.74
"Greens, frozen, cooked, no added fat",Vegetables,Balanced Moderate,1,28.4,56.0,15.6,2.7,0.78
"Greens, canned, cooked, no added fat",Vegetables,Balanced Moderate,1,28.0,57.9,14.0,1.3,0.42
"Greens, NS as to form, cooked",Vegetables,Low-Calorie / Beverages,5,18.6,32.3,49.2,4.1,0.72
"Greens, fresh, cooked, fat added",Vegetables,Low-Calorie / Beverages,5,18.6,32.3,49.2,4.1,0.72
"Greens, frozen, cooked, fat added",Vegetables,Low-Calorie / Beverages,5,18.1,35.6,46.3,2.6,0.76
"Greens, canned, cooked, fat added",Vegetables,High-Carb / Sugary,0,12.8,26.2,61.1,1.3,0.4
"Kale, raw",Vegetables,Low-Calorie / Beverages,5,27.3,41.3,31.4,4.1,0.8
"Kale, fresh, cooked, no added fat",Vegetables,Low-Calorie / Beverages,5,27.3,41.3,31.4,4.4,0.86
"Kale, frozen, cooked, no added fat",Vegetables,Low-Calorie / Beverages,5,26.8,48.3,24.9,2.3,1.12
"Kale, canned, cooked, no added fat",Vegetables,Balanced Moderate,1,28.0,57.9,14.0,1.3,0.42
"Kale, NS as to form, cooked",Vegetables,Low-Calorie / Beverages,5,17.6,26.7,55.7,4.3,0.83
"Kale, fresh, cooked, fat added",Vegetables,Low-Calorie / Beverages,5,17.6,26.7,55.7,4.3,0.83
"Kale, frozen, cooked, fat added",Vegetables,Low-Calorie / Beverages,5,17.4,31.5,51.1,2.2,1.08
"Kale, canned, cooked, fat added",Vegetables,High-Carb / Sugary,0,12.8,26.2,61.1,1.3,0.4
"Lambsquarter, cooked",Other,Low-Calorie / Beverages,5,20.5,31.9,47.6,2.0,0.6
"Mustard cabbage, cooked",Vegetables,High-Carb / Sugary,0,15.0,21.8,63.2,1.0,1.23
"Mustard greens, raw",Vegetables,Balanced Moderate,1,33.7,55.1,11.2,3.2,1.32
"Mustard greens, fresh, cooked, no added fat",Vegetables,Balanced Moderate,1,33.8,55.1,11.1,3.4,1.42
"Mustard greens, frozen, cooked, no added fat",Vegetables,Balanced Moderate,1,38.2,52.3,9.5,2.8,0.32
"Mustard greens, canned, cooked, no added fat",Vegetables,Balanced Moderate,1,28.0,57.9,14.0,1.3,0.42
"Mustard greens, NS as to form, cooked",Vegetables,Low-Calorie / Beverages,5,20.0,32.5,47.5,3.3,1.38
"Mustard greens, fresh, cooked, fat added",Vegetables,Low-Calorie / Beverages,5,20.0,32.5,47.5,3.3,1.38
"Mustard greens, frozen, cooked, fat added",Vegetables,Low-Calorie / Beverages,5,19.2,26.3,54.5,2.7,0.31
"Mustard greens, canned, cooked, fat added",Vegetables,High-Carb / Sugary,0,12.8,26.2,61.1,1.3,0.4
"Poke greens, cooked",Vegetables,High-Carb / Sugary,0,19.0,25.5,55.6,1.5,1.55
"Radicchio, raw",Vegetables,Balanced Moderate,1,22.1,69.2,8.7,0.9,0.6
"Spinach, raw",Vegetables,Balanced Moderate,1,38.8,49.3,11.9,2.2,0.42
"Spinach, fresh, cooked, no added fat",Vegetables,Balanced Moderate,1,38.8,49.2,12.0,2.6,0.49
"Spinach, frozen, cooked, no added fat",Vegetables,Low-Calorie / Beverages,5,37.2,44.6,18.2,3.7,0.51
"Spinach, canned, cooked, no added fat",Vegetables,Low-Calorie / Beverages,5,38.3,46.4,15.3,2.4,0.4
"Spinach, fresh, cooked with oil",Vegetables,High-Carb / Sugary,0,20.3,25.7,54.0,2.5,0.48
"Spinach, fresh, cooked with butter or margarine",Dairy & Eggs,Low-Calorie / Beverages,5,23.1,29.3,47.6,2.5,0.48
"Spinach, NS as to form, cooked",Vegetables,Low-Calorie / Beverages,5,21.6,27.4,51.0,2.5,0.48
"Spinach, fresh, cooked, fat added, NS as to fat type",Vegetables,Low-Calorie / Beverages,5,21.6,27.4,51.0,2.5,0.48
"Spinach, frozen, cooked, fat added, NS as to fat type",Vegetables,Low-Calorie / Beverages,5,24.1,28.8,47.1,3.6,0.49
"Spinach, canned, cooked, fat added, NS as to fat type",Vegetables,High-Carb / Sugary,0,21.3,25.7,53.0,2.3,0.39
"Spinach, frozen, cooked with oil",Vegetables,Low-Calorie / Beverages,5,22.9,27.4,49.7,3.6,0.49
"Spinach, frozen, cooked with butter or margarine",Dairy & Eggs,Low-Calorie / Beverages,5,25.4,30.4,44.2,3.6,0.5
"Spinach, canned, cooked with oil",Vegetables,High-Carb / Sugary,0,20.0,24.1,55.9,2.3,0.39
"Spinach, canned, cooked with butter or margarine",Dairy & Eggs,Low-Calorie / Beverages,5,22.8,27.5,49.7,2.3,0.39
"Spinach, creamed",Vegetables,High-Carb / Sugary,0,10.9,29.3,59.8,1.6,0.76
Spinach souffle,Vegetables,High-Carb / Sugary,0,17.9,22.3,59.9,1.1,2.45
Spinach and cheese casserole,Dairy & Eggs,Low-Calorie / Beverages,5,20.8,29.4,49.7,2.8,1.05
Palak Paneer,Other,High-Carb / Sugary,0,20.7,17.1,62.3,1.2,1.89
Channa Saag,Other,Low-Calorie / Beverages,5,17.7,41.5,40.8,3.4,1.81
"Taro leaves, cooked",Vegetables,Low-Calorie / Beverages,5,25.9,34.8,39.3,3.9,3.13
"Thistle leaves, cooked",Other,Low-Calorie / Beverages,5,16.8,35.3,48.0,1.1,4.58
"Turnip greens, fresh, cooked, no added fat",Vegetables,Balanced Moderate,1,19.0,72.4,8.6,3.5,0.53
"Turnip greens, frozen, cooked, no added fat",Vegetables,Balanced Moderate,1,36.1,53.7,10.2,3.4,0.75
"Turnip greens, canned, cooked, no added fat",Vegetables,Balanced Moderate,1,28.0,57.9,14.0,1.3,0.42
"Turrnip greens, NS as to form, cooked",Vegetables,Low-Calorie / Beverages,5,9.6,36.6,53.8,3.4,0.51
"Turnip greens, fresh, cooked, fat added",Vegetables,Low-Calorie / Beverages,5,9.6,36.6,53.8,3.4,0.51
"Turnip greens, frozen, cooked, fat added",Vegetables,Low-Calorie / Beverages,5,22.1,32.9,45.0,3.3,0.73
"Turnip greens, canned, cooked, fat added",Vegetables,High-Carb / Sugary,0,12.8,26.2,61.1,1.3,0.4
"Turnip greens, canned, reduced sodium, cooked, no added fat",Vegetables,Balanced Moderate,1,28.1,58.0,13.9,1.3,0.42
"Turnip greens, canned, reduced sodium, cooked, fat added",Vegetables,High-Carb / Sugary,0,12.7,26.1,61.1,1.3,0.41
"Watercress, raw",Vegetables,High-Protein,2,60.3,33.8,5.9,0.5,0.2
"Watercress, cooked",Vegetables,High-Carb / Sugary,0,23.7,13.3,62.9,0.5,0.21
"Bitter melon, horseradish, jute, or radish leaves, cooked",Vegetables,Low-Calorie / Beverages,5,21.7,40.2,38.1,1.8,1.01
"Sweet potato, squash, pumpkin, chrysanthemum, or bean leaves, cooked",Vegetables,Low-Calorie / Beverages,5,13.5,45.5,41.1,1.8,5.3
"Broccoli, raw",Vegetables,Balanced Moderate,1,27.4,64.5,8.1,2.6,1.7
"Broccoli, cooked, from restaurant",Vegetables,Low-Calorie / Beverages,5,14.1,33.0,52.9,2.6,1.68
"Broccoli, fresh, cooked, no added fat",Vegetables,Balanced Moderate,1,27.4,64.6,8.0,2.7,1.77
"Broccoli, frozen, cooked, no added fat",Vegetables,Balanced Moderate,1,35.6,61.3,3.1,3.0,1.47
"Broccoli, NS as to form, cooked",Vegetables,Low-Calorie / Beverages,5,17.4,41.0,41.6,2.6,1.72
"Broccoli, fresh, cooked, fat added, NS as to fat type",Vegetables,Low-Calorie / Beverages,5,17.4,41.0,41.6,2.6,1.72
"Broccoli, frozen, cooked, fat added, NS as to fat type",Vegetables,Low-Calorie / Beverages,5,21.3,36.6,42.1,2.9,1.42
"Broccoli, fresh, cooked with oil",Vegetables,Low-Calorie / Beverages,5,16.5,39.0,44.5,2.6,1.71
"Broccoli, fresh, cooked with butter or margarine",Dairy & Eggs,Low-Calorie / Beverages,5,18.5,43.3,38.2,2.6,1.72
"Broccoli, frozen, cooked with oil",Vegetables,Low-Calorie / Beverages,5,20.0,34.6,45.4,2.9,1.42
"Broccoli, frozen, cooked with butter or margarine",Dairy & Eggs,Low-Calorie / Beverages,5,22.6,38.9,38.5,2.9,1.42
Broccoli casserole with noodles,Vegetables,Low-Calorie / Beverages,5,13.2,56.7,30.2,2.0,1.49
Broccoli casserole with rice,Vegetables,Low-Calorie / Beverages,5,15.2,55.7,29.1,1.9,1.22
Fried broccoli,Vegetables,Low-Calorie / Beverages,5,7.7,40.4,52.0,1.8,1.01
"Broccoli, chinese, raw",Vegetables,Balanced Moderate,1,15.8,61.6,22.6,2.6,0.88
"Broccoli, Chinese, cooked",Vegetables,Low-Calorie / Beverages,5,9.0,34.7,56.4,2.6,0.89
"Broccoli soup, prepared with milk, home recipe, canned or ready-to-serve",Dairy & Eggs,Low-Calorie / Beverages,5,15.8,36.5,47.7,0.9,3.51
"Broccoli soup, prepared with water, home recipe, canned, or ready-to-serve",Vegetables,Low-Calorie / Beverages,5,9.6,35.5,54.9,0.9,1.08
"Broccoli cheese soup, prepared with milk, home recipe, canned, or ready-to-serve",Dairy & Eggs,Low-Calorie / Beverages,5,15.8,36.5,47.7,0.9,3.51
Watercress broth with shrimp,Seafood,High-Protein,2,52.9,11.7,35.4,0.1,0.17
Spinach soup,Vegetables,Low-Calorie / Beverages,5,36.5,36.0,27.5,0.8,1.68
"Dark-green leafy vegetable soup with meat, Asian style",Vegetables,Low-Calorie / Beverages,5,33.1,28.5,38.3,1.0,0.85
"Dark-green leafy vegetable soup, meatless, Asian style",Plant-based Alternatives,Low-Calorie / Beverages,5,12.5,52.1,35.4,1.2,1.01
"Carrots, raw",Other,Balanced Moderate,1,8.4,86.7,4.9,2.8,4.74
"Carrots, raw, salad",Salads & Mixed,Low-Calorie / Beverages,5,2.3,32.0,65.7,2.4,12.04
"Carrots, raw, salad with apples",Salads & Mixed,High-Carb / Sugary,0,1.9,18.2,79.9,2.1,4.47
"Carrots, cooked, from restaurant",Other,Low-Calorie / Beverages,5,4.5,45.9,49.6,2.8,4.68
"Carrots, fresh, cooked, no added fat",Other,Balanced Moderate,1,8.4,86.7,4.9,2.9,4.92
"Carrots, frozen, cooked, no added fat",Other,Balanced Moderate,1,5.9,78.5,15.6,3.3,4.07
"Carrots, canned, cooked, no added fat",Other,Balanced Moderate,1,9.7,83.8,6.5,1.5,2.48
"Carrots, fresh, cooked with oil",Condiments & Sauces,Low-Calorie / Beverages,5,5.2,53.8,41.0,2.8,4.78
"Carrots, fresh, cooked with butter or margarine",Dairy & Eggs,Low-Calorie / Beverages,5,5.9,59.5,34.6,2.8,4.78
"Carrots, NS as to form, cooked",Fast Food & Prepared,Low-Calorie / Beverages,5,5.6,56.5,37.9,2.8,4.78
"Carrots, fresh, cooked, fat added, NS as to fat type",Fast Food & Prepared,Low-Calorie / Beverages,5,5.6,56.5,37.9,2.8,4.78
"Carrots, frozen, cooked, fat added, NS as to fat type",Fast Food & Prepared,Low-Calorie / Beverages,5,3.7,49.1,47.2,3.2,3.95
"Carrots, canned, cooked, fat added, NS as to fat type",Fast Food & Prepared,Low-Calorie / Beverages,5,5.2,44.3,50.5,1.5,2.41
"Carrots, frozen, cooked with oil",Condiments & Sauces,Low-Calorie / Beverages,5,3.5,46.6,49.9,3.2,3.95
"Carrots, frozen, cooked with butter or margarine",Dairy & Eggs,Low-Calorie / Beverages,5,4.0,51.9,44.1,3.2,3.95
"Carrots, canned, cooked with oil",Condiments & Sauces,Low-Calorie / Beverages,5,4.8,41.5,53.8,1.5,2.41
"Carrots, canned, cooked with butter or margarine",Dairy & Eggs,Low-Calorie / Beverages,5,5.6,47.5,46.8,1.5,2.41
"Carrots, glazed, cooked",Other,Balanced Moderate,1,3.8,70.9,25.3,2.6,12.12
"Carrots, canned, reduced sodium, cooked, no added fat",Other,Balanced Moderate,1,9.4,85.6,5.0,1.8,2.46
"Carrots, canned, reduced sodium, cooked, fat added, NS as to fat type",Fast Food & Prepared,Low-Calorie / Beverages,5,4.9,44.1,51.0,1.7,2.39
"Carrots, canned, reduced sodium, cooked with oil",Condiments & Sauces,Low-Calorie / Beverages,5,4.5,41.2,54.3,1.7,2.39
"Carrots, canned, reduced sodium, cooked with butter or margarine",Dairy & Eggs,Low-Calorie / Beverages,5,5.4,47.4,47.3,1.7,2.39
Beet juice,Vegetables,Balanced Moderate,1,10.6,87.4,2.0,1.1,4.84
"Carrot juice, 100%",Vegetables,Balanced Moderate,1,9.0,87.8,3.2,0.8,3.91
"Peas and carrots, fresh, cooked, no added fat",Other,Balanced Moderate,1,20.0,75.5,4.5,4.4,5.41
"Peas and carrots, frozen, cooked, no added fat",Other,Balanced Moderate,1,19.2,73.7,7.1,3.9,4.23
"Peas and carrots, canned, cooked, no added fat",Other,Balanced Moderate,1,21.1,69.6,9.3,3.2,2.74
"Peas and carrots, cooked, NS as to form",Fast Food & Prepared,Low-Calorie / Beverages,5,14.6,55.1,30.3,4.3,5.25
"Peas and carrots, fresh, cooked, fat added",Other,Low-Calorie / Beverages,5,14.6,55.1,30.3,4.3,5.25
"Peas and carrots, frozen, cooked, fat added",Other,Low-Calorie / Beverages,5,13.8,52.8,33.4,3.8,4.11
"Peas and carrots, canned, cooked, fat added",Other,Low-Calorie / Beverages,5,14.2,46.9,38.8,3.1,2.66
"Pumpkin, canned, cooked",Vegetables,Low-Calorie / Beverages,5,7.1,51.4,41.5,2.8,3.2
"Pumpkin, cooked",Vegetables,Low-Calorie / Beverages,5,7.4,47.7,44.9,0.5,2.87
"Calabaza, cooked",Other,Low-Calorie / Beverages,5,7.4,47.7,44.9,0.5,2.87
"Sweet potato and pumpkin casserole, Puerto Rican style",Vegetables,High-Fat / Oils,3,5.1,67.9,27.0,2.2,27.63
"Winter squash, raw",Vegetables,Balanced Moderate,1,12.9,84.1,2.9,0.5,2.76
"Winter squash, cooked, no added fat",Vegetables,Balanced Moderate,1,8.5,84.0,7.5,2.8,3.29
"Winter squash, cooked, fat added",Vegetables,Low-Calorie / Beverages,5,5.5,53.8,40.7,2.7,3.2
Squash fritter or cake,Vegetables,Low-Calorie / Beverages,5,7.7,39.4,52.9,2.8,3.1
"Squash, winter, souffle",Vegetables,Low-Calorie / Beverages,5,16.8,59.4,23.8,2.1,5.8
"Sweet potato, NFS",Vegetables,Low-Calorie / Beverages,5,4.7,60.6,34.7,2.4,5.45
"Sweet potato, baked, peel eaten, NS as to fat",Vegetables,Balanced Moderate,1,6.3,64.9,28.7,3.3,5.93
"Sweet potato, baked, peel eaten, no added fat",Vegetables,Balanced Moderate,1,8.7,89.9,1.4,3.5,6.21
"Sweet potato, baked, peel eaten, fat added, NS as to fat type",Vegetables,Balanced Moderate,1,6.3,64.9,28.7,3.3,5.93
"Sweet potato, baked, peel eaten, made with oil",Vegetables,Low-Calorie / Beverages,5,6.1,62.5,31.5,3.3,5.93
"Sweet potato, baked, peel eaten, made with butter",Dairy & Eggs,Balanced Moderate,1,6.5,66.2,27.2,3.3,5.94
"Sweet potato, baked, peel eaten, made with margarine",Vegetables,Balanced Moderate,1,6.8,69.9,23.3,3.3,5.93
"Sweet potato, baked, peel not eaten, NS as to fat",Vegetables,Low-Calorie / Beverages,5,6.1,62.9,30.9,3.1,6.15
"Sweet potato, baked, peel not eaten, no added fat",Vegetables,Balanced Moderate,1,8.7,89.8,1.5,3.3,6.45
"Sweet potato, baked, peel not eaten, fat added, NS as to fat type",Vegetables,Low-Calorie / Beverages,5,6.1,62.9,30.9,3.1,6.15
"Sweet potato, baked, peel not eaten, made with oil",Vegetables,Low-Calorie / Beverages,5,5.9,60.3,33.8,3.1,6.15
"Sweet potato, baked, peel not eaten, made with butter",Dairy & Eggs,Low-Calorie / Beverages,5,6.4,64.3,29.4,3.1,6.15
"Sweet potato, baked, peel not eaten, made with margarine",Vegetables,Balanced Moderate,1,6.6,68.2,25.2,3.1,6.15
"Sweet potato, boiled, NS as to fat",Vegetables,Low-Calorie / Beverages,5,4.7,60.6,34.7,2.4,5.45
"Sweet potato, boiled, no added fat",Vegetables,Balanced Moderate,1,7.0,91.3,1.6,2.5,5.72
"Sweet potato, boiled, fat added, NS as to fat type",Vegetables,Low-Calorie / Beverages,5,4.7,60.6,34.7,2.4,5.45
"Sweet potato, boiled, made with oil",Vegetables,Low-Calorie / Beverages,5,4.5,57.8,37.7,2.4,5.45
"Sweet potato, boiled, made with butter",Dairy & Eggs,Low-Calorie / Beverages,5,4.9,62.0,33.0,2.4,5.45
"Sweet potato, boiled, made with margarine",Vegetables,Balanced Moderate,1,5.2,66.3,28.5,2.4,5.45
"Sweet potato, candied",Vegetables,High-Fat / Oils,3,2.2,81.7,16.1,1.8,28.97
"Sweet potato, canned, NS as to fat",Vegetables,Low-Calorie / Beverages,5,5.0,63.9,31.1,1.7,4.74
"Sweet potato, canned, no added fat",Vegetables,Balanced Moderate,1,7.1,91.0,1.9,1.8,4.98
"Sweet potato, canned, fat added",Vegetables,Low-Calorie / Beverages,5,5.0,63.9,31.1,1.7,4.74
"Sweet potato, casserole or mashed",Vegetables,Balanced Moderate,1,7.0,70.8,22.2,1.9,7.61
"Sweet potato fries, NFS",Vegetables,Low-Calorie / Beverages,5,2.7,44.3,53.0,5.5,12.34
Sweet potato chips,Vegetables,High-Fiber / Plant-based,4,2.2,42.9,54.9,8.8,8.78
"Sweet potato fries, NS as to fresh or frozen",Vegetables,Low-Calorie / Beverages,5,2.7,44.3,53.0,5.5,12.34
"Sweet potato fries, frozen, fried",Vegetables,Low-Calorie / Beverages,5,2.7,44.3,53.0,5.5,12.34
"Sweet potato fries, frozen, baked",Vegetables,High-Fiber / Plant-based,4,3.7,61.5,34.7,6.0,13.58
"Sweet potato fries, from fresh, fried",Vegetables,Low-Calorie / Beverages,5,3.5,36.5,60.0,2.9,5.62
"Sweet potato fries, from fresh, baked",Vegetables,Low-Calorie / Beverages,5,4.4,45.5,50.1,3.0,5.87
"Sweet potato fries, fast food / restaurant",Vegetables,Low-Calorie / Beverages,5,2.2,36.2,61.6,5.1,11.47
"Sweet potato fries, school",Vegetables,High-Fiber / Plant-based,4,3.7,61.5,34.7,6.0,13.58
"Sweet potato tots, NFS",Vegetables,Low-Calorie / Beverages,5,2.9,48.4,48.7,5.6,12.64
"Sweet potato tots, from frozen, fried",Vegetables,Low-Calorie / Beverages,5,2.9,48.4,48.7,5.6,12.64
"Sweet potato tots, from frozen, baked",Vegetables,High-Fiber / Plant-based,4,3.7,61.6,34.7,6.0,13.52
"Sweet potato tots, from frozen, NS as to fried or baked",Vegetables,Low-Calorie / Beverages,5,2.9,48.4,48.7,5.6,12.64
"Sweet potato tots, fast food / restaurant",Vegetables,Low-Calorie / Beverages,5,2.9,48.4,48.7,5.6,12.64
"Sweet potato tots, school",Vegetables,High-Fiber / Plant-based,4,3.7,61.5,34.7,6.0,13.58
"Sweet potato, yellow, Puerto Rican, cooked",Vegetables,Balanced Moderate,1,7.1,91.3,1.6,2.5,5.7
"Carrot soup, cream of, prepared with milk, home recipe, canned or ready-to-serve",Dairy & Eggs,Balanced Moderate,1,19.2,60.2,20.6,1.0,3.27
"Carrot with rice soup, cream of, prepared with milk, home recipe, canned or ready-to-serve",Dairy & Eggs,Balanced Moderate,1,14.4,73.4,12.2,1.0,3.08
"Squash, winter type, soup, home recipe, canned, or ready-to-serve",Vegetables,Low-Calorie / Beverages,5,4.8,42.2,53.0,1.3,1.77
"Tomatoes, raw",Other,Balanced Moderate,1,16.9,74.5,8.6,1.2,2.63
"Tomatoes, NS as to form, cooked",Fast Food & Prepared,Low-Calorie / Beverages,5,8.0,35.0,57.0,1.5,3.18
"Tomatoes, fresh, cooked",Other,Low-Calorie / Beverages,5,8.0,35.0,57.0,1.5,3.18
"Tomatoes, canned, cooked",Other,Low-Calorie / Beverages,5,7.5,32.3,60.2,1.8,2.48
"Tomatoes, scalloped",Other,Low-Calorie / Beverages,5,9.7,50.6,39.7,1.9,3.72
"Tomatoes, canned, reduced sodium, cooked",Other,Low-Calorie / Beverages,5,7.5,32.3,60.2,1.8,2.48
Fried green tomatoes,Other,Low-Calorie / Beverages,5,6.6,40.1,53.3,1.3,1.58
"Tomato, green, pickled",Vegetables,Balanced Moderate,1,9.5,86.6,3.9,0.9,8.19
Sun-dried tomatoes,Other,High-Fiber / Plant-based,4,18.4,72.8,8.7,12.3,37.59
"Tomato juice, 100%",Vegetables,Balanced Moderate,1,16.9,70.1,13.0,0.4,2.58
"Tomato juice, 100%, low sodium",Vegetables,Balanced Moderate,1,11.1,84.8,4.2,0.8,3.28
Tomato juice cocktail,Vegetables,Balanced Moderate,1,16.9,70.4,12.7,0.5,2.84
"Tomato and vegetable juice, 100%",Vegetables,Balanced Moderate,1,16.9,70.4,12.7,0.5,2.84
"Tomato and vegetable juice, 100%, low sodium",Vegetables,Balanced Moderate,1,11.1,84.8,4.2,0.8,3.28
Ketchup,Condiments & Sauces,Balanced Moderate,1,3.6,95.6,0.8,0.3,21.27
"Ketchup, reduced sodium",Condiments & Sauces,Balanced Moderate,1,3.6,95.6,0.8,0.3,21.27
Tomato chili sauce,Vegetables,Balanced Moderate,1,10.9,86.2,2.9,2.4,13.33
"Salsa, NFS",Condiments & Sauces,Balanced Moderate,1,16.7,78.3,5.0,1.8,3.81
"Salsa, pico de gallo",Condiments & Sauces,Balanced Moderate,1,15.0,78.3,6.7,1.1,2.13
"Salsa, red, commercially-prepared",Condiments & Sauces,Balanced Moderate,1,16.7,78.3,5.0,1.8,3.81
"Salsa, red, homemade",Condiments & Sauces,Balanced Moderate,1,16.7,78.3,5.0,1.8,3.81
Taco sauce,Fast Food & Prepared,High-Carb / Sugary,0,34.0,21.1,44.9,0.5,0.12
"Enchilada sauce, red",Condiments & Sauces,Balanced Moderate,1,8.2,64.6,27.2,0.5,1.83
"Enchilada sauce, green",Condiments & Sauces,Balanced Moderate,1,11.9,67.0,21.1,1.9,3.5
"Salsa verde or salsa, green",Condiments & Sauces,Balanced Moderate,1,11.9,67.0,21.1,1.9,3.5
Hot Thai sauce,Condiments & Sauces,Balanced Moderate,1,5.4,86.8,7.8,0.5,16.07
Spaghetti sauce,Grains & Bakery,Balanced Moderate,1,11.0,62.9,26.0,1.8,5.5
Spaghetti sauce with added vegetables,Grains & Bakery,Balanced Moderate,1,12.2,64.1,23.7,1.8,4.95
"Spaghetti sauce, reduced sodium",Grains & Bakery,Balanced Moderate,1,11.0,63.0,26.0,1.8,5.5
"Spaghetti sauce, fat free",Grains & Bakery,Balanced Moderate,1,16.7,73.9,9.4,1.5,3.56
Vodka sauce with tomatoes and cream,Beverages,High-Carb / Sugary,0,6.4,17.5,76.1,1.3,2.49
Barbecue sauce,Condiments & Sauces,High-Fat / Oils,3,1.9,94.8,3.3,0.9,33.24
Buffalo sauce,Condiments & Sauces,High-Carb / Sugary,0,34.0,21.1,44.9,0.6,0.12
Steak sauce,Meat & Poultry,Balanced Moderate,1,5.3,92.6,2.2,1.5,9.82
Cocktail sauce,Beverages,Balanced Moderate,1,4.3,88.3,7.4,1.8,11.83
Puerto Rican seasoning with ham,Meat & Poultry,High-Carb / Sugary,0,6.0,10.9,83.1,1.9,3.07
Puerto Rican seasoning with ham and tomato sauce,Meat & Poultry,High-Carb / Sugary,0,11.6,12.0,76.4,1.5,2.51
Puerto Rican seasoning without ham and tomato sauce,Meat & Poultry,High-Carb / Sugary,0,3.3,21.5,75.2,1.8,2.93
Tomato aspic,Vegetables,Balanced Moderate,1,32.7,59.8,7.4,0.3,3.54
"Tomato and cucumber salad made with tomato, cucumber, oil, and vinegar",Vegetables,High-Carb / Sugary,0,1.8,21.8,76.4,0.6,5.04
"Tomato soup, NFS",Vegetables,Balanced Moderate,1,8.3,86.2,5.5,0.6,4.18
"Tomato soup, cream of, prepared with milk",Dairy & Eggs,Balanced Moderate,1,15.8,66.1,18.1,0.6,6.56
"Tomato soup, prepared with water, or ready-to-serve",Vegetables,Balanced Moderate,1,8.3,86.2,5.5,0.6,4.18
"Tomato soup, instant type, prepared with water",Vegetables,Balanced Moderate,1,9.8,75.7,14.5,0.4,3.9
"Tomato soup, canned, reduced sodium, prepared with water, or ready-to-serve",Vegetables,Balanced Moderate,1,9.9,82.4,7.6,0.6,4.11
"Tomato soup, canned, reduced sodium, prepared with milk",Dairy & Eggs,Balanced Moderate,1,17.0,63.1,19.9,0.6,6.5
"Tomato beef soup, prepared with water",Meat & Poultry,Low-Calorie / Beverages,5,12.7,60.0,27.4,0.6,0.73
"Tomato beef noodle soup, prepared with water",Meat & Poultry,Low-Calorie / Beverages,5,12.7,60.0,27.4,0.6,0.73
"Tomato beef rice soup, prepared with water",Meat & Poultry,Low-Calorie / Beverages,5,12.7,60.0,27.4,0.6,0.73
"Tomato noodle soup, canned, prepared with water or ready-to-serve",Vegetables,Balanced Moderate,1,11.1,78.9,10.1,0.7,3.13
"Tomato noodle soup, canned, prepared with milk",Dairy & Eggs,Balanced Moderate,1,15.1,68.0,16.9,0.6,5.7
"Tomato rice soup, prepared with water",Vegetables,Balanced Moderate,1,7.0,72.7,20.3,0.7,2.95
"Tomato vegetable soup, prepared with water",Vegetables,Balanced Moderate,1,8.3,86.2,5.5,0.6,4.18
"Tomato vegetable soup with noodles, prepared with water",Vegetables,Balanced Moderate,1,11.4,65.0,23.6,0.3,1.57
Tomato sandwich,Vegetables,Low-Calorie / Beverages,5,10.5,53.4,36.1,1.6,3.65
"Raw vegetable, NFS",Vegetables,Balanced Moderate,1,17.4,75.5,7.1,2.0,2.6
"Sprouts, NFS",Fast Food & Prepared,Balanced Moderate,1,32.4,63.3,4.3,1.8,4.13
"Alfalfa sprouts, raw",Other,High-Protein,2,52.2,27.5,20.3,1.9,0.2
"Artichoke, raw",Other,Balanced Moderate,1,18.5,76.6,4.9,5.7,0.99
"Asparagus, raw",Vegetables,Balanced Moderate,1,34.6,61.1,4.3,2.1,1.88
"Bean sprouts, raw","Legumes, Nuts & Seeds",Balanced Moderate,1,32.4,63.3,4.3,1.8,4.13
"Green beans, raw",Other,Balanced Moderate,1,19.7,75.0,5.3,2.7,3.26
"Beets, raw",Other,Balanced Moderate,1,13.9,82.8,3.3,2.8,6.76
"Broccoflower, raw",Other,Balanced Moderate,1,30.4,62.7,6.9,3.2,3.03
"Brussels sprouts, raw",Vegetables,Balanced Moderate,1,26.0,68.8,5.2,3.8,2.2
"Cabbage, green, raw",Vegetables,Balanced Moderate,1,17.5,79.4,3.1,2.5,3.2
"Cabbage, Chinese, raw",Vegetables,Balanced Moderate,1,36.3,52.8,10.9,1.0,1.18
"Cabbage, red, raw",Vegetables,Balanced Moderate,1,15.6,80.5,3.9,2.1,3.83
"Cactus, raw",Vegetables,Balanced Moderate,1,27.2,68.6,4.2,2.2,1.15
"Cauliflower, raw",Vegetables,Balanced Moderate,1,25.5,66.1,8.4,2.0,1.91
"Celery, raw",Vegetables,Balanced Moderate,1,17.1,73.5,9.5,1.6,1.34
"Fennel bulb, raw",Other,Balanced Moderate,1,13.8,81.2,5.0,3.1,3.93
"Basil, raw",Vegetables,High-Protein,2,43.5,36.6,19.9,1.6,0.3
"Chives, raw",Other,Low-Calorie / Beverages,5,35.3,47.0,17.7,2.5,1.85
"Cilantro, raw",Other,Low-Calorie / Beverages,5,30.6,52.7,16.8,2.8,0.87
"Corn, raw",Other,Balanced Moderate,1,13.1,74.8,12.1,2.0,6.26
"Cucumber, raw",Vegetables,Balanced Moderate,1,14.4,80.2,5.5,0.5,1.67
"Eggplant, raw",Vegetables,Balanced Moderate,1,13.5,80.9,5.6,3.0,3.53
"Garlic, raw",Vegetables,Balanced Moderate,1,15.7,81.5,2.8,2.1,1.0
"Jicama, raw",Vegetables,Balanced Moderate,1,7.4,90.5,2.1,4.9,1.8
"Kohlrabi, raw",Vegetables,Balanced Moderate,1,20.9,76.3,2.8,3.6,2.6
"Leek, raw",Vegetables,Balanced Moderate,1,9.2,86.7,4.1,1.8,3.9
"Lettuce, raw",Vegetables,Balanced Moderate,1,25.9,66.9,7.2,1.2,1.38
"Lettuce, Boston, raw",Vegetables,Balanced Moderate,1,32.6,55.3,12.1,0.9,0.48
"Lettuce, arugula, raw",Vegetables,Low-Calorie / Beverages,5,33.4,47.3,19.2,1.6,2.05
"Mixed salad greens, raw",Vegetables,Balanced Moderate,1,32.0,58.2,9.8,1.4,0.91
"Mushrooms, raw",Other,High-Protein,2,43.4,45.8,10.8,1.0,1.98
"Onions, green, raw",Other,Balanced Moderate,1,19.1,76.5,4.5,2.6,2.33
"Onions, raw",Other,Balanced Moderate,1,10.3,87.6,2.1,1.7,4.24
"Parsley, raw",Vegetables,Balanced Moderate,1,26.8,57.1,16.0,3.3,0.85
"Green peas, raw",Other,Balanced Moderate,1,26.1,69.6,4.3,5.7,5.67
"Pepper, hot chili, raw",Vegetables,Balanced Moderate,1,14.0,77.0,9.0,2.2,4.71
"Pepper, poblano, raw",Vegetables,Balanced Moderate,1,14.6,78.9,6.5,1.7,2.4
"Pepper, Serrano, raw",Vegetables,Balanced Moderate,1,18.5,71.0,10.5,3.7,3.83
"Pepper, raw, NFS",Vegetables,Balanced Moderate,1,13.9,78.5,7.6,1.8,3.03
"Pepper, sweet, green, raw",Vegetables,Balanced Moderate,1,14.6,78.9,6.5,1.7,2.4
"Pepper, sweet, red, raw",Vegetables,Balanced Moderate,1,12.9,78.4,8.8,2.1,4.2
"Pepper, banana, raw",Vegetables,Balanced Moderate,1,20.7,66.7,12.6,3.4,1.95
"Radish, raw",Vegetables,Balanced Moderate,1,15.8,79.0,5.2,1.6,1.86
"Rutabaga, raw",Other,Balanced Moderate,1,10.7,85.7,3.6,2.3,4.46
"Seaweed, raw",Vegetables,Balanced Moderate,1,28.0,63.3,8.8,0.7,0.58
"Snowpeas, raw",Other,Balanced Moderate,1,25.9,69.9,4.2,2.6,4.0
"Summer squash, yellow, raw",Vegetables,Balanced Moderate,1,18.4,70.6,11.1,1.0,2.88
"Summer squash, green, raw",Vegetables,Balanced Moderate,1,24.0,61.7,14.3,1.0,2.5
"Turnip, raw",Vegetables,Balanced Moderate,1,11.9,85.1,3.0,1.8,3.8
Mixed vegetable juice,Vegetables,Balanced Moderate,1,11.2,83.8,4.9,1.2,2.62
Celery juice,Vegetables,Balanced Moderate,1,17.1,73.5,9.5,1.6,1.34
"Broccoli salad with cauliflower, cheese, bacon bits, and dressing",Dairy & Eggs,High-Carb / Sugary,0,8.7,15.4,75.9,1.7,6.49
Broccoli slaw salad,Vegetables,Low-Calorie / Beverages,5,6.9,34.2,59.0,2.0,6.51
"Cabbage salad or coleslaw, from fast food / restaurant",Vegetables,Low-Calorie / Beverages,5,2.2,31.1,66.7,1.9,9.54
"Cabbage salad or coleslaw, made with coleslaw dressing",Vegetables,Low-Calorie / Beverages,5,3.9,34.7,61.4,1.9,7.44
"Cabbage salad or coleslaw, made with light coleslaw dressing",Vegetables,Low-Calorie / Beverages,5,3.6,54.8,41.6,2.0,11.86
"Cabbage salad or coleslaw, made with Italian dressing",Vegetables,Low-Calorie / Beverages,5,5.5,39.9,54.6,1.9,5.0
"Cabbage salad or coleslaw, made with light Italian dressing",Vegetables,Low-Calorie / Beverages,5,8.9,61.4,29.8,1.9,4.68
"Cabbage salad or coleslaw, made with creamy dressing",Vegetables,High-Carb / Sugary,0,4.2,21.2,74.6,1.9,3.7
"Cabbage salad or coleslaw, made with light creamy dressing",Dairy & Eggs,Balanced Moderate,1,10.2,76.9,13.0,1.9,3.88
"Cabbage salad or coleslaw, made with any type of fat free dressing",Vegetables,Balanced Moderate,1,8.9,76.7,14.4,2.4,5.0
"Cabbage salad or coleslaw with apples and/or raisins, with dressing",Vegetables,Low-Calorie / Beverages,5,3.8,46.8,49.5,2.1,10.15
"Cabbage salad or coleslaw with pineapple, with dressing",Vegetables,Low-Calorie / Beverages,5,4.0,38.9,57.1,1.8,7.78
Cucumber and vegetable namasu,Vegetables,Balanced Moderate,1,3.6,94.4,2.0,0.6,10.78
"Cucumber salad, made with sour cream dressing",Dairy & Eggs,High-Carb / Sugary,0,6.6,22.4,71.0,0.4,2.16
"Cucumber salad, made with Italian dressing",Vegetables,High-Carb / Sugary,0,1.6,22.3,76.1,0.5,4.78
Cucumber salad made with cucumber and vinegar,Vegetables,Balanced Moderate,1,6.6,90.9,2.6,0.5,5.33
"Lettuce, salad with assorted vegetables including tomatoes and/or carrots, no dressing",Vegetables,Balanced Moderate,1,20.9,71.5,7.5,1.5,1.87
"Lettuce, salad with assorted vegetables excluding tomatoes and carrots, no dressing",Vegetables,Balanced Moderate,1,25.2,66.8,8.0,1.4,1.52
"Lettuce, salad with avocado, tomato, and/or carrots, with or without other vegetables, no dressing",Vegetables,Low-Calorie / Beverages,5,10.1,36.6,53.3,2.7,1.61
"Lettuce, salad with cheese, tomato and/or carrots, with or without other vegetables, no dressing",Dairy & Eggs,High-Carb / Sugary,0,22.4,17.4,60.2,1.2,1.6
"Lettuce, salad with egg, tomato, and/or carrots, with or without other vegetables, no dressing",Dairy & Eggs,Low-Calorie / Beverages,5,28.7,29.5,41.9,1.2,1.72
"Lettuce, salad with egg, cheese, tomato, and/or carrots, with or without other vegetables, no dressing",Dairy & Eggs,High-Carb / Sugary,0,24.7,19.8,55.5,1.2,1.61
"Lettuce, wilted, with bacon dressing",Meat & Poultry,High-Carb / Sugary,0,15.2,12.6,72.2,1.0,0.66
"Seven-layer salad, lettuce salad made with a combination of onion, celery, green pepper, peas, mayonnaise, cheese, eggs, and/or bacon",Dairy & Eggs,High-Carb / Sugary,0,8.3,9.9,81.7,1.3,3.19
"Greek Salad, no dressing",Condiments & Sauces,Low-Calorie / Beverages,5,23.2,34.1,42.7,1.6,1.34
"Spinach salad, no dressing",Vegetables,High-Carb / Sugary,0,33.4,14.1,52.5,1.6,0.54
"Cobb salad, no dressing",Condiments & Sauces,High-Protein,2,48.1,10.5,41.4,1.2,1.08
Aloe vera juice drink,Fruits,Balanced Moderate,1,0.0,100.0,0.0,0.0,3.75
"Artichoke, fresh, cooked, no added fat",Other,Balanced Moderate,1,18.5,76.6,4.9,5.7,0.99
"Artichoke, frozen, cooked, no added fat",Other,Balanced Moderate,1,18.5,76.6,4.9,5.7,0.99
"Artichoke, canned, cooked, no added fat",Other,Balanced Moderate,1,18.5,76.6,4.9,5.7,0.99
"Artichokes, NS as to form, cooked",Fast Food & Prepared,Low-Calorie / Beverages,5,13.5,55.5,31.0,5.5,0.96
"Artichoke, fresh, cooked, fat added",Other,Low-Calorie / Beverages,5,13.5,55.5,31.0,5.5,0.96
"Artichoke, frozen, cooked, fat added",Other,Low-Calorie / Beverages,5,13.5,55.5,31.0,5.5,0.96
"Artichoke, canned, cooked, fat added",Other,Low-Calorie / Beverages,5,13.5,55.5,31.0,5.5,0.96
"Asparagus, fresh, cooked, no added fat",Vegetables,Balanced Moderate,1,34.6,61.1,4.3,2.3,2.02
"Asparagus, frozen, cooked, no added fat",Vegetables,High-Protein,2,50.7,33.0,16.3,1.6,0.32
"Asparagus, canned, cooked, no added fat",Vegetables,Low-Calorie / Beverages,5,35.3,40.6,24.1,1.6,1.06
"Asparagus, NS as to form, cooked",Vegetables,Low-Calorie / Beverages,5,18.0,31.7,50.3,2.2,1.96
"Asparagus, fresh, cooked, fat added, NS as to fat type",Vegetables,Low-Calorie / Beverages,5,18.0,31.7,50.3,2.2,1.96
"Asparagus, frozen, cooked, fat added, NS as to fat type",Vegetables,High-Carb / Sugary,0,25.2,16.4,58.4,1.5,0.31
"Asparagus, canned, cooked, fat added, NS as to fat type",Vegetables,High-Carb / Sugary,0,18.0,20.5,61.5,1.6,1.03
"Asparagus, fresh, cooked with oil",Vegetables,Low-Calorie / Beverages,5,16.8,29.6,53.6,2.2,1.96
"Asparagus, fresh, cooked with butter or margarine",Dairy & Eggs,Low-Calorie / Beverages,5,19.4,34.0,46.5,2.2,1.96
"Asparagus, frozen, cooked with oil",Vegetables,High-Carb / Sugary,0,23.5,15.3,61.2,1.5,0.31
"Asparagus, frozen, cooked with butter or margarine",Dairy & Eggs,High-Carb / Sugary,0,27.2,17.7,55.0,1.5,0.31
"Asparagus, canned, cooked with oil",Vegetables,High-Carb / Sugary,0,16.7,19.2,64.1,1.6,1.03
"Asparagus, canned, cooked with butter or margarine",Dairy & Eggs,High-Carb / Sugary,0,19.3,22.2,58.5,1.6,1.03
"Bamboo shoots, cooked",Vegetables,High-Carb / Sugary,0,14.7,27.5,57.8,1.4,1.84
"Lima beans, from frozen, no added fat",Other,Balanced Moderate,1,23.2,73.9,2.9,5.3,1.34
"Lima beans, from frozen, fat added",Other,Balanced Moderate,1,18.9,60.3,20.8,5.1,1.3
"Lima beans, from canned",Other,Balanced Moderate,1,19.0,60.3,20.8,5.1,1.29
"Green beans, cooked, from restaurant",Other,Low-Calorie / Beverages,5,9.6,36.5,53.9,2.7,3.22
"Green beans, fresh, cooked, no added fat",Other,Balanced Moderate,1,19.7,75.0,5.4,2.8,3.39
"Green beans, frozen, cooked, no added fat",Other,Balanced Moderate,1,17.9,77.4,4.6,3.0,1.87
"Green beans, canned, cooked, no added fat",Other,Balanced Moderate,1,17.3,68.2,14.6,1.9,1.29
"Green beans, NS as to form, cooked",Fast Food & Prepared,Low-Calorie / Beverages,5,10.7,41.0,48.3,2.3,2.27
"Green beans, fresh, cooked, fat added, NS as to fat type",Fast Food & Prepared,Low-Calorie / Beverages,5,12.1,45.9,42.0,2.7,3.29
"Green beans, frozen, cooked, fat added, NS as to fat type",Fast Food & Prepared,Low-Calorie / Beverages,5,10.5,45.4,44.1,2.9,1.82
"Green beans, canned, cooked, fat added, NS as to fat type",Fast Food & Prepared,Low-Calorie / Beverages,5,8.8,34.5,56.7,1.8,1.25
"Green beans, fresh, cooked with oil",Condiments & Sauces,Low-Calorie / Beverages,5,11.4,43.4,45.2,2.7,3.29
"Green beans, fresh, cooked with butter or margarine",Dairy & Eggs,Low-Calorie / Beverages,5,12.8,48.6,38.5,2.7,3.29
"Green beans, frozen, cooked with oil",Condiments & Sauces,Low-Calorie / Beverages,5,9.9,42.8,47.4,2.9,1.82
"Green beans, frozen, cooked with butter or margarine",Dairy & Eggs,Low-Calorie / Beverages,5,11.3,48.3,40.4,2.9,1.82
"Green beans, canned, cooked with oil",Condiments & Sauces,Low-Calorie / Beverages,5,8.1,32.2,59.7,1.8,1.25
"Green beans, canned, cooked with butter or margarine",Dairy & Eggs,Low-Calorie / Beverages,5,9.6,37.1,53.3,1.8,1.25
"Green beans, canned, reduced sodium, cooked, no added fat",Other,Balanced Moderate,1,17.3,66.7,16.0,1.9,0.78
"Green beans, canned, reduced sodium, cooked, fat added, NS as to fat type",Fast Food & Prepared,Low-Calorie / Beverages,5,9.1,34.9,55.9,1.8,0.76
"Green beans, canned, reduced sodium, cooked with oil",Condiments & Sauces,Low-Calorie / Beverages,5,8.5,32.6,58.9,1.8,0.76
"Green beans, canned, reduced sodium, cooked with butter or margarine",Dairy & Eggs,Low-Calorie / Beverages,5,9.8,37.5,52.7,1.8,0.76
Fried green beans,Other,Low-Calorie / Beverages,5,7.0,40.9,52.1,1.8,1.62
"Yellow string beans, cooked",Other,Low-Calorie / Beverages,5,10.5,45.4,44.1,2.9,1.82
"Bean sprouts, cooked","Legumes, Nuts & Seeds",High-Carb / Sugary,0,31.2,19.3,49.5,3.3,2.83
"Beets, fresh, cooked, no added fat",Other,Balanced Moderate,1,13.9,82.7,3.4,2.9,7.02
"Beets, canned, cooked, no added fat",Other,Balanced Moderate,1,10.8,85.5,3.7,1.8,5.51
"Beets, NS as to form, cooked",Fast Food & Prepared,Low-Calorie / Beverages,5,6.4,50.3,43.3,1.7,5.35
"Beets, fresh, cooked, fat added",Other,Low-Calorie / Beverages,5,9.3,54.8,35.9,2.8,6.82
"Beets, canned, cooked, fat added",Other,Low-Calorie / Beverages,5,6.4,50.3,43.3,1.7,5.35
"Beets, canned, reduced sodium, cooked",Other,Low-Calorie / Beverages,5,6.0,48.9,45.0,1.2,5.56
"Bitter melon, cooked",Fruits,Low-Calorie / Beverages,5,7.4,37.7,54.9,1.9,1.89
"Breadfruit, cooked",Other,Balanced Moderate,1,3.1,78.4,18.5,4.7,10.65
"Broccoflower, cooked",Other,Low-Calorie / Beverages,5,18.9,39.1,42.0,3.2,3.06
"Brussels sprouts, fresh, cooked, no added fat",Vegetables,Balanced Moderate,1,26.0,68.9,5.2,3.9,2.28
"Brussels sprouts, frozen, cooked, no added fat",Vegetables,Balanced Moderate,1,28.3,64.8,6.9,4.1,2.07
"Brussels sprouts, NS as to form, cooked",Vegetables,Low-Calorie / Beverages,5,17.9,47.4,34.7,3.8,2.22
"Brussels sprouts, fresh, cooked, fat added",Vegetables,Low-Calorie / Beverages,5,17.9,47.4,34.7,3.8,2.22
"Brussels sprouts, frozen, cooked, fat added",Vegetables,Low-Calorie / Beverages,5,19.5,44.4,36.1,4.0,2.01
"Burdock, cooked",Other,Balanced Moderate,1,6.1,69.1,24.8,3.4,3.02
"Cabbage, Chinese, cooked, no added fat",Vegetables,Balanced Moderate,1,36.3,52.6,11.0,1.0,1.23
"Cabbage, Chinese, cooked, fat added",Vegetables,High-Carb / Sugary,0,15.0,21.8,63.2,1.0,1.19
"Cabbage, green, cooked, no added fat",Vegetables,Balanced Moderate,1,17.6,79.5,3.0,2.6,3.32
"Cabbage, green, cooked, fat added, NS as to fat type",Vegetables,Low-Calorie / Beverages,5,9.8,43.9,46.3,2.5,3.23
"Cabbage, green, cooked with oil",Vegetables,Low-Calorie / Beverages,5,9.1,41.2,49.7,2.5,3.23
"Cabbage, green, cooked with butter or margarine",Dairy & Eggs,Low-Calorie / Beverages,5,10.5,47.0,42.5,2.5,3.23
"Cabbage, red, cooked",Vegetables,Low-Calorie / Beverages,5,9.5,49.0,41.5,2.1,3.86
"Cabbage, savoy, cooked",Vegetables,Low-Calorie / Beverages,5,14.1,42.9,43.0,3.1,2.29
"Cactus, cooked, no added fat",Vegetables,Balanced Moderate,1,27.3,68.6,4.2,2.2,1.15
"Cactus, cooked, fat added",Vegetables,Low-Calorie / Beverages,5,12.4,31.0,56.6,2.1,1.11
"Cauliflower, fresh, cooked, no added fat",Vegetables,Balanced Moderate,1,25.5,66.1,8.4,2.1,1.98
"Cauliflower, frozen, cooked, no added fat",Vegetables,Balanced Moderate,1,27.4,64.1,8.5,2.7,1.05
"Cauliflower, NS as to form, cooked",Vegetables,Low-Calorie / Beverages,5,14.3,37.1,48.6,2.0,1.93
"Cauliflower, fresh, cooked, fat added, NS as to fat type",Vegetables,Low-Calorie / Beverages,5,14.3,37.1,48.6,2.0,1.93
"Cauliflower, frozen, cooked, fat added, NS as to fat type",Vegetables,Low-Calorie / Beverages,5,13.8,31.9,54.3,2.6,1.02
"Cauliflower, fresh, cooked with oil",Vegetables,Low-Calorie / Beverages,5,13.5,34.8,51.7,2.0,1.93
"Cauliflower, fresh, cooked with butter or margarine",Dairy & Eggs,Low-Calorie / Beverages,5,15.4,39.6,45.1,2.0,1.93
"Cauliflower, frozen, cooked with oil",Vegetables,Low-Calorie / Beverages,5,12.8,29.7,57.5,2.6,1.02
"Cauliflower, frozen, cooked with butter or margarine",Dairy & Eggs,Low-Calorie / Beverages,5,14.9,34.4,50.6,2.6,1.02
"Celery, cooked",Vegetables,High-Carb / Sugary,0,7.0,29.9,63.0,1.7,1.4
"Fennel bulb, cooked",Other,Low-Calorie / Beverages,5,8.4,49.0,42.6,3.5,4.48
"Christophine, cooked",Other,Low-Calorie / Beverages,5,7.2,39.2,53.6,1.8,1.73
"Corn, cooked, from restaurant",Other,Low-Calorie / Beverages,5,9.4,53.7,36.9,1.9,5.94
"Corn, fresh, cooked, no added fat",Other,Balanced Moderate,1,13.1,74.7,12.2,2.0,6.24
"Corn, frozen, cooked, no added fat",Other,Balanced Moderate,1,10.9,82.6,6.5,2.4,3.06
"Corn, canned, cooked, no added fat",Other,Balanced Moderate,1,11.8,74.0,14.2,2.0,4.44
"Corn, NS as to form, cooked",Fast Food & Prepared,Low-Calorie / Beverages,5,9.1,56.7,34.2,1.9,4.31
"Corn, fresh, cooked, fat added, NS as to fat type",Fast Food & Prepared,Low-Calorie / Beverages,5,10.6,60.5,28.9,1.9,6.06
"Corn, frozen, cooked, fat added, NS as to fat type",Fast Food & Prepared,Balanced Moderate,1,8.8,66.0,25.3,2.3,2.97
"Corn, canned, cooked, fat added, NS as to fat type",Fast Food & Prepared,Low-Calorie / Beverages,5,9.1,56.7,34.2,1.9,4.31
"Corn, fresh, cooked with oil",Condiments & Sauces,Low-Calorie / Beverages,5,10.3,58.9,30.8,1.9,6.06
"Corn, fresh, cooked with butter or margarine",Dairy & Eggs,Low-Calorie / Beverages,5,10.9,62.2,26.9,1.9,6.06
"Corn, frozen, cooked with oil",Condiments & Sauces,Balanced Moderate,1,8.5,64.1,27.4,2.3,2.97
"Corn, frozen, cooked with butter or margarine",Dairy & Eggs,Balanced Moderate,1,9.0,67.9,23.1,2.3,2.97
"Corn, canned, cooked with oil",Condiments & Sauces,Low-Calorie / Beverages,5,8.8,54.9,36.4,1.9,4.31
"Corn, canned, cooked with butter or margarine",Dairy & Eggs,Low-Calorie / Beverages,5,9.4,58.7,31.9,1.9,4.31
"Corn, creamed",Other,Balanced Moderate,1,8.4,87.1,4.5,1.2,3.23
"Corn, canned, reduced sodium, cooked, no added fat",Other,Balanced Moderate,1,11.1,79.0,9.9,1.8,4.46
"Corn, canned, reduced sodium, cooked, fat added, NS as to fat type",Fast Food & Prepared,Low-Calorie / Beverages,5,8.3,59.1,32.5,1.8,4.33
"Corn, canned, reduced sodium, cooked with oil",Condiments & Sauces,Low-Calorie / Beverages,5,8.0,57.0,34.9,1.8,4.33
"Corn, canned, reduced sodium, cooked with butter or margarine",Dairy & Eggs,Low-Calorie / Beverages,5,8.7,61.4,29.9,1.8,4.33
"Cucumber, cooked",Vegetables,Low-Calorie / Beverages,5,6.3,34.8,58.9,0.6,1.9
"Eggplant, cooked, no added fat",Vegetables,Balanced Moderate,1,13.5,81.0,5.5,3.2,3.78
"Eggplant, cooked, fat added",Vegetables,Low-Calorie / Beverages,5,7.5,44.6,47.9,3.1,3.68
"Flowers or blossoms of sesbania, squash, or lily, cooked",Vegetables,Low-Calorie / Beverages,5,10.5,31.6,58.0,0.9,2.32
"Garlic, cooked",Vegetables,Balanced Moderate,1,15.7,81.5,2.8,2.1,0.99
"Hominy, cooked",Other,Low-Calorie / Beverages,5,6.7,63.4,29.9,2.4,1.46
"Kohlrabi, cooked",Vegetables,Low-Calorie / Beverages,5,12.2,44.3,43.6,3.6,2.62
"Leek, cooked",Vegetables,Low-Calorie / Beverages,5,6.8,63.7,29.5,1.9,4.06
"Lotus root, cooked",Vegetables,Balanced Moderate,1,6.7,67.7,25.5,3.0,0.48
"Mushrooms, fresh, cooked, no added fat",Other,High-Protein,2,43.5,45.8,10.7,1.2,2.47
"Mushrooms, NS as to form, cooked",Fast Food & Prepared,High-Carb / Sugary,0,23.8,25.1,51.1,1.2,2.4
"Mushrooms, fresh, cooked, fat added, NS as to fat type",Fast Food & Prepared,High-Carb / Sugary,0,23.8,25.1,51.1,1.2,2.4
"Mushrooms, canned, cooked",Other,Low-Calorie / Beverages,5,13.9,37.7,48.4,2.3,2.27
"Mushrooms, fresh, cooked with oil",Condiments & Sauces,High-Carb / Sugary,0,22.3,23.5,54.2,1.2,2.4
"Mushrooms, fresh, cooked with butter or margarine",Dairy & Eggs,Low-Calorie / Beverages,5,25.5,26.9,47.6,1.2,2.4
"Mushroom, Asian, cooked, from dried",Vegetables,Balanced Moderate,1,9.5,87.5,3.0,2.1,3.83
"Okra, fresh, cooked, no added fat",Vegetables,Balanced Moderate,1,19.7,76.0,4.3,3.4,1.59
"Okra, frozen, cooked, no added fat",Vegetables,Balanced Moderate,1,18.9,74.7,6.3,2.1,2.86
"Okra, NS as to form, cooked",Vegetables,Low-Calorie / Beverages,5,12.4,47.5,40.2,3.3,1.54
"Okra, fresh, cooked, fat added",Vegetables,Low-Calorie / Beverages,5,12.4,47.5,40.2,3.3,1.54
"Okra, frozen, cooked, fat added",Vegetables,Low-Calorie / Beverages,5,11.3,44.3,44.4,2.0,2.78
"Lettuce, cooked",Vegetables,High-Carb / Sugary,0,11.1,28.4,60.5,1.4,1.57
"Luffa, cooked",Other,Low-Calorie / Beverages,5,12.4,47.5,40.2,3.3,1.54
"Onions, cooked, no added fat",Other,Balanced Moderate,1,10.3,87.5,2.2,2.0,4.97
"Onions, cooked, fat added",Other,Low-Calorie / Beverages,5,6.7,56.4,37.0,1.9,4.83
"Onions, pearl, cooked",Other,Low-Calorie / Beverages,5,5.4,49.9,44.7,1.4,2.81
"Onions, green, cooked",Other,Low-Calorie / Beverages,5,11.8,47.4,40.8,3.0,2.65
"Palm hearts, cooked",Other,Balanced Moderate,1,7.8,73.9,18.3,1.5,16.61
"Parsnips, cooked",Other,Balanced Moderate,1,5.3,68.3,26.4,3.5,4.65
"Blackeyed peas, from frozen",Other,High-Fiber / Plant-based,4,21.4,59.9,18.6,6.2,4.32
"Blackeyed peas, from canned",Other,High-Fiber / Plant-based,4,21.4,59.9,18.6,6.2,4.3
"Green peas, cooked, from restaurant",Other,Low-Calorie / Beverages,5,17.8,47.2,35.0,5.6,5.6
"Green peas, fresh, cooked, no added fat",Other,Balanced Moderate,1,26.1,69.5,4.4,5.9,5.89
"Green peas, frozen, cooked, no added fat",Other,Balanced Moderate,1,25.7,71.2,3.0,4.5,4.39
"Green peas, canned, cooked, no added fat",Other,Balanced Moderate,1,25.4,64.4,10.2,4.9,2.99
"Green peas, NS as to form, cooked",Fast Food & Prepared,Low-Calorie / Beverages,5,19.9,55.0,25.1,4.4,4.26
"Green peas, fresh, cooked, fat added, NS as to fat type",Fast Food & Prepared,Low-Calorie / Beverages,5,20.3,54.2,25.5,5.7,5.72
"Green peas, frozen, cooked, fat added, NS as to fat type",Fast Food & Prepared,Low-Calorie / Beverages,5,19.9,55.0,25.1,4.4,4.26
"Green peas, canned, cooked, fat added, NS as to fat type",Fast Food & Prepared,Low-Calorie / Beverages,5,19.0,48.3,32.7,4.8,2.9
"Green peas, fresh, cooked with oil",Condiments & Sauces,Low-Calorie / Beverages,5,19.7,52.5,27.8,5.7,5.72
"Green peas, fresh, cooked with butter or margarine",Dairy & Eggs,Low-Calorie / Beverages,5,21.0,56.0,23.0,5.7,5.72
"Green peas, frozen, cooked with oil",Condiments & Sauces,Low-Calorie / Beverages,5,19.2,53.2,27.5,4.4,4.26
"Green peas, frozen, cooked with butter or margarine",Dairy & Eggs,Low-Calorie / Beverages,5,20.6,56.9,22.5,4.4,4.26
"Green peas, canned, cooked with oil",Condiments & Sauces,Low-Calorie / Beverages,5,18.3,46.6,35.1,4.8,2.9
"Green peas, canned, cooked with butter or margarine",Dairy & Eggs,Low-Calorie / Beverages,5,19.8,50.1,30.1,4.8,2.9
"Green peas, canned, reduced sodium, cooked, no added fat",Other,Balanced Moderate,1,23.4,71.6,5.0,4.1,4.0
"Green peas, canned, reduced sodium, cooked, fat added, NS as to fat type",Fast Food & Prepared,Low-Calorie / Beverages,5,16.4,50.0,33.6,4.0,3.88
"Green peas, canned, reduced sodium, cooked with oil",Condiments & Sauces,Low-Calorie / Beverages,5,15.7,47.9,36.4,4.0,3.88
"Green peas, canned, reduced sodium, cooked with butter or margarine",Dairy & Eggs,Low-Calorie / Beverages,5,17.2,52.3,30.6,4.0,3.88
"Peppers, green, cooked",Other,Low-Calorie / Beverages,5,7.4,39.4,53.2,1.7,2.42
"Peppers, red, cooked",Other,Low-Calorie / Beverages,5,7.4,44.4,48.2,2.1,4.24
"Hot peppers, cooked",Other,Low-Calorie / Beverages,5,8.8,48.3,42.9,2.2,4.75
Pimiento,Other,Balanced Moderate,1,16.0,74.1,9.9,2.3,3.32
"Daikon radish, cooked",Vegetables,Low-Calorie / Beverages,5,6.8,33.4,59.8,1.5,1.8
"Rutabaga, cooked",Other,Low-Calorie / Beverages,5,6.8,54.1,39.1,2.4,4.64
"Salsify, cooked",Other,Balanced Moderate,1,11.2,63.0,25.7,3.0,2.81
Sauerkraut,Other,Low-Calorie / Beverages,5,8.4,38.9,52.7,2.8,1.72
"Snowpea, fresh, cooked, no added fat",Other,Balanced Moderate,1,25.9,69.9,4.2,2.7,4.15
"Snowpea, frozen, cooked, no added fat",Other,Balanced Moderate,1,26.2,67.4,6.4,3.1,4.81
"Snowpea, NS as to form, cooked",Fast Food & Prepared,Low-Calorie / Beverages,5,16.8,45.2,37.9,2.6,4.03
"Snowpea, fresh, cooked, fat added",Other,Low-Calorie / Beverages,5,16.8,45.2,37.9,2.6,4.03
"Snowpea, frozen, cooked, fat added",Other,Low-Calorie / Beverages,5,18.2,46.8,35.0,3.0,4.67
"Seaweed, dried",Vegetables,Balanced Moderate,1,34.1,56.2,9.7,5.6,3.04
"Seaweed, cooked, no added fat",Vegetables,Balanced Moderate,1,28.0,63.3,8.8,0.7,0.58
"Seaweed, cooked, fat added",Vegetables,Low-Calorie / Beverages,5,19.0,42.9,38.2,0.7,0.56
"Summer squash, yellow or green, fresh, cooked, no added fat",Vegetables,Balanced Moderate,1,21.0,66.3,12.7,1.2,3.16
"Summer squash, yellow or green, frozen, cooked, no added fat",Vegetables,Balanced Moderate,1,19.8,74.3,5.9,1.3,2.0
"Summer squash, yellow or green, canned, cooked, no added fat",Vegetables,Balanced Moderate,1,16.2,79.5,4.3,1.4,1.18
"Summer squash, yellow or green, NS as to form, cooked",Vegetables,Low-Calorie / Beverages,5,10.0,31.3,58.7,1.1,3.06
"Summer squash, yellow or green, fresh, cooked, fat added, NS as to fat type",Vegetables,Low-Calorie / Beverages,5,10.0,31.3,58.7,1.1,3.06
"Summer squash, yellow or green, frozen, cooked, fat added, NS as to fat type",Vegetables,Low-Calorie / Beverages,5,10.1,37.8,52.1,1.3,1.95
"Summer squash, yellow or green, canned, cooked, fat added, NS as to fat type",Vegetables,High-Carb / Sugary,0,6.5,30.8,62.7,1.3,1.15
"Summer squash, yellow or green, fresh, cooked with oil",Vegetables,High-Carb / Sugary,0,9.2,29.1,61.7,1.1,3.06
"Summer squash, yellow or green, fresh, cooked with butter or margarine",Dairy & Eggs,Low-Calorie / Beverages,5,10.9,33.9,55.2,1.1,3.06
"Summer squash, yellow or green, frozen, cooked with oil",Vegetables,Low-Calorie / Beverages,5,9.5,35.3,55.2,1.3,1.95
"Summer squash, yellow or green, frozen, cooked with butter or margarine",Dairy & Eggs,Low-Calorie / Beverages,5,11.0,40.7,48.3,1.3,1.95
"Summer squash, yellow or green, canned, cooked with oil",Vegetables,High-Carb / Sugary,0,5.8,28.2,65.9,1.3,1.15
"Summer squash, yellow or green, canned, cooked with butter or margarine",Dairy & Eggs,Low-Calorie / Beverages,5,7.1,33.7,59.2,1.3,1.15
"Spaghetti squash, cooked",Vegetables,Low-Calorie / Beverages,5,4.9,47.5,47.6,1.4,2.45
"Turnip, cooked",Vegetables,Low-Calorie / Beverages,5,6.8,47.8,45.4,1.9,3.96
Water Chesnut,Beverages,Balanced Moderate,1,6.6,92.4,1.0,3.9,3.84
"Winter melon, cooked",Fruits,High-Carb / Sugary,0,4.2,31.1,64.7,1.0,1.14
Yeast,Other,High-Fiber / Plant-based,4,40.9,41.7,17.3,26.9,0.0
Yeast extract spread,Condiments & Sauces,High-Protein,2,51.5,44.1,4.4,6.5,1.6
"Lima beans and corn, cooked, no added fat",Other,Balanced Moderate,1,17.4,78.0,4.6,3.8,2.2
"Lima beans and corn, cooked, fat added",Other,Balanced Moderate,1,14.1,63.0,22.9,3.7,2.13
"Bean salad, yellow and/or green string beans","Legumes, Nuts & Seeds",Low-Calorie / Beverages,5,12.7,46.8,40.5,3.5,3.48
"Peppers and onions, cooked, no added fat",Other,Balanced Moderate,1,11.6,84.5,3.9,2.0,4.1
"Peppers and onions, cooked, fat added",Other,Low-Calorie / Beverages,5,7.3,52.7,40.1,1.9,3.98
"Classic mixed vegetables, cooked, from restaurant",Dairy & Eggs,Low-Calorie / Beverages,5,11.0,47.5,41.4,3.2,4.86
"Classic mixed vegetables, frozen, cooked, no added fat",Dairy & Eggs,Balanced Moderate,1,17.6,80.4,2.1,4.4,3.11
"Classic mixed vegetables, canned, cooked, no added fat",Dairy & Eggs,Balanced Moderate,1,17.0,71.2,11.8,2.6,2.8
"Classic mixed vegetables, NS as to form, cooked",Dairy & Eggs,Low-Calorie / Beverages,5,12.9,59.0,28.1,4.3,3.02
"Classic mixed vegetables, frozen, cooked, fat added, NS as to fat type",Dairy & Eggs,Low-Calorie / Beverages,5,12.9,59.0,28.1,4.3,3.02
"Classic mixed vegetables, canned, cooked, fat added, NS as to fat type",Dairy & Eggs,Low-Calorie / Beverages,5,11.6,48.2,40.2,2.5,2.72
"Classic mixed vegetables, frozen, cooked with oil",Dairy & Eggs,Low-Calorie / Beverages,5,12.4,56.8,30.8,4.3,3.02
"Classic mixed vegetables, frozen, cooked with butter or margarine",Dairy & Eggs,Low-Calorie / Beverages,5,13.5,61.4,25.2,4.3,3.02
"Classic mixed vegetables, canned, cooked with oil",Dairy & Eggs,Low-Calorie / Beverages,5,11.0,46.1,42.8,2.5,2.72
"Classic mixed vegetables, canned, cooked with butter or margarine",Dairy & Eggs,Low-Calorie / Beverages,5,12.2,50.6,37.2,2.5,2.72
"Classic mixed vegetables, canned, reduced sodium, cooked, no added fat",Dairy & Eggs,Balanced Moderate,1,16.0,75.6,8.3,2.4,2.93
"Classic mixed vegetables, canned, reduced sodium, cooked, fat added, NS as to fat type",Dairy & Eggs,Low-Calorie / Beverages,5,10.6,49.6,39.9,2.3,2.84
"Classic mixed vegetables, canned, reduced sodium, cooked with oil",Dairy & Eggs,Low-Calorie / Beverages,5,10.0,47.3,42.7,2.3,2.84
"Classic mixed vegetables, canned, reduced sodium, cooked with butter or margarine",Dairy & Eggs,Low-Calorie / Beverages,5,11.2,52.2,36.7,2.3,2.84
"Peas and corn, cooked, no added fat",Other,Balanced Moderate,1,17.8,77.4,4.9,3.4,3.72
"Peas and corn, cooked, fat added",Other,Low-Calorie / Beverages,5,14.0,60.8,25.2,3.3,3.62
Ratatouille,Other,Low-Calorie / Beverages,5,6.3,32.8,60.9,1.9,3.39
"Vegetables, stew type, cooked, fat added",Fast Food & Prepared,Low-Calorie / Beverages,5,5.9,61.0,33.1,1.9,3.04
"Vegetables, stew type, cooked, no added fat",Fast Food & Prepared,Balanced Moderate,1,8.6,89.5,1.9,2.0,3.14
"Broccoli and cauliflower, cooked, no added fat",Vegetables,Balanced Moderate,1,32.3,62.4,5.3,2.8,1.26
"Broccoli and cauliflower, cooked, fat added",Vegetables,Low-Calorie / Beverages,5,17.9,34.5,47.6,2.8,1.22
"Broccoli, cauliflower and carrots, cooked, no added fat",Vegetables,Balanced Moderate,1,21.7,68.9,9.4,3.0,2.19
"Broccoli, cauliflower and carrots, cooked, fat added",Vegetables,Low-Calorie / Beverages,5,12.6,39.8,47.6,2.9,2.13
"Asian stir fry vegetables, cooked, no added fat",Fast Food & Prepared,Balanced Moderate,1,17.0,78.0,5.0,2.9,3.71
"Asian stir fry vegetables, cooked, fat added",Fast Food & Prepared,Low-Calorie / Beverages,5,11.6,53.1,35.3,2.9,3.6
"Jai, Monk's Food",Other,Low-Calorie / Beverages,5,24.7,50.3,24.9,1.4,1.37
"Vegetable mixture, dried",Vegetables,High-Fiber / Plant-based,4,20.4,56.2,23.3,18.7,19.81
"Artichokes, stuffed",Other,Low-Calorie / Beverages,5,13.0,54.3,32.6,3.9,2.13
Green bean casserole,"Legumes, Nuts & Seeds",Low-Calorie / Beverages,5,13.9,50.2,35.9,1.8,2.55
"Green beans, cooked, Szechuan-style",Other,Low-Calorie / Beverages,5,9.2,31.2,59.6,2.7,3.06
Fried cauliflower,Vegetables,Low-Calorie / Beverages,5,7.2,40.0,52.8,1.6,1.09
"Chiles rellenos, cheese-filled",Dairy & Eggs,High-Carb / Sugary,0,19.7,11.5,68.8,1.1,1.99
"Chiles rellenos, filled with meat and cheese",Dairy & Eggs,High-Carb / Sugary,0,21.4,13.9,64.7,1.2,2.22
Stuffed jalapeno pepper,Vegetables,Low-Calorie / Beverages,5,14.8,27.0,58.2,2.5,3.78
"Corn, scalloped or pudding",Sweets & Desserts,Low-Calorie / Beverages,5,14.8,48.6,36.6,1.5,4.66
Corn fritter,Other,Low-Calorie / Beverages,5,8.3,40.9,50.8,2.2,3.57
Fried eggplant,Vegetables,Low-Calorie / Beverages,5,6.5,40.8,52.7,2.0,1.77
Eggplant dip,Vegetables,High-Carb / Sugary,0,9.7,22.0,68.2,4.0,2.81
"Eggplant parmesan casserole, regular",Dairy & Eggs,High-Carb / Sugary,0,17.7,22.6,59.7,1.9,3.01
Eggplant with cheese and tomato sauce,Dairy & Eggs,Low-Calorie / Beverages,5,26.3,27.1,46.6,2.2,3.39
"Mushrooms, stuffed",Other,Low-Calorie / Beverages,5,15.2,37.7,47.1,2.3,4.0
Fried mushrooms,Other,Low-Calorie / Beverages,5,8.4,38.9,52.7,1.3,1.27
Fried okra,Vegetables,Low-Calorie / Beverages,5,6.9,40.6,52.5,1.6,1.42
Fried onion rings,Vegetables,Low-Calorie / Beverages,5,4.7,45.0,50.3,2.6,4.96
Pea salad,"Legumes, Nuts & Seeds",High-Carb / Sugary,0,6.7,23.4,69.9,2.7,4.9
Pea salad with cheese,Dairy & Eggs,High-Carb / Sugary,0,9.9,19.2,70.9,2.5,4.44
"Fried summer squash, yellow or green",Vegetables,Low-Calorie / Beverages,5,6.8,39.7,53.5,1.2,1.53
"Squash, summer, casserole with tomato and cheese",Dairy & Eggs,Low-Calorie / Beverages,5,15.9,40.9,43.3,1.4,3.35
"Squash, summer, casserole, with rice and tomato sauce",Vegetables,Balanced Moderate,1,11.1,71.2,17.7,1.1,2.39
"Squash, summer, casserole, with cheese sauce",Dairy & Eggs,Low-Calorie / Beverages,5,15.7,39.5,44.9,1.2,2.83
"Squash, summer, souffle",Vegetables,High-Carb / Sugary,0,15.0,21.9,63.1,0.7,3.16
"Creamed christophine, Puerto Rican style",Other,Balanced Moderate,1,6.1,68.5,25.4,1.5,17.45
Vegetable stew without meat,Vegetables,Balanced Moderate,1,18.5,66.3,15.2,1.8,1.96
"Chow mein or chop suey, meatless, no noodles",Plant-based Alternatives,Low-Calorie / Beverages,5,12.3,52.9,34.8,1.2,2.63
Vegetable tempura,Vegetables,Low-Calorie / Beverages,5,6.3,34.3,59.5,1.6,1.57
Pakora,Other,Low-Calorie / Beverages,5,15.4,50.9,33.7,3.2,2.97
Vegetable curry,Vegetables,Low-Calorie / Beverages,5,7.2,39.5,53.3,1.8,3.23
Vegetable curry with rice,Vegetables,Low-Calorie / Beverages,5,7.8,63.8,28.4,1.3,1.96
"Chow mein or chop suey, meatless, with noodles",Plant-based Alternatives,Low-Calorie / Beverages,5,9.9,52.3,37.8,2.1,2.18
"Green beans, pickled",Other,Balanced Moderate,1,12.1,84.4,3.6,2.2,7.57
"Beets, pickled",Other,Balanced Moderate,1,4.6,94.3,1.0,0.8,11.05
"Celery, pickled",Vegetables,Balanced Moderate,1,6.9,88.7,4.4,1.3,5.98
"Relish, corn",Condiments & Sauces,Balanced Moderate,1,5.8,87.2,7.0,1.6,18.43
"Cauliflower, pickled",Vegetables,Balanced Moderate,1,14.3,80.7,5.1,1.7,6.45
"Cabbage, fresh, pickled, Japanese style",Vegetables,Balanced Moderate,1,9.7,88.3,2.1,2.1,7.52
"Cabbage, red, pickled",Vegetables,Balanced Moderate,1,9.5,87.8,2.7,1.7,8.05
Kimchi,Fast Food & Prepared,Low-Calorie / Beverages,5,23.8,51.9,24.3,1.6,1.06
"Pickles, dill",Condiments & Sauces,Low-Calorie / Beverages,5,14.0,57.9,28.1,1.0,1.28
"Relish, pickle",Condiments & Sauces,High-Fat / Oils,3,1.0,96.1,2.9,1.1,29.13
"Pickles, sweet",Other,Balanced Moderate,1,2.6,93.4,4.1,1.0,18.27
"Eggplant, pickled",Vegetables,Balanced Moderate,1,7.4,89.3,3.3,2.5,7.8
"Ginger root, pickled",Other,Balanced Moderate,1,6.1,89.7,4.2,2.6,0.0
Horseradish,Other,Balanced Moderate,1,8.4,80.5,11.1,3.3,7.99
"Mushrooms, pickled",Other,Balanced Moderate,1,23.7,70.0,6.3,0.8,6.51
Mustard,Condiments & Sauces,Low-Calorie / Beverages,5,24.8,30.9,44.3,4.3,1.42
Honey mustard dip,Condiments & Sauces,Low-Calorie / Beverages,5,2.6,37.6,59.8,1.0,24.1
"Okra, pickled",Vegetables,Balanced Moderate,1,12.3,84.8,2.9,2.7,6.1
"Olives, NFS",Fast Food & Prepared,High-Carb / Sugary,0,2.7,19.2,78.1,1.6,0.0
"Olives, green",Other,High-Carb / Sugary,0,2.6,9.8,87.6,3.3,0.54
"Olives, black",Other,High-Carb / Sugary,0,2.7,19.2,78.1,1.6,0.0
"Olives, stuffed",Other,High-Carb / Sugary,0,3.0,11.6,85.5,3.1,0.84
Olive tapenade,Other,High-Carb / Sugary,0,1.0,5.8,93.2,1.8,0.16
Hot pepper sauce,Condiments & Sauces,High-Carb / Sugary,0,33.9,21.1,45.0,0.6,0.13
"Peppers, pickled",Other,Balanced Moderate,1,7.3,88.6,4.2,1.5,7.38
"Pepper, hot, pickled",Vegetables,Balanced Moderate,1,12.8,72.8,14.4,2.6,1.6
"Pickles, NFS",Fast Food & Prepared,Low-Calorie / Beverages,5,14.0,57.9,28.1,1.0,1.28
"Pickles, fried",Other,Low-Calorie / Beverages,5,6.3,38.9,54.7,1.2,0.82
"Radishes, pickled, Hawaiian style",Other,Balanced Moderate,1,6.6,90.7,2.7,1.3,6.41
"Seaweed, pickled",Vegetables,Balanced Moderate,1,19.0,74.8,6.2,0.6,5.35
"Vegetables, pickled",Other,Balanced Moderate,1,8.7,86.7,4.6,1.8,7.48
"Turnip, pickled",Vegetables,Balanced Moderate,1,6.7,91.3,2.0,1.5,8.02
Wasabi paste,Other,High-Fiber / Plant-based,4,3.1,63.3,33.6,6.1,13.2
"Zucchini, pickled",Vegetables,Balanced Moderate,1,11.0,82.0,6.9,0.8,6.94
"Soup, cream of, NFS",Soups & Broths,Balanced Moderate,1,15.8,66.1,18.1,0.6,6.56
"Asparagus soup, cream of, NS as to made with milk or water",Dairy & Eggs,Low-Calorie / Beverages,5,17.0,44.1,38.9,0.2,2.8
"Asparagus soup, cream of, prepared with milk",Dairy & Eggs,Low-Calorie / Beverages,5,17.0,44.1,38.9,0.2,2.8
"Asparagus soup, cream of, prepared with water",Vegetables,Low-Calorie / Beverages,5,10.3,48.2,41.5,0.2,0.37
Borscht,Other,Low-Calorie / Beverages,5,12.0,47.0,41.0,1.0,2.88
"Cabbage soup, home recipe, canned or ready-to-serve",Vegetables,Balanced Moderate,1,18.0,62.7,19.3,1.3,1.54
"Cabbage with meat soup, home recipe, canned or ready-to-serve",Vegetables,High-Protein,2,41.0,33.6,25.4,0.8,1.09
"Celery soup, cream of, prepared with milk, home recipe, canned or ready-to-serve",Dairy & Eggs,Low-Calorie / Beverages,5,15.0,38.3,46.7,0.3,3.12
"Celery soup, cream of, prepared with water, home recipe, canned or ready-to-serve",Vegetables,Low-Calorie / Beverages,5,7.2,38.3,54.5,0.3,0.68
"Corn soup, cream of, prepared with milk",Dairy & Eggs,Balanced Moderate,1,18.5,59.4,22.0,0.7,3.16
"Corn soup, cream of, prepared with water",Beverages,Balanced Moderate,1,7.1,71.0,21.9,0.8,2.15
Gazpacho,Other,Low-Calorie / Beverages,5,8.0,40.0,51.9,1.1,2.49
"Leek soup, cream of, prepared with milk",Dairy & Eggs,Low-Calorie / Beverages,5,15.9,43.9,40.1,0.2,4.27
"Mushroom soup, NFS",Vegetables,Low-Calorie / Beverages,5,6.7,33.9,59.4,0.3,0.2
"Mushroom soup, cream of, prepared with milk",Dairy & Eggs,Low-Calorie / Beverages,5,14.4,35.6,50.0,0.3,2.65
"Mushroom soup, cream of, prepared with water",Vegetables,Low-Calorie / Beverages,5,6.7,33.9,59.4,0.4,0.2
"Mushroom soup, with meat broth, prepared with water",Vegetables,Low-Calorie / Beverages,5,14.6,43.2,42.2,0.1,1.16
"Mushroom soup, cream of, low sodium, prepared with water",Vegetables,High-Carb / Sugary,0,7.2,32.7,60.1,0.2,1.72
"Mushroom soup, cream of, NS as to made with milk or water",Dairy & Eggs,Low-Calorie / Beverages,5,14.4,35.6,50.0,0.3,2.65
"Mushroom with chicken soup, cream of, prepared with milk",Dairy & Eggs,Low-Calorie / Beverages,5,13.3,45.3,41.4,1.6,2.84
"Mushroom soup, cream of, canned, reduced sodium, NS as to made with milk or water",Dairy & Eggs,Low-Calorie / Beverages,5,9.2,61.8,29.1,0.3,1.08
"Mushroom soup, cream of, canned, reduced sodium, prepared with milk",Dairy & Eggs,Low-Calorie / Beverages,5,17.6,50.3,32.1,0.3,3.51
"Mushroom soup, cream of, canned, reduced sodium, prepared with water",Vegetables,Low-Calorie / Beverages,5,9.2,61.8,29.1,0.3,1.08
"Onion soup, cream of, prepared with milk",Dairy & Eggs,Low-Calorie / Beverages,5,15.9,43.9,40.1,0.2,4.27
"Onion soup, French",Vegetables,Low-Calorie / Beverages,5,18.5,42.1,39.4,1.0,2.58
"Onion soup, made from dry mix",Vegetables,Balanced Moderate,1,10.3,89.0,0.7,0.3,0.2
"Pea soup, prepared with milk",Dairy & Eggs,Low-Calorie / Beverages,5,22.2,56.7,21.2,2.0,5.72
"Vegetable soup, cream of, prepared with milk",Dairy & Eggs,Low-Calorie / Beverages,5,17.3,41.7,40.9,0.3,6.0
"Zucchini soup, cream of, prepared with milk",Dairy & Eggs,Low-Calorie / Beverages,5,27.5,44.1,28.4,0.4,2.48
Shav soup,Soups & Broths,Low-Calorie / Beverages,5,25.7,30.7,43.7,0.4,1.76
Seaweed soup,Soups & Broths,High-Protein,2,40.4,26.1,33.5,0.2,0.26
"Vegetable soup, canned, prepared with water or ready-to-serve",Vegetables,Balanced Moderate,1,11.6,80.2,8.2,1.1,1.56
"Vegetable soup, reduced sodium, canned, ready to serve",Vegetables,Balanced Moderate,1,9.2,81.7,9.1,1.1,2.78
"Vegetable soup, made from dry mix",Vegetables,Low-Calorie / Beverages,5,7.0,45.6,47.4,0.3,1.59
"Vegetable soup, home recipe",Vegetables,Balanced Moderate,1,17.9,62.3,19.7,1.2,1.49
"Vegetable noodle soup, home recipe",Vegetables,Balanced Moderate,1,18.0,60.4,21.6,1.0,1.18
"Minestrone soup, reduced sodium, canned or ready-to-serve",Soups & Broths,Balanced Moderate,1,15.6,70.3,14.1,2.4,2.13
"Minestrone soup, home recipe",Soups & Broths,Balanced Moderate,1,22.2,61.7,16.1,1.8,1.08
"Minestrone soup, canned, prepared with water, or ready-to-serve",Beverages,Low-Calorie / Beverages,5,20.1,53.1,26.8,0.4,0.75
"Vegetable beef soup, canned, prepared with water, or ready-to-serve",Meat & Poultry,Low-Calorie / Beverages,5,27.9,50.7,21.4,0.8,0.45
"Vegetable beef noodle soup, prepared with water",Meat & Poultry,Low-Calorie / Beverages,5,27.9,50.8,21.4,0.8,0.45
"Vegetable noodle soup, canned, prepared with water, or ready-to-serve",Vegetables,Balanced Moderate,1,11.4,65.0,23.6,0.3,1.57
"Vegetable rice soup, canned, prepared with water or ready-to-serve",Vegetables,Balanced Moderate,1,15.9,64.5,19.6,2.4,2.17
"Vegetable beef soup with rice, canned, prepared with water or ready-to-serve",Meat & Poultry,Low-Calorie / Beverages,5,27.9,50.8,21.4,0.8,0.45
"Vegetable chicken rice soup, canned, prepared with water or ready-to-serve",Meat & Poultry,High-Protein,2,37.8,40.0,22.1,0.4,0.6
"Vegetable soup with chicken broth, home recipe, Mexican style",Meat & Poultry,Low-Calorie / Beverages,5,15.5,41.5,43.0,0.7,2.46
"Vegetable noodle soup, reduced sodium, canned, prepared with water or ready-to-serve",Vegetables,Balanced Moderate,1,15.6,70.3,14.1,2.4,2.13
"Vegetable beef soup, home recipe",Meat & Poultry,High-Protein,2,42.2,28.0,29.8,0.8,1.02
"Vegetable beef soup, canned, prepared with milk",Dairy & Eggs,Low-Calorie / Beverages,5,27.2,45.3,27.5,0.8,2.89
"Vegetable beef soup with noodles or pasta, home recipe",Meat & Poultry,High-Protein,2,38.5,33.8,27.7,0.8,1.06
"Vegetable beef soup with rice, home recipe",Meat & Poultry,Low-Calorie / Beverages,5,36.9,37.5,25.6,0.7,0.99
"Vegetarian vegetable soup, prepared with water",Vegetables,Balanced Moderate,1,11.4,65.0,23.6,0.3,1.57
"Vegetable soup, Spanish style, stew type",Vegetables,Low-Calorie / Beverages,5,31.3,38.8,30.0,1.6,1.74
"Vegetable soup, chunky style",Vegetables,Balanced Moderate,1,11.6,80.2,8.2,1.1,1.56
"Vegetable soup, with pasta, chunky style",Vegetables,Balanced Moderate,1,15.9,64.5,19.6,2.4,2.17
"Vegetable beef soup, chunky style",Meat & Poultry,Balanced Moderate,1,24.0,60.9,15.1,0.6,0.67
"Vegetable broth, bouillon",Vegetables,Balanced Moderate,1,18.1,70.1,11.9,0.0,0.55
"Spinach, creamed, baby food, strained",Infant Nutrition,Low-Calorie / Beverages,5,22.5,51.2,26.3,1.8,2.33
"Broccoli, carrots and cheese, baby food, junior",Infant Nutrition,Low-Calorie / Beverages,5,16.8,53.5,29.7,1.8,1.57
"Carrots, baby food, NS as to strained or junior",Infant Nutrition,Balanced Moderate,1,10.3,85.3,4.4,1.7,3.4
"Carrots, baby food, strained",Infant Nutrition,Balanced Moderate,1,11.4,85.4,3.2,1.7,3.64
"Carrots, baby food, junior",Infant Nutrition,Balanced Moderate,1,9.5,85.2,5.3,1.7,3.16
"Carrots, baby food, toddler",Infant Nutrition,Balanced Moderate,1,9.2,80.4,10.4,2.3,2.5
"Carrots and peas, baby food, strained",Infant Nutrition,Balanced Moderate,1,20.8,73.2,6.0,1.8,2.82
"Squash, baby food, NS as to strained or junior",Infant Nutrition,Balanced Moderate,1,11.6,82.0,6.4,0.9,3.3
"Squash, baby food, strained",Infant Nutrition,Balanced Moderate,1,11.6,82.0,6.4,0.9,3.37
"Squash, baby food, junior",Infant Nutrition,Balanced Moderate,1,11.6,82.0,6.4,0.9,3.24
"Squash and corn, baby food, strained",Infant Nutrition,Balanced Moderate,1,15.9,73.4,10.7,2.0,2.93
"Corn and sweet potatoes, baby food, strained",Infant Nutrition,Balanced Moderate,1,7.4,89.0,3.7,1.8,4.0
"Sweet potatoes, baby food, NS as to strained or junior",Infant Nutrition,Balanced Moderate,1,7.4,91.1,1.5,1.5,4.14
"Sweet potatoes, baby food, strained",Infant Nutrition,Balanced Moderate,1,7.6,90.9,1.5,1.5,4.05
"Sweet potatoes, baby food, junior",Infant Nutrition,Balanced Moderate,1,7.2,91.4,1.5,1.5,4.24
"Beans, green string, baby food, NS as to strained or junior",Infant Nutrition,Balanced Moderate,1,15.9,79.9,4.2,2.0,1.48
"Beans, green string, baby food, strained",Infant Nutrition,Balanced Moderate,1,15.2,79.9,4.9,2.2,1.88
"Beans, green string, baby food, junior",Infant Nutrition,Balanced Moderate,1,16.6,80.3,3.1,1.9,1.08
"Beans, green string, baby food, toddler",Infant Nutrition,Balanced Moderate,1,16.3,77.6,6.1,1.3,1.06
"Green beans and potatoes, baby food, strained",Infant Nutrition,Low-Calorie / Beverages,5,14.2,58.2,27.6,1.4,2.35
"Beets, baby food, strained",Infant Nutrition,Balanced Moderate,1,14.1,83.5,2.4,1.9,6.09
"Corn, creamed, baby food, NS as to strained or junior",Infant Nutrition,Balanced Moderate,1,8.0,86.8,5.1,2.1,1.36
"Corn, creamed, baby food, strained",Infant Nutrition,Balanced Moderate,1,8.5,86.0,5.5,2.1,1.23
"Corn, creamed, baby food, junior",Infant Nutrition,Balanced Moderate,1,7.5,87.6,4.9,2.1,1.48
"Mixed vegetables, garden vegetables, baby food, NS as to strained or junior",Infant Nutrition,Balanced Moderate,1,18.5,74.8,6.7,1.5,2.17
"Mixed vegetables, garden vegetables, baby food, strained",Infant Nutrition,Balanced Moderate,1,11.1,86.2,2.7,1.0,3.08
"Mixed vegetables, garden vegetables, baby food, junior",Infant Nutrition,Balanced Moderate,1,13.3,78.1,8.6,1.5,1.78
"Peas, baby food, NS as to strained or junior",Infant Nutrition,Balanced Moderate,1,26.0,66.4,7.7,2.0,2.01
"Peas, baby food, strained",Infant Nutrition,Balanced Moderate,1,26.0,66.4,7.7,2.0,2.01
"Peas, baby food, junior",Infant Nutrition,Balanced Moderate,1,26.0,66.4,7.7,2.0,2.01
"Peas, baby food, toddler",Infant Nutrition,Balanced Moderate,1,24.4,64.4,11.2,3.9,4.13
"Potatoes, baby food, toddler",Infant Nutrition,Balanced Moderate,1,7.7,90.5,1.7,0.9,0.91
"Vegetables and rice, baby food, strained",Infant Nutrition,Balanced Moderate,1,10.9,69.6,19.4,1.1,2.39
"Peas and brown rice, baby food",Infant Nutrition,Balanced Moderate,1,21.2,71.7,7.0,2.5,2.89
"Carrots and beef, baby food, strained",Infant Nutrition,Low-Calorie / Beverages,5,23.1,38.7,38.2,2.6,2.04
"Vegetable and beef, baby food, NS as to strained or junior",Infant Nutrition,Low-Calorie / Beverages,5,11.5,46.2,42.3,1.3,2.34
"Vegetable and beef, baby food, strained",Infant Nutrition,Low-Calorie / Beverages,5,11.5,46.2,42.3,1.3,2.34
"Vegetable and beef, baby food, junior",Infant Nutrition,Low-Calorie / Beverages,5,11.5,46.2,42.3,1.3,2.34
"Broccoli and chicken, baby food, strained",Infant Nutrition,Low-Calorie / Beverages,5,23.1,40.9,36.0,1.4,1.43
"Sweet potatoes and chicken, baby food, strained",Infant Nutrition,Low-Calorie / Beverages,5,13.6,59.9,26.5,1.3,2.65
"Vegetable and chicken, baby food, NS as to strained or junior",Infant Nutrition,Balanced Moderate,1,16.1,61.0,22.8,1.6,1.52
"Vegetable and chicken, baby food, strained",Infant Nutrition,Low-Calorie / Beverages,5,16.7,57.0,26.3,2.1,1.58
"Vegetable and chicken, baby food, junior",Infant Nutrition,Balanced Moderate,1,15.4,65.5,19.1,1.1,1.46
"Potatoes with cheese and broccoli, baby food, toddler",Infant Nutrition,Low-Calorie / Beverages,5,9.3,62.8,27.8,1.2,1.17
"Vegetable and turkey, baby food, NS as to strained or junior",Infant Nutrition,Balanced Moderate,1,16.1,60.3,23.6,1.2,1.45
"Vegetable and turkey, baby food, strained",Infant Nutrition,Balanced Moderate,1,19.4,63.7,16.9,1.5,1.54
"Vegetable and turkey, baby food, junior",Infant Nutrition,Low-Calorie / Beverages,5,13.0,57.3,29.7,0.9,1.36
"Fried stuffed potatoes, Puerto Rican style",Other,Low-Calorie / Beverages,5,10.1,34.1,55.9,1.9,0.91
"Potato and ham fritters, Puerto Rican style",Meat & Poultry,High-Carb / Sugary,0,11.9,24.9,63.2,1.5,0.62
"Potato chicken pie, Puerto Rican style",Meat & Poultry,High-Carb / Sugary,0,16.7,26.4,56.9,1.5,0.88
"Green plantain with cracklings, Puerto Rican style",Fruits,Low-Calorie / Beverages,5,12.0,32.3,55.7,1.4,14.81
"Ripe plantain fritters, Puerto Rican style",Fruits,Low-Calorie / Beverages,5,11.2,27.5,61.3,1.9,16.04
"Ripe plantain meat pie, Puerto Rican style",Fruits,Low-Calorie / Beverages,5,15.0,26.4,58.6,2.0,11.68
"Cassava Pasteles, Puerto Rican style",Vegetables,High-Carb / Sugary,0,10.4,29.5,60.1,1.3,1.8
"Cassava fritter stuffed with crab meat, Puerto Rican style",Seafood,Low-Calorie / Beverages,5,13.4,44.9,41.7,1.7,5.29
"Stuffed tannier fritters, Puerto Rican style",Other,High-Carb / Sugary,0,12.0,20.3,67.7,2.4,5.46
Puerto Rican pasteles,Other,Low-Calorie / Beverages,5,13.1,32.2,54.8,2.3,5.6
"Stuffed cabbage, with meat, Puerto Rican style",Vegetables,High-Carb / Sugary,0,17.8,15.4,66.8,2.4,4.58
"Stuffed cabbage, with meat and rice, Syrian dish, Puerto Rican style",Vegetables,Low-Calorie / Beverages,5,15.1,50.4,34.5,1.8,2.31
Eggplant and meat casserole,Vegetables,High-Carb / Sugary,0,29.5,19.3,51.2,1.5,2.9
Spanish stew,Fast Food & Prepared,Low-Calorie / Beverages,5,31.3,38.8,30.0,1.6,1.74
Puerto Rican stew,Fast Food & Prepared,Low-Calorie / Beverages,5,21.1,38.5,40.4,1.7,3.57
"Vegetable and fruit juice, 100% juice, with high vitamin C",Vegetables,Balanced Moderate,1,2.6,97.2,0.2,0.0,10.37
"Fruit and vegetable smoothie, with dairy",Vegetables,Balanced Moderate,1,10.4,81.1,8.4,1.4,7.86
"Fruit and vegetable smoothie, added protein",Vegetables,Balanced Moderate,1,34.8,58.2,7.0,1.5,7.25
"Fruit and vegetable smoothie, non-dairy",Vegetables,Balanced Moderate,1,8.3,85.1,6.6,1.5,7.5
"Fruit and vegetable smoothie, non-dairy, added protein",Vegetables,Balanced Moderate,1,34.4,59.8,5.7,1.6,6.92
"Fruit and vegetable smoothie, bottled",Vegetables,Balanced Moderate,1,4.4,91.4,4.3,0.7,11.15
"Fruit and vegetable smoothie, no dairy",Vegetables,Balanced Moderate,1,7.3,89.4,3.3,1.5,8.53
Vegetable smoothie,Vegetables,High-Carb / Sugary,0,11.7,25.8,62.5,2.9,2.58
"Table fat, NFS",Fast Food & Prepared,High-Carb / Sugary,0,0.3,0.2,99.4,0.0,0.04
"Butter, NFS",Dairy & Eggs,High-Carb / Sugary,0,0.5,0.0,99.5,0.0,0.06
"Butter, stick",Dairy & Eggs,High-Carb / Sugary,0,0.5,0.0,99.5,0.0,0.06
"Butter, tub",Dairy & Eggs,High-Carb / Sugary,0,0.3,0.0,99.7,0.0,0.06
"Butter, light",Dairy & Eggs,High-Carb / Sugary,0,2.6,0.0,97.4,0.0,0.0
"Margarine, NFS",Condiments & Sauces,High-Carb / Sugary,0,0.1,0.6,99.3,0.0,0.0
"Margarine, stick",Condiments & Sauces,High-Carb / Sugary,0,0.1,0.4,99.5,0.0,0.0
"Margarine, tub",Condiments & Sauces,High-Carb / Sugary,0,0.1,0.6,99.2,0.0,0.0
"Margarine-oil blend, NFS",Condiments & Sauces,High-Carb / Sugary,0,0.1,0.6,99.2,0.0,0.0
"Margarine-oil blend, stick",Condiments & Sauces,High-Carb / Sugary,0,0.1,0.4,99.5,0.0,0.0
"Margarine-oil blend, tub",Condiments & Sauces,High-Carb / Sugary,0,0.1,0.6,99.2,0.0,0.0
"Butter replacement, liquid",Dairy & Eggs,High-Carb / Sugary,0,0.1,0.6,99.2,0.0,0.0
"Margarine-oil blend, tub, light",Condiments & Sauces,High-Carb / Sugary,0,0.4,1.4,98.2,0.0,0.0
"Margarine-oil blend, stick, light",Condiments & Sauces,High-Carb / Sugary,0,0.4,1.4,98.2,0.0,0.0
"Butter-oil blend, NFS",Dairy & Eggs,High-Carb / Sugary,0,0.3,0.0,99.7,0.0,0.06
"Butter-oil blend, stick",Dairy & Eggs,High-Carb / Sugary,0,0.5,0.0,99.5,0.0,0.06
"Butter-oil blend, tub",Dairy & Eggs,High-Carb / Sugary,0,0.3,0.0,99.7,0.0,0.06
"Butter-oil blend, light",Dairy & Eggs,High-Carb / Sugary,0,2.6,0.0,97.4,0.0,0.0
"Butter replacement, powder",Dairy & Eggs,Balanced Moderate,1,2.1,95.4,2.4,0.0,5.3
"Oil or table fat, NFS",Condiments & Sauces,High-Carb / Sugary,0,0.1,0.1,99.8,0.0,0.02
Animal fat or drippings,Other,High-Carb / Sugary,0,1.1,0.0,98.9,0.0,0.0
Lard,Condiments & Sauces,High-Carb / Sugary,0,0.0,0.0,100.0,0.0,0.0
"Shortening, NS as to vegetable or animal",Vegetables,High-Carb / Sugary,0,0.0,0.0,100.0,0.0,0.0
"Ghee, clarified butter",Dairy & Eggs,High-Carb / Sugary,0,0.1,0.0,99.9,0.0,0.0
Garlic sauce,Vegetables,High-Carb / Sugary,0,0.8,2.0,97.2,0.2,0.15
Lemon-butter sauce,Dairy & Eggs,High-Carb / Sugary,0,0.5,0.4,99.1,0.0,0.31
Hollandaise sauce,Condiments & Sauces,High-Carb / Sugary,0,3.9,1.3,94.7,0.0,0.46
Sandwich spread,Fast Food & Prepared,High-Carb / Sugary,0,0.9,22.4,76.7,0.4,15.18
Tartar sauce,Condiments & Sauces,High-Carb / Sugary,0,1.9,25.6,72.4,0.5,4.25
Horseradish sauce,Condiments & Sauces,High-Carb / Sugary,0,0.9,8.0,91.1,1.0,8.98
Pesto sauce,Condiments & Sauces,High-Carb / Sugary,0,5.8,3.9,90.2,1.0,0.7
Fry sauce,Condiments & Sauces,High-Carb / Sugary,0,0.7,5.4,93.9,0.1,5.74
Curry sauce,Fast Food & Prepared,High-Carb / Sugary,0,5.5,20.1,74.3,1.4,3.41
Honey butter,Dairy & Eggs,High-Fat / Oils,3,0.4,39.1,60.5,0.1,48.33
"Vegetable oil, NFS",Vegetables,High-Carb / Sugary,0,0.0,0.0,100.0,0.0,0.0
Almond oil,"Legumes, Nuts & Seeds",High-Carb / Sugary,0,0.0,0.0,100.0,0.0,0.0
Coconut oil,Condiments & Sauces,High-Carb / Sugary,0,0.0,0.4,99.6,0.0,0.0
Corn oil,Condiments & Sauces,High-Carb / Sugary,0,0.0,0.0,100.0,0.0,0.0
Cottonseed oil,Condiments & Sauces,High-Carb / Sugary,0,0.0,0.0,100.0,0.0,0.0
Flaxseed oil,Condiments & Sauces,High-Carb / Sugary,0,0.0,0.0,100.0,0.0,0.0
Olive oil,Condiments & Sauces,High-Carb / Sugary,0,0.0,0.0,100.0,0.0,0.0
Peanut oil,"Legumes, Nuts & Seeds",High-Carb / Sugary,0,0.0,0.0,100.0,0.0,0.0
Canola oil,Condiments & Sauces,High-Carb / Sugary,0,0.0,0.0,100.0,0.0,0.0
Safflower oil,Condiments & Sauces,High-Carb / Sugary,0,0.0,0.0,100.0,0.0,0.0
Sesame oil,Condiments & Sauces,High-Carb / Sugary,0,0.0,0.0,100.0,0.0,0.0
Soybean oil,"Legumes, Nuts & Seeds",High-Carb / Sugary,0,0.0,0.0,100.0,0.0,0.0
Sunflower oil,Condiments & Sauces,High-Carb / Sugary,0,0.0,0.0,100.0,0.0,0.0
Walnut oil,"Legumes, Nuts & Seeds",High-Carb / Sugary,0,0.0,0.0,100.0,0.0,0.0
Wheat germ oil,Grains & Bakery,High-Carb / Sugary,0,0.0,0.0,100.0,0.0,0.0
"Salad dressing, NFS, for salads",Condiments & Sauces,High-Carb / Sugary,0,1.2,5.5,93.3,0.0,4.69
"Salad dressing, NFS, for sandwiches",Condiments & Sauces,High-Carb / Sugary,0,0.6,2.3,97.1,0.0,2.46
Blue or roquefort cheese dressing,Dairy & Eggs,High-Carb / Sugary,0,1.1,3.9,94.9,0.4,3.48
Bacon and tomato dressing,Meat & Poultry,High-Carb / Sugary,0,2.2,2.4,95.4,0.2,2.0
Caesar dressing,Condiments & Sauces,High-Carb / Sugary,0,1.6,2.4,96.0,0.5,2.81
Coleslaw dressing,Condiments & Sauces,High-Carb / Sugary,0,0.8,22.2,77.0,0.0,21.23
French or Catalina dressing,Condiments & Sauces,High-Carb / Sugary,0,0.8,17.5,81.7,2.4,17.43
Honey mustard dressing,Condiments & Sauces,High-Carb / Sugary,0,0.7,20.1,79.2,0.4,15.84
"Italian dressing, made with vinegar and oil",Condiments & Sauces,High-Carb / Sugary,0,0.7,20.2,79.1,0.0,10.77
"Mayonnaise, regular",Condiments & Sauces,High-Carb / Sugary,0,0.6,0.3,99.1,0.0,0.57
Vegan mayonnaise,Condiments & Sauces,High-Carb / Sugary,0,0.5,26.9,72.6,0.0,6.0
Russian dressing,Condiments & Sauces,Low-Calorie / Beverages,5,0.8,34.9,64.4,0.7,17.68
Mayonnaise-type salad dressing,Condiments & Sauces,High-Carb / Sugary,0,1.0,23.1,75.9,0.0,10.02
Avocado dressing,Fruits,High-Carb / Sugary,0,1.8,6.9,91.3,0.1,6.67
Creamy dressing,Condiments & Sauces,High-Carb / Sugary,0,1.2,5.5,93.3,0.0,4.69
Poppy seed dressing,"Legumes, Nuts & Seeds",High-Carb / Sugary,0,0.9,23.8,75.3,0.3,23.39
Sesame dressing,"Legumes, Nuts & Seeds",High-Carb / Sugary,0,2.7,7.6,89.7,1.0,8.32
Thousand Island dressing,Condiments & Sauces,High-Carb / Sugary,0,1.2,15.5,83.4,0.8,15.18
Yogurt dressing,Dairy & Eggs,High-Carb / Sugary,0,6.1,20.9,72.9,0.1,9.67
"Salad dressing, light, NFS",Condiments & Sauces,High-Carb / Sugary,0,3.8,17.5,78.8,0.0,5.65
"Blue or roquefort cheese dressing, light",Dairy & Eggs,High-Carb / Sugary,0,21.1,12.0,66.9,0.0,2.82
"Coleslaw dressing, light",Condiments & Sauces,High-Fat / Oils,3,0.0,47.1,52.9,0.4,38.73
"French or Catalina dressing, light",Condiments & Sauces,Low-Calorie / Beverages,5,1.0,54.1,44.9,1.5,16.86
"Caesar dressing, light",Condiments & Sauces,Low-Calorie / Beverages,5,1.0,64.6,34.4,0.1,16.32
"Mayonnaise, light",Condiments & Sauces,High-Carb / Sugary,0,0.6,15.5,83.9,0.0,3.56
"Mayonnaise, reduced fat,  with olive oil",Condiments & Sauces,High-Carb / Sugary,0,0.4,0.0,99.6,0.0,0.0
"Mayonnaise-type salad dressing, light",Condiments & Sauces,Low-Calorie / Beverages,5,1.6,41.5,56.9,0.0,6.67
"Honey mustard dressing, light",Condiments & Sauces,Low-Calorie / Beverages,5,1.9,54.6,43.5,0.8,18.33
"Italian dressing, light",Condiments & Sauces,Low-Calorie / Beverages,5,1.5,39.3,59.1,0.0,9.16
"Russian dressing, light",Condiments & Sauces,Balanced Moderate,1,1.3,74.4,24.3,0.3,21.87
"Sesame dressing, light","Legumes, Nuts & Seeds",Low-Calorie / Beverages,5,1.5,39.3,59.1,0.0,9.16
"Thousand Island dressing, light",Condiments & Sauces,Low-Calorie / Beverages,5,1.6,47.8,50.6,1.2,17.31
Korean dressing or marinade,Condiments & Sauces,High-Carb / Sugary,0,3.7,14.8,81.5,0.5,10.18
"Creamy dressing, light",Condiments & Sauces,High-Carb / Sugary,0,3.8,17.5,78.8,0.0,5.65
"Blue or roquefort cheese dressing, fat free",Dairy & Eggs,Balanced Moderate,1,5.2,87.1,7.7,1.8,7.44
"Caesar dressing, fat free",Condiments & Sauces,Balanced Moderate,1,4.5,93.9,1.6,0.2,8.82
"Creamy dressing, fat free",Condiments & Sauces,Balanced Moderate,1,5.1,72.8,22.1,0.0,5.35
"French or Catalina dressing, fat free",Condiments & Sauces,Balanced Moderate,1,0.6,97.5,1.8,2.2,16.45
"Honey mustard dressing, fat free",Condiments & Sauces,Balanced Moderate,1,2.5,89.8,7.7,1.2,17.75
"Italian dressing, fat free",Condiments & Sauces,Balanced Moderate,1,8.3,74.9,16.8,0.6,8.85
"Mayonnaise, fat free",Condiments & Sauces,Balanced Moderate,1,1.2,98.8,0.0,2.0,6.8
"Russian dressing, fat free",Condiments & Sauces,Balanced Moderate,1,1.7,88.5,9.9,3.3,16.83
"Salad dressing, fat free, NFS",Condiments & Sauces,Balanced Moderate,1,5.1,72.8,22.1,0.0,5.35
"Thousand Island dressing, fat free",Condiments & Sauces,Balanced Moderate,1,1.7,88.5,9.9,3.3,16.83
"Bacon, for use with vegetables",Meat & Poultry,High-Carb / Sugary,0,29.6,1.5,68.9,0.0,0.0
"Ham, for use with vegetables",Meat & Poultry,High-Protein,2,61.1,5.3,33.6,0.0,1.57
"Beef, for use with vegetables",Meat & Poultry,High-Protein,2,67.9,0.0,32.1,0.0,0.0
"Chicken, for use with vegetables",Meat & Poultry,High-Protein,2,65.2,0.0,34.8,0.0,0.0
"Cream sauce, for use with vegetables",Condiments & Sauces,High-Carb / Sugary,0,2.7,23.4,74.0,0.1,1.16
"Cheese sauce, for use with vegetables",Dairy & Eggs,Low-Calorie / Beverages,5,15.8,32.5,51.7,0.1,0.07
"Gravy, for use with vegetables",Condiments & Sauces,Balanced Moderate,1,2.2,80.8,17.0,0.1,0.12
"Soy based sauce, for use with vegetables",Condiments & Sauces,Balanced Moderate,1,7.5,91.0,1.5,0.2,10.06
"Tomato sauce, for use with vegetables",Vegetables,Low-Calorie / Beverages,5,1.8,45.8,52.4,0.6,11.4
"Avocado, for use on a sandwich",Fruits,High-Carb / Sugary,0,4.6,19.6,75.8,6.7,0.66
"Cucumber, for use on a sandwich",Vegetables,Balanced Moderate,1,14.4,80.2,5.5,0.5,1.67
"Lettuce, for use on a sandwich",Vegetables,Balanced Moderate,1,25.9,66.9,7.2,1.2,1.38
"Mushrooms, for use on a sandwich",Fast Food & Prepared,High-Protein,2,43.4,45.8,10.8,1.0,1.98
"Onions, for use on a sandwich",Fast Food & Prepared,Balanced Moderate,1,10.3,87.6,2.1,1.7,4.24
"Pepper, for use on a sandwich",Vegetables,Balanced Moderate,1,13.9,78.5,7.6,1.8,3.03
"Spinach, for use on a sandwich",Vegetables,Balanced Moderate,1,38.8,49.3,11.9,2.2,0.42
"Tomatoes, for use on a sandwich",Fast Food & Prepared,Balanced Moderate,1,16.9,74.5,8.6,1.2,2.63
"Bacon, for use on a sandwich",Meat & Poultry,High-Carb / Sugary,0,29.6,1.5,68.9,0.0,0.0
"Sugar, NFS",Fast Food & Prepared,High-Fat / Oils,3,0.0,99.3,0.7,0.0,99.8
"Sugar, white, granulated or lump",Other,High-Fat / Oils,3,0.0,99.3,0.7,0.0,99.8
"Sugar, white, confectioner's, powdered",Other,High-Fat / Oils,3,0.0,100.0,0.0,0.0,97.81
"Sugar, brown",Other,High-Fat / Oils,3,0.1,99.9,0.0,0.0,97.02
"Sugar, cinnamon",Condiments & Sauces,High-Fat / Oils,3,0.3,98.9,0.9,3.7,92.99
Sugar substitute and sugar blend,Other,High-Fat / Oils,3,0.0,99.3,0.7,0.0,99.22
"Sugar substitute, sucralose, powder",Other,High-Fat / Oils,3,0.0,100.0,0.0,0.0,80.33
"Sugar substitute, stevia, powder",Other,Balanced Moderate,1,0.0,100.0,0.0,0.0,0.0
"Sugar substitute, stevia, liquid",Other,Balanced Moderate,1,6.3,93.7,0.0,0.7,0.01
"Sugar substitute, monk fruit, powder",Fruits,Balanced Moderate,1,0.0,100.0,0.0,0.0,0.0
"Sugar substitute, powder, NFS",Fast Food & Prepared,High-Fat / Oils,3,0.7,99.3,0.0,0.0,82.09
"Sugar substitute, liquid, NFS",Fast Food & Prepared,Balanced Moderate,1,6.3,93.7,0.0,0.7,0.01
"Sugar substitute, saccharin, powder",Other,High-Fat / Oils,3,1.0,99.0,0.0,0.0,85.19
"Sugar substitute, saccharin, liquid",Other,Balanced Moderate,1,1.0,99.0,0.0,0.0,1.96
"Sugar substitute, aspartame, powder",Other,High-Fat / Oils,3,2.4,97.6,0.0,0.0,80.7
"Syrup, NFS",Condiments & Sauces,High-Fat / Oils,3,0.0,99.7,0.3,0.0,42.0
Pancake syrup,Condiments & Sauces,High-Fat / Oils,3,0.0,99.7,0.3,0.0,42.0
Corn syrup,Condiments & Sauces,High-Fat / Oils,3,0.0,99.4,0.6,0.0,76.77
Blueberry syrup,Fruits,High-Fat / Oils,3,0.0,100.0,0.0,0.1,53.0
Chocolate syrup,Condiments & Sauces,High-Fat / Oils,3,0.0,100.0,0.0,0.0,60.0
"Chocolate syrup, light",Condiments & Sauces,Balanced Moderate,1,3.7,90.6,5.7,0.0,28.57
Simple syrup,Condiments & Sauces,High-Fat / Oils,3,0.0,99.3,0.7,0.0,45.68
Strawberry drink syrup,Fruits,High-Fat / Oils,3,0.0,99.9,0.1,0.0,65.0
"Pancake syrup, light",Condiments & Sauces,High-Fat / Oils,3,0.0,100.0,0.0,0.0,32.8
Honey,Condiments & Sauces,High-Fat / Oils,3,0.4,99.6,0.0,0.2,82.12
Agave liquid sweetener,Other,High-Fat / Oils,3,0.1,98.6,1.3,0.2,68.03
Molasses,Other,High-Fat / Oils,3,0.0,99.7,0.3,0.0,74.72
"Topping, butterscotch or caramel",Sweets & Desserts,High-Fat / Oils,3,2.1,97.9,0.0,0.0,57.0
"Topping, chocolate",Sweets & Desserts,High-Fat / Oils,3,5.3,71.9,22.9,2.8,34.82
"Topping, fruit",Fruits,Balanced Moderate,1,0.3,99.4,0.3,0.7,27.38
"Topping, marshmallow",Other,High-Fat / Oils,3,1.0,98.2,0.8,0.1,46.8
"Topping, nuts and syrup",Condiments & Sauces,High-Fat / Oils,3,4.0,51.8,44.2,2.3,36.72
"Topping, chocolate flavored hazelnut spread","Legumes, Nuts & Seeds",High-Fat / Oils,3,4.0,46.3,49.7,5.4,54.05
"Icing, chocolate",Sweets & Desserts,High-Fat / Oils,3,1.1,60.8,38.1,0.9,57.7
"Icing, white",Other,High-Fat / Oils,3,0.0,65.0,35.0,0.0,63.1
"Caramel dip, regular",Condiments & Sauces,High-Fat / Oils,3,1.5,62.9,35.6,0.0,48.46
"Caramel dip, light",Condiments & Sauces,High-Fat / Oils,3,2.1,97.9,0.0,0.0,57.0
Chocolate dip,Condiments & Sauces,High-Fat / Oils,3,3.4,66.5,30.1,2.0,45.46
Dessert dip,Condiments & Sauces,Low-Calorie / Beverages,5,9.7,35.9,54.5,0.0,22.18
Sweet and sour sauce,Condiments & Sauces,Balanced Moderate,1,0.7,99.2,0.1,0.1,18.75
Dessert sauce,Condiments & Sauces,Low-Calorie / Beverages,5,0.2,52.4,47.3,0.0,17.1
Duck sauce,Meat & Poultry,High-Fat / Oils,3,0.6,98.9,0.5,0.6,30.54
"Jelly, all flavors",Condiments & Sauces,High-Fat / Oils,3,0.2,99.7,0.1,1.0,51.22
"Jam, preserve, all flavors",Condiments & Sauces,High-Fat / Oils,3,0.5,99.2,0.2,1.1,48.5
"Fruit butter, all flavors",Dairy & Eggs,High-Fat / Oils,3,0.9,97.6,1.6,1.5,35.3
"Marmalade, all flavors",Condiments & Sauces,High-Fat / Oils,3,0.5,99.5,0.0,0.7,60.0
"Jelly, sugar free, all flavors",Condiments & Sauces,Balanced Moderate,1,1.8,98.2,0.0,2.2,3.39
"Jelly, reduced sugar, all flavors",Condiments & Sauces,High-Fat / Oils,3,0.0,99.4,0.6,1.5,29.41
"Jam, preserve, marmalade, sugar free, all flavors",Condiments & Sauces,Balanced Moderate,1,1.8,98.2,0.0,2.2,3.39
"Jam, preserve, marmalade, sweetened with fruit juice concentrates, all flavors",Fruits,High-Fat / Oils,3,0.0,100.0,0.0,0.9,42.0
"Jam, preserve, marmalade, reduced sugar, all flavors",Condiments & Sauces,High-Fat / Oils,3,0.0,99.4,0.6,1.5,29.41
Guava paste,Fruits,High-Fat / Oils,3,0.1,99.0,0.8,1.1,71.62
Sweet potato paste,Vegetables,High-Fat / Oils,3,0.5,98.7,0.8,0.8,71.58
"Bean paste, sweetened","Legumes, Nuts & Seeds",High-Fat / Oils,3,10.9,87.3,1.8,5.3,33.92
Gelatin dessert,Other,Balanced Moderate,1,7.9,92.1,0.0,0.0,13.49
Gelatin dessert with fruit,Fruits,Balanced Moderate,1,7.6,92.2,0.2,0.2,12.59
Gelatin salad with vegetables,Salads & Mixed,Balanced Moderate,1,9.5,90.2,0.3,0.7,11.93
"Gelatin dessert, sugar free",Other,Balanced Moderate,1,16.4,83.6,0.0,0.0,0.0
"Gelatin dessert, sugar free, with fruit",Fruits,Balanced Moderate,1,13.6,86.0,0.4,0.2,1.13
Yokan,Other,Balanced Moderate,1,8.4,90.0,1.6,2.0,24.59
"Coconut cream cake, Puerto Rican style",Fruits,High-Fat / Oils,3,2.9,57.0,40.1,1.2,45.97
Haupia,Other,Low-Calorie / Beverages,5,2.8,32.9,64.3,2.0,14.72
Italian Ice,Other,High-Fat / Oils,3,1.2,98.8,0.0,0.0,32.6
"Italian Ice, no sugar added",Other,Balanced Moderate,1,0.0,100.0,0.0,0.0,1.52
"Popsicle, NFS",Fast Food & Prepared,Balanced Moderate,1,0.0,97.3,2.7,0.0,13.66
Popsicle,Other,Balanced Moderate,1,0.0,97.3,2.7,0.0,13.66
"Popsicle, no sugar added",Other,Balanced Moderate,1,0.0,100.0,0.0,0.0,1.52
Freezer pop,Other,Balanced Moderate,1,0.0,97.3,2.7,0.0,13.66
Snow cone,Other,High-Fat / Oils,3,1.2,98.8,0.0,0.0,32.6
"Snow cone, no sugar added",Other,Balanced Moderate,1,0.0,100.0,0.0,0.0,1.52
"Candy, NFS",Sweets & Desserts,High-Fat / Oils,3,0.0,99.5,0.5,0.0,62.9
M&M's Almond Chocolate Candies,"Legumes, Nuts & Seeds",High-Fat / Oils,3,5.8,46.4,47.9,5.6,49.22
"Almonds, chocolate covered",Sweets & Desserts,High-Fiber / Plant-based,4,11.5,22.1,66.4,9.8,18.5
"Almonds, sugar-coated",Other,High-Fat / Oils,3,8.4,57.6,34.0,2.5,62.5
"Almonds, yogurt-covered",Dairy & Eggs,High-Fat / Oils,3,9.0,31.7,59.3,5.6,36.26
Butterscotch morsels,Other,High-Fat / Oils,3,1.6,49.8,48.5,0.0,67.1
"Caramel, chocolate-flavored roll",Grains & Bakery,High-Fat / Oils,3,1.6,90.7,7.7,0.1,56.32
"Caramel, flavor other than chocolate",Sweets & Desserts,High-Fat / Oils,3,4.6,77.1,18.3,0.0,65.5
"Caramel, with nuts",Sweets & Desserts,High-Fat / Oils,3,5.3,64.7,29.9,0.7,58.57
"Caramel candy, chocolate covered",Sweets & Desserts,High-Fat / Oils,3,4.9,67.8,27.3,0.8,62.28
"Caramel with nuts and cereal, chocolate covered",Grains & Bakery,High-Fat / Oils,3,5.3,49.3,45.3,2.4,42.95
"Caramel with nuts, chocolate covered",Sweets & Desserts,High-Fat / Oils,3,8.1,51.7,40.2,4.3,41.35
Rolo,Other,High-Fat / Oils,3,4.2,56.6,39.2,0.9,63.93
"Caramel, all flavors, sugar free",Sweets & Desserts,Balanced Moderate,1,1.8,68.4,29.7,0.5,18.63
"Toblerone, milk chocolate with honey and almond nougat","Legumes, Nuts & Seeds",High-Fat / Oils,3,4.4,46.7,49.0,2.5,55.74
TWIX Caramel Cookie Bars,Sweets & Desserts,High-Fat / Oils,3,3.9,51.6,44.5,1.1,48.25
TWIX Chocolate Fudge Cookie Bars,Sweets & Desserts,High-Fat / Oils,3,5.3,40.5,54.2,3.0,53.0
TWIX Peanut Butter Cookie Bars,Dairy & Eggs,High-Fat / Oils,3,6.7,39.6,53.7,3.1,36.13
Whatchamacallit,Other,High-Fat / Oils,3,6.5,50.8,42.8,1.9,48.86
"Nuts, carob-coated",Other,High-Fiber / Plant-based,4,10.9,26.0,63.0,7.2,19.32
"Espresso coffee beans, chocolate-covered",Beverages,High-Fat / Oils,3,5.4,40.2,54.4,5.7,50.75
"Milk chocolate candy, plain",Dairy & Eggs,High-Fat / Oils,3,5.7,44.4,49.9,3.4,51.5
"Milk chocolate candy, with cereal",Dairy & Eggs,High-Fat / Oils,3,5.7,44.7,49.5,3.3,51.06
Kit Kat,Other,High-Fat / Oils,3,5.0,49.8,45.1,1.0,48.68
"Chocolate, milk, with nuts, not almond or peanuts","Legumes, Nuts & Seeds",High-Fat / Oils,3,6.2,37.5,56.3,4.1,43.03
"Milk chocolate candy, with fruit and nuts",Dairy & Eggs,High-Fat / Oils,3,6.2,49.0,44.8,4.3,51.48
"Milk chocolate candy, with almonds",Sweets & Desserts,High-Fat / Oils,3,6.4,38.2,55.4,6.2,43.9
"Chocolate, milk, with peanuts",Dairy & Eggs,High-Fat / Oils,3,7.3,39.0,53.6,3.8,47.22
Chocolate candy with fondant and caramel,Sweets & Desserts,High-Fat / Oils,3,4.6,57.7,37.7,2.2,61.69
"Chocolate, semi-sweet morsel",Sweets & Desserts,High-Fat / Oils,3,3.1,47.1,49.8,5.9,54.5
"Chocolate, sweet or dark",Sweets & Desserts,High-Fat / Oils,3,3.2,43.2,53.6,6.4,48.81
"Chocolate, sweet or dark, with almonds",Sweets & Desserts,High-Fat / Oils,3,4.7,40.6,54.7,7.7,42.34
"Chocolate, white",Sweets & Desserts,High-Fat / Oils,3,4.3,43.1,52.6,0.2,59.0
"Chocolate, white, with almonds",Sweets & Desserts,High-Fat / Oils,3,5.8,38.3,55.9,2.0,50.8
"Chocolate, white, with cereal",Grains & Bakery,High-Fat / Oils,3,5.7,44.7,49.5,3.3,51.06
Kit Kat White,Other,High-Fat / Oils,3,5.0,49.8,45.1,1.0,48.68
"Mexican chocolate, tablet",Sweets & Desserts,High-Fat / Oils,3,3.1,66.7,30.2,4.0,69.4
"Coconut candy, chocolate covered",Fruits,High-Fat / Oils,3,3.7,47.7,48.5,3.7,46.19
"Coconut candy, no chocolate covering",Fruits,High-Fat / Oils,3,1.8,46.5,51.8,6.4,36.16
"Coconut candy, Puerto Rican style",Fruits,High-Fat / Oils,3,1.2,69.6,29.2,1.3,73.27
Fondant,Other,High-Fat / Oils,3,0.0,100.0,0.0,0.0,88.9
"Fondant, chocolate covered",Sweets & Desserts,High-Fat / Oils,3,2.1,77.7,20.2,2.1,71.42
"Fruit peel, candied",Fruits,High-Fat / Oils,3,0.4,99.4,0.2,1.6,80.68
Date candy,Fruits,High-Fat / Oils,3,4.1,56.5,39.4,7.1,46.5
Soft fruit confections,Fruits,High-Fat / Oils,3,2.4,75.7,22.0,2.4,45.95
Fruit leather and fruit snacks candy,Fruits,High-Fat / Oils,3,0.6,92.4,7.0,0.0,53.37
Fun Fruits Creme Supremes,Other,High-Fat / Oils,3,3.1,57.6,39.3,0.1,55.26
Tamarind candy,Fruits,High-Fat / Oils,3,0.0,100.0,0.0,2.5,78.57
"Fruit snacks candy, with high vitamin C",Fruits,High-Fat / Oils,3,0.1,99.9,0.0,0.0,68.18
"Yogurt covered fruit snacks candy, with added vitamin C",Dairy & Eggs,High-Fat / Oils,3,0.0,83.7,16.3,0.2,65.0
"Yogurt covered fruit snacks candy rolls, with high vitamin C",Dairy & Eggs,High-Fat / Oils,3,0.5,83.1,16.4,3.3,39.15
"Gumdrops, chocolate covered",Sweets & Desserts,High-Fat / Oils,3,2.0,80.8,17.2,1.0,56.88
"Fudge, chocolate, chocolate-coated",Sweets & Desserts,High-Fat / Oils,3,3.5,63.9,32.5,2.2,66.63
"Fudge, chocolate, chocolate-coated, with nuts",Sweets & Desserts,High-Fat / Oils,3,4.4,54.3,41.3,2.8,59.81
"Fudge, chocolate",Sweets & Desserts,High-Fat / Oils,3,2.3,74.8,22.8,1.7,73.12
"Fudge, chocolate, with nuts",Sweets & Desserts,High-Fat / Oils,3,3.8,59.2,37.0,2.5,63.37
"Fudge, peanut butter",Dairy & Eggs,High-Fat / Oils,3,5.7,60.4,33.9,1.2,62.58
"Fudge, peanut butter, with nuts","Legumes, Nuts & Seeds",High-Fat / Oils,3,6.5,50.9,42.7,1.9,55.99
"Fudge, vanilla",Other,High-Fat / Oils,3,1.1,86.1,12.8,0.0,79.77
"Fudge, vanilla, with nuts",Other,High-Fat / Oils,3,2.8,68.8,28.4,0.9,71.0
"Fudge, divinity",Other,High-Fat / Oils,3,4.0,78.8,17.1,0.9,81.93
"Fudge, brown sugar, penuche",Other,High-Fat / Oils,3,2.0,75.6,22.4,1.1,75.85
"Fudge, caramel and nut, chocolate-coated candy",Sweets & Desserts,High-Fat / Oils,3,6.2,52.4,41.4,1.9,46.2
SNICKERS Bar,Other,High-Fat / Oils,3,6.1,50.1,43.7,2.3,50.47
Baby Ruth,Other,High-Fat / Oils,3,4.5,54.5,40.9,2.0,54.0
100 GRAND Bar,Other,High-Fat / Oils,3,2.1,60.7,37.2,1.0,51.9
"Halvah, plain",Other,High-Fat / Oils,3,5.8,41.7,52.5,4.5,53.08
"Halvah, chocolate covered",Sweets & Desserts,High-Fat / Oils,3,5.8,42.5,51.8,4.2,52.64
Honey-combed hard candy with peanut butter,Dairy & Eggs,High-Fat / Oils,3,7.2,55.5,37.4,1.9,62.68
"Honey-combed hard candy with peanut butter, chocolate covered",Dairy & Eggs,High-Fat / Oils,3,7.0,50.0,43.0,3.1,47.19
Butterfinger,Other,High-Fat / Oils,3,4.5,60.3,35.2,2.0,45.9
Butterfinger Crisp,Sweets & Desserts,High-Fat / Oils,3,5.7,58.8,35.4,1.7,48.33
Chocolate-flavored sprinkles,Sweets & Desserts,High-Fat / Oils,3,1.6,48.6,49.8,4.1,60.47
"Ladoo, round ball, Asian-Indian dessert",Other,High-Fat / Oils,3,6.7,45.3,48.0,4.0,29.68
Licorice,Sweets & Desserts,High-Fat / Oils,3,0.0,99.9,0.1,0.2,70.0
Marshmallow,Other,High-Fat / Oils,3,2.2,97.3,0.5,0.1,57.56
"Marshmallow, chocolate covered",Sweets & Desserts,High-Fat / Oils,3,2.4,74.4,23.2,1.7,55.74
"Marshmallow, candy-coated",Sweets & Desserts,High-Fat / Oils,3,1.3,98.1,0.6,0.1,72.68
"Nougat, plain",Sweets & Desserts,High-Fat / Oils,3,3.3,92.9,3.8,3.3,44.97
"Nougat, with caramel, chocolate covered",Sweets & Desserts,High-Fat / Oils,3,3.5,62.5,34.0,1.0,59.69
MILKY WAY Bar,Other,High-Fat / Oils,3,3.5,62.5,34.0,1.0,59.69
MILKY WAY MIDNIGHT Bar,Other,High-Fat / Oils,3,2.8,62.6,34.6,2.9,57.81
MARS Almond Bar,"Legumes, Nuts & Seeds",High-Fat / Oils,3,6.6,51.2,42.2,2.0,52.1
"Nougat, chocolate covered",Sweets & Desserts,High-Fat / Oils,3,4.2,76.2,19.6,3.3,46.8
3 MUSKETEERS Bar,Other,High-Fat / Oils,3,2.4,71.3,26.3,1.5,66.89
3 Musketeers Truffle Crisp Bar,Vegetables,High-Fat / Oils,3,4.8,47.0,48.3,0.0,57.69
"Nuts, chocolate covered, not almonds or peanuts",Sweets & Desserts,Low-Calorie / Beverages,5,7.7,28.6,63.7,4.9,28.09
"Nut roll, fudge or nougat, caramel and nuts",Grains & Bakery,High-Fat / Oils,3,11.0,43.1,45.9,3.8,40.32
"Sugared pecans, sugar and egg white coating",Dairy & Eggs,Low-Calorie / Beverages,5,4.9,21.3,73.8,6.5,25.12
"Peanuts, chocolate covered",Sweets & Desserts,High-Fat / Oils,3,9.5,36.0,54.6,4.7,37.59
M&M's Peanut Chocolate Candies,"Legumes, Nuts & Seeds",High-Fat / Oils,3,7.4,46.9,45.6,3.7,50.75
M&M's Peanut Butter Chocolate Candies,Dairy & Eggs,High-Fat / Oils,3,7.6,42.8,49.6,4.0,47.15
"Peanuts, sugar-coated",Other,High-Fat / Oils,3,11.2,34.2,54.7,4.1,42.22
"Peanuts, yogurt covered",Dairy & Eggs,High-Fat / Oils,3,10.6,30.2,59.3,3.8,36.42
Peanut bar,"Legumes, Nuts & Seeds",High-Fat / Oils,3,11.2,34.2,54.7,4.1,42.22
Planters Peanut Bar,"Legumes, Nuts & Seeds",High-Fat / Oils,3,12.0,37.3,50.7,5.5,44.34
Peanut brittle,"Legumes, Nuts & Seeds",High-Fat / Oils,3,6.2,58.6,35.1,2.5,51.33
"Peanut Bar, chocolate covered candy","Legumes, Nuts & Seeds",High-Fat / Oils,3,9.5,37.3,53.2,3.9,45.1
"Peanut butter, chocolate covered",Dairy & Eggs,High-Fat / Oils,3,7.9,44.0,48.0,2.9,51.64
Reese's Peanut Butter Cup,Dairy & Eggs,High-Fat / Oils,3,7.6,41.2,51.2,3.6,47.17
Reese's Pieces,Other,High-Fat / Oils,3,9.7,46.7,43.5,3.0,53.25
Reese's Sticks,Other,High-Fat / Oils,3,7.0,40.9,52.1,3.3,40.33
Reese's Fast Break,Other,High-Fat / Oils,3,7.1,51.1,41.8,3.6,53.57
Reese's Crispy Crunchy Bar,Other,High-Fat / Oils,3,7.0,41.0,52.0,3.3,40.33
Peanut butter morsels,Dairy & Eggs,High-Fat / Oils,3,13.8,35.5,50.7,5.0,38.3
Pralines,Other,High-Fat / Oils,3,2.0,75.6,22.4,1.1,75.85
"Pineapple candy, Puerto Rican style",Fruits,High-Fat / Oils,3,0.8,98.3,1.0,1.2,83.75
"Raisins, chocolate covered",Sweets & Desserts,High-Fat / Oils,3,3.9,64.7,31.5,3.1,62.22
"Raisins, yogurt covered",Dairy & Eggs,High-Fat / Oils,3,4.2,70.7,25.1,2.6,64.0
"Sesame Crunch, Sahadi","Legumes, Nuts & Seeds",High-Fiber / Plant-based,4,8.5,36.8,54.8,7.7,31.17
Gumdrops,Other,High-Fat / Oils,3,0.0,100.0,0.0,0.1,58.97
Hard candy,Sweets & Desserts,High-Fat / Oils,3,0.0,99.5,0.5,0.0,62.9
Butterscotch hard candy,Sweets & Desserts,High-Fat / Oils,3,0.0,92.4,7.6,0.0,80.46
Skittles,Other,High-Fat / Oils,3,0.2,90.1,9.8,0.0,75.84
Sugar-coated chocolate discs,Sweets & Desserts,High-Fat / Oils,3,3.5,57.8,38.6,2.8,63.68
M&M's Milk Chocolate Candies,Dairy & Eggs,High-Fat / Oils,3,3.5,57.8,38.6,2.8,63.68
Sixlets,Other,High-Fat / Oils,3,3.5,57.8,38.6,2.8,63.68
"Easter egg, candy coated chocolate",Dairy & Eggs,High-Fat / Oils,3,3.5,57.8,38.6,2.8,63.68
M&M's Pretzel Chocolate Candies,Grains & Bakery,High-Fat / Oils,3,4.5,65.3,30.2,2.5,50.0
Taffy,Other,High-Fat / Oils,3,0.8,81.3,17.9,0.0,55.59
"Toffee, plain",Sweets & Desserts,High-Fat / Oils,3,4.6,77.1,18.3,0.0,66.5
"Toffee, chocolate covered",Sweets & Desserts,High-Fat / Oils,3,2.3,47.1,50.5,1.3,59.89
"Toffee, chocolate-coated, with nuts",Sweets & Desserts,High-Fat / Oils,3,6.6,57.9,35.5,1.8,56.2
Truffles,Other,High-Fat / Oils,3,5.3,38.7,56.0,2.8,43.11
"Wax candy, liquid filled",Sweets & Desserts,High-Fat / Oils,3,0.0,99.3,0.7,0.0,32.47
"Dietetic or low calorie candy, NFS",Sweets & Desserts,Balanced Moderate,1,0.0,100.0,0.0,0.0,0.0
Dietetic or low calorie gumdrops,Other,High-Fat / Oils,3,0.0,99.5,0.5,0.0,70.0
Dietetic or low calorie hard candy,Sweets & Desserts,Balanced Moderate,1,0.0,100.0,0.0,0.0,0.0
"Dietetic or low calorie candy, chocolate covered",Sweets & Desserts,Low-Calorie / Beverages,5,8.4,25.6,66.0,3.5,14.63
Dietetic or low calorie mints,Other,Balanced Moderate,1,0.0,100.0,0.0,0.0,0.0
"Chewing gum, NFS",Fast Food & Prepared,Balanced Moderate,1,0.0,99.1,0.9,2.4,19.82
"Chewing gum, regular",Other,High-Fat / Oils,3,0.0,99.3,0.7,2.4,66.08
"Chewing gum, sugar free",Other,Balanced Moderate,1,0.0,99.1,0.9,2.4,0.0
"Coffee, NS as to type",Beverages,High-Protein,2,72.7,0.0,27.3,0.0,0.0
"Coffee, NS as to brewed or instant",Beverages,High-Protein,2,72.7,0.0,27.3,0.0,0.0
"Coffee, brewed",Beverages,High-Protein,2,72.7,0.0,27.3,0.0,0.0
"Coffee, brewed, blend of regular and decaffeinated",Beverages,High-Protein,2,83.0,0.0,17.0,0.0,0.0
"Coffee, Turkish",Beverages,Balanced Moderate,1,1.6,97.0,1.3,0.0,6.48
"Coffee, espresso",Beverages,Balanced Moderate,1,5.5,76.1,18.5,0.0,0.0
"Coffee, espresso, decaffeinated",Beverages,Balanced Moderate,1,4.6,77.0,18.5,0.0,0.0
"Coffee, brewed, flavored",Beverages,High-Protein,2,72.7,0.0,27.3,0.0,0.0
"Coffee, Cuban",Beverages,Balanced Moderate,1,1.3,93.6,5.1,0.0,6.28
"Coffee, macchiato",Beverages,Low-Calorie / Beverages,5,20.9,48.1,31.0,0.0,1.61
"Coffee, macchiato, sweetened",Beverages,Balanced Moderate,1,11.6,70.8,17.6,0.0,5.85
"Coffee, cafe con leche",Beverages,Low-Calorie / Beverages,5,17.2,58.2,24.6,0.0,4.84
"Coffee, cafe con leche, decaffeinated",Beverages,Low-Calorie / Beverages,5,17.2,58.1,24.7,0.0,4.92
"Coffee, Latte",Beverages,Low-Calorie / Beverages,5,26.0,40.4,33.6,0.0,4.06
"Coffee, Latte, nonfat",Beverages,Balanced Moderate,1,38.5,58.4,3.0,0.0,4.2
"Coffee, Latte, with non-dairy milk",Dairy & Eggs,Low-Calorie / Beverages,5,15.6,55.8,28.7,0.2,3.5
"Coffee, Latte, flavored",Beverages,Low-Calorie / Beverages,5,19.7,54.6,25.7,0.0,7.22
"Coffee, Latte, nonfat, flavored",Beverages,Balanced Moderate,1,26.5,71.3,2.1,0.0,7.35
"Coffee, Latte, with non-dairy milk, flavored",Dairy & Eggs,Balanced Moderate,1,11.0,68.6,20.4,0.2,6.66
"Coffee, Latte, decaffeinated",Beverages,Low-Calorie / Beverages,5,26.0,40.4,33.6,0.0,4.09
"Coffee, Latte, decaffeinated, nonfat",Beverages,Balanced Moderate,1,38.6,58.4,3.0,0.0,4.22
"Coffee, Latte, decaffeinated, with non-dairy milk",Dairy & Eggs,Low-Calorie / Beverages,5,15.5,55.9,28.6,0.2,3.52
"Coffee, Latte, decaffeinated, flavored",Beverages,Low-Calorie / Beverages,5,19.7,54.6,25.6,0.0,7.26
"Coffee, Latte, decaffeinated, nonfat, flavored",Beverages,Balanced Moderate,1,26.5,71.4,2.1,0.0,7.38
"Coffee, Latte, decaffeinated, with non-dairy milk, flavored",Dairy & Eggs,Balanced Moderate,1,10.9,68.7,20.4,0.2,6.7
Frozen coffee drink,Beverages,Balanced Moderate,1,9.1,78.6,12.3,0.0,13.16
"Frozen coffee drink, nonfat",Beverages,Balanced Moderate,1,10.5,88.1,1.5,0.0,13.23
"Frozen coffee drink, with non-dairy milk",Dairy & Eggs,Balanced Moderate,1,4.5,86.5,9.0,0.1,12.83
"Frozen coffee drink, with whipped cream",Dairy & Eggs,Low-Calorie / Beverages,5,7.8,61.9,30.3,0.0,12.62
"Frozen coffee drink, nonfat, with whipped cream",Dairy & Eggs,Balanced Moderate,1,8.7,67.5,23.8,0.0,12.69
"Frozen coffee drink, with non-dairy milk and whipped cream",Dairy & Eggs,Balanced Moderate,1,4.2,66.8,29.0,0.1,12.3
"Frozen coffee drink, decaffeinated",Beverages,Balanced Moderate,1,9.1,78.6,12.3,0.0,13.23
"Frozen coffee drink, decaffeinated, nonfat",Beverages,Balanced Moderate,1,10.4,88.1,1.5,0.0,13.3
"Frozen coffee drink, decaffeinated, with non-dairy milk",Dairy & Eggs,Balanced Moderate,1,7.4,82.4,10.2,0.1,12.66
"Frozen coffee drink, decaffeinated, with whipped cream",Dairy & Eggs,Low-Calorie / Beverages,5,7.8,61.9,30.3,0.0,12.68
"Frozen coffee drink, decaffeinated, nonfat, with whipped cream",Dairy & Eggs,Balanced Moderate,1,8.7,67.5,23.8,0.0,12.75
"Frozen coffee drink, decaffeinated, with non-dairy milk and whipped cream",Dairy & Eggs,Balanced Moderate,1,4.2,66.8,29.0,0.1,12.36
"Coffee, Cafe Mocha",Beverages,Balanced Moderate,1,15.9,63.6,20.5,0.0,9.3
"Coffee, Cafe Mocha, nonfat",Beverages,Balanced Moderate,1,20.0,78.4,1.6,0.0,9.37
"Coffee, Cafe Mocha, with non-dairy milk",Dairy & Eggs,Balanced Moderate,1,8.4,76.0,15.6,0.1,8.73
"Coffee, Cafe Mocha, decaffeinated",Beverages,Balanced Moderate,1,15.9,63.6,20.6,0.0,9.3
"Coffee, Cafe Mocha, decaffeinated, nonfat",Beverages,Balanced Moderate,1,20.0,78.4,1.6,0.0,9.42
"Coffee, Cafe Mocha, decaffeinated, with non-dairy milk",Dairy & Eggs,Balanced Moderate,1,8.4,76.0,15.5,0.1,8.77
Frozen mocha coffee drink,Beverages,Balanced Moderate,1,9.1,79.0,12.0,0.0,12.17
"Frozen mocha coffee drink, nonfat",Beverages,Balanced Moderate,1,10.4,88.4,1.2,0.0,12.24
"Frozen mocha coffee drink, with non-dairy milk",Dairy & Eggs,Balanced Moderate,1,4.5,86.9,8.6,0.1,11.85
"Frozen mocha coffee drink, with whipped cream",Dairy & Eggs,Low-Calorie / Beverages,5,7.8,62.1,30.1,0.0,11.69
"Frozen mocha coffee drink, nonfat, with whipped cream",Dairy & Eggs,Balanced Moderate,1,8.7,67.8,23.5,0.0,11.76
"Frozen mocha coffee drink, with non-dairy milk and whipped cream",Dairy & Eggs,Balanced Moderate,1,4.2,67.1,28.7,0.1,11.39
"Frozen mocha coffee drink, decaffeinated",Beverages,Balanced Moderate,1,9.1,78.9,12.0,0.0,12.23
"Frozen mocha coffee drink, decaffeinated, nonfat",Beverages,Balanced Moderate,1,10.4,88.4,1.2,0.0,12.3
"Frozen mocha coffee drink, decaffeinated, with non-dairy milk",Dairy & Eggs,Balanced Moderate,1,4.5,86.9,8.6,0.1,11.9
"Frozen mocha coffee drink, decaffeinated, with whipped cream",Dairy & Eggs,Low-Calorie / Beverages,5,7.8,62.1,30.1,0.0,11.74
"Frozen mocha coffee drink, decaffeinated, nonfat, with whipped cream",Dairy & Eggs,Balanced Moderate,1,8.7,67.8,23.5,0.0,11.81
"Frozen mocha coffee drink, decaffeinated, with non-dairy milk and whipped cream",Dairy & Eggs,Balanced Moderate,1,4.2,67.1,28.7,0.1,11.44
"Iced Coffee, brewed",Beverages,High-Protein,2,66.7,0.0,33.3,0.0,0.0
"Iced Coffee, brewed, decaffeinated",Beverages,High-Protein,2,100.0,0.0,0.0,0.0,0.0
"Iced Coffee, pre-lightened and pre-sweetened",Beverages,Low-Calorie / Beverages,5,3.2,64.1,32.7,0.0,4.95
"Coffee, Iced Latte",Beverages,Low-Calorie / Beverages,5,25.5,41.3,33.3,0.0,2.51
"Coffee, Iced Latte, nonfat",Beverages,Balanced Moderate,1,37.6,59.1,3.3,0.0,2.6
"Coffee, Iced Latte, with non-dairy milk",Dairy & Eggs,Low-Calorie / Beverages,5,15.3,56.4,28.3,0.1,2.17
"Coffee, Iced Latte, flavored",Beverages,Balanced Moderate,1,16.8,61.1,22.1,0.0,5.81
"Coffee, Iced Latte, nonfat, flavored",Beverages,Balanced Moderate,1,21.5,76.2,2.3,0.0,5.89
"Coffee, Iced Latte, with non-dairy milk, flavored",Dairy & Eggs,Balanced Moderate,1,9.1,73.7,17.2,0.1,5.47
"Coffee, Iced Latte, decaffeinated",Beverages,Low-Calorie / Beverages,5,25.6,41.2,33.2,0.0,2.53
"Coffee, Iced Latte, decaffeinated, nonfat",Beverages,Balanced Moderate,1,37.6,59.1,3.3,0.0,2.61
"Coffee, Iced Latte, decaffeinated, with non-dairy milk",Dairy & Eggs,Low-Calorie / Beverages,5,15.3,56.5,28.3,0.1,2.18
"Coffee, Iced Latte, decaffeinated, flavored",Beverages,Balanced Moderate,1,16.8,61.0,22.2,0.0,5.84
"Coffee, Iced Latte, decaffeinated, nonfat, flavored",Beverages,Balanced Moderate,1,21.5,76.2,2.2,0.0,5.92
"Coffee, Iced Latte, decaffeinated, with non-dairy milk, flavored",Dairy & Eggs,Balanced Moderate,1,9.0,73.8,17.1,0.1,5.5
"Coffee, Iced Cafe Mocha",Beverages,Balanced Moderate,1,12.6,71.2,16.3,0.0,7.99
"Coffee, Iced Cafe Mocha, nonfat",Beverages,Balanced Moderate,1,15.0,83.5,1.5,0.0,8.07
"Coffee, Iced Cafe Mocha, with non-dairy milk",Dairy & Eggs,Balanced Moderate,1,6.5,81.5,12.0,0.1,7.67
"Coffee, Iced Cafe Mocha, decaffeinated",Beverages,Balanced Moderate,1,12.5,71.1,16.4,0.0,8.03
"Coffee, Iced Cafe Mocha, decaffeinated, nonfat",Beverages,Balanced Moderate,1,15.1,83.7,1.3,0.0,8.11
"Coffee, Iced Cafe Mocha, decaffeinated, with non-dairy milk",Dairy & Eggs,Balanced Moderate,1,6.5,81.6,12.0,0.1,7.71
"Coffee, instant, reconstituted",Beverages,Balanced Moderate,1,13.7,86.3,0.0,0.0,0.0
"Coffee, instant, 50% less caffeine, reconstituted",Beverages,Balanced Moderate,1,16.4,83.6,0.0,0.0,0.0
"Coffee, NS as to brewed or instant, decaffeinated",Beverages,High-Protein,2,100.0,0.0,0.0,0.0,0.0
"Coffee, brewed, decaffeinated",Beverages,High-Protein,2,100.0,0.0,0.0,0.0,0.0
"Coffee, instant, decaffeinated, reconstituted",Beverages,Balanced Moderate,1,13.5,86.5,0.0,0.0,0.0
"Coffee, instant, pre-lightened and pre-sweetened with sugar, reconstituted",Beverages,Balanced Moderate,1,2.2,74.8,23.0,0.0,3.45
"Coffee, instant, decaffeinated, pre-lightened and pre-sweetened with sugar, reconsitituted",Beverages,Balanced Moderate,1,2.1,75.1,22.8,0.0,3.45
"Coffee, instant, pre-sweetened with sugar, reconstituted",Beverages,Balanced Moderate,1,2.4,96.5,1.1,0.0,3.36
"Coffee, mocha, instant, pre-lightened and pre-sweetened with sugar, reconstituted",Beverages,Low-Calorie / Beverages,5,3.9,59.2,36.9,0.1,4.32
"Coffee, mocha, instant, pre-lightened and pre-sweetened with low calorie sweetener, reconstituted",Beverages,Balanced Moderate,1,8.5,65.6,25.8,0.2,1.14
"Coffee, instant, pre-lightened and pre-sweetened with low calorie sweetener, reconstituted",Beverages,Low-Calorie / Beverages,5,3.7,57.9,38.5,0.0,0.6
"Coffee, instant, decaffeinated, pre-lightened and pre-sweetened with low calorie sweetener, reconstituted",Beverages,Low-Calorie / Beverages,5,3.7,58.0,38.4,0.0,0.6
"Coffee, mocha, instant, decaffeinated, pre-lightened and pre-sweetened with low calorie sweetener, reconstituted",Beverages,Balanced Moderate,1,8.1,64.9,27.0,0.2,1.14
"Coffee, pre-lightened and pre-sweetened with sugar",Beverages,Balanced Moderate,1,2.2,74.8,23.0,0.0,3.45
"Coffee, decaffeinated, pre-lightened and pre-sweetened with sugar",Beverages,Balanced Moderate,1,2.1,75.1,22.8,0.0,3.45
"Coffee, pre-lightened and pre-sweetened with low calorie sweetener",Beverages,Low-Calorie / Beverages,5,3.7,57.9,38.5,0.0,0.6
"Coffee, decaffeinated, pre-lightened and pre-sweetened with low calorie sweetener",Beverages,Low-Calorie / Beverages,5,3.7,58.0,38.4,0.0,0.6
"Coffee, pre-lightened",Beverages,Low-Calorie / Beverages,5,4.1,51.8,44.0,0.0,0.17
"Coffee, decaffeinated, pre-lightened",Beverages,Low-Calorie / Beverages,5,4.1,52.0,43.9,0.0,0.17
"Coffee, pre-sweetened with sugar",Beverages,Balanced Moderate,1,2.4,96.5,1.1,0.0,3.36
"Coffee, decaffeinated, pre-sweetened with sugar",Beverages,Balanced Moderate,1,2.2,97.2,0.6,0.0,3.36
"Coffee, pre-sweetened with low calorie sweetener",Beverages,Balanced Moderate,1,8.1,91.9,0.0,0.0,0.45
"Coffee, decaffeinated, pre-sweetened with low calorie sweetener",Beverages,Balanced Moderate,1,8.1,91.9,0.0,0.0,0.45
"Coffee and chicory, brewed",Beverages,High-Protein,2,72.7,0.0,27.3,0.0,0.0
"Coffee and chicory, brewed, decaffeinated",Beverages,High-Protein,2,100.0,0.0,0.0,0.0,0.0
"Coffee, Cappuccino",Beverages,Low-Calorie / Beverages,5,25.5,41.2,33.3,0.0,2.46
"Coffee, Cappuccino, nonfat",Beverages,Balanced Moderate,1,37.6,59.0,3.4,0.0,2.54
"Coffee, Cappuccino, with non-dairy milk",Dairy & Eggs,Low-Calorie / Beverages,5,15.4,56.3,28.3,0.1,2.14
"Coffee, Cappuccino, decaffeinated",Beverages,Low-Calorie / Beverages,5,25.5,41.3,33.2,0.0,2.48
"Coffee, Cappuccino, decaffeinated, nonfat",Beverages,Balanced Moderate,1,37.5,59.1,3.4,0.0,2.56
"Coffee, Cappuccino, decaffeinated, with non-dairy milk",Dairy & Eggs,Low-Calorie / Beverages,5,15.3,56.4,28.3,0.1,2.15
"Coffee, bottled/canned",Beverages,Balanced Moderate,1,11.2,71.2,17.6,0.0,10.67
"Coffee, bottled/canned, light",Beverages,Balanced Moderate,1,14.5,67.5,18.0,0.0,5.91
"Coffee, instant, not reconstituted",Beverages,Balanced Moderate,1,13.8,85.0,1.3,0.0,0.0
"Coffee, instant, 50% less caffeine, not reconstituted",Beverages,Balanced Moderate,1,16.3,82.5,1.3,0.0,0.0
"Coffee, instant, decaffeinated, not reconstituted",Beverages,Balanced Moderate,1,13.2,86.3,0.5,0.0,0.0
"Coffee, instant, pre-sweetened with sugar, not reconstituted",Beverages,High-Fat / Oils,3,2.4,96.8,0.8,0.0,80.48
"Coffee, mocha, instant, pre-lightened and pre-sweetened with sugar, not reconstituted",Beverages,High-Fat / Oils,3,4.6,64.4,31.0,1.9,58.2
"Coffee, mocha, instant, pre-lightened and pre-sweetened with low calorie sweetener, not reconstituted",Beverages,High-Fat / Oils,3,8.5,65.8,25.7,4.5,32.84
"Coffee, mocha, instant, decaffeinated, pre-lightened and pre-sweetend with low calorie sweetener, not reconstituted",Beverages,High-Fat / Oils,3,8.2,64.8,27.0,4.8,34.98
"Coffee, instant, pre-lightened and pre-sweetened with sugar, not reconstituted",Beverages,High-Fat / Oils,3,2.2,74.9,22.9,0.0,56.07
"Coffee, instant, decaffeinated, pre-lightened and pre-sweetened with sugar, not reconstituted",Beverages,High-Fat / Oils,3,0.0,74.2,25.8,0.0,66.67
"Coffee, instant, pre-lightened and pre-sweetened with low calorie sweetener, not reconstituted",Beverages,High-Fat / Oils,3,1.5,47.1,51.4,0.5,59.0
"Coffee, instant, decaffeinated, pre-lightened and pre-sweetened with low calorie sweetener, not reconstituted",Beverages,Low-Calorie / Beverages,5,3.6,57.9,38.5,0.0,17.26
Coffee substitute,Beverages,Balanced Moderate,1,6.7,87.2,6.0,0.4,0.08
Chicory beverage,Beverages,Balanced Moderate,1,13.4,86.6,0.0,0.0,0.0
Cereal beverage,Grains & Bakery,Balanced Moderate,1,7.0,87.1,5.9,0.3,0.06
"Cereal beverage with beet roots, from powdered instant",Vegetables,Balanced Moderate,1,7.0,87.1,5.9,0.3,0.06
"Coffee substitute, dry powder",Beverages,High-Fiber / Plant-based,4,6.7,87.0,6.3,23.3,4.63
"Tea, hot, leaf, black",Beverages,Balanced Moderate,1,0.0,100.0,0.0,0.0,0.0
"Tea, hot, leaf, black, decaffeinated",Beverages,Balanced Moderate,1,0.0,100.0,0.0,0.0,0.0
"Tea, hot, leaf, green",Beverages,High-Protein,2,100.0,0.0,0.0,0.0,0.0
"Tea, hot, leaf, green, decaffeinated",Beverages,Low-Calorie / Beverages,5,0.0,0.0,0.0,0.0,0.0
"Tea, hot, leaf, oolong",Beverages,Balanced Moderate,1,0.0,100.0,0.0,0.0,0.0
"Tea, iced, instant, black, unsweetened",Beverages,Balanced Moderate,1,8.0,92.0,0.0,0.0,0.01
"Tea, iced, instant, black, pre-sweetened with sugar",Beverages,Balanced Moderate,1,0.1,98.4,1.5,0.1,7.07
"Tea, iced, instant, black, decaffeinated, pre-sweetened with sugar",Beverages,Balanced Moderate,1,0.8,98.7,0.6,0.0,7.76
"Tea, iced, instant, black, pre-sweetened with low calorie sweetener",Beverages,Balanced Moderate,1,4.3,95.7,0.0,0.0,0.01
"Tea, iced, instant, black, decaffeinated, pre-sweetened with low calorie sweetener",Beverages,Balanced Moderate,1,4.0,96.0,0.0,0.0,0.02
"Tea, iced, instant, black, decaffeinated, unsweetened",Beverages,Balanced Moderate,1,26.1,73.9,0.0,0.0,0.02
"Tea, iced, instant, green, unsweetened",Beverages,Low-Calorie / Beverages,5,0.0,0.0,0.0,0.0,0.0
"Tea, iced, instant, green, pre-sweetened with sugar",Beverages,Balanced Moderate,1,0.0,92.6,7.4,0.0,5.32
"Tea, iced, instant, green, pre-sweetened with low calorie sweetener",Beverages,Balanced Moderate,1,0.0,100.0,0.0,0.0,0.93
"Tea, hot, herbal",Beverages,Balanced Moderate,1,0.0,100.0,0.0,0.0,0.0
"Tea, hot, hibiscus",Beverages,Low-Calorie / Beverages,5,0.0,0.0,0.0,0.0,0.0
Corn beverage,Beverages,Balanced Moderate,1,7.8,87.7,4.4,0.5,0.19
"Tea, hot, chamomile",Beverages,Balanced Moderate,1,0.0,100.0,0.0,0.0,0.0
"Tea, hot, chai, with milk",Dairy & Eggs,Balanced Moderate,1,12.4,70.3,17.3,0.1,8.73
"Tea, iced, instant, black, unsweetened, dry",Beverages,High-Fiber / Plant-based,4,25.6,74.4,0.0,8.5,5.53
"Tea, iced, instant, black, pre-sweetened, dry",Beverages,High-Fat / Oils,3,0.1,98.2,1.6,0.7,95.29
Iced Tea / Lemonade juice drink,Fruits,Balanced Moderate,1,2.1,96.7,1.2,0.3,7.2
"Iced Tea / Lemonade juice drink, light",Fruits,Balanced Moderate,1,3.4,95.2,1.4,0.3,3.86
"Iced Tea / Lemonade juice drink, diet",Fruits,Balanced Moderate,1,0.0,100.0,0.0,0.0,0.0
"Tea, iced, brewed, black, pre-sweetened with sugar",Beverages,Balanced Moderate,1,0.0,99.4,0.6,0.0,7.68
"Tea, iced, brewed, black, pre-sweetened with low calorie sweetener",Beverages,Balanced Moderate,1,0.0,100.0,0.0,0.0,0.33
"Tea, iced, brewed, black, unsweetened",Beverages,Balanced Moderate,1,0.0,100.0,0.0,0.0,0.0
"Tea, iced, brewed, black, decaffeinated, pre-sweetened with sugar",Beverages,Balanced Moderate,1,0.0,99.4,0.6,0.0,7.68
"Tea, iced, brewed, black, decaffeinated, pre-sweetened with low calorie sweetener",Beverages,Balanced Moderate,1,0.0,100.0,0.0,0.0,0.33
"Tea, iced, brewed, black, decaffeinated, unsweetened",Beverages,Balanced Moderate,1,0.0,100.0,0.0,0.0,0.0
"Tea, iced, brewed, green, pre-sweetened with sugar",Beverages,Balanced Moderate,1,2.5,96.9,0.6,0.0,7.68
"Tea, iced, brewed, green, pre-sweetened with low calorie sweetener",Beverages,Balanced Moderate,1,36.7,63.3,0.0,0.0,0.33
"Tea, iced, brewed, green, unsweetened",Beverages,High-Protein,2,100.0,0.0,0.0,0.0,0.0
"Tea, iced, brewed, green, decaffeinated, pre-sweetened with sugar",Beverages,Balanced Moderate,1,0.0,99.4,0.6,0.0,7.68
"Tea, iced, brewed, green, decaffeinated, pre-sweetened with low calorie sweetener",Beverages,Balanced Moderate,1,0.0,100.0,0.0,0.0,0.33
"Tea, iced, brewed, green, decaffeinated, unsweetened",Beverages,Low-Calorie / Beverages,5,0.0,0.0,0.0,0.0,0.0
"Tea, iced, bottled, black",Beverages,Balanced Moderate,1,0.0,95.6,4.4,0.0,9.49
"Tea, iced, bottled, black, decaffeinated",Beverages,Balanced Moderate,1,0.0,100.0,0.0,0.0,7.92
"Tea, iced, bottled, black, diet",Beverages,Balanced Moderate,1,0.0,100.0,0.0,0.0,0.0
"Tea, iced, bottled, black, decaffeinated, diet",Beverages,Balanced Moderate,1,0.0,100.0,0.0,0.0,0.0
"Tea, iced, bottled, black, unsweetened",Beverages,Low-Calorie / Beverages,5,0.0,0.0,0.0,0.0,0.0
"Tea, iced, bottled, black, decaffeinated, unsweetened",Beverages,Balanced Moderate,1,0.0,100.0,0.0,0.0,0.0
"Tea, iced, bottled, green",Beverages,Balanced Moderate,1,0.0,92.6,7.4,0.0,5.32
"Tea, iced, bottled, green, diet",Beverages,Balanced Moderate,1,0.0,100.0,0.0,0.0,0.93
"Tea, iced, bottled, green, unsweetened",Beverages,Low-Calorie / Beverages,5,0.0,0.0,0.0,0.0,0.0
"Soft drink, NFS",Beverages,Balanced Moderate,1,0.0,94.9,5.1,0.0,9.94
"Soft drink, NFS, diet",Beverages,Balanced Moderate,1,23.5,62.0,14.4,0.0,0.0
"Carbonated water, sweetened",Beverages,Balanced Moderate,1,0.0,100.0,0.0,0.0,8.8
"Carbonated water, unsweetened",Beverages,Low-Calorie / Beverages,5,0.0,0.0,0.0,0.0,0.0
"Carbonated water, sweetened, with low-calorie or no-calorie sweetener",Beverages,High-Protein,2,100.0,0.0,0.0,0.0,0.0
"Soft drink, cola",Beverages,Balanced Moderate,1,0.0,94.9,5.1,0.0,9.94
"Soft drink, cola, reduced sugar",Beverages,Balanced Moderate,1,0.0,100.0,0.0,0.0,5.16
"Soft drink, cola, diet",Beverages,Balanced Moderate,1,23.5,62.0,14.4,0.0,0.0
"Soft drink, cola, decaffeinated",Beverages,Balanced Moderate,1,0.0,100.0,0.0,0.0,10.58
"Soft drink, cola, decaffeinated, diet",Beverages,High-Protein,2,50.0,50.0,0.0,0.0,0.0
"Soft drink, pepper type",Vegetables,Balanced Moderate,1,0.0,94.9,5.1,0.0,9.94
"Soft drink, pepper type, diet",Vegetables,Balanced Moderate,1,23.5,62.0,14.4,0.0,0.0
"Soft drink, pepper type, decaffeinated",Vegetables,Balanced Moderate,1,0.0,100.0,0.0,0.0,10.58
"Soft drink, pepper type, decaffeinated, diet",Vegetables,High-Protein,2,50.0,50.0,0.0,0.0,0.0
"Soft drink, cream soda",Beverages,Balanced Moderate,1,0.0,100.0,0.0,0.0,13.3
"Soft drink, cream soda, diet",Beverages,High-Protein,2,100.0,0.0,0.0,0.0,0.0
"Soft drink, fruit flavored, caffeine free",Fruits,Balanced Moderate,1,0.5,99.1,0.4,0.0,8.98
"Soft drink, fruit flavored, diet, caffeine free",Fruits,High-Protein,2,100.0,0.0,0.0,0.0,0.0
"Soft drink, fruit flavored, caffeine containing",Fruits,Balanced Moderate,1,0.0,100.0,0.0,0.0,12.9
"Soft drink, fruit flavored, caffeine containing, diet",Fruits,High-Protein,2,100.0,0.0,0.0,0.0,0.0
"Soft drink, ginger ale",Beverages,Balanced Moderate,1,0.0,100.0,0.0,0.0,8.9
"Soft drink, ginger ale, diet",Beverages,High-Protein,2,100.0,0.0,0.0,0.0,0.0
"Soft drink, root beer",Beverages,Balanced Moderate,1,0.0,100.0,0.0,0.0,10.6
"Soft drink, root beer, diet",Beverages,High-Protein,2,100.0,0.0,0.0,0.0,0.0
"Soft drink, chocolate flavored",Beverages,Balanced Moderate,1,0.0,100.0,0.0,0.0,10.7
"Soft drink, chocolate flavored, diet",Beverages,Balanced Moderate,1,23.5,62.0,14.4,0.0,0.0
"Soft drink, cola, fruit or vanilla flavored",Fruits,Balanced Moderate,1,0.0,94.9,5.1,0.0,9.94
"Soft drink, cola, chocolate flavored",Beverages,Balanced Moderate,1,0.0,94.9,5.1,0.0,9.94
"Soft drink, cola, fruit or vanilla flavored, diet",Fruits,Balanced Moderate,1,23.5,62.0,14.4,0.0,0.0
"Soft drink, cola, chocolate flavored, diet",Beverages,Balanced Moderate,1,23.5,62.0,14.4,0.0,0.0
"Fruit juice drink, citrus, carbonated",Fruits,Balanced Moderate,1,5.7,85.6,8.7,0.2,6.1
"Fruit juice drink, noncitrus, carbonated",Fruits,Balanced Moderate,1,2.6,95.3,2.1,0.1,8.1
Fruit juice drink,Fruits,Balanced Moderate,1,0.0,100.0,0.0,0.0,2.5
Tamarind drink,Fruits,Balanced Moderate,1,2.2,96.4,1.4,1.2,22.28
"Fruit punch, made with fruit juice and soda",Fruits,Balanced Moderate,1,1.6,97.2,1.2,0.1,9.44
"Fruit punch, made with soda, fruit juice, and sherbet or ice cream",Dairy & Eggs,Balanced Moderate,1,1.9,92.3,5.7,0.4,12.77
"Lemonade, fruit juice drink",Fruits,Balanced Moderate,1,0.0,100.0,0.0,0.0,11.67
"Lemonade, fruit flavored drink",Beverages,Balanced Moderate,1,0.0,97.7,2.3,0.0,6.5
"Lemonade, frozen concentrate, not reconstituted",Beverages,High-Fat / Oils,3,0.4,96.5,3.0,0.3,44.46
Fruit flavored drink,Beverages,Balanced Moderate,1,0.0,100.0,0.0,0.0,15.85
"Fruit juice beverage, 40-50% juice, citrus",Fruits,Balanced Moderate,1,2.9,96.5,0.6,0.1,8.12
"Frozen daiquiri mix, frozen concentrate, not reconstituted",Other,Balanced Moderate,1,0.1,99.9,0.0,0.0,24.53
"Frozen daiquiri mix, from frozen concentrate, reconstituted",Other,Balanced Moderate,1,0.1,99.9,0.0,0.0,5.61
"Pina Colada, nonalcoholic",Other,Balanced Moderate,1,1.5,79.2,19.4,0.2,23.17
"Margarita mix, nonalcoholic",Other,Balanced Moderate,1,0.5,98.5,1.0,0.0,21.4
Slush frozen drink,Beverages,Balanced Moderate,1,0.0,99.4,0.6,0.0,7.68
"Slush frozen drink, no sugar added",Beverages,Balanced Moderate,1,0.0,99.3,0.7,0.0,3.11
"Fruit flavored drink, with high vitamin C",Beverages,Balanced Moderate,1,0.0,100.0,0.0,0.0,5.0
"Cranberry juice drink, with high vitamin C",Fruits,Balanced Moderate,1,0.0,98.4,1.6,0.0,11.87
"Fruit juice drink, with high vitamin C",Fruits,Balanced Moderate,1,1.1,96.8,2.1,0.1,10.69
"Vegetable and fruit juice drink, with high vitamin C",Vegetables,Balanced Moderate,1,0.5,99.2,0.3,0.0,2.1
Fruit juice drink (Sunny D),Fruits,Balanced Moderate,1,1.0,99.0,0.0,0.1,12.11
"Fruit flavored drink, powdered, reconstituted",Beverages,Balanced Moderate,1,0.0,97.7,2.3,0.0,6.5
"Fruit flavored drink, with high vitamin C, powdered, reconstituted",Beverages,Balanced Moderate,1,0.0,100.0,0.0,0.0,9.75
"Fruit juice drink, with high vitamin C, light",Fruits,Balanced Moderate,1,2.1,97.9,0.0,0.1,4.6
"Fruit juice drink, light",Fruits,Balanced Moderate,1,0.0,98.4,1.6,0.0,9.0
"Fruit juice drink, diet",Fruits,Balanced Moderate,1,0.0,100.0,0.0,0.0,0.0
"Cranberry juice drink, with high vitamin C, light",Fruits,Balanced Moderate,1,2.1,97.9,0.0,0.1,4.6
"Grape juice drink, light",Fruits,Balanced Moderate,1,2.4,95.5,2.1,0.1,4.97
"Orange juice beverage, 40-50% juice, light",Fruits,Balanced Moderate,1,3.7,96.3,0.0,0.0,4.17
"Apple juice beverage, 40-50% juice, light",Fruits,Balanced Moderate,1,0.0,95.8,4.2,0.0,4.8
"Lemonade, fruit juice drink, light",Fruits,Balanced Moderate,1,0.0,100.0,0.0,0.0,5.0
"Pomegranate juice beverage, 40-50% juice, light",Fruits,Balanced Moderate,1,1.1,94.2,4.7,0.1,12.65
"Vegetable and fruit juice drink, with high vitamin C, diet",Vegetables,Balanced Moderate,1,0.0,100.0,0.0,0.0,0.63
"Vegetable and fruit juice drink, with high vitamin C, light",Vegetables,Balanced Moderate,1,0.0,100.0,0.0,0.0,0.63
"Fruit flavored drink, with high vitamin C, diet",Other,Balanced Moderate,1,0.0,100.0,0.0,0.0,0.0
"Fruit flavored drink, diet",Other,Balanced Moderate,1,0.7,99.3,0.0,0.0,0.0
"Fruit flavored drink, with high vitamin C, powdered, reconstituted, diet",Other,Balanced Moderate,1,0.0,100.0,0.0,0.0,0.0
"Fruit flavored drink, powdered, reconstituted, diet",Other,Balanced Moderate,1,0.0,100.0,0.0,0.0,0.0
"Fruit juice drink, reduced sugar (Sunny D)",Fruits,Balanced Moderate,1,0.0,100.0,0.0,0.0,0.0
Fruit juice drink (Capri Sun),Fruits,Balanced Moderate,1,0.0,98.4,1.6,0.0,9.0
"Fruit juice drink, with high vitamin C, plus added calcium",Fruits,Balanced Moderate,1,0.0,100.0,0.0,0.0,12.5
"Fruit juice drink, added calcium (Sunny D)",Fruits,Balanced Moderate,1,0.0,100.0,0.0,0.1,8.02
"Horchata beverage, made with water",Dairy & Eggs,Balanced Moderate,1,5.0,93.7,1.3,0.5,8.07
"Horchata beverage, made with milk",Dairy & Eggs,Balanced Moderate,1,6.3,87.4,6.3,0.4,9.56
Oatmeal beverage with water,Grains & Bakery,Balanced Moderate,1,2.2,94.8,3.0,0.2,9.36
Oatmeal beverage with milk,Dairy & Eggs,Balanced Moderate,1,8.4,74.4,17.2,0.2,13.97
Sugar cane beverage,Beverages,Balanced Moderate,1,0.0,100.0,0.0,0.0,20.17
Cornmeal beverage,Grains & Bakery,Balanced Moderate,1,7.9,75.9,16.1,0.2,13.87
Cornmeal beverage with chocolate milk,Dairy & Eggs,Balanced Moderate,1,6.9,74.0,19.1,0.4,17.95
"Wine, nonalcoholic",Beverages,Balanced Moderate,1,31.2,68.8,0.0,0.0,1.1
"Wine, light, nonalcoholic",Beverages,Balanced Moderate,1,31.2,68.8,0.0,0.0,1.1
Nonalcoholic malt beverage,Beverages,Balanced Moderate,1,2.5,94.4,3.2,0.0,8.05
Shirley Temple,Other,Balanced Moderate,1,0.0,100.0,0.0,0.1,12.55
"Fruit flavored drink, with high vitamin C, powdered, not reconstituted",Beverages,High-Fat / Oils,3,0.0,100.0,0.0,0.4,92.31
"Fruit flavored drink, powdered, not reconstituted",Beverages,High-Fat / Oils,3,0.0,97.7,2.3,0.0,97.15
"Fruit flavored drink, powdered, not reconstituted, diet",Other,Balanced Moderate,1,0.5,99.4,0.1,0.1,0.0
"Sports drink, dry concentrate, not reconstituted",Supplements & Sports,High-Fat / Oils,3,0.0,97.7,2.3,0.0,97.15
Beer,Beverages,Balanced Moderate,1,11.5,88.5,0.0,0.0,0.0
"Beer, light",Beverages,Balanced Moderate,1,12.8,87.2,0.0,0.0,0.09
"Beer, low carb",Beverages,Balanced Moderate,1,18.9,81.1,0.0,0.0,0.0
"Beer, light, higher alcohol",Beverages,Balanced Moderate,1,24.5,75.5,0.0,0.0,0.09
"Beer, higher alcohol",Beverages,High-Protein,2,76.9,23.1,0.0,0.0,0.0
"Alcoholic malt beverage, sweetened",Beverages,Balanced Moderate,1,0.0,100.0,0.0,0.0,9.77
"Alcoholic malt beverage, higher alcohol, sweetened",Beverages,Balanced Moderate,1,0.0,100.0,0.0,0.0,8.6
Alcoholic malt beverage,Beverages,High-Protein,2,76.9,23.1,0.0,0.0,0.0
Hard cider,Other,Balanced Moderate,1,0.0,100.0,0.0,0.0,5.92
Cordial or liqueur,Other,High-Fat / Oils,3,0.0,98.4,1.6,0.0,41.6
"Cordial or liqueur, coffee flavored",Beverages,High-Fat / Oils,3,0.2,98.4,1.4,0.0,38.3
"Cocktail, NFS",Beverages,Balanced Moderate,1,0.0,94.8,5.2,0.0,7.48
Alexander,Other,Balanced Moderate,1,3.7,66.2,30.1,0.0,15.7
Bacardi cocktail,Beverages,Balanced Moderate,1,0.5,98.4,1.1,0.0,16.11
Bloody Mary,Other,Balanced Moderate,1,14.9,73.3,11.7,0.4,2.27
Canadian Club and soda,Beverages,Low-Calorie / Beverages,5,0.0,0.0,0.0,0.0,0.0
Cape Cod,Seafood,Balanced Moderate,1,0.0,98.3,1.7,0.0,8.94
Daiquiri,Other,Balanced Moderate,1,0.6,98.0,1.4,0.1,14.93
"Gelatin shot, alcoholic",Other,Balanced Moderate,1,7.9,92.1,0.0,0.0,2.66
Gimlet,Other,Balanced Moderate,1,1.9,96.8,1.3,0.1,3.52
Gin and Tonic,Other,Balanced Moderate,1,0.0,100.0,0.0,0.0,6.57
Grasshopper,Other,High-Fat / Oils,3,2.4,77.4,20.2,0.0,29.01
Greyhound,Other,Balanced Moderate,1,5.6,78.1,16.3,0.2,5.81
High ball,Other,Low-Calorie / Beverages,5,0.0,0.0,0.0,0.0,0.0
Jagerbomb,Other,Balanced Moderate,1,1.8,97.2,1.0,0.0,18.07
Kamikaze,Other,Balanced Moderate,1,0.7,96.7,2.6,0.1,6.96
Manhattan,Other,Balanced Moderate,1,1.6,98.4,0.0,0.0,1.03
Margarita,Other,Balanced Moderate,1,0.5,98.4,1.1,0.0,16.06
Martini,Other,Balanced Moderate,1,31.8,68.2,0.0,0.0,0.15
"Martini, flavored",Other,Balanced Moderate,1,1.3,97.4,1.3,0.1,5.15
Mimosa,Other,Balanced Moderate,1,5.0,93.3,1.8,0.2,4.74
Mint julep,Condiments & Sauces,Balanced Moderate,1,0.0,99.6,0.4,0.0,5.75
Mojito,Other,Balanced Moderate,1,3.5,94.0,2.6,0.2,1.82
Old fashioned,Other,Balanced Moderate,1,2.5,96.1,1.4,0.5,5.57
Orange Blossom,Fruits,Balanced Moderate,1,4.6,93.6,1.8,0.2,7.94
Rob Roy,Other,Balanced Moderate,1,1.4,98.6,0.0,0.0,2.05
Rusty Nail,Other,Balanced Moderate,1,0.0,98.4,1.6,0.0,10.95
Salty Dog,Other,Balanced Moderate,1,5.6,78.2,16.1,0.2,5.77
Screwdriver,Other,Balanced Moderate,1,5.5,92.4,2.2,0.2,6.26
Seabreeze,Other,Balanced Moderate,1,2.4,90.0,7.6,0.1,7.37
Seven and Seven,Other,Balanced Moderate,1,0.5,98.9,0.6,0.0,6.76
Tom Collins,Other,Balanced Moderate,1,0.5,98.4,1.1,0.0,16.11
Whiskey sour,Beverages,Balanced Moderate,1,0.5,98.4,1.1,0.0,16.11
Whiskey and soda,Beverages,Low-Calorie / Beverages,5,0.0,0.0,0.0,0.0,0.0
Whiskey and water,Beverages,Low-Calorie / Beverages,5,0.0,0.0,0.0,0.0,0.0
Whiskey and cola,Beverages,Balanced Moderate,1,0.0,94.8,5.2,0.0,7.48
Whiskey and diet cola,Beverages,Balanced Moderate,1,23.2,63.8,13.0,0.0,0.0
Whiskey and ginger ale,Beverages,Balanced Moderate,1,0.0,100.0,0.0,0.0,6.7
Rum and cola,Beverages,Balanced Moderate,1,0.0,94.8,5.2,0.0,7.48
Rum and diet cola,Beverages,Balanced Moderate,1,23.2,63.8,13.0,0.0,0.0
Pina Colada,Other,Balanced Moderate,1,1.5,79.0,19.5,0.1,17.58
Brandy and cola,Beverages,Balanced Moderate,1,0.0,94.8,5.2,0.0,7.48
Vodka and soda,Beverages,Low-Calorie / Beverages,5,0.0,0.0,0.0,0.0,0.0
Vodka and lemonade,Beverages,Balanced Moderate,1,0.0,100.0,0.0,0.0,8.71
Vodka and cola,Beverages,Balanced Moderate,1,0.0,94.8,5.2,0.0,7.48
Vodka and diet cola,Beverages,Balanced Moderate,1,23.2,63.8,13.0,0.0,0.0
Vodka and energy drink,Supplements & Sports,Balanced Moderate,1,4.3,95.7,0.0,0.0,7.69
Vodka and water,Beverages,Low-Calorie / Beverages,5,0.0,0.0,0.0,0.0,0.0
Vodka and tonic,Beverages,Balanced Moderate,1,0.0,100.0,0.0,0.0,6.57
Sloe gin fizz,Other,Balanced Moderate,1,1.3,97.7,1.0,0.0,1.95
Black Russian,Other,Balanced Moderate,1,0.2,98.4,1.5,0.0,17.36
White Russian,Other,Low-Calorie / Beverages,5,6.9,35.9,57.2,0.0,9.56
"Fruit punch, alcoholic",Beverages,Balanced Moderate,1,1.7,97.3,1.1,0.1,7.11
Champagne punch,Beverages,Balanced Moderate,1,1.3,97.3,1.4,0.1,10.23
Singapore Sling,Other,Balanced Moderate,1,1.5,97.1,1.4,0.2,6.7
Stinger,Other,Balanced Moderate,1,0.0,98.3,1.7,0.0,11.89
Mai Tai,Other,Balanced Moderate,1,1.0,97.9,1.0,0.1,13.5
Tequila Sunrise,Other,Balanced Moderate,1,3.3,95.5,1.3,0.2,9.61
Gin Rickey,Other,Balanced Moderate,1,3.7,87.9,8.4,0.0,0.1
Golden Cadillac,Other,Low-Calorie / Beverages,5,4.1,41.5,54.5,0.0,21.2
Long Island iced tea,Beverages,Balanced Moderate,1,0.1,96.1,3.7,0.0,8.43
Fuzzy Navel,Other,Balanced Moderate,1,2.5,95.6,1.9,0.2,16.98
Irish Coffee,Beverages,High-Carb / Sugary,0,3.5,26.3,70.2,0.0,2.04
Liqueur with cream,Dairy & Eggs,Low-Calorie / Beverages,5,4.7,35.4,59.8,0.0,19.76
Frozen daiquiri,Other,Balanced Moderate,1,0.4,98.6,1.0,0.0,17.65
Frozen margarita,Other,Balanced Moderate,1,0.5,98.4,1.1,0.0,16.06
"Eggnog, alcoholic",Dairy & Eggs,Low-Calorie / Beverages,5,20.6,36.5,42.8,0.0,6.62
Gin fizz,Other,Balanced Moderate,1,1.3,97.7,1.0,0.0,1.95
"Rum, hot buttered",Other,High-Carb / Sugary,0,0.5,33.1,66.4,0.1,4.62
Zombie,Other,Balanced Moderate,1,1.6,97.5,0.9,0.1,7.17
"Wine, table, red",Beverages,Balanced Moderate,1,2.6,97.4,0.0,0.0,0.62
"Wine, table, white",Beverages,Balanced Moderate,1,2.6,97.4,0.0,0.0,0.96
"Wine, table, rose",Beverages,Balanced Moderate,1,8.7,91.3,0.0,0.0,3.8
"Wine, rice",Grains & Bakery,Balanced Moderate,1,9.1,90.9,0.0,0.0,0.0
"Wine, dessert, sweet",Beverages,Balanced Moderate,1,1.4,98.6,0.0,0.0,7.78
"Wine, light",Beverages,Balanced Moderate,1,5.6,94.4,0.0,0.0,1.15
Wine cooler,Beverages,Balanced Moderate,1,0.0,100.0,0.0,0.0,9.77
"Sangria, red",Other,Balanced Moderate,1,0.5,98.5,1.1,0.0,7.16
"Sangria, white",Other,Balanced Moderate,1,0.5,98.5,1.1,0.0,7.33
Wine spritzer,Beverages,Balanced Moderate,1,2.4,97.6,0.0,0.0,0.47
Glug,Other,Balanced Moderate,1,1.5,93.8,4.7,0.1,4.15
Brandy,Beverages,Low-Calorie / Beverages,5,0.0,0.0,0.0,0.0,0.0
Whiskey,Beverages,Low-Calorie / Beverages,5,0.0,0.0,0.0,0.0,0.0
Scotch,Other,Low-Calorie / Beverages,5,0.0,0.0,0.0,0.0,0.0
Gin,Other,Low-Calorie / Beverages,5,0.0,0.0,0.0,0.0,0.0
Rum,Other,Low-Calorie / Beverages,5,0.0,0.0,0.0,0.0,0.0
Rum cooler,Other,Balanced Moderate,1,0.0,100.0,0.0,0.0,9.77
Vodka,Beverages,Low-Calorie / Beverages,5,0.0,0.0,0.0,0.0,0.0
Tequila,Other,Low-Calorie / Beverages,5,0.0,0.0,0.0,0.0,0.0
"Water, tap",Beverages,Low-Calorie / Beverages,5,0.0,0.0,0.0,0.0,0.0
"Water, bottled, unsweetened",Beverages,Low-Calorie / Beverages,5,0.0,0.0,0.0,0.0,0.0
"Water, bottled, sweetened, with low calorie sweetener",Beverages,Balanced Moderate,1,0.0,100.0,0.0,0.0,0.0
"Water, bottled, flavored (Capri Sun Roarin' Waters)",Beverages,Balanced Moderate,1,0.0,100.0,0.0,0.0,4.5
"Water, bottled, flavored (Propel Water)",Beverages,Balanced Moderate,1,0.0,100.0,0.0,0.0,0.0
"Water, bottled, flavored (Glaceau Vitamin Water)",Beverages,Balanced Moderate,1,0.0,100.0,0.0,0.0,5.49
"Water, bottled, flavored (SoBe Life Water)",Beverages,Balanced Moderate,1,0.0,100.0,0.0,0.0,0.0
"Water, bottled, flavored, sugar free (Glaceau Vitamin Water)",Beverages,Low-Calorie / Beverages,5,0.0,0.0,0.0,0.0,0.0
"Water, bottled, flavored, sugar free (SoBe)",Beverages,Low-Calorie / Beverages,5,0.0,0.0,0.0,0.0,0.0
"Water, baby, bottled, unsweetened",Beverages,Low-Calorie / Beverages,5,0.0,0.0,0.0,0.0,0.0
"Nutritional drink or shake, ready-to-drink (Boost)",Beverages,Balanced Moderate,1,16.7,68.3,15.0,1.3,8.44
"Nutritional drink or shake, ready-to-drink (Boost Plus)",Beverages,Low-Calorie / Beverages,5,15.5,49.7,34.8,1.2,8.46
"Nutritional drink or shake, ready-to-drink (Carnation Instant Breakfast)",Beverages,Balanced Moderate,1,24.2,56.8,19.0,0.1,12.91
"Nutritional drink or shake, ready-to-drink (Ensure)",Beverages,Balanced Moderate,1,14.4,64.0,21.6,0.0,9.7
"Nutritional drink or shake, ready-to-drink (Ensure Plus)",Beverages,Low-Calorie / Beverages,5,14.7,56.5,28.9,0.0,8.33
"Nutritional drink or shake, ready-to-drink, sugar free (Glucerna)",Beverages,Low-Calorie / Beverages,5,19.0,51.2,29.9,2.2,2.64
"Nutritional drink or shake, ready-to-drink (Kellogg's Special K Protein)",Beverages,Low-Calorie / Beverages,5,20.0,57.5,22.5,1.7,5.95
"Nutritional drink or shake, ready-to-drink (Muscle Milk)",Dairy & Eggs,High-Protein,2,45.0,17.5,37.5,0.2,0.78
"Nutritional drink or shake, ready-to-drink, light (Muscle Milk)",Dairy & Eggs,High-Protein,2,50.5,22.2,27.3,0.2,0.38
"Nutritional drink or shake, ready-to-drink (Slim Fast)",Beverages,Low-Calorie / Beverages,5,21.6,50.3,28.2,1.6,5.95
"Nutritional drink or shake, ready-to-drink, sugar free (Slim Fast)",Beverages,Low-Calorie / Beverages,5,21.6,50.3,28.2,1.6,5.95
"Nutritional drink or shake, high protein, ready-to-drink (Slim Fast)",Beverages,High-Carb / Sugary,0,43.8,5.6,50.5,0.4,0.6
"Nutritional drink or shake, ready-to-drink, NFS",Beverages,Balanced Moderate,1,14.4,64.0,21.6,0.0,9.7
"Nutritional drink or shake, high protein, ready-to-drink, NFS",Beverages,High-Carb / Sugary,0,43.8,5.6,50.5,0.4,0.6
"Nutritional drink or shake, high protein, light, ready-to-drink, NFS",Beverages,Low-Calorie / Beverages,5,15.5,49.7,34.8,1.2,8.46
"Nutritional drink or shake, liquid, soy-based",Beverages,Low-Calorie / Beverages,5,15.5,49.7,34.8,1.2,8.46
Nutritional powder mix (Carnation Instant Breakfast),Supplements & Sports,High-Fat / Oils,3,22.3,74.2,3.5,0.4,65.8
"Nutritional powder mix, sugar free (Carnation Instant Breakfast)",Supplements & Sports,High-Fat / Oils,3,40.6,46.4,13.0,2.0,39.0
Nutritional powder mix (EAS Whey Protein Powder),Supplements & Sports,High-Protein,2,69.3,18.7,12.0,0.0,5.13
Nutritional powder mix (EAS Soy Protein Powder),Supplements & Sports,High-Fat / Oils,3,47.8,44.1,8.1,0.0,40.48
"Nutritional powder mix, high protein (Herbalife)",Supplements & Sports,High-Protein,2,54.6,20.8,24.6,0.0,3.57
Nutritional powder mix (Isopure),Supplements & Sports,High-Protein,2,64.7,32.4,2.9,0.0,1.16
Nutritional powder mix (Kellogg's Special K20 Protein Water),Supplements & Sports,High-Fiber / Plant-based,4,37.1,61.5,1.4,37.5,2.0
Nutritional powder mix (Muscle Milk),Supplements & Sports,High-Fiber / Plant-based,4,44.5,18.0,37.5,7.1,5.71
"Nutritional powder mix, light (Muscle Milk)",Supplements & Sports,High-Protein,2,50.5,22.2,27.3,2.0,4.0
Nutritional powder mix (Slim Fast),Supplements & Sports,High-Fiber / Plant-based,4,7.3,66.0,26.8,18.1,38.02
"Nutritional powder mix, sugar free (Slim Fast)",Supplements & Sports,High-Fiber / Plant-based,4,7.3,66.0,26.8,18.1,38.02
"Nutritional powder mix, high protein (Slim Fast)",Supplements & Sports,High-Fiber / Plant-based,4,25.8,46.2,28.0,18.2,20.59
"Nutritional powder mix, NFS",Supplements & Sports,High-Fat / Oils,3,22.3,74.2,3.5,0.4,65.8
"Nutritional powder mix, high protein, NFS",Supplements & Sports,High-Protein,2,54.6,20.8,24.6,0.0,3.57
"Nutritional powder mix, whey based, NFS",Supplements & Sports,High-Protein,2,88.9,7.1,4.0,3.1,0.0
"Nutritional powder mix, protein, soy based, NFS",Supplements & Sports,High-Protein,2,57.3,29.8,12.9,6.7,22.22
"Nutritional powder mix, protein, light, NFS",Supplements & Sports,High-Protein,2,50.5,22.2,27.3,2.0,4.0
"Nutritional powder mix, protein, NFS",Supplements & Sports,High-Protein,2,88.9,7.1,4.0,3.1,0.0
Energy drink (Full Throttle),Supplements & Sports,Balanced Moderate,1,2.0,96.6,1.4,0.0,12.08
Energy drink (Monster),Supplements & Sports,Balanced Moderate,1,4.0,96.0,0.0,0.0,10.93
Energy drink (Mountain Dew AMP),Supplements & Sports,Balanced Moderate,1,2.0,96.6,1.4,0.0,12.08
Energy drink (No Fear),Supplements & Sports,Balanced Moderate,1,2.7,97.3,0.0,0.0,13.75
Energy drink (No Fear Motherload),Supplements & Sports,Balanced Moderate,1,2.7,97.3,0.0,0.0,13.75
Energy drink (NOS),Supplements & Sports,Balanced Moderate,1,0.0,100.0,0.0,0.0,11.25
Energy drink (Red Bull),Supplements & Sports,Balanced Moderate,1,4.3,95.7,0.0,0.0,10.22
Energy drink (Rockstar),Supplements & Sports,Balanced Moderate,1,2.5,93.8,3.7,0.0,12.26
Energy drink (SoBe Energize Energy Juice Drink),Supplements & Sports,Balanced Moderate,1,0.0,100.0,0.0,0.0,10.42
Energy drink (Vault),Supplements & Sports,Balanced Moderate,1,0.0,100.0,0.0,0.0,12.99
Energy Drink,Supplements & Sports,Balanced Moderate,1,4.3,95.7,0.0,0.0,10.22
"Energy drink, low calorie (Monster)",Supplements & Sports,Balanced Moderate,1,0.0,100.0,0.0,0.0,1.38
"Energy drink, sugar free (Monster)",Supplements & Sports,Balanced Moderate,1,0.0,100.0,0.0,0.0,1.38
"Energy drink, sugar free (Mountain Dew AMP)",Supplements & Sports,Balanced Moderate,1,0.0,100.0,0.0,0.0,0.0
"Energy drink, sugar free (No Fear)",Supplements & Sports,High-Protein,2,50.0,50.0,0.0,0.0,0.0
"Energy drink, sugar-free (NOS)",Supplements & Sports,Balanced Moderate,1,0.0,100.0,0.0,0.0,0.0
Energy drink (Ocean Spray Cran-Energy Juice Drink),Supplements & Sports,Balanced Moderate,1,0.0,100.0,0.0,0.0,3.75
"Energy drink, sugar-free (Red Bull)",Supplements & Sports,Balanced Moderate,1,22.1,61.9,15.9,0.0,0.0
"Energy drink, sugar free (Rockstar)",Supplements & Sports,Balanced Moderate,1,22.1,61.9,15.9,0.0,0.0
"Energy drink, sugar free (Vault)",Supplements & Sports,Balanced Moderate,1,22.1,61.9,15.9,0.0,0.0
Energy drink (XS),Supplements & Sports,Balanced Moderate,1,22.1,61.9,15.9,0.0,0.0
Energy drink (XS Gold Plus),Supplements & Sports,Balanced Moderate,1,22.1,61.9,15.9,0.0,0.0
"Energy drink, sugar free",Supplements & Sports,Balanced Moderate,1,22.1,61.9,15.9,0.0,0.0
Sports drink (Gatorade G),Supplements & Sports,Balanced Moderate,1,0.0,100.0,0.0,0.0,5.24
Sports drink (Powerade),Supplements & Sports,Balanced Moderate,1,0.0,98.6,1.4,0.0,6.11
"Sports drink, NFS",Supplements & Sports,Balanced Moderate,1,0.0,100.0,0.0,0.0,5.24
"Sports drink, low calorie (Gatorade G2)",Supplements & Sports,Balanced Moderate,1,2.5,96.4,1.1,0.0,1.3
"Sports drink, low calorie (Powerade Zero)",Supplements & Sports,Balanced Moderate,1,0.0,100.0,0.0,0.0,0.0
"Sports drink, low calorie",Supplements & Sports,Balanced Moderate,1,2.5,96.4,1.1,0.0,1.3
"Fluid replacement, electrolyte solution",Other,Balanced Moderate,1,0.0,100.0,0.0,0.0,2.45
"Fluid replacement, 5% glucose in water",Beverages,Balanced Moderate,1,0.0,100.0,0.0,0.0,0.12
"Fruit juice, acai blend",Fruits,Balanced Moderate,1,5.3,82.6,12.0,1.2,11.1
Cheese as ingredient in sandwiches,Dairy & Eggs,High-Carb / Sugary,0,23.0,4.8,72.2,0.0,2.36
Breakfast meat as ingredient in omelet,Dairy & Eggs,High-Carb / Sugary,0,33.2,2.6,64.2,0.0,0.9
"Fish fillet, fried as ingredient in sandwiches",Seafood,High-Carb / Sugary,0,37.1,16.7,46.2,0.3,0.14
Breading or batter as ingredient in food,Other,Balanced Moderate,1,12.9,80.8,6.4,1.6,0.68
Wheat bread as ingredient in sandwiches,Grains & Bakery,Balanced Moderate,1,17.3,69.1,13.6,5.4,5.2
Wheat bun as ingredient in sandwiches,Grains & Bakery,Balanced Moderate,1,17.5,69.1,13.4,4.8,6.64
"Spinach, cooked, as ingredient",Vegetables,Balanced Moderate,1,38.8,49.3,11.9,2.6,0.49
"Broccoli, cooked, as ingredient",Vegetables,Balanced Moderate,1,27.4,64.6,8.0,2.7,1.77
"Carrots, cooked, as ingredient",Other,Balanced Moderate,1,8.4,86.7,4.9,2.9,4.94
"Tomatoes, cooked, as ingredient",Other,Balanced Moderate,1,16.9,74.5,8.6,1.5,3.29
"Onions, cooked, as ingredient",Other,Balanced Moderate,1,10.3,87.6,2.2,2.0,4.99
"Mushrooms, cooked, as ingredient",Other,High-Protein,2,43.4,45.9,10.6,1.2,2.48
"Green pepper, cooked, as ingredient",Vegetables,Balanced Moderate,1,14.6,79.0,6.4,1.8,2.58
"Red pepper, cooked, as ingredient",Vegetables,Balanced Moderate,1,12.8,78.5,8.7,2.3,4.52
"Cabbage, cooked, as ingredient",Vegetables,Balanced Moderate,1,17.5,79.5,3.0,2.6,3.33
"Cauliflower, cooked, as ingredient",Vegetables,Balanced Moderate,1,25.5,66.1,8.3,2.1,1.99
"Eggplant, cooked, as ingredient",Vegetables,Balanced Moderate,1,13.5,81.1,5.5,3.2,3.8
"Green beans, cooked, as ingredient",Other,Balanced Moderate,1,19.7,74.9,5.3,2.8,3.4
"Summer squash, cooked, as ingredient",Vegetables,Balanced Moderate,1,21.1,66.2,12.7,1.2,3.16
Dark green vegetables as ingredient in omelet,Dairy & Eggs,Balanced Moderate,1,32.1,58.2,9.7,2.5,1.24
Tomatoes as ingredient in omelet,Dairy & Eggs,Balanced Moderate,1,15.6,77.1,7.3,1.6,3.42
Other vegetables as ingredient in omelet,Dairy & Eggs,Balanced Moderate,1,37.9,52.7,9.4,1.4,2.73
Vegetables as ingredient in curry,Fast Food & Prepared,Balanced Moderate,1,13.1,83.8,3.1,2.2,3.25
Sauce as ingredient in hamburgers,Condiments & Sauces,High-Carb / Sugary,0,1.9,24.5,73.6,0.6,13.08
Industrial oil as ingredient in food,Condiments & Sauces,High-Carb / Sugary,0,0.0,0.0,100.0,0.0,0.0
