description,food_cluster,calories,protein,carbohydrate,fat_total_lipid,fiber,sugar_total,sodium
"Milk, human",0,71.1,1.03,6.89,4.38,0.0,6.89,17
"Milk, NFS",0,50.8,3.34,4.87,1.99,0.0,4.89,39
"Milk, whole",0,60.6,3.28,4.67,3.2,0.0,4.81,38
"Milk, low sodium, whole",0,61.4,3.1,4.46,3.46,0.0,4.46,3
"Milk, calcium fortified, whole",0,60.6,3.28,4.67,3.2,0.0,4.81,38
"Milk, calcium fortified, low fat (1%)",0,42.8,3.38,5.19,0.95,0.0,4.96,39
"Milk, calcium fortified, fat free (skim)",0,34.6,3.4,4.85,0.18,0.0,4.85,52
"Milk, reduced fat (2%)",0,50.1,3.35,4.91,1.9,0.0,4.89,39
"Milk, acidophilus, low fat (1%)",0,42.8,3.38,5.19,0.95,0.0,4.96,39
"Milk, acidophilus, reduced fat (2%)",0,50.1,3.35,4.91,1.9,0.0,4.89,39
"Milk, low fat (1%)",0,42.8,3.38,5.19,0.95,0.0,4.96,39
"Milk, fat free (skim)",0,34.0,3.43,4.89,0.08,0.0,5.05,41
"Milk, lactose free, low fat (1%)",0,42.8,3.38,5.19,0.95,0.0,4.96,39
"Milk, lactose free, fat free (skim)",0,34.0,3.43,4.89,0.08,0.0,5.05,41
"Milk, lactose free, reduced fat (2%)",0,50.1,3.35,4.91,1.9,0.0,4.89,39
"Milk, lactose free, whole",0,60.6,3.28,4.67,3.2,0.0,4.81,38
"Buttermilk, fat free (skim)",0,42.0,3.31,4.79,1.07,0.0,4.79,148
"Buttermilk, low fat (1%)",0,42.0,3.31,4.79,1.07,0.0,4.79,148
"Buttermilk, reduced fat (2%)",0,55.6,4.1,5.3,2.0,0.0,5.3,105
"Buttermilk, whole",0,62.2,3.21,4.88,3.31,0.0,4.88,105
"Kefir, NS as to fat content",0,52.9,3.59,7.48,0.96,0.0,6.91,38
"Goat's milk, whole",0,69.3,3.56,4.45,4.14,0.0,4.45,50
"Milk, dry, reconstituted, NS as to fat content",0,31.8,3.2,4.6,0.07,0.0,4.6,51
"Milk, dry, reconstituted, whole",0,76.2,4.01,5.86,4.08,0.0,5.86,60
"Milk, dry, reconstituted, low fat (1%)",0,40.0,3.17,4.55,1.01,0.0,4.55,51
"Milk, dry, reconstituted, fat free (skim)",0,31.8,3.2,4.6,0.07,0.0,4.6,51
"Milk, evaporated, NS as to fat content",0,135.4,6.81,10.04,7.56,0.0,10.04,106
"Milk, evaporated, whole",0,135.4,6.81,10.04,7.56,0.0,10.04,106
"Milk, evaporated, reduced fat (2%)",0,91.9,7.42,11.15,1.96,0.0,11.15,113
"Milk, evaporated, fat free (skim)",0,77.4,7.55,11.35,0.2,0.0,11.35,115
"Milk, condensed, sweetened",1,327.5,7.91,54.4,8.7,0.0,54.4,127
"Non-dairy milk, NFS",0,29.7,1.04,3.75,1.17,0.2,3.03,60
Soy milk,0,43.3,2.6,4.92,1.47,0.2,3.65,47
"Soy milk, light",0,30.5,2.38,3.51,0.77,0.3,2.61,48
"Soy milk, nonfat",0,26.8,2.47,4.14,0.04,0.2,3.65,57
"Soy milk, chocolate",0,62.6,2.26,9.95,1.53,0.4,7.86,53
"Soy milk, light, chocolate",0,47.1,2.1,8.24,0.64,0.7,7.13,46
"Soy milk, nonfat, chocolate",0,47.1,2.1,8.24,0.64,0.7,7.13,46
"Almond milk, sweetened",0,30.8,0.38,5.24,0.93,0.2,4.77,69
"Almond milk, sweetened, chocolate",0,43.6,0.43,8.34,0.95,0.3,7.72,67
"Almond milk, unsweetened",0,15.5,0.4,1.31,0.96,0.2,0.81,72
"Almond milk, unsweetened, chocolate",0,16.8,0.46,1.48,1.0,0.3,0.81,72
Rice milk,0,46.5,0.28,9.17,0.97,0.3,5.28,39
Coconut milk,0,31.2,0.21,2.92,2.08,0.0,2.5,19
"Yogurt, NFS",0,63.1,5.25,7.04,1.55,0.0,7.04,70
"Yogurt, Greek, NS as to type of milk or flavor",0,72.8,9.95,3.94,1.92,0.0,3.56,34
"Yogurt, NS as to type of milk or flavor",0,63.1,5.25,7.04,1.55,0.0,7.04,70
"Yogurt, NS as to type of milk, plain",0,63.1,5.25,7.04,1.55,0.0,7.04,70
"Yogurt, whole milk, plain",0,61.8,3.47,4.66,3.25,0.0,4.66,46
"Yogurt, low fat milk, plain",0,63.1,5.25,7.04,1.55,0.0,7.04,70
"Yogurt, nonfat milk, plain",0,55.3,5.73,7.68,0.18,0.0,7.68,77
"Yogurt, Greek, NS as to type of milk, plain",0,72.8,9.95,3.94,1.92,0.0,3.56,34
"Yogurt, Greek, whole milk, plain",0,96.9,9.0,3.98,5.0,0.0,4.0,35
"Yogurt, Greek, low fat milk, plain",0,72.8,9.95,3.94,1.92,0.0,3.56,34
"Yogurt, Greek, nonfat milk, plain",0,59.1,10.3,3.64,0.37,0.0,3.27,36
"Yogurt, NS as to type of milk, fruit",0,88.8,4.66,14.46,1.37,0.1,12.01,65
"Yogurt, whole milk, fruit",0,87.7,3.1,12.36,2.87,0.1,9.92,44
"Yogurt, low fat milk, fruit",0,88.8,4.66,14.46,1.37,0.1,12.01,65
"Yogurt, nonfat milk, fruit",0,82.0,5.09,15.02,0.17,0.1,12.58,72
"Yogurt, Greek, NS as to type of milk, fruit",0,105.0,8.17,12.29,2.57,1.0,11.23,33
"Yogurt, Greek, whole milk, fruit",0,105.5,7.33,12.29,3.0,0.0,12.0,37
"Yogurt, Greek, low fat milk, fruit",0,105.0,8.17,12.29,2.57,1.0,11.23,33
"Yogurt, Greek, nonfat milk, fruit",0,82.4,8.06,12.2,0.15,0.6,11.5,32
"Yogurt, NS as to type of milk, flavors other than fruit",0,73.2,5.09,9.82,1.51,0.0,9.82,68
"Yogurt, whole milk, flavors other than fruit",0,78.7,3.3,9.41,3.1,0.0,9.42,44
"Yogurt, low fat milk, flavors other than fruit",0,73.2,5.09,9.82,1.51,0.0,9.82,68
"Yogurt, nonfat milk, flavors other than fruit",0,65.6,5.56,10.44,0.18,0.0,10.44,75
"Yogurt, Greek, NS as to type of milk, flavors other than fruit",0,95.2,8.64,9.54,2.5,0.0,9.54,40
"Yogurt, Greek, whole milk, flavors other than fruit",0,111.2,8.47,9.35,4.44,0.0,9.35,39
"Yogurt, Greek, low fat milk, flavors other than fruit",0,95.2,8.64,9.54,2.5,0.0,9.54,40
"Yogurt, Greek, nonfat milk, flavors other than fruit",0,77.7,8.64,10.37,0.18,0.5,9.54,34
"Yogurt, Greek, with oats",0,163.7,8.9,22.38,4.29,1.9,12.07,53
"Yogurt, liquid",0,71.9,3.71,11.81,1.09,0.1,9.78,53
"Chipotle dip, yogurt based",2,189.0,7.93,3.33,15.99,0.0,2.97,636
"Dill dip, yogurt based",2,192.0,8.16,3.76,16.03,0.3,2.99,641
"Onion dip, yogurt based",0,159.5,6.82,4.07,12.88,0.2,3.38,507
"Ranch dip, yogurt based",2,195.2,8.48,4.13,16.09,0.3,3.41,646
"Spinach dip, yogurt based",0,158.9,7.02,3.6,12.94,0.3,3.04,514
Tzatziki dip,0,94.0,5.35,3.95,6.31,0.2,2.92,307
"Vegetable dip, yogurt based",2,192.0,8.16,3.76,16.03,0.3,2.99,641
"Yogurt parfait, low fat, with fruit",0,86.0,3.36,15.86,1.01,1.1,11.68,49
"Frozen yogurt, NFS",0,130.8,3.0,21.6,3.6,0.0,19.92,63
"Frozen yogurt, vanilla",0,130.8,3.0,21.6,3.6,0.0,19.92,63
"Frozen yogurt, chocolate",0,130.8,3.0,21.6,3.6,2.3,19.24,63
"Frozen yogurt, soft serve, vanilla",0,163.2,4.0,24.2,5.6,0.0,24.0,87
"Frozen yogurt, soft serve, chocolate",0,168.6,4.31,24.87,5.76,0.7,23.56,86
Frozen yogurt sandwich,5,209.4,3.9,34.38,6.25,0.8,24.3,192
"Frozen yogurt bar, vanilla",0,130.8,3.0,21.6,3.6,0.0,19.92,63
"Frozen yogurt bar, chocolate",0,130.8,3.0,21.6,3.6,2.3,19.24,63
"Frozen yogurt cone, chocolate",0,142.0,3.2,23.9,3.73,2.3,18.71,71
"Frozen yogurt cone, vanilla",0,142.0,3.2,23.9,3.73,0.1,19.36,71
"Frozen yogurt cone, vanilla, waffle cone",0,146.8,3.29,25.28,3.61,0.1,20.26,77
"Frozen yogurt cone, chocolate, waffle cone",0,146.8,3.29,25.28,3.61,2.3,19.62,77
"Yogurt, whole milk, baby food",0,61.8,3.47,4.66,3.25,0.0,4.66,46
"Yogurt, whole milk, baby food, with fruit and multigrain cereal puree, NFS",0,98.2,3.4,13.22,3.53,0.3,11.46,41
"Yogurt, whole milk, baby food, with fruit and multigrain cereal puree, plus iron",0,91.9,3.05,13.0,3.08,0.6,11.46,38
"Yogurt, whole milk, baby food, with fruit and multigrain cereal puree, plus DHA",0,98.2,3.4,13.22,3.53,0.3,11.46,41
"Chocolate milk, NFS",0,67.4,3.39,13.46,0.0,0.0,8.39,79
"Chocolate milk, ready to drink, whole",0,84.6,3.17,10.34,3.39,0.8,9.54,60
"Chocolate milk, ready to drink, reduced fat",0,77.6,2.99,12.13,1.9,0.7,9.55,66
"Chocolate milk, ready to drink, fat free",0,67.4,3.39,13.46,0.0,0.0,8.39,79
"Chocolate milk, ready to drink, low fat",0,64.4,3.46,10.15,1.11,0.1,9.94,65
"Chocolate milk, ready to drink, reduced sugar, NS as to milk",0,53.8,3.43,7.68,1.04,0.0,7.29,66
"Chocolate milk, ready to drink, low fat (Nesquik)",0,64.4,3.46,10.15,1.11,0.1,9.94,65
"Chocolate milk, ready to drink, fat free (Nesquik)",0,67.4,3.39,13.46,0.0,0.0,8.39,79
"Chocolate milk, ready to drink, low fat, no sugar added (Nesquik)",0,64.4,3.46,10.15,1.11,0.1,9.94,65
"Hot chocolate / Cocoa, ready to drink",0,90.9,2.72,16.54,1.54,0.0,15.18,60
"Hot chocolate / Cocoa, ready to drink, made with nonfat milk",0,77.8,2.79,16.52,0.06,0.0,15.31,61
"Hot chocolate / Cocoa, ready to drink, made with non-dairy milk",0,80.4,1.21,16.68,0.98,0.2,14.62,75
"Hot chocolate / Cocoa, ready to drink, with whipped cream",0,103.1,2.73,15.89,3.18,0.0,14.6,58
"Hot chocolate / Cocoa, ready to drink, made with nonfat milk and whipped cream",0,90.6,2.79,15.87,1.77,0.0,14.72,60
"Hot chocolate / Cocoa, ready to drink, made with non-dairy milk and whipped cream",0,93.0,1.29,16.02,2.64,0.2,14.07,73
"Chocolate milk, made from dry mix, NS as to type of milk",0,72.2,3.41,10.13,2.01,0.3,9.63,45
"Chocolate milk, made from dry mix with whole milk",0,81.5,3.36,9.94,3.14,0.3,9.55,44
"Chocolate milk, made from dry mix with reduced fat milk",0,71.6,3.42,10.16,1.92,0.3,9.62,45
"Chocolate milk, made from dry mix with low fat milk",0,64.8,3.45,10.43,1.03,0.3,9.69,45
"Chocolate milk, made from dry mix with fat free milk",0,56.5,3.5,10.14,0.22,0.3,9.77,47
"Chocolate milk, made from dry mix with non-dairy milk",0,59.4,1.68,10.32,1.27,0.5,8.99,63
"Chocolate milk, made from reduced sugar mix, NS as to type of milk",0,63.7,3.59,7.61,2.1,0.4,5.86,59
"Chocolate milk, made from reduced sugar mix with whole milk",0,73.1,3.53,7.42,3.26,0.4,5.78,58
"Chocolate milk, made from reduced sugar mix with reduced fat milk",0,63.0,3.6,7.64,2.01,0.4,5.86,59
"Chocolate milk, made from reduced sugar mix with low fat milk",0,56.1,3.63,7.91,1.1,0.4,5.92,59
"Chocolate milk, made from reduced sugar mix with fat free milk",0,47.6,3.67,7.63,0.27,0.4,6.01,61
"Chocolate milk, made from reduced sugar mix with non-dairy milk",0,50.6,1.82,7.81,1.34,0.6,5.2,77
"Chocolate milk, made from dry mix, NS as to type of milk (Nesquik)",0,72.2,3.41,10.13,2.01,0.3,9.63,45
"Chocolate milk, made from dry mix with whole milk (Nesquik)",0,81.5,3.36,9.94,3.14,0.3,9.55,44
"Chocolate milk, made from dry mix with reduced fat milk (Nesquik)",0,71.6,3.42,10.16,1.92,0.3,9.62,45
"Chocolate milk, made from dry mix with low fat milk (Nesquik)",0,64.8,3.45,10.43,1.03,0.3,9.69,45
"Chocolate milk, made from dry mix with fat free milk (Nesquik)",0,56.5,3.5,10.14,0.22,0.3,9.77,47
"Chocolate milk, made from dry mix with non-dairy milk (Nesquik)",0,59.4,1.68,10.32,1.27,0.5,8.99,63
"Chocolate milk, made from no sugar added dry mix, NS as to type of milk (Nesquik)",0,63.7,3.59,7.61,2.1,0.4,5.86,59
"Chocolate milk, made from no sugar added dry mix with whole milk (Nesquik)",0,73.1,3.53,7.42,3.26,0.4,5.78,58
"Chocolate milk, made from no sugar added dry mix with reduced fat milk (Nesquik)",0,63.0,3.6,7.64,2.01,0.4,5.86,59
"Chocolate milk, made from no sugar added dry mix with low fat milk (Nesquik)",0,56.1,3.63,7.91,1.1,0.4,5.92,59
"Chocolate milk, made from no sugar added dry mix with fat free milk  (Nesquik)",0,47.6,3.67,7.63,0.27,0.4,6.01,61
"Chocolate milk, made from no sugar added dry mix with non-dairy milk (Nesquik)",0,50.6,1.82,7.81,1.34,0.6,5.2,77
"Chocolate milk, made from syrup, NS as to type of milk",0,79.8,2.89,13.18,1.73,0.0,12.23,54
"Chocolate milk, made from syrup with whole milk",0,88.3,2.84,13.0,2.77,0.0,12.16,53
"Chocolate milk, made from syrup with reduced fat milk",0,79.3,2.9,13.21,1.65,0.0,12.23,54
"Chocolate milk, made from syrup with low fat milk",0,72.9,2.93,13.45,0.82,0.0,12.29,54
"Chocolate milk, made from syrup with fat free milk",0,65.3,2.97,13.19,0.07,0.0,12.37,56
"Chocolate milk, made from syrup with non-dairy milk",0,68.0,1.29,13.36,1.04,0.2,11.64,70
"Chocolate milk, made from light syrup, NS as to type of milk",0,63.5,3.1,8.6,1.86,0.0,7.86,47
"Chocolate milk, made from light syrup with whole milk",0,72.1,3.04,8.42,2.92,0.0,7.79,46
"Chocolate milk, made from light syrup with reduced fat milk",0,62.9,3.1,8.63,1.78,0.0,7.86,47
"Chocolate milk, made from light syrup with low fat milk",0,56.6,3.13,8.87,0.95,0.0,7.92,47
"Chocolate milk, made from light syrup with fat free milk",0,48.9,3.18,8.61,0.19,0.0,8.0,48
"Chocolate milk, made from light syrup with non-dairy milk",0,51.6,1.48,8.78,1.17,0.2,7.27,63
"Chocolate milk, made from sugar free syrup, NS as to type of milk",0,55.3,3.28,6.04,2.0,0.4,4.31,77
"Chocolate milk, made from sugar free syrup with whole milk",0,63.8,3.23,5.87,3.05,0.4,4.24,76
"Chocolate milk, made from sugar free syrup with reduced fat milk",0,54.8,3.29,6.08,1.92,0.4,4.31,77
"Chocolate milk, made from sugar free syrup with low fat milk",0,48.3,3.32,6.32,1.08,0.4,4.37,77
"Chocolate milk, made from sugar free syrup with fat free milk",0,40.6,3.36,6.06,0.32,0.4,4.45,79
"Chocolate milk, made from sugar free syrup with non-dairy milk",0,43.3,1.66,6.22,1.31,0.5,3.72,94
"Hot chocolate / Cocoa, made with dry mix and water",0,54.2,0.91,11.4,0.55,0.5,8.93,72
"Hot chocolate / Cocoa, made with dry mix and whole milk",0,105.4,3.73,15.16,3.31,0.5,12.87,100
"Hot chocolate / Cocoa, made with dry mix and reduced fat milk",0,96.3,3.79,15.37,2.18,0.5,12.94,101
"Hot chocolate / Cocoa, made with dry mix and low fat milk",0,90.0,3.82,15.61,1.36,0.5,13.0,101
"Hot chocolate / Cocoa, made with dry mix and fat free milk",0,82.2,3.86,15.35,0.6,0.5,13.08,102
"Hot chocolate / Cocoa, made with dry mix and non-dairy milk",0,84.7,2.18,15.47,1.57,0.7,12.31,117
"Hot chocolate / Cocoa, made with no sugar added dry mix and water",0,31.1,1.28,5.94,0.25,0.6,3.11,75
"Hot chocolate / Cocoa, made with no sugar added dry mix and whole milk",0,86.0,4.26,10.08,3.18,0.6,7.45,105
"Hot chocolate / Cocoa, made with no sugar added dry mix and reduced fat milk",0,76.4,4.33,10.3,1.99,0.6,7.52,106
"Hot chocolate / Cocoa, made with no sugar added dry mix and low fat milk",0,69.7,4.35,10.56,1.12,0.6,7.59,106
"Hot chocolate / Cocoa, made with no sugar added dry mix and fat free milk",0,61.6,4.4,10.28,0.32,0.6,7.67,108
"Hot chocolate / Cocoa, made with no sugar added dry mix and non-dairy milk",0,64.3,2.61,10.43,1.35,0.8,6.88,124
"Strawberry milk, NFS",0,51.8,3.33,5.35,1.9,0.0,5.29,40
"Strawberry milk, whole",0,86.2,3.04,11.82,2.97,0.0,11.68,38
"Strawberry milk, reduced fat",0,71.6,3.15,10.71,1.8,0.0,10.46,39
"Strawberry milk, low fat",0,69.7,3.13,12.3,0.89,0.0,11.82,39
"Strawberry milk, fat free",0,61.6,3.18,12.03,0.09,0.0,11.9,41
"Strawberry milk, reduced sugar",0,50.0,3.31,7.08,0.94,0.0,6.86,38
"Strawberry milk, non-dairy",0,64.5,1.39,12.2,1.13,0.2,11.12,57
"Milk, malted",0,64.7,3.2,8.67,1.91,0.0,7.82,60
Eggnog,0,88.1,4.55,8.05,4.19,0.0,8.05,54
"Milk shake, home recipe, chocolate",0,123.4,3.48,13.55,6.14,0.5,12.57,52
"Milk shake, home recipe, flavors other than chocolate",0,112.9,3.36,11.41,5.98,0.2,10.66,53
"Milk shake, home recipe, chocolate, light",0,97.5,3.99,12.93,3.31,0.3,12.42,51
"Milk shake, home recipe, flavors other than chocolate, light",0,91.8,3.88,13.84,2.33,0.1,11.07,51
Milk shake with malt,0,124.7,3.77,13.66,6.11,0.2,12.04,66
"Milk shake, fast food, chocolate",0,156.2,3.7,20.36,6.66,1.6,13.39,80
"Milk shake, fast food, flavors other than chocolate",0,150.5,3.37,19.59,6.52,0.9,13.63,81
"Milk shake, bottled, chocolate",0,156.2,3.7,20.36,6.66,1.6,13.39,80
"Milk shake, bottled, flavors other than chocolate",0,150.5,3.37,19.59,6.52,0.9,13.63,81
Licuado or Batido,0,74.4,2.4,13.1,1.38,0.7,10.86,25
"Fruit smoothie, NFS",0,65.8,2.4,11.65,1.07,1.2,8.23,28
"Fruit smoothie, with whole fruit and dairy",0,65.9,2.4,11.66,1.07,1.2,8.23,28
"Fruit smoothie, with whole fruit and dairy, added protein",0,79.2,7.38,9.71,1.21,1.1,7.14,40
"Fruit smoothie juice drink, with dairy",0,64.9,0.86,15.05,0.14,0.9,12.68,14
Chocolate milk drink,0,48.9,0.64,10.68,0.4,0.6,8.68,91
"Infant formula, NFS",0,66.0,1.38,7.12,3.56,0.0,7.12,20
"Infant formula, NS as to form (Similac Expert Care Alimentum)",0,67.0,1.8,6.77,3.63,0.0,4.4,29
"Infant formula, ready-to-feed (Similac Expert Care Alimentum)",0,67.0,1.8,6.77,3.63,0.0,4.4,29
"Infant formula, powder, made with water, NFS (Similac Expert Care Alimentum)",0,67.0,1.8,6.77,3.63,0.0,4.4,29
"Infant formula, powder, made with tap water (Similac Expert Care Alimentum)",0,67.0,1.8,6.77,3.63,0.0,4.4,29
"Infant formula, powder, made with plain bottled water (Similac Expert Care Alimentum)",0,67.0,1.8,6.77,3.63,0.0,4.4,29
"Infant formula, powder, made with baby water (Similac Expert Care Alimentum)",0,67.0,1.8,6.77,3.63,0.0,4.4,29
"Infant formula, NS as to form (Similac Advance)",0,65.5,1.37,6.87,3.62,0.0,6.87,19
"Infant formula, ready-to-feed (Similac Advance)",0,65.5,1.37,6.87,3.62,0.0,6.87,19
"Infant formula, liquid concentrate, made with water, NFS (Similac Advance)",0,65.5,1.37,6.87,3.62,0.0,6.87,19
"Infant formula, powder, made with water, NFS (Similac Advance)",0,65.5,1.37,6.87,3.62,0.0,6.87,19
"Infant formula, liquid concentrate, made with tap water (Similac Advance)",0,65.5,1.37,6.87,3.62,0.0,6.87,19
"Infant formula, liquid concentrate, made with plain bottled water (Similac Advance)",0,65.5,1.37,6.87,3.62,0.0,6.87,18
"Infant formula, liquid concentrate, made with baby water (Similac Advance)",0,65.5,1.37,6.87,3.62,0.0,6.87,16
"Infant formula, powder, made with tap water (Similac Advance)",0,65.5,1.37,6.87,3.62,0.0,6.87,19
"Infant formula, powder, made with plain bottled water (Similac Advance)",0,65.5,1.37,6.87,3.62,0.0,6.87,18
"Infant formula, powder, made with baby water (Similac Advance)",0,65.5,1.37,6.87,3.62,0.0,6.87,16
"Infant formula, NS as to form (Similac Advance Organic)",0,65.5,1.37,6.87,3.62,0.0,6.87,19
"Infant formula, ready-to-feed (Similac Advance Organic)",0,65.5,1.37,6.87,3.62,0.0,6.87,19
"Infant formula, powder, made with water, NFS (Similac Advance Organic)",0,65.5,1.37,6.87,3.62,0.0,6.87,19
"Infant formula, powder, made with tap water (Similac Advance Organic)",0,65.5,1.37,6.87,3.62,0.0,6.87,19
"Infant formula, powder, made with plain bottled water (Similac Advance Organic)",0,65.5,1.37,6.87,3.62,0.0,6.87,18
"Infant formula, powder, made with baby water (Similac Advance Organic)",0,65.5,1.37,6.87,3.62,0.0,6.87,16
"Infant formula, NS as to form (Similac Sensitive)",0,65.3,1.4,6.99,3.53,0.0,6.99,23
"Infant formula, ready-to-feed (Similac Sensitive)",0,65.3,1.4,6.99,3.53,0.0,6.99,23
"Infant formula, liquid concentrate, made with water, NFS (Similac Sensitive)",0,65.3,1.4,6.99,3.53,0.0,6.99,23
"Infant formula, powder, made with water, NFS (Similac Sensitive)",0,65.3,1.4,6.99,3.53,0.0,6.99,23
"Infant formula, liquid concentrate, made with tap water (Similac Sensitive)",0,65.3,1.4,6.99,3.53,0.0,6.99,23
"Infant formula, liquid concentrate, made with plain bottled water (Similac Sensitive)",0,65.3,1.4,6.99,3.53,0.0,6.99,22
"Infant formula, liquid concentrate, made with baby water (Similac Sensitive)",0,65.3,1.4,6.99,3.53,0.0,6.99,20
"Infant formula, powder, made with tap water (Similac Sensitive)",0,65.3,1.4,6.99,3.53,0.0,6.99,23
"Infant formula, powder, made with plain bottled water (Similac Sensitive)",0,65.3,1.4,6.99,3.53,0.0,6.99,22
"Infant formula, powder, made with baby water (Similac Sensitive)",0,65.3,1.4,6.99,3.53,0.0,6.99,20
"Infant formula, NS as to form (Similac for Spit-Up)",0,64.4,1.38,6.9,3.48,0.0,6.9,23
"Infant formula, ready-to-feed (Similac for Spit-Up)",0,64.4,1.38,6.9,3.48,0.0,6.9,23
"Infant formula, powder, made with water, NFS (Similac for Spit-Up)",0,64.4,1.38,6.9,3.48,0.0,6.9,23
"Infant formula, NS as to form (Similac Expert Care NeoSure)",0,72.5,2.01,7.22,3.95,0.0,7.26,27
"Infant formula, ready-to-feed (Similac Expert Care NeoSure)",0,72.5,2.01,7.22,3.95,0.0,7.26,27
"Infant formula, powder, made with water, NFS (Similac Expert Care NeoSure)",0,72.5,2.01,7.22,3.95,0.0,7.26,27
"Infant formula, powder, made with tap water (Similac Expert Care NeoSure)",0,72.5,2.01,7.22,3.95,0.0,7.26,27
"Infant formula, powder, made with plain bottled water (Similac Expert Care NeoSure)",0,72.5,2.01,7.22,3.95,0.0,7.26,25
"Infant formula, powder, made with baby water (Similac Expert Care NeoSure)",0,72.5,2.01,7.22,3.95,0.0,7.26,24
"Infant formula, NS as to form (Similac Go and Grow)",0,66.9,1.98,6.73,3.56,0.0,6.73,23
"Infant formula, powder, made with water, NFS (Similac Go and Grow)",0,66.9,1.98,6.73,3.56,0.0,6.73,23
"Infant formula, NS as to form (Enfamil Newborn)",0,66.4,1.38,7.39,3.48,0.0,7.39,18
"Infant formula, ready-to-feed (Enfamil Newborn)",0,66.4,1.38,7.39,3.48,0.0,7.39,18
"Infant formula, powder, made with water, NFS (Enfamil Newborn)",0,66.4,1.38,7.39,3.48,0.0,7.39,18
"Infant formula, powder, made with tap water (Enfamil Newborn)",0,66.4,1.38,7.39,3.48,0.0,7.39,18
"Infant formula, powder, made with plain bottled water (Enfamil Newborn)",0,66.4,1.38,7.39,3.48,0.0,7.39,18
"Infant formula, powder, made with baby water (Enfamil Newborn)",0,66.4,1.38,7.39,3.48,0.0,7.39,18
"Infant formula, NS as to form (Enfamil Infant)",0,66.5,1.4,7.38,3.49,0.0,7.38,21
"Infant formula, ready-to-feed (Enfamil Infant)",0,66.5,1.4,7.38,3.49,0.0,7.38,21
"Infant formula, liquid concentrate, made with water, NFS (Enfamil Infant)",0,66.5,1.4,7.38,3.49,0.0,7.38,21
"Infant formula, liquid concentrate, made with tap water (Enfamil Infant)",0,66.5,1.4,7.38,3.49,0.0,7.38,21
"Infant formula, liquid concentrate, made with plain bottled water (Enfamil Infant)",0,66.5,1.4,7.38,3.49,0.0,7.38,20
"Infant formula, liquid concentrate, made with baby water (Enfamil Infant)",0,66.5,1.4,7.38,3.49,0.0,7.38,18
"Infant formula, powder, made with water, NFS (Enfamil Infant)",0,66.5,1.4,7.38,3.49,0.0,7.38,21
"Infant formula, powder, made with tap water (Enfamil Infant)",0,66.5,1.4,7.38,3.49,0.0,7.38,21
"Infant formula, powder, made with plain bottled water (Enfamil Infant)",0,66.5,1.4,7.38,3.49,0.0,7.38,20
"Infant formula, powder, made with baby water (Enfamil Infant)",0,66.5,1.4,7.38,3.49,0.0,7.38,18
"Infant formula, NS as to form (Enfamil A.R.)",0,65.3,1.6,7.43,3.24,0.0,7.25,29
"Infant formula, ready-to-feed (Enfamil A.R.)",0,65.3,1.6,7.43,3.24,0.0,7.25,29
"Infant formula, powder, made with water, NFS (Enfamil A.R.)",0,65.3,1.6,7.43,3.24,0.0,7.25,29
"Infant formula, powder, made with tap water (Enfamil A.R.)",0,65.3,1.6,7.43,3.24,0.0,7.25,29
"Infant formula, NS as to form (Enfamil EnfaCare)",0,71.8,2.0,7.4,3.8,0.0,7.4,25
"Infant formula, ready-to-feed (Enfamil EnfaCare)",0,71.8,2.0,7.4,3.8,0.0,7.4,25
"Infant formula, powder, made with water, NFS (Enfamil EnfaCare)",0,71.8,2.0,7.4,3.8,0.0,7.4,25
"Infant formula, powder, made with plain bottled water (Enfamil A.R.)",0,65.3,1.6,7.43,3.24,0.0,7.25,28
"Infant formula, powder, made with baby water (Enfamil A.R.)",0,65.3,1.6,7.43,3.24,0.0,7.25,26
"Infant formula, NS as to form (Enfamil Gentlease)",0,66.5,1.53,7.25,3.49,0.0,7.25,27
"Infant formula, ready-to-feed (Enfamil Gentlease)",0,66.5,1.53,7.25,3.49,0.0,7.25,27
"Infant formula, powder, made with water, NFS (Enfamil Gentlease)",0,66.5,1.53,7.25,3.49,0.0,7.25,27
"Infant formula, powder, made with tap water (Enfamil EnfaCare)",0,71.8,2.0,7.4,3.8,0.0,7.4,25
"Infant formula, powder, made with plain bottled water (Enfamil EnfaCare)",0,71.8,2.0,7.4,3.8,0.0,7.4,25
"Infant formula, powder, made with baby water (Enfamil EnfaCare)",0,71.8,2.0,7.4,3.8,0.0,7.4,25
"Infant formula, powder, made with tap water (Enfamil Gentlease)",0,66.5,1.53,7.25,3.49,0.0,7.25,27
"Infant formula, powder, made with plain bottled water (Enfamil Gentlease)",0,66.5,1.53,7.25,3.49,0.0,7.25,26
"Infant formula, powder, made with baby water (Enfamil Gentlease)",0,66.5,1.53,7.25,3.49,0.0,7.25,24
"Infant formula, NS as to form (Enfamil Enfagrow Toddler Transitions)",0,68.4,1.72,7.4,3.55,0.0,7.0,31
"Infant formula, ready-to-feed (Enfamil Enfragrow Toddler Transitions)",0,68.4,1.72,7.4,3.55,0.0,7.0,31
"Infant formula, powder, made with water, NFS (Enfamil Enfragrow Toddler Transitions)",0,120.8,3.03,13.06,6.27,0.0,12.36,52
"Infant formula, powder, made with tap water (Enfamil Enfagrow Toddler Transitions)",0,68.4,1.72,7.4,3.55,0.0,7.0,31
"Infant formula, powder, made with plain bottled water (Enfamil Enfagrow Toddler Transitions)",0,68.4,1.72,7.4,3.55,0.0,7.0,29
"Infant formula, powder, made with baby water (Enfamil Enfagrow Toddler Transitions)",0,68.4,1.72,7.4,3.55,0.0,7.0,28
"Infant formula, NS as to form (Enfamil Enfagrow Toddler Transitions Gentlease)",0,65.2,1.7,6.87,3.43,0.0,6.87,30
"Infant formula, powder, made with water, NFS (Enfamil Enfagrow Toddler Transitions Gentlease)",0,65.2,1.7,6.87,3.43,0.0,6.87,30
"Infant formula, powder, made with tap water (Enfamil Enfagrow Toddler Transitions Gentlease)",0,65.2,1.7,6.87,3.43,0.0,6.87,30
"Infant formula, powder, made with plain bottled water (Enfamil Enfagrow Toddler Transitions Gentlease)",0,65.2,1.7,6.87,3.43,0.0,6.87,28
"Infant formula, powder, made with baby water (Enfamil Enfagrow Toddler Transitions Gentlease)",0,65.2,1.7,6.87,3.43,0.0,6.87,26
"Infant formula, NS as to form (PediaSure)",0,99.0,2.86,11.15,4.77,0.0,10.5,36
"Infant formula, ready-to-feed (PediaSure)",0,99.0,2.86,11.15,4.77,0.0,10.5,36
"Infant formula, with fiber, NS as to form (PediaSure Fiber)",0,98.6,2.8,11.28,4.7,0.5,7.6,36
"Infant formula, with fiber, ready-to-feed (PediaSure Fiber)",0,98.6,2.8,11.28,4.7,0.5,7.6,36
"Infant formula, NS as to form (Gerber Good Start Gentle)",0,66.4,1.48,7.45,3.41,0.0,7.45,22
"Infant formula, ready-to-feed (Gerber Good Start Gentle)",0,66.4,1.48,7.45,3.41,0.0,7.45,22
"Infant formula, liquid concentrate, made with water, NFS (Gerber Good Start Gentle)",0,66.4,1.48,7.45,3.41,0.0,7.45,22
"Infant formula, powder, made with water, NFS (Gerber Good Start Gentle)",0,66.4,1.48,7.45,3.41,0.0,7.45,22
"Infant formula, liquid concentrate, made with tap water (Gerber Good Start Gentle)",0,66.4,1.48,7.45,3.41,0.0,7.45,22
"Infant formula, liquid concentrate, made with plain bottled water (Gerber Good Start Gentle)",0,66.4,1.48,7.45,3.41,0.0,7.45,20
"Infant formula, liquid concentrate, made with baby water (Gerber Good Start Gentle)",0,66.4,1.48,7.45,3.41,0.0,7.45,18
"Infant formula, powder, made with tap water (Gerber Good Start Gentle)",0,66.4,1.48,7.45,3.41,0.0,7.45,22
"Infant formula, powder, made with plain bottled water (Gerber Good Start Gentle)",0,66.4,1.48,7.45,3.41,0.0,7.45,20
"Infant formula, powder, made with baby water (Gerber Good Start Gentle)",0,66.4,1.48,7.45,3.41,0.0,7.45,18
"Infant formula, NS as to form (Gerber Good Start Protect)",0,66.4,1.48,7.45,3.41,0.0,7.45,22
"Infant formula, powder, made with water, NFS (Gerber Good Start Protect)",0,66.4,1.48,7.45,3.41,0.0,7.45,22
"Infant formula, powder, made with tap water (Gerber Good Start Protect)",0,66.4,1.48,7.45,3.41,0.0,7.45,22
"Infant formula, powder, made with plain bottled water (Gerber Good Start Protect)",0,66.4,1.48,7.45,3.41,0.0,7.45,20
"Infant formula, powder, made with baby water (Gerber Good Start Protect)",0,66.4,1.48,7.45,3.41,0.0,7.45,18
"Infant formula, NS as to form (Gerber Graduates Gentle)",0,65.0,1.41,7.46,3.28,0.0,7.46,21
"Infant formula, NS as to form (Gerber Graduates Protect)",0,65.0,1.41,7.46,3.28,0.0,7.46,21
"Infant formula, NS as to form (Store Brand)",0,66.0,1.38,7.12,3.56,0.0,7.12,20
"Infant formula, liquid concentrate, made with water, NFS (Store Brand)",0,66.0,1.38,7.12,3.56,0.0,7.12,20
"Infant formula, powder, made with water, NFS (Store Brand)",0,66.0,1.38,7.12,3.56,0.0,7.12,20
"Infant formula, ready-to-feed (Store Brand)",0,66.0,1.38,7.12,3.56,0.0,7.12,20
"Infant formula, liquid concentrate, made with tap water (Store Brand)",0,66.0,1.38,7.12,3.56,0.0,7.12,20
"Infant formula, liquid concentrate, made with plain bottled water (Store Brand)",0,66.0,1.38,7.12,3.56,0.0,7.12,19
"Infant formula, liquid concentrate, made with baby water (Store Brand)",0,66.0,1.38,7.12,3.56,0.0,7.12,17
"Infant formula, powder, made with tap water (Store Brand)",0,66.0,1.38,7.12,3.56,0.0,7.12,20
"Infant formula, powder, made with plain bottled water (Store Brand)",0,66.0,1.38,7.12,3.56,0.0,7.12,19
"Infant formula, powder, made with baby water (Store Brand)",0,66.0,1.38,7.12,3.56,0.0,7.12,17
"Infant formula, NS as to form (Enfamil ProSobee)",0,65.3,1.62,6.86,3.49,0.0,6.86,26
"Infant formula, ready-to-feed (Enfamil ProSobee)",0,65.3,1.62,6.86,3.49,0.0,6.86,26
"Infant formula, liquid concentrate, made with water, NFS (Enfamil ProSobee)",0,65.3,1.62,6.86,3.49,0.0,6.86,26
"Infant formula, powder, made with water, NFS (Enfamil ProSobee)",0,65.3,1.62,6.86,3.49,0.0,6.86,26
"Infant formula, liquid concentrate, made with tap water (Enfamil ProSobee)",0,65.3,1.62,6.86,3.49,0.0,6.86,26
"Infant formula, liquid concentrate, made with plain bottled water (Enfamil ProSobee)",0,65.3,1.62,6.86,3.49,0.0,6.86,24
"Infant formula, liquid concentrate, made with baby water (Enfamil ProSobee)",0,65.3,1.62,6.86,3.49,0.0,6.86,22
"Infant formula, powder, made with tap water (Enfamil ProSobee)",0,65.3,1.62,6.86,3.49,0.0,6.86,26
"Infant formula, powder, made with plain bottled water (Enfamil ProSobee)",0,65.3,1.62,6.86,3.49,0.0,6.86,24
"Infant formula, powder, made with baby water (Enfamil ProSobee)",0,65.3,1.62,6.86,3.49,0.0,6.86,22
"Infant formula, NS as to form (Enfamil Enfagrow Toddler Transitions Soy)",0,62.8,2.07,7.4,2.77,0.0,7.4,26
"Infant formula, powder, made with water, NFS (Enfamil Enfagrow Toddler Transitions Soy)",0,62.8,2.07,7.4,2.77,0.0,7.4,26
"Infant formula, NS as to form (Similac Isomil Soy)",0,65.0,1.58,6.73,3.53,0.0,6.65,32
"Infant formula, ready-to-feed (Similac Isomil Soy)",0,65.0,1.58,6.73,3.53,0.0,6.65,32
"Infant formula, liquid concentrate, made with water, NFS (Similac Isomil Soy)",0,65.0,1.58,6.73,3.53,0.0,6.65,32
"Infant formula, powder, made with water, NFS (Similac Isomil Soy)",0,65.0,1.58,6.73,3.53,0.0,6.65,32
"Infant formula, liquid concentrate, made with tap water (Similac Isomil Soy)",0,65.0,1.58,6.73,3.53,0.0,6.65,32
"Infant formula, liquid concentrate, made with plain bottled water (Similac Isomil Soy)",0,65.0,1.58,6.73,3.53,0.0,6.65,30
"Infant formula, liquid concentrate, made with baby water (Similac Isomil Soy)",0,65.0,1.58,6.73,3.53,0.0,6.65,28
"Infant formula, powder, made with tap water (Similac Isomil Soy)",0,65.0,1.58,6.73,3.53,0.0,6.65,32
"Infant formula, powder, made with plain bottled water (Similac Isomil Soy)",0,65.0,1.58,6.73,3.53,0.0,6.65,30
"Infant formula, powder, made with baby water (Similac Isomil Soy)",0,65.0,1.58,6.73,3.53,0.0,6.65,28
"Infant formula, NS as to form (Similac Expert Care for Diarrhea)",0,66.1,1.76,6.67,3.6,0.7,6.66,29
"Infant formula, ready-to-feed (Similac Expert Care for Diarrhea)",0,66.1,1.76,6.67,3.6,0.7,6.66,29
"Infant formula, NS as to form (Gerber Good Start Soy)",0,65.8,1.63,7.27,3.35,0.0,5.8,30
"Infant formula, ready-to-feed (Gerber Good Start Soy)",0,65.8,1.63,7.27,3.35,0.0,5.8,30
"Infant formula, liquid concentrate, made with water, NFS (Gerber Good Start Soy)",0,65.8,1.63,7.27,3.35,0.0,5.8,30
"Infant formula, powder, made with water, NFS (Gerber Good Start Soy)",0,65.8,1.63,7.27,3.35,0.0,5.8,30
"Infant formula, liquid concentrate, made with tap water (Gerber Good Start Soy)",0,65.8,1.63,7.27,3.35,0.0,5.8,30
"Infant formula, liquid concentrate, made with plain bottled water (Gerber Good Start Soy)",0,65.8,1.63,7.27,3.35,0.0,5.8,28
"Infant formula, liquid concentrate, made with baby water (Gerber Good Start Soy)",0,65.8,1.63,7.27,3.35,0.0,5.8,26
"Infant formula, powder, made with tap water (Gerber Good Start Soy)",0,65.8,1.63,7.27,3.35,0.0,5.8,30
"Infant formula, powder, made with plain bottled water (Gerber Good Start Soy)",0,65.8,1.63,7.27,3.35,0.0,5.8,28
"Infant formula, powder, made with baby water (Gerber Good Start Soy)",0,65.8,1.63,7.27,3.35,0.0,5.8,26
"Infant formula, NS as to form (Gerber Graduates Soy)",0,65.5,1.84,7.15,3.28,0.0,7.14,26
"Infant formula, NS as to form (Store Brand Soy)",0,65.2,1.6,6.79,3.51,0.0,6.76,29
"Infant formula, ready-to-feed (Store brand Soy)",0,65.2,1.6,6.79,3.51,0.0,6.76,29
"Infant formula, liquid concentrate, made with water, NFS (Store Brand Soy)",0,65.2,1.6,6.79,3.51,0.0,6.76,29
"Infant formula, powder, made with water, NFS (Store Brand Soy)",0,65.2,1.6,6.79,3.51,0.0,6.76,29
"Infant formula, powder, made with tap water (Store Brand Soy)",0,65.2,1.6,6.79,3.51,0.0,6.76,29
"Infant formula, powder, made with plain bottled water (Store Brand Soy)",0,65.2,1.6,6.79,3.51,0.0,6.76,27
"Infant formula, powder, made with baby water (Store Brand Soy)",0,65.2,1.6,6.79,3.51,0.0,6.76,25
"Infant formula, NS as to form (Enfamil Nutramigen)",0,63.8,1.8,6.6,3.36,0.0,6.6,33
"Infant formula, ready-to-feed (Enfamil Nutramigen)",0,63.8,1.8,6.6,3.36,0.0,6.6,33
"Infant formula, liquid concentrate, made with water, NFS (Enfamil Nutramigen)",0,63.8,1.8,6.6,3.36,0.0,6.6,33
"Infant formula, powder, made with water, NFS (Enfamil Nutramigen)",0,63.8,1.8,6.6,3.36,0.0,6.6,33
"Infant formula, NS as to form (PurAmino)",0,63.9,1.81,6.6,3.36,0.0,6.6,33
"Infant formula, powder, made with water, NFS (PurAmino)",0,63.9,1.81,6.6,3.36,0.0,6.6,33
"Infant formula, NS as to form (Enfamil Pregestimil)",0,67.1,1.81,6.83,3.62,0.0,6.6,35
"Infant formula, ready-to-feed (Enfamil Pregestimil)",0,67.1,1.81,6.83,3.62,0.0,6.6,35
"Infant formula, powder, made with water, NFS (Enfamil Pregestimil)",0,67.1,1.81,6.83,3.62,0.0,6.6,35
"Infant formula, ready-to-feed, low iron (Enfamil Premature 20 Cal)",0,66.8,1.97,7.21,3.34,0.0,7.23,38
"Infant formula, ready-to-feed, with iron (Enfamil Premature 20 Cal)",0,66.8,1.97,7.21,3.34,0.0,7.2,38
"Milk, dry, not reconstituted, NS as to fat content",1,359.5,36.16,51.98,0.77,0.0,51.98,535
"Milk, dry, not reconstituted, whole",1,499.4,26.32,38.42,26.71,0.0,38.42,371
"Milk, dry, not reconstituted, low fat (1%)",1,364.8,35.8,51.46,1.75,0.0,51.46,530
"Milk, dry, not reconstituted, fat free (skim)",1,359.5,36.16,51.98,0.77,0.0,51.98,535
"Whey, sweet, dry",1,359.2,12.93,74.46,1.07,0.0,74.46,1079
"Cocoa powder, not reconstituted",4,433.3,19.6,57.9,13.7,37.0,1.75,21
"Chocolate beverage powder, dry mix, not reconstituted",1,399.8,4.55,90.28,2.27,4.5,81.82,136
"Chocolate beverage powder, light, dry mix, not reconstituted",4,350.1,9.09,68.31,4.5,9.1,27.27,500
"Milk, malted, dry mix, not reconstituted",1,371.8,0.0,92.96,0.0,0.0,72.73,530
"Strawberry beverage powder, dry mix, not reconstituted",1,398.6,0.1,99.1,0.2,0.0,95.45,38
"Cream, NS as to light, heavy, or half and half",0,133.2,3.13,4.3,11.5,0.0,4.13,61
"Cream, light",0,198.4,2.96,3.66,19.1,0.0,3.67,72
"Cream, half and half",0,133.2,3.13,4.3,11.5,0.0,4.13,61
"Cream, half and half, flavored",0,131.8,3.07,4.5,11.28,0.0,4.33,60
"Cream, half and half, fat free",0,59.0,2.6,9.0,1.4,0.0,5.0,100
"Cream, heavy",5,347.4,2.84,2.84,36.08,0.0,2.92,27
"Cream, whipped",5,350.5,2.67,8.59,33.94,0.0,8.55,26
"Coffee creamer, NFS",0,139.2,1.0,11.38,9.97,0.0,11.38,67
"Coffee creamer, liquid",0,139.2,1.0,11.38,9.97,0.0,11.38,67
"Coffee creamer, liquid, flavored",1,264.5,0.69,35.07,13.5,1.1,33.04,67
"Coffee creamer, liquid, fat free",0,71.1,0.8,9.1,3.5,0.0,9.1,60
"Coffee creamer, liquid, fat free, flavored",0,153.6,0.6,31.72,2.7,0.0,31.78,45
"Coffee creamer, liquid, fat free, sugar free, flavored",0,71.1,0.8,9.1,3.5,0.0,9.1,60
"Coffee creamer, liquid, sugar free, flavored",0,71.1,0.8,9.1,3.5,0.0,9.1,60
"Coffee creamer, powder",5,543.4,2.48,59.29,32.92,0.0,7.77,124
"Coffee creamer, powder, flavored",1,497.6,0.68,75.42,21.47,1.2,58.01,123
"Coffee creamer, powder, fat free",1,442.5,1.9,73.4,15.7,0.0,73.4,229
"Coffee creamer,powder, fat free, flavored",1,442.5,1.9,73.4,15.7,0.0,73.4,229
"Coffee creamer,powder, sugar free, flavored",5,543.4,2.48,59.29,32.92,0.0,7.77,124
"Coffee creamer, soy, liquid",0,139.2,1.0,11.38,9.97,0.0,11.38,67
Whipped topping,5,325.0,1.25,23.05,25.31,0.0,23.05,25
"Whipped topping, fat free",0,224.3,3.0,23.6,13.1,0.0,23.6,72
"Whipped topping, sugar free",0,224.3,3.0,23.6,13.1,0.0,23.6,72
"Sour cream, regular",0,202.4,2.44,4.63,19.35,0.0,3.41,31
"Sour cream, light",0,137.8,3.5,7.1,10.6,0.0,0.22,83
"Sour cream, fat free",0,74.8,3.1,15.6,0.0,0.0,0.39,141
"Sour cream, imitation",0,211.8,2.4,6.63,19.52,0.0,6.63,102
"Dip, NFS",3,435.5,2.24,3.49,45.84,0.3,2.48,708
"Chipotle dip, regular",3,429.2,1.69,2.7,45.74,0.0,2.04,699
"Chipotle dip, light",5,196.4,1.82,13.2,15.15,0.0,7.36,598
"Dill dip, regular",3,432.2,1.92,3.12,45.78,0.3,2.05,703
"Dill dip, light",5,199.3,2.04,13.6,15.19,0.3,7.37,602
"Onion dip, regular",5,348.4,1.91,3.57,36.27,0.2,2.65,556
"Onion dip, light",0,166.6,2.0,11.88,12.34,0.1,6.85,481
"Ranch dip, regular",3,435.5,2.24,3.49,45.84,0.3,2.48,708
"Ranch dip, light",5,202.4,2.35,13.95,15.25,0.2,7.78,607
"Spinach dip, regular",5,347.8,2.11,3.1,36.33,0.3,2.31,563
"Spinach dip, light",0,166.0,2.2,11.42,12.39,0.3,6.53,488
"Vegetable dip, regular",3,432.2,1.92,3.12,45.78,0.3,2.05,703
"Vegetable dip, light",5,199.3,2.04,13.6,15.19,0.3,7.37,602
"Ice cream, NFS",0,221.4,3.57,26.36,11.3,0.8,22.86,90
"Ice cream, vanilla",0,207.4,3.5,23.6,11.0,0.7,21.22,80
"Ice cream, vanilla, with additional ingredients",5,242.6,3.67,30.51,11.76,1.0,25.33,105
"Ice cream, chocolate",5,227.0,3.8,28.2,11.0,1.2,25.36,76
"Ice cream, chocolate, with additional ingredients",1,259.1,3.93,34.39,11.76,1.5,28.82,102
"Ice cream, soft serve, vanilla",0,180.4,4.78,29.46,4.83,0.3,22.12,74
"Ice cream, soft serve, chocolate",0,187.5,5.0,25.7,7.19,0.8,24.71,71
"Gelato, vanilla",0,249.0,3.5,22.29,16.2,0.0,20.65,61
"Gelato, chocolate",5,250.8,4.72,19.78,16.98,0.9,17.35,57
"Ice cream bar, vanilla",5,384.3,2.11,37.12,25.26,1.1,21.05,84
"Ice cream bar, vanilla, chocolate coated",5,331.3,4.1,24.5,24.1,0.8,18.3,68
Ice cream candy bar,1,323.0,4.4,30.9,20.2,0.6,30.0,92
"Ice cream bar, chocolate",5,333.3,4.41,25.17,23.89,1.5,17.97,67
"Ice cream sandwich, vanilla",5,266.8,4.28,35.88,11.8,1.4,25.27,205
"Ice cream sandwich, chocolate",1,281.5,4.5,39.33,11.8,1.8,28.38,202
Ice cream cookie sandwich,1,318.8,4.61,43.35,14.11,1.7,26.45,232
"Ice cream cone, scooped, vanilla",0,215.6,3.68,25.82,10.84,0.8,20.61,87
"Ice cream cone, scooped, vanilla, waffle cone",0,218.9,3.76,27.16,10.58,0.8,21.48,93
"Ice cream cone, NFS",5,229.0,3.75,28.47,11.13,0.9,22.19,97
"Ice cream cone, scooped, chocolate",5,234.4,3.97,30.23,10.84,1.3,24.59,83
"Ice cream cone, scooped, chocolate, waffle cone",5,237.3,4.04,31.49,10.58,1.2,25.38,89
"Ice cream cone, soft serve, vanilla",0,189.6,4.91,31.44,4.91,0.4,21.48,81
"Ice cream cone, soft serve, chocolate",0,196.4,5.12,27.83,7.18,0.9,23.96,78
"Ice cream cone, soft serve, vanilla, waffle cone",0,193.4,4.96,32.67,4.77,0.4,22.33,87
"Ice cream cone, soft serve, chocolate, waffle cone",0,200.2,5.17,29.14,6.99,0.9,24.77,84
"Ice cream cone, vanilla, prepackaged",5,355.3,5.21,34.38,21.88,1.0,25.0,94
"Ice cream cone, chocolate, prepackaged",5,356.1,5.35,34.62,21.8,1.4,24.77,93
"Ice cream soda, flavors other than chocolate",0,85.9,0.92,14.02,2.9,0.2,13.4,31
"Ice cream soda, chocolate",0,91.0,1.0,15.23,2.9,0.3,14.48,30
"Ice cream sundae, NFS",5,243.1,3.72,31.92,11.17,1.1,23.89,138
"Ice cream sundae, fruit topping",0,224.6,2.74,32.67,9.22,0.7,22.24,65
Banana split,0,202.3,2.53,32.53,6.9,1.3,23.29,98
"Ice cream sundae, hot fudge topping",5,243.1,3.72,31.92,11.17,1.1,23.89,138
"Ice cream sundae, caramel topping",0,217.0,2.97,30.61,9.19,0.5,28.82,136
"Ice cream, fried",5,283.3,3.94,32.77,15.16,1.2,20.9,159
"Light ice cream, NFS",0,174.5,4.38,25.44,6.14,0.2,14.29,85
"Light ice cream, vanilla",0,174.5,4.38,25.44,6.14,0.2,14.29,85
"Light ice cream, chocolate",0,180.2,4.27,26.24,6.46,0.8,15.18,73
"Soft serve, blended with candy or cookies, from fast food",0,175.3,4.0,26.18,6.06,0.2,22.78,64
"Light ice cream sandwich, vanilla",5,242.1,4.93,37.26,8.15,1.0,20.08,209
"Light ice cream sandwich, chocolate",5,246.4,4.85,37.86,8.4,1.5,20.74,200
"Light ice cream bar, vanilla",0,237.8,3.23,18.76,16.65,0.1,10.54,64
"Light ice cream bar, vanilla, chocolate coated",0,239.7,3.39,19.15,16.62,0.5,10.45,63
"Light ice cream bar, chocolate",0,243.9,3.31,19.74,16.86,1.0,11.1,55
Creamsicle,0,164.9,1.54,32.75,3.08,0.0,18.46,46
"Creamsicle, light",0,51.0,1.1,11.66,0.0,1.8,3.34,35
Fudgesicle,0,163.2,2.56,29.99,3.67,1.0,17.47,104
"Light ice cream cone, vanilla, prepackaged",5,224.3,5.41,34.23,7.3,0.7,16.4,133
"Light ice cream cone, chocolate, prepackaged",5,228.8,5.32,34.87,7.56,1.3,17.11,124
"Sherbet, all flavors",0,144.0,1.1,30.4,2.0,1.3,24.32,46
"Fudgesicle, light",0,124.0,3.67,23.11,1.87,1.5,5.1,96
"Pudding, chocolate, NFS",0,141.8,2.09,23.01,4.6,0.0,17.17,152
"Pudding, bread",0,159.0,5.63,23.52,4.71,1.0,15.13,212
"Pudding, flavors other than chocolate, NFS",0,130.2,1.45,22.6,3.78,0.0,16.97,172
Custard,0,95.2,5.11,10.96,3.43,0.0,10.93,86
Flan,0,177.3,5.27,28.18,4.83,0.0,28.14,167
Creme brulee,0,111.7,4.08,17.87,2.66,0.0,17.88,75
"Pudding, rice",0,105.8,3.23,18.39,2.15,0.3,11.59,97
"Firni, Indian pudding",0,142.9,3.58,25.17,3.1,0.3,15.66,30
"Pudding, tapioca, made from dry mix",0,129.5,1.95,21.69,3.88,0.0,14.91,145
"Pudding, flavors other than chocolate, made from dry mix",0,104.7,2.79,19.42,1.76,0.0,19.43,264
"Pudding, chocolate, made from dry mix",0,111.8,3.14,20.35,1.98,0.7,16.63,362
"Pudding, flavors other than chocolate, made from dry mix, sugar free",0,68.4,3.19,9.56,1.93,0.0,4.66,257
"Pudding, chocolate, made from dry mix, sugar free",0,74.2,3.49,10.51,2.02,0.5,4.57,254
"Pudding, flavors other than chocolate, ready-to-eat",0,130.2,1.45,22.6,3.78,0.0,16.97,172
"Pudding, flavors other than chocolate, ready-to-eat, sugar free",0,68.4,3.19,9.56,1.93,0.0,4.66,257
"Pudding, chocolate, ready-to-eat",0,141.8,2.09,23.01,4.6,0.0,17.17,152
"Pudding, chocolate, ready-to-eat, sugar free",0,74.2,3.49,10.51,2.02,0.5,4.57,254
"Pudding, tapioca, ready-to-eat",0,129.5,1.95,21.69,3.88,0.0,14.91,145
Banana pudding,0,160.6,2.68,27.94,4.23,0.9,18.79,129
Mousse,0,217.1,4.36,16.25,14.96,0.6,15.11,35
"Milk dessert or milk candy, Puerto Rican style",1,314.9,6.84,55.35,7.35,0.0,49.74,129
"Barfi or Burfi, Indian dessert",1,285.5,5.41,40.46,11.34,0.4,36.97,71
Trifle,0,171.0,3.53,23.24,7.1,0.4,15.77,180
Tiramisu,5,360.6,5.9,29.59,24.29,0.4,18.86,155
"Custard pudding, flavor other than chocolate, baby food, NS as to strained or junior",0,87.3,1.68,16.79,1.49,0.1,11.85,13
"Custard pudding, baby food, flavor other than chocolate, strained",0,88.4,1.6,16.0,2.0,0.0,11.5,0
"Custard pudding, baby food, flavor other than chocolate, junior",0,86.2,1.76,17.58,0.98,0.2,12.2,26
White sauce or gravy,0,141.6,3.81,9.19,9.96,0.2,4.61,331
"Cheese, NFS",2,368.3,20.42,5.0,29.62,0.0,2.69,904
"Cheese, Blue or Roquefort",2,353.6,21.4,2.34,28.74,0.0,0.5,1146
"Cheese, Brick",2,371.2,23.24,2.79,29.68,0.0,0.51,560
"Cheese, Camembert",2,299.4,19.8,0.46,24.26,0.0,0.46,842
"Cheese, Brie",2,333.9,20.75,0.45,27.68,0.0,0.45,629
"Cheese, Cheddar",2,409.0,23.3,2.44,34.0,0.0,0.33,654
"Cheese, Cheddar, reduced fat",2,303.8,27.35,2.67,20.41,0.0,0.26,628
"Cheese, Cheddar, nonfat or fat free",2,157.1,32.14,7.14,0.0,0.0,0.0,1000
"Cheese, Colby",2,394.3,23.76,2.57,32.11,0.0,0.52,604
"Cheese, Colby Jack",2,383.8,24.12,1.62,31.2,0.0,0.51,602
"Cheese, Feta",2,265.8,14.21,3.88,21.49,0.0,0.0,1139
"Cheese, Fontina",2,388.9,25.6,1.55,31.14,0.0,1.55,800
"Cheese, goat",2,355.4,21.58,0.12,29.84,0.0,0.12,415
"Cheese, Gouda or Edam",2,355.6,24.94,2.22,27.44,0.0,2.22,819
"Cheese, Gruyere",2,411.7,29.81,0.36,32.34,0.0,0.36,714
"Cheese, Limburger",2,327.4,20.05,0.49,27.25,0.0,0.49,800
"Cheese, Monterey",2,373.2,24.48,0.68,30.28,0.0,0.5,600
"Cheese, Monterey, reduced fat",2,310.0,28.2,0.7,21.6,0.0,0.56,781
"Cheese, Mozzarella, NFS",2,296.2,23.7,4.44,20.4,0.0,1.81,699
"Cheese, Mozzarella, part skim",2,296.2,23.7,4.44,20.4,0.0,1.81,699
"Cheese, Mozzarella, reduced sodium",2,276.3,27.5,3.1,17.1,0.0,1.23,16
"Cheese, Mozzarella, nonfat or fat free",2,140.8,31.7,3.5,0.0,1.8,1.48,743
"Cheese, Muenster",2,368.5,23.41,1.12,30.04,0.0,1.12,628
"Cheese, Muenster, reduced fat",2,271.2,24.7,3.5,17.6,0.0,3.5,600
"Cheese, Parmesan, dry grated",2,420.0,29.6,12.4,28.0,0.0,0.07,1750
"Cheese, Parmesan, dry grated, reduced fat",2,392.5,34.8,26.2,16.5,0.0,0.78,1450
"Cheese, Parmesan, hard",2,420.0,29.6,12.4,28.0,0.0,0.07,1750
"Cheese, Parmesan, dry grated, fat free",2,365.0,40.0,40.0,5.0,0.0,1.5,1150
"Cheese, Port du Salut",2,355.6,24.94,2.22,27.44,0.0,2.22,819
"Cheese, Provolone",2,350.5,25.58,2.14,26.62,0.0,0.56,727
"Cheese, provolone, reduced fat",2,271.2,24.7,3.5,17.6,0.0,0.55,615
"Cheese, Swiss",2,392.8,27.0,1.44,31.0,0.0,0.0,185
"Cheese, Swiss, reduced sodium",2,373.8,28.4,3.4,27.4,0.0,1.31,14
"Cheese, Swiss, reduced fat",2,173.1,28.4,3.4,5.1,0.0,1.33,199
"Cheese, Swiss, nonfat or fat free",2,127.2,28.4,3.4,0.0,0.0,1.33,1000
"Cheese, Cheddar, reduced sodium",2,398.6,24.35,1.91,32.62,0.0,0.49,21
"Cheese, Mexican blend",2,357.8,23.54,1.75,28.51,0.0,1.23,607
"Cheese, Mexican blend, reduced fat",2,287.0,24.69,3.41,19.4,0.0,0.56,776
"Queso Anejo, aged Mexican cheese",2,374.1,21.44,4.63,29.98,0.0,4.63,1131
Queso Asadero,2,356.2,22.6,2.87,28.26,0.0,2.87,607
Queso Fresco,2,298.7,18.09,2.98,23.82,0.0,2.32,751
Queso cotija,2,365.9,20.0,3.97,30.0,0.0,0.0,1400
"Cheese, cottage, NFS",0,81.9,11.0,4.31,2.3,0.0,4.1,321
"Cheese, cottage, creamed, large or small curd",0,96.7,11.12,3.38,4.3,0.0,2.67,315
"Cottage cheese, farmer's",0,142.9,10.49,3.18,9.8,0.0,2.52,297
"Cheese, Ricotta",0,147.5,9.6,6.0,9.46,0.0,0.29,102
"Cheese, cottage, with fruit",0,75.0,9.41,4.94,1.96,0.2,4.61,273
"Cheese, cottage, with vegetables",0,79.5,9.78,5.63,1.98,0.7,3.95,278
"Cheese, cottage, dry curd",0,70.6,10.34,6.66,0.29,0.0,1.85,372
"Cheese, cottage, salted, dry curd",0,69.9,10.24,6.59,0.29,0.0,1.83,755
Puerto Rican white cheese,2,298.7,18.09,2.98,23.82,0.0,2.32,751
"Cheese, cottage, low fat",0,81.9,11.0,4.31,2.3,0.0,4.1,321
"Cheese, cottage, lowfat, with fruit",0,83.1,7.32,9.99,1.54,0.4,8.81,209
"Cheese, cottage, lowfat, low sodium",0,69.4,12.4,2.7,1.0,0.0,2.7,13
"Cheese, cottage, lowfat, lactose reduced",0,81.9,11.0,4.31,2.3,0.0,4.1,321
"Cream cheese, regular, plain",5,356.6,6.15,5.52,34.44,0.0,3.76,314
"Cream cheese, regular, flavored",5,218.8,7.11,16.39,13.87,0.0,14.31,465
"Cream cheese, light",0,201.4,7.85,8.13,15.28,0.0,5.82,359
"Cheese, American and Swiss blends",2,368.5,18.0,5.27,30.6,0.0,2.63,1660
"Cheese, American",2,307.3,16.09,8.85,23.06,0.0,6.24,1279
"Cheese, American, reduced fat",2,239.7,17.6,10.6,14.1,0.0,8.02,1201
"Cheese, American, nonfat or fat free",2,126.3,21.05,10.53,0.0,0.0,5.26,1316
"Cheese, American, reduced sodium",2,375.9,22.2,1.6,31.19,0.0,0.45,7
"Cheese spread, American or Cheddar cheese base, reduced fat",2,176.4,13.41,10.71,8.88,0.0,7.06,1102
"Cream cheese spread, fat free",2,102.4,15.69,7.66,1.0,0.0,5.48,702
"Cheese, processed cheese food",2,307.3,16.09,8.85,23.06,0.0,6.24,1279
"Cheese, processed, with vegetables",2,362.0,14.3,3.91,32.13,0.1,1.97,922
"Cheese,  with wine",2,307.3,16.09,8.85,23.06,0.0,6.24,1279
"Cheese spread, American or Cheddar cheese base",2,291.6,16.41,8.73,21.23,0.0,7.32,1625
"Cheese spread, Swiss cheese base",2,291.6,16.41,8.73,21.23,0.0,7.32,1625
"Cheese spread, cream cheese, regular",5,299.8,7.1,3.5,28.6,0.0,3.5,436
"Cheese spread, cream cheese, light",0,201.4,7.85,8.13,15.28,0.0,5.82,359
"Cheese spread, pressurized can",2,291.6,16.41,8.73,21.23,0.0,7.32,1625
Imitation cheese,2,392.0,25.0,1.0,32.0,0.0,1.0,670
"Cheese, cottage cheese, with gelatin dessert",0,80.6,6.55,8.37,2.32,0.0,7.66,204
"Cheese, cottage cheese, with gelatin dessert and fruit",0,74.0,5.11,9.41,1.77,0.4,8.52,156
"Cheese, cottage cheese, with gelatin dessert and vegetables",0,81.6,7.71,6.27,2.85,0.2,5.37,230
Cheese ball,3,437.2,18.09,5.57,38.06,1.5,1.74,546
Artichoke dip,5,334.6,3.65,5.47,33.12,0.9,2.08,601
Spinach and artichoke dip,5,333.9,4.0,4.76,33.21,1.2,1.52,614
Seafood dip,5,338.7,5.97,3.89,33.25,0.2,1.95,708
Cheese dip with chili pepper,0,142.7,3.14,11.14,9.51,0.7,1.95,796
Cheese dip,0,160.8,3.24,7.66,13.02,0.3,0.29,651
Topping from cheese pizza,2,230.0,16.86,7.62,14.67,1.0,4.38,713
Topping from vegetable pizza,2,251.6,15.59,12.18,15.61,1.9,5.75,805
Topping from meat pizza,2,320.0,19.19,5.65,24.52,0.7,3.2,934
Topping from meat and vegetable pizza,2,299.1,17.55,7.66,22.03,1.0,4.09,837
Cheese fondue,2,275.8,19.31,1.93,21.2,0.0,0.53,303
Cheese souffle,2,204.3,9.45,6.29,15.7,0.1,2.46,327
Welsh rarebit,0,164.4,7.49,6.33,12.12,0.1,4.22,280
"Cheese sandwich, NFS",5,283.5,12.17,32.58,11.61,1.4,5.71,807
"Cheese sandwich, American cheese, on white bread, no spread",5,283.5,12.17,32.58,11.61,1.4,5.71,807
"Cheese sandwich, American cheese, on wheat bread, no spread",5,281.2,13.33,30.36,11.83,3.2,5.63,799
"Cheese sandwich, American cheese, on whole wheat bread, no spread",5,281.2,13.33,30.36,11.83,3.2,5.63,799
"Cheese sandwich, Cheddar cheese, on white bread, no spread",5,325.4,15.14,29.95,16.11,1.4,3.28,550
"Cheese sandwich, Cheddar cheese, on wheat bread, no spread",5,323.1,16.3,27.72,16.34,3.2,3.2,541
"Cheese sandwich, Cheddar cheese, on whole wheat bread, no spread",5,323.1,16.3,27.72,16.34,3.2,3.2,541
"Cheese sandwich, reduced fat American cheese, on white bread, no spread",5,255.7,12.79,33.31,7.92,1.4,6.44,775
"Cheese sandwich, reduced fat American cheese, on wheat bread, no spread",5,253.4,13.95,31.08,8.14,3.2,6.36,767
"Cheese sandwich, reduced fat American cheese, on whole wheat bread, no spread",5,253.4,13.95,31.08,8.14,3.2,6.36,767
"Cheese sandwich, reduced fat Cheddar cheese, on white bread, no spread",5,282.1,16.81,30.04,10.52,1.4,3.25,539
"Cheese sandwich, reduced fat Cheddar cheese, on wheat bread, no spread",5,279.8,17.97,27.82,10.74,3.2,3.17,531
"Cheese sandwich, reduced fat Cheddar cheese, on whole wheat bread, no spread",5,279.8,17.97,27.82,10.74,3.2,3.17,531
"Cheese sandwich, American cheese, on white bread, with mayonnaise",5,331.3,10.82,28.72,19.24,1.2,5.09,786
"Cheese sandwich, American cheese, on wheat bread, with mayonnaise",5,329.4,11.84,26.77,19.44,2.8,5.02,779
"Cheese sandwich, American cheese, on whole wheat bread, with mayonnaise",5,329.4,11.84,26.77,19.44,2.8,5.02,779
"Cheese sandwich, Cheddar cheese, on white bread, with mayonnaise",5,368.1,13.43,26.4,23.2,1.2,2.95,560
"Cheese sandwich, Cheddar cheese, on wheat bread, with mayonnaise",5,366.2,14.45,24.45,23.4,2.8,2.88,553
"Cheese sandwich, Cheddar cheese, on whole wheat bread, with mayonnaise",5,366.2,14.45,24.45,23.4,2.8,2.88,553
"Cheese sandwich, reduced fat American cheese, on white bread, with mayonnaise",5,306.9,11.37,29.36,16.0,1.2,5.74,758
"Cheese sandwich, reduced fat American cheese,, on wheat bread, with mayonnaise",5,304.9,12.38,27.4,16.2,2.8,5.66,751
"Cheese sandwich, reduced fat American cheese, on whole wheat bread, with mayonnaise",5,304.9,12.38,27.4,16.2,2.8,5.66,751
"Cheese sandwich, reduced fat Cheddar cheese, on white bread, with mayonnaise",5,330.0,14.9,26.48,18.28,1.2,2.92,551
"Cheese sandwich, reduced fat Cheddar cheese, on wheat bread, with mayonnaise",5,328.1,15.92,24.53,18.48,2.8,2.86,543
"Cheese sandwich, reduced fat Cheddar cheese, on whole wheat bread, with mayonnaise",5,328.1,15.92,24.53,18.48,2.8,2.86,543
"Cheese sandwich, American cheese, on white bread, with butter",5,330.9,10.77,28.7,19.22,1.2,5.03,790
"Cheese sandwich, American cheese, on wheat bread, with butter",5,328.9,11.79,26.74,19.42,2.8,4.96,782
"Cheese sandwich, American cheese, on whole wheat bread, with butter",5,328.9,11.79,26.74,19.42,2.8,4.96,782
"Cheese sandwich, Cheddar cheese, on white bread, with butter",5,367.7,13.38,26.38,23.18,1.2,2.89,564
"Cheese sandwich, Cheddar cheese, on wheat bread, with butter",5,365.7,14.4,24.42,23.38,2.8,2.82,556
"Cheese sandwich, Cheddar cheese, on whole wheat bread, with butter",5,365.7,14.4,24.42,23.38,2.8,2.82,556
"Cheese sandwich, reduced fat American cheese, on white bread, with butter",5,306.4,11.32,29.33,15.98,1.2,5.67,762
"Cheese sandwich, reduced fat American cheese, on wheat bread, with butter",5,304.5,12.34,27.38,16.18,2.8,5.6,754
"Cheese sandwich, reduced fat American cheese, on whole wheat bread, with butter",5,304.5,12.34,27.38,16.18,2.8,5.6,754
"Cheese sandwich, reduced fat Cheddar cheese, on white bread, with butter",5,329.6,14.85,26.46,18.26,1.2,2.86,554
"Cheese sandwich, reduced fat Cheddar cheese, on wheat bread, with butter",5,327.6,15.87,24.5,18.46,2.8,2.79,547
"Cheese sandwich, reduced fat Cheddar cheese, on whole wheat bread, with butter",5,327.6,15.87,24.5,18.46,2.8,2.79,547
"Grilled cheese sandwich, NFS",5,330.9,10.77,28.7,19.22,1.2,5.03,790
"Grilled cheese sandwich, American cheese, on white bread",5,330.9,10.77,28.7,19.22,1.2,5.03,790
"Grilled cheese sandwich, American cheese, on wheat bread",5,328.9,11.79,26.74,19.42,2.8,4.96,782
"Grilled cheese sandwich, American cheese, on whole wheat bread",5,328.9,11.79,26.74,19.42,2.8,4.96,782
"Grilled cheese sandwich, Cheddar cheese, on white bread",5,367.7,13.38,26.38,23.18,1.2,2.89,564
"Grilled cheese sandwich, Cheddar cheese, on wheat bread",5,365.7,14.4,24.42,23.38,2.8,2.82,556
"Grilled cheese sandwich, Cheddar cheese, on whole wheat bread",5,365.7,14.4,24.42,23.38,2.8,2.82,556
"Grilled cheese sandwich, reduced fat American cheese, on white bread",5,306.4,11.32,29.33,15.98,1.2,5.67,762
"Grilled cheese sandwich, reduced fat American cheese, on wheat bread",5,304.5,12.34,27.38,16.18,2.8,5.6,754
"Grilled cheese sandwich, reduced fat American cheese, on whole wheat bread",5,304.5,12.34,27.38,16.18,2.8,5.6,754
"Grilled cheese sandwich, reduced fat Cheddar cheese, on white bread",5,329.6,14.85,26.46,18.26,1.2,2.86,554
"Grilled cheese sandwich, reduced fat Cheddar cheese, on wheat bread",5,327.6,15.87,24.5,18.46,2.8,2.79,547
"Grilled cheese sandwich, reduced fat Cheddar cheese, on whole wheat bread",5,327.6,15.87,24.5,18.46,2.8,2.79,547
Cheese sauce,0,160.8,3.24,7.66,13.02,0.3,0.29,651
Alfredo sauce,0,151.5,2.37,1.48,15.12,0.0,0.88,558
Alfredo sauce with added vegetables,0,123.2,2.28,2.32,11.64,0.3,1.43,428
Alfredo sauce with meat,2,170.6,6.72,1.2,15.44,0.0,0.72,528
Alfredo sauce with meat and added vegetables,0,147.6,6.64,1.88,12.61,0.3,1.16,422
Alfredo sauce with poultry,0,155.5,7.1,1.2,13.59,0.0,0.72,522
Alfredo sauce with poultry and added vegetables,0,132.5,7.03,1.88,10.76,0.3,1.16,416
Alfredo sauce with seafood,0,144.5,6.11,1.76,12.56,0.0,0.72,545
Alfredo sauce with seafood and added vegetables,0,121.5,6.04,2.43,9.74,0.3,1.16,440
"Mozzarella sticks, breaded, baked, or fried",5,324.5,14.75,25.14,18.33,2.0,2.36,861
"Mozzarella cheese, tomato, and basil, with oil and vinegar dressing",0,142.0,7.17,3.86,10.87,0.8,2.32,209
"Cheddar cheese soup, home recipe, canned or ready-to-serve",0,67.4,2.06,8.12,2.97,1.1,4.3,369
"Beer cheese soup, made with milk",0,189.7,6.19,6.52,15.43,0.3,0.8,303
"Meat, NFS",2,193.3,29.65,0.0,8.3,0.0,0.0,386
"Meat, baby food, NS as to type, NS as to strained or junior",0,103.4,12.86,1.26,5.21,0.0,0.0,45
"Meat sticks, baby food, NS as to type of meat",2,189.4,13.4,1.1,14.6,0.2,0.8,267
"Ground meat, NFS",2,253.5,25.54,0.0,16.82,0.0,0.0,396
"Beef, NS as to cut, cooked, NS as to fat eaten",2,177.7,29.23,0.0,6.75,0.0,0.0,387
"Beef, NS as to cut, cooked, lean and fat eaten",2,229.2,27.06,0.0,13.44,0.0,0.0,382
"Beef, NS as to cut, cooked, lean only eaten",2,177.7,29.23,0.0,6.75,0.0,0.0,387
"Steak, NS as to type of meat, cooked, NS as to fat eaten",2,177.7,29.23,0.0,6.75,0.0,0.0,387
"Steak, NS as to type of meat, cooked, lean and fat eaten",2,229.2,27.06,0.0,13.44,0.0,0.0,380
"Steak, NS as to type of meat, cooked, lean only eaten",2,177.7,29.23,0.0,6.75,0.0,0.0,387
"Beef, pickled",2,245.4,18.17,0.47,18.98,0.0,0.0,973
"Beef, NS as to cut, fried, NS to fat eaten",2,177.7,29.23,0.0,6.75,0.0,0.0,387
"Beef steak, NS as to cooking method, NS as to fat eaten",2,177.7,29.23,0.0,6.75,0.0,0.0,387
"Beef steak, NS as to cooking method, lean and fat eaten",2,229.2,27.06,0.0,13.44,0.0,0.0,382
"Beef steak, NS as to cooking method, lean only eaten",2,177.7,29.23,0.0,6.75,0.0,0.0,387
"Beef steak, broiled or baked, NS as to fat eaten",2,177.7,29.23,0.0,6.75,0.0,0.0,387
"Beef steak, broiled or baked, lean and fat eaten",2,229.2,27.06,0.0,13.44,0.0,0.0,382
"Beef steak, broiled or baked, lean only eaten",2,177.7,29.23,0.0,6.75,0.0,0.0,387
"Beef steak, fried, NS as to fat eaten",2,177.7,29.23,0.0,6.75,0.0,0.0,387
"Beef steak, fried, lean and fat eaten",2,229.2,27.06,0.0,13.44,0.0,0.0,382
"Beef steak, fried, lean only eaten",2,177.7,29.23,0.0,6.75,0.0,0.0,387
"Beef steak, breaded or floured, baked or fried, NS as to fat eaten",2,248.0,25.02,12.16,11.03,0.7,1.28,446
"Beef steak, breaded or floured, baked or fried, lean and fat eaten",2,267.5,24.39,12.16,13.48,0.7,1.28,446
"Beef steak, breaded or floured, baked or fried, lean only eaten",2,248.0,25.02,12.16,11.03,0.7,1.28,446
"Beef steak, battered, fried, NS as to fat eaten",2,230.8,21.2,9.96,11.79,0.3,0.07,273
"Beef steak, battered, fried, lean and fat eaten",2,251.3,19.86,11.02,14.2,0.4,0.08,365
"Beef steak, battered, fried, lean only eaten",2,236.0,20.34,11.02,12.28,0.4,0.08,366
"Beef steak, braised, NS as to fat eaten",2,241.9,30.8,0.0,13.19,0.0,0.0,393
"Beef steak, braised, lean and fat eaten",2,241.9,30.8,0.0,13.19,0.0,0.0,393
"Beef steak, braised, lean only eaten",2,163.8,28.94,0.0,5.34,0.0,0.0,394
"Beef, oxtails, cooked",2,241.9,30.8,0.0,13.19,0.0,0.0,393
"Beef, neck bones, cooked",2,291.0,29.87,0.0,19.06,0.0,0.0,372
"Beef, shortribs, cooked, NS as to fat eaten",2,283.8,30.5,0.0,17.98,0.0,0.0,380
"Beef, shortribs, cooked, lean and fat eaten",3,460.2,21.39,0.0,41.63,0.0,0.0,372
"Beef, shortribs, cooked, lean only eaten",2,283.8,30.5,0.0,17.98,0.0,0.0,380
"Beef, shortribs, barbecued, with sauce, NS as to fat eaten",2,392.2,15.98,12.74,30.81,0.3,10.39,357
"Beef, shortribs, barbecued, with sauce, lean and fat eaten",2,392.2,15.98,12.74,30.81,0.3,10.39,357
"Beef, shortribs, barbecued, with sauce, lean only eaten",2,262.5,22.68,12.74,13.42,0.3,10.39,363
"Beef, cow head, cooked",2,251.6,25.89,0.0,16.45,0.0,0.0,372
"Beef, roast, roasted, NS as to fat eaten",2,158.7,28.57,0.0,4.94,0.0,0.0,373
"Beef, roast, roasted, lean and fat eaten",2,158.6,29.65,0.0,4.45,0.0,0.0,389
"Beef, roast, roasted, lean only eaten",2,149.9,29.13,0.0,3.71,0.0,0.0,417
"Beef, roast, canned",2,211.9,27.45,0.0,11.34,0.0,0.0,63
"Beef, pot roast, braised or boiled, NS as to fat eaten",2,241.9,30.8,0.0,13.19,0.0,0.0,393
"Beef, pot roast, braised or boiled, lean and fat eaten",2,155.4,29.09,0.0,4.34,0.0,0.0,397
"Beef, pot roast, braised or boiled, lean only eaten",2,241.9,30.8,0.0,13.19,0.0,0.0,393
"Beef, stew meat, cooked, NS as to fat eaten",2,241.9,30.8,0.0,13.19,0.0,0.0,393
"Beef, stew meat, cooked, lean and fat eaten",2,226.6,34.05,0.0,10.05,0.0,0.0,367
"Beef, stew meat, cooked, lean only eaten",2,241.9,30.8,0.0,13.19,0.0,0.0,393
"Corned beef, cooked, NS as to fat eaten",2,245.4,18.17,0.47,18.98,0.0,0.0,973
"Corned beef, cooked, lean and fat eaten",2,245.4,18.17,0.47,18.98,0.0,0.0,973
"Corned beef, cooked, lean only eaten",2,242.8,27.1,0.0,14.93,0.0,0.0,897
"Corned beef, canned, ready-to-eat",2,242.8,27.1,0.0,14.93,0.0,0.0,897
"Beef brisket, cooked, NS as to fat eaten",2,208.0,29.5,0.0,10.0,0.0,0.0,392
"Beef brisket, cooked, lean and fat eaten",2,280.5,26.57,0.0,19.36,0.0,0.0,387
"Beef brisket, cooked, lean only eaten",2,208.0,29.5,0.0,10.0,0.0,0.0,392
"Beef, sandwich steak, flaked, formed, thinly sliced",2,323.9,18.41,0.0,27.81,0.0,0.0,52
"Ground beef, raw",2,241.4,17.44,0.0,19.07,0.0,0.0,66
"Ground beef, cooked",2,253.5,25.54,0.0,16.82,0.0,0.0,396
"Ground beef patty, cooked",2,265.4,25.45,0.0,18.18,0.0,0.0,383
"Beef, bacon, cooked",2,440.4,31.3,1.4,34.4,0.0,0.0,1500
"Beef, bacon, reduced sodium, cooked",2,529.9,37.04,1.43,41.78,0.0,0.0,1030
"Beef, dried, chipped, uncooked",2,152.9,31.1,2.76,1.94,0.0,2.7,2790
"Beef, dried, chipped, cooked in fat",2,224.4,28.12,2.5,11.32,0.0,2.44,2523
Beef jerky,2,407.2,33.2,11.0,25.6,1.8,9.0,1785
"Beef, baby food, NS as to strained or junior",0,80.5,12.03,2.43,2.52,0.0,0.0,41
"Beef, baby food, strained",0,80.5,12.03,2.43,2.52,0.0,0.0,41
"Beef, baby food, junior",0,80.5,12.03,2.43,2.52,0.0,0.0,41
"Pork, NS as to cut, cooked, NS as to fat eaten",2,205.3,27.69,0.0,10.5,0.0,0.0,514
"Pork, NS as to cut, cooked, lean and fat eaten",2,205.3,27.69,0.0,10.5,0.0,0.0,514
"Pork, NS as to cut, cooked, lean only eaten",2,157.8,29.13,0.09,4.55,0.0,0.0,524
"Pork, NS as to cut, fried, NS as to fat eaten",2,205.3,27.69,0.0,10.5,0.0,0.0,514
"Pork, NS as to cut, fried, lean and fat eaten",2,205.3,27.69,0.0,10.5,0.0,0.0,514
"Pork, NS as to cut, fried, lean only eaten",2,157.8,29.13,0.09,4.55,0.0,0.0,524
"Pork, NS as to cut, breaded or floured, fried, NS as to fat eaten",2,265.9,25.0,16.26,11.21,1.0,1.43,551
"Pork, NS as to cut, breaded or floured, fried, lean and fat eaten",2,299.6,23.97,16.2,15.44,1.0,1.43,544
"Pork, NS as to cut, breaded or floured, fried, lean only eaten",2,265.9,25.0,16.26,11.21,1.0,1.43,551
"Pork, pickled, NS as to cut",2,136.7,11.63,0.01,10.02,0.0,0.0,946
"Pork, ground or patty, cooked",2,287.3,25.48,0.0,20.6,0.0,0.0,395
"Pork, ground or patty, breaded, cooked",2,327.8,20.3,10.53,22.72,0.6,1.24,388
Pork jerky,2,407.2,33.2,11.0,25.6,1.8,9.0,1785
"Pork chop, NS as to cooking method, NS as to fat eaten",2,205.3,27.69,0.0,10.5,0.0,0.0,514
"Pork chop, NS as to cooking method, lean and fat eaten",2,205.3,27.69,0.0,10.5,0.0,0.0,514
"Pork chop, NS as to cooking method, lean only eaten",2,157.8,29.13,0.09,4.55,0.0,0.0,524
"Pork chop, broiled or baked, NS as to fat eaten",2,205.3,27.69,0.0,10.5,0.0,0.0,514
"Pork chop, broiled or baked, lean and fat eaten",2,205.3,27.69,0.0,10.5,0.0,0.0,514
"Pork chop, broiled or baked, lean only eaten",2,157.8,29.13,0.09,4.55,0.0,0.0,524
"Pork chop, breaded or floured, broiled or baked, NS as to fat eaten",2,234.1,26.78,8.82,10.19,0.6,0.76,556
"Pork chop, breaded or floured, broiled or baked, lean and fat eaten",2,234.1,26.78,8.82,10.19,0.6,0.76,556
"Pork chop, breaded or floured, broiled or baked, lean only eaten",2,191.0,28.09,8.9,4.78,0.6,0.76,566
"Pork chop, fried, NS as to fat eaten",2,205.3,27.69,0.0,10.5,0.0,0.0,514
"Pork chop, fried, lean and fat eaten",2,205.3,27.69,0.0,10.5,0.0,0.0,514
"Pork chop, fried, lean only eaten",2,157.8,29.13,0.09,4.55,0.0,0.0,524
"Pork chop, breaded or floured, fried, NS as to fat eaten",2,299.6,23.97,16.2,15.44,1.0,1.43,544
"Pork chop, breaded or floured, fried, lean and fat eaten",2,299.6,23.97,16.2,15.44,1.0,1.43,544
"Pork chop, breaded or floured, fried, lean only eaten",2,265.9,25.0,16.26,11.21,1.0,1.43,551
"Pork chop, battered, fried, NS as to fat eaten",2,276.4,22.6,12.77,14.99,0.4,1.52,419
"Pork chop, battered, fried, lean and fat eaten",2,276.4,22.6,12.77,14.99,0.4,1.52,419
"Pork chop, battered, fried, lean only eaten",2,241.2,23.67,12.83,10.58,0.4,1.52,427
"Pork chop, stewed, NS as to fat eaten",2,205.3,27.69,0.0,10.5,0.0,0.0,485
"Pork chop, stewed, lean and fat eaten",2,205.3,27.69,0.0,10.5,0.0,0.0,485
"Pork chop, stewed, lean only eaten",2,157.8,29.13,0.09,4.55,0.0,0.0,493
"Pork chop, smoked or cured, cooked, NS as to fat eaten",2,273.9,20.43,0.0,21.35,0.0,0.0,1072
"Pork chop, smoked or cured, cooked, lean and fat eaten",2,273.9,20.43,0.0,21.35,0.0,0.0,1072
"Pork chop, smoked or cured, cooked, lean only eaten",2,163.1,24.94,0.0,7.04,0.0,0.0,1231
"Pork steak or cutlet, NS as to cooking method, NS as to fat eaten",2,234.8,22.96,0.06,15.86,0.0,0.0,490
"Pork steak or cutlet, NS as to cooking method, lean and fat eaten",2,234.8,22.96,0.06,15.86,0.0,0.0,490
"Pork steak or cutlet, NS as to cooking method, lean only eaten",2,165.5,24.61,0.07,7.42,0.0,0.0,497
"Pork steak or cutlet, battered, fried, NS as to fat eaten",2,267.8,19.87,7.61,17.54,0.2,1.32,423
"Pork steak or cutlet, battered, fried, lean and fat eaten",2,267.8,19.87,7.61,17.54,0.2,1.32,423
"Pork steak or cutlet, battered, fried, lean only eaten",2,212.3,21.19,7.62,10.78,0.2,1.32,429
"Pork steak or cutlet, broiled or baked, NS as to fat eaten",2,234.8,22.96,0.06,15.86,0.0,0.0,490
"Pork steak or cutlet, broiled or baked, lean and fat eaten",2,234.8,22.96,0.06,15.86,0.0,0.0,490
"Pork steak or cutlet, broiled or baked, lean only eaten",2,165.5,24.61,0.07,7.42,0.0,0.0,497
"Pork steak or cutlet, fried, NS as to fat eaten",2,234.8,22.96,0.06,15.86,0.0,0.0,490
"Pork steak or cutlet, fried, lean and fat eaten",2,234.8,22.96,0.06,15.86,0.0,0.0,490
"Pork steak or cutlet, fried, lean only eaten",2,165.5,24.61,0.07,7.42,0.0,0.0,497
"Pork steak or cutlet, breaded or floured, broiled or baked, NS as to fat eaten",2,258.9,22.3,9.15,14.79,0.4,0.4,490
"Pork steak or cutlet, breaded or floured, broiled or baked, lean and fat eaten",2,258.9,22.3,9.15,14.79,0.4,0.4,490
"Pork steak or cutlet, breaded or floured, broiled or baked, lean only eaten",2,195.9,23.8,9.15,7.12,0.4,0.4,497
"Pork steak or cutlet, breaded or floured, fried, NS as to fat eaten",2,301.2,21.07,16.6,16.72,1.0,1.46,539
"Pork steak or cutlet, breaded or floured, fried, lean and fat eaten",2,320.7,20.61,16.24,19.26,1.0,1.43,527
"Pork steak or cutlet, breaded or floured, fried, lean only eaten",2,271.3,21.78,16.24,13.25,1.0,1.43,532
"Pork, tenderloin, cooked, NS as to cooking method",2,146.6,26.9,0.0,4.33,0.0,0.0,593
"Pork, tenderloin, breaded, fried",2,290.8,21.95,15.18,15.81,0.9,1.34,563
"Pork, tenderloin, braised",2,134.2,27.24,0.0,2.8,0.0,0.0,549
"Pork, tenderloin, baked",2,146.6,26.9,0.0,4.33,0.0,0.0,593
"Pork, tenderloin, battered, fried",2,187.1,23.29,7.56,7.08,0.2,1.32,508
"Ham, fried, NS as to fat eaten",2,185.4,19.13,1.27,11.53,0.0,1.09,1128
"Ham, fried, lean and fat eaten",2,185.4,19.13,1.27,11.53,0.0,1.09,1128
"Ham, fried, lean only eaten",2,175.2,20.52,1.0,9.9,0.0,0.99,1219
"Ham, breaded or floured, fried, NS as to fat eaten",2,197.5,18.34,7.34,10.53,0.3,1.35,1036
"Ham, breaded or floured, fried, lean and fat eaten",2,197.5,18.34,7.34,10.53,0.3,1.35,1036
"Ham, breaded or floured, fried, lean only eaten",2,188.6,19.63,6.78,9.22,0.4,1.39,1134
"Ham, fresh, cooked, NS as to fat eaten",2,263.6,26.61,0.0,17.46,0.0,0.0,382
"Ham, fresh, cooked, lean and fat eaten",2,263.6,26.61,0.0,17.46,0.0,0.0,382
"Ham, fresh, cooked, lean only eaten",2,200.9,29.16,0.0,9.36,0.0,0.0,386
"Ham, smoked or cured, cooked, NS as to fat eaten",2,145.4,20.09,1.19,6.7,0.0,1.04,1348
"Ham, smoked or cured, cooked, lean and fat eaten",2,145.4,20.09,1.19,6.7,0.0,1.04,1348
"Ham, smoked or cured, cooked, lean only eaten",2,135.3,21.64,1.05,4.95,0.0,1.05,1286
"Ham, prosciutto",2,187.3,27.8,0.3,8.32,0.0,0.0,2695
"Ham, smoked or cured, canned, NS as to fat eaten",2,129.4,17.46,1.0,6.17,0.0,1.0,1231
"Ham, smoked or cured, canned, lean and fat eaten",2,129.4,17.46,1.0,6.17,0.0,1.0,1231
"Ham, smoked or cured, canned, lean only eaten",2,114.0,17.8,1.0,4.31,0.0,1.0,1223
"Ham, smoked or cured, ground patty",2,325.0,18.53,1.42,27.25,0.0,1.09,814
"Pork roast, NS as to cut, cooked, NS as to fat eaten",2,238.2,26.86,0.0,14.53,0.0,0.0,381
"Pork roast, NS as to cut, cooked, lean and fat eaten",2,238.2,26.86,0.0,14.53,0.0,0.0,381
"Pork roast, NS as to cut, cooked, lean only eaten",2,199.5,28.38,0.0,9.55,0.0,0.0,380
"Pork roast, loin, cooked, NS as to fat eaten",2,238.2,26.86,0.0,14.53,0.0,0.0,381
"Pork roast, loin, cooked, lean and fat eaten",2,238.2,26.86,0.0,14.53,0.0,0.0,381
"Pork roast, loin, cooked, lean only eaten",2,199.5,28.38,0.0,9.55,0.0,0.0,380
"Fried pork chunks, Puerto Rican style",2,246.9,35.33,0.86,11.35,0.1,0.03,489
"Pork roast, shoulder, cooked, NS as to fat eaten",2,283.2,23.09,0.0,21.21,0.0,0.0,390
"Pork roast, shoulder, cooked, lean and fat eaten",2,283.2,23.09,0.0,21.21,0.0,0.0,390
"Pork roast, shoulder, cooked, lean only eaten",2,221.4,25.12,0.0,13.43,0.0,0.0,397
"Pork roast, smoked or cured, cooked, NS as to fat eaten",2,158.8,21.97,0.5,7.66,0.0,0.0,1385
"Pork roast, smoked or cured, cooked, lean and fat eaten",2,158.8,21.97,0.5,7.66,0.0,0.0,1385
"Pork roast, smoked or cured, cooked, lean only eaten",2,149.7,25.05,0.0,5.5,0.0,0.0,1327
"Pork roll, cured, fried",2,325.8,13.07,4.49,28.39,0.0,0.0,1377
"Canadian bacon, cooked",2,145.5,28.31,1.8,2.78,0.0,1.2,993
"Bacon, NS as to type of meat, cooked",2,458.3,33.92,1.7,35.09,0.0,0.0,1684
"Bacon, NS as to type of meat, reduced sodium, cooked",2,252.5,13.33,4.8,20.0,0.0,0.0,900
"Pork bacon, NS as to fresh, smoked or cured, cooked",2,458.3,33.92,1.7,35.09,0.0,0.0,1684
"Pork bacon, NS as to fresh, smoked or cured, reduced sodium, cooked",2,529.9,37.04,1.43,41.78,0.0,0.0,1030
"Pork bacon, smoked or cured, cooked",2,458.3,33.92,1.7,35.09,0.0,0.0,1684
"Bacon or side pork, fresh, cooked",2,458.3,33.92,1.7,35.09,0.0,0.0,1684
"Pork bacon, smoked or cured, reduced sodium, cooked",2,529.9,37.04,1.43,41.78,0.0,0.0,1030
"Salt pork, cooked",3,748.1,2.68,0.0,81.93,0.0,0.0,2039
"Fat back, cooked",3,748.1,2.68,0.0,81.93,0.0,0.0,2039
"Pork, spareribs, cooked, NS as to fat eaten",2,385.7,28.82,0.0,30.05,0.0,0.0,415
"Pork, spareribs, cooked, lean and fat eaten",2,385.7,28.82,0.0,30.05,0.0,0.0,415
"Pork, spareribs, cooked, lean only eaten",2,198.3,28.79,0.0,9.24,0.0,0.0,394
"Pork, spareribs, barbecued, with sauce, NS as to fat eaten",2,337.4,21.45,12.74,22.29,0.3,10.39,389
"Pork, spareribs, barbecued, with sauce, lean and fat eaten",2,337.4,21.45,12.74,22.29,0.3,10.39,389
"Pork, spareribs, barbecued, with sauce, lean only eaten",2,217.9,19.63,12.74,9.82,0.3,10.39,365
"Pork, cracklings, cooked",2,458.3,33.92,1.7,35.09,0.0,0.0,1684
"Pork ears, tail, head, snout, miscellaneous parts, cooked",2,228.5,26.14,0.0,13.77,0.0,0.0,379
"Pork, neck bones, cooked",2,175.0,25.85,0.0,7.96,0.0,0.0,666
"Pork, pig's feet, cooked",2,230.3,21.76,0.0,15.92,0.0,0.0,395
"Pork, pig's feet, pickled",2,136.7,11.63,0.01,10.02,0.0,0.0,946
"Pork, pig's hocks, cooked",2,226.6,24.67,0.0,14.21,0.0,0.0,418
Pork skin rinds,2,526.9,61.3,0.0,31.3,0.0,0.0,1818
"Pork skin, boiled",3,617.9,7.0,0.0,65.55,0.0,0.0,378
"Ham, baby food, strained",0,94.2,11.3,3.7,3.8,0.0,0.0,44
"Meat stick, baby food",2,189.4,13.4,1.1,14.6,0.2,0.8,267
"Lamb, NS as to cut, cooked",2,284.2,24.32,0.0,20.77,0.0,0.0,394
"Lamb chop, NS as to cut, cooked, NS as to fat eaten",2,305.8,24.96,0.0,22.89,0.0,0.0,399
"Lamb chop, NS as to cut, cooked, lean and fat eaten",2,305.8,24.96,0.0,22.89,0.0,0.0,399
"Lamb chop, NS as to cut, cooked, lean only eaten",2,205.8,29.74,0.0,9.65,0.0,0.0,406
"Lamb, loin chop, cooked, NS as to fat eaten",2,305.8,24.96,0.0,22.89,0.0,0.0,399
"Lamb, loin chop, cooked, lean and fat eaten",2,305.8,24.96,0.0,22.89,0.0,0.0,399
"Lamb, loin chop, cooked, lean only eaten",2,205.8,29.74,0.0,9.65,0.0,0.0,406
"Lamb, shoulder chop, cooked, NS as to fat eaten",2,267.5,22.32,0.0,19.8,0.0,0.0,388
"Lamb, shoulder chop, cooked, lean and fat eaten",2,267.5,22.32,0.0,19.8,0.0,0.0,388
"Lamb, shoulder chop, cooked, lean only eaten",2,195.0,24.73,0.0,10.68,0.0,0.0,390
"Lamb, ribs, cooked, lean only eaten",2,225.6,27.51,0.0,12.84,0.0,0.0,407
"Lamb, ribs, cooked, NS as to fat eaten",2,351.9,21.95,0.0,29.34,0.0,0.0,398
"Lamb, ribs, cooked, lean and fat eaten",2,351.9,21.95,0.0,29.34,0.0,0.0,398
"Lamb hocks, cooked",2,232.7,28.13,0.0,13.35,0.0,0.0,394
"Lamb, roast, cooked, NS as to fat eaten",2,258.0,23.83,0.0,18.07,0.0,0.0,388
"Lamb, roast, cooked, lean and fat eaten",2,258.0,23.83,0.0,18.07,0.0,0.0,388
"Lamb, roast, cooked, lean only eaten",2,188.2,26.4,0.0,9.18,0.0,0.0,390
"Lamb, ground or patty, cooked",2,273.6,24.54,0.0,19.49,0.0,0.0,403
"Goat, boiled",2,134.5,26.87,0.0,3.0,0.0,0.0,408
"Goat, fried",2,146.5,26.46,0.0,4.52,0.0,0.0,401
"Goat, baked",2,134.5,26.87,0.0,3.0,0.0,0.0,408
"Goat head, cooked",2,138.3,21.82,0.48,5.46,0.0,0.0,415
"Goat ribs, cooked",2,134.5,26.87,0.0,3.0,0.0,0.0,408
"Veal, NS as to cut, cooked, NS as to fat eaten",2,221.1,29.85,0.0,11.3,0.0,0.0,409
"Veal, NS as to cut, cooked, lean and fat eaten",2,221.1,29.85,0.0,11.3,0.0,0.0,409
"Veal, NS as to cut, cooked, lean only eaten",2,185.2,31.63,0.0,6.52,0.0,0.0,411
"Veal chop, NS as to cooking method, NS as to fat eaten",2,208.3,24.59,0.0,12.22,0.0,0.0,415
"Veal chop, NS as to cooking method, lean and fat eaten",2,208.3,24.59,0.0,12.22,0.0,0.0,415
"Veal chop, NS as to cooking method, lean only eaten",2,166.3,26.1,0.0,6.88,0.0,0.0,418
"Veal chop, fried, NS as to fat eaten",2,231.4,27.29,9.91,9.18,0.3,0.57,454
"Veal chop, fried, lean and fat eaten",2,231.4,27.29,9.91,9.18,0.3,0.57,454
"Veal chop, fried, lean only eaten",2,209.4,28.41,9.84,6.27,0.2,0.57,455
"Veal chop, broiled, NS as to fat eaten",2,208.3,24.59,0.0,12.22,0.0,0.0,415
"Veal chop, broiled, lean and fat eaten",2,208.3,24.59,0.0,12.22,0.0,0.0,415
"Veal chop, broiled, lean only eaten",2,166.3,26.1,0.0,6.88,0.0,0.0,418
"Veal cutlet or steak, NS as to cooking method, NS as to fat eaten",2,200.2,33.67,0.0,7.28,0.0,0.0,393
"Veal cutlet or steak, NS as to cooking method, lean and fat eaten",2,200.0,35.86,0.0,6.28,0.0,0.0,389
"Veal cutlet or steak, NS as to cooking method, lean only eaten",2,172.8,32.89,0.0,4.58,0.0,0.0,399
"Veal cutlet or steak, broiled, NS as to fat eaten",2,151.4,27.47,0.0,4.61,0.0,0.0,390
"Veal cutlet or steak, broiled, lean and fat eaten",2,151.4,27.47,0.0,4.61,0.0,0.0,390
"Veal cutlet or steak, broiled, lean only eaten",2,172.8,32.89,0.0,4.58,0.0,0.0,399
"Veal cutlet or steak, fried, NS as to fat eaten",2,231.4,27.29,9.91,9.18,0.3,0.57,454
"Veal cutlet or steak, fried, lean and fat eaten",2,231.4,27.29,9.91,9.18,0.3,0.57,454
"Veal cutlet or steak, fried, lean only eaten",2,172.8,32.89,0.0,4.58,0.0,0.0,399
"Veal, roasted, NS as to fat eaten",2,221.1,29.85,0.0,11.3,0.0,0.0,409
"Veal, roasted, lean and fat eaten",2,221.1,29.85,0.0,11.3,0.0,0.0,409
"Veal, roasted, lean only eaten",2,166.3,26.1,0.0,6.88,0.0,0.0,418
"Veal, ground or patty, cooked",2,164.2,24.18,0.0,7.5,0.0,0.0,405
"Mock chicken legs, cooked",2,228.2,20.75,5.27,13.79,0.2,0.02,578
"Veal patty, breaded, cooked",2,277.4,22.23,8.63,17.11,0.5,0.75,432
"Rabbit, NS as to domestic or wild, cooked",2,196.4,30.25,0.0,8.38,0.0,0.0,199
"Rabbit, domestic, NS as to cooking method",2,196.4,30.25,0.0,8.38,0.0,0.0,199
"Rabbit, NS as to domestic or wild, breaded, fried",2,240.3,27.65,5.06,12.16,0.3,0.44,329
"Rabbit, wild, cooked",2,163.0,32.88,0.0,3.5,0.0,0.0,207
"Venison/deer, NFS",2,179.7,36.08,0.0,3.93,0.0,0.0,267
"Venison/deer, cured",2,177.2,35.11,0.0,4.08,0.0,0.0,1199
"Venison/deer, roasted",2,179.7,36.08,0.0,3.93,0.0,0.0,267
"Venison/deer steak, cooked, NS as to cooking method",2,142.7,29.8,0.0,2.61,0.0,0.0,475
"Venison/deer steak, breaded or floured, cooked, NS as to cooking method",2,219.0,24.85,12.36,7.79,0.8,1.09,223
Venison/deer jerky,2,389.4,32.2,14.72,22.41,0.0,14.75,2955
Deer sausage,2,296.0,10.91,4.29,26.13,0.0,2.05,1013
"Deer chop, cooked",2,186.8,28.06,0.0,8.28,0.0,0.0,448
"Venison/deer ribs, cooked",2,179.7,36.08,0.0,3.93,0.0,0.0,267
"Venison/deer, stewed",2,179.7,36.08,0.0,3.93,0.0,0.0,267
"Moose, cooked",2,125.3,29.15,0.0,0.97,0.0,0.0,231
"Bear, cooked",2,249.1,32.28,0.0,13.33,0.0,0.0,233
"Caribou, cooked",2,158.2,29.64,0.0,4.4,0.0,0.0,222
"Bison, cooked",2,135.0,28.32,0.0,2.41,0.0,0.0,219
"Ground hog, cooked",2,226.2,25.96,0.0,13.6,0.0,0.0,217
"Opossum, cooked",2,211.7,30.07,0.0,10.16,0.0,0.0,220
"Squirrel, cooked",2,164.6,30.64,0.0,4.67,0.0,0.0,280
"Beaver, cooked",2,201.2,34.7,0.0,6.93,0.0,0.0,221
"Raccoon, cooked",2,246.3,29.08,0.0,14.44,0.0,0.0,241
"Armadillo, cooked",2,152.0,28.18,0.0,4.36,0.0,0.0,222
"Wild pig, smoked",2,149.9,27.8,0.0,4.3,0.0,0.0,743
"Ostrich, cooked",2,166.8,25.93,0.0,7.01,0.0,0.0,402
"Lamb, baby food, strained",0,90.4,14.07,0.85,3.41,0.0,0.0,43
"Veal, baby food, strained",0,80.6,13.12,1.51,2.45,0.0,0.0,39
"Chicken, NS as to part and cooking method, NS as to skin eaten",2,164.4,26.79,0.0,6.36,0.0,0.0,345
"Chicken, NS as to part and cooking method, skin eaten",2,196.5,25.07,0.1,10.65,0.0,0.1,343
"Chicken, NS as to part and cooking method, skin not eaten",2,164.4,26.79,0.0,6.36,0.0,0.0,345
"Chicken, NS as to part, baked, broiled, or roasted, NS as to skin eaten",2,157.2,27.32,0.0,5.32,0.0,0.0,353
"Chicken, NS as to part, baked, broiled, or roasted, skin eaten",2,196.0,24.7,0.0,10.8,0.0,0.0,338
"Chicken, NS as to part, baked, broiled, or roasted, skin not eaten",2,157.2,27.32,0.0,5.32,0.0,0.0,353
"Chicken, NS as to part, rotisserie, NS as to skin eaten",2,164.4,26.79,0.0,6.36,0.0,0.0,345
"Chicken, NS as to part, rotisserie, skin eaten",2,196.5,25.07,0.1,10.65,0.0,0.1,343
"Chicken, NS as to part, rotisserie, skin not eaten",2,164.4,26.79,0.0,6.36,0.0,0.0,345
"Chicken, NS as to part, stewed, NS as to skin eaten",2,152.5,26.03,0.0,5.38,0.0,0.0,366
"Chicken, NS as to part, stewed, skin eaten",2,192.1,23.58,0.0,10.86,0.0,0.0,356
"Chicken, NS as to part, stewed, skin not eaten",2,152.5,26.03,0.0,5.38,0.0,0.0,366
"Chicken, NS as to part, grilled without sauce, NS as to skin eaten",2,171.8,26.74,0.0,7.2,0.0,0.0,386
"Chicken, NS as to part, grilled without sauce, skin eaten",2,209.9,24.19,0.0,12.57,0.0,0.0,372
"Chicken, NS as to part, grilled without sauce, skin not eaten",2,171.8,26.74,0.0,7.2,0.0,0.0,386
"Chicken, NS as to part, grilled with sauce, NS as to skin eaten",2,174.4,21.98,7.31,6.36,0.2,5.96,527
"Chicken, NS as to part, grilled with sauce, skin eaten",2,205.5,19.89,7.31,10.74,0.2,5.96,516
"Chicken, NS as to part, grilled with sauce, skin not eaten",2,174.4,21.98,7.31,6.36,0.2,5.96,527
"Chicken, NS as to part, sauteed, skin eaten",2,209.9,24.19,0.0,12.57,0.0,0.0,372
"Chicken, NS as to part, sauteed, skin not eaten",2,171.8,26.74,0.0,7.2,0.0,0.0,386
"Chicken, NS as to part, fried, coated, skin / coating eaten",2,250.7,21.75,7.14,15.02,0.2,0.0,671
"Chicken, NS as to part, fried, coated, skin / coating not eaten",2,164.2,26.18,0.07,6.58,0.0,0.0,528
"Chicken, NS as to part, baked, coated, skin / coating eaten",2,250.7,21.75,7.14,15.02,0.2,0.0,671
"Chicken, NS as to part, baked, coated, skin / coating not eaten",2,164.2,26.18,0.07,6.58,0.0,0.0,528
"Chicken breast, NS as to cooking method, skin eaten",2,174.9,26.37,0.09,7.67,0.0,0.09,329
"Chicken breast, NS as to cooking method, skin not eaten",2,144.3,28.04,0.0,3.57,0.0,0.0,328
"Chicken breast, baked, broiled, or roasted, skin eaten, from raw",2,184.2,26.25,0.0,8.8,0.0,0.0,336
"Chicken breast, baked, broiled, or roasted, skin not eaten, from raw",2,152.6,30.22,0.0,3.52,0.0,0.0,360
"Chicken breast, baked or broiled, skin eaten, from pre-cooked",2,174.9,26.37,0.09,7.67,0.0,0.09,329
"Chicken breast, baked or broiled, skin not eaten, from pre-cooked",2,144.3,28.04,0.0,3.57,0.0,0.0,328
"Chicken breast, baked or broiled, skin eaten, from fast food / restaurant",2,198.1,25.67,0.0,10.6,0.0,0.0,406
"Chicken breast, baked or broiled, skin not eaten, from fast food / restaurant",2,167.2,29.56,0.0,5.44,0.0,0.0,430
"Chicken breast, baked, broiled, or roasted with marinade, skin eaten, from raw",2,196.6,25.32,0.31,10.45,0.0,0.28,399
"Chicken breast, baked, broiled, or roasted with marinade, skin not eaten, from raw",2,166.2,29.13,0.31,5.38,0.0,0.28,423
"Chicken breast, rotisserie, skin eaten",2,174.9,26.37,0.09,7.67,0.0,0.09,329
"Chicken breast, rotisserie, skin not eaten",2,144.3,28.04,0.0,3.57,0.0,0.0,328
"Chicken breast, stewed, skin eaten",2,173.3,24.7,0.0,8.28,0.0,0.0,316
"Chicken breast, stewed, skin not eaten",2,141.2,27.96,0.0,3.26,0.0,0.0,333
"Chicken breast, grilled without sauce, skin eaten",2,198.5,25.72,0.0,10.62,0.0,0.0,329
"Chicken breast, grilled without sauce, skin not eaten",2,167.5,29.62,0.0,5.45,0.0,0.0,353
"Chicken breast, grilled with sauce, skin eaten",2,196.3,21.15,7.34,9.15,0.2,5.98,454
"Chicken breast, grilled with sauce, skin not eaten",2,171.0,24.33,7.34,4.93,0.2,5.98,473
"Chicken breast, sauteed, skin eaten",2,198.5,25.72,0.0,10.62,0.0,0.0,329
"Chicken breast, sauteed, skin not eaten",2,167.5,29.62,0.0,5.45,0.0,0.0,353
"Chicken breast, fried, coated, skin / coating eaten, from raw",2,236.1,21.42,5.95,14.07,0.2,0.1,299
"Chicken breast, fried, coated, skin / coating not eaten, from raw",2,167.5,29.62,0.0,5.45,0.0,0.0,353
"Chicken breast, fried, coated, prepared skinless, coating eaten, from raw",2,211.4,24.52,5.95,9.95,0.2,0.1,318
"Chicken breast, fried, coated, skin / coating eaten, from pre-cooked",2,243.3,20.54,7.13,14.74,0.3,0.12,331
"Chicken breast, fried, coated, skin / coating not eaten, from pre-cooked",2,167.5,29.62,0.0,5.45,0.0,0.0,353
"Chicken breast, fried, coated, skin / coating eaten, from fast food / restaurant",2,272.0,19.29,10.65,16.91,0.3,0.1,549
"Chicken breast, fried, coated, skin / coating not eaten, from fast food / restaurant",2,211.5,22.73,5.95,10.75,0.2,0.1,436
"Chicken breast, baked, coated, skin / coating eaten",2,199.7,23.73,3.96,9.88,0.2,0.07,320
"Chicken breast, baked, coated, skin / coating not eaten",2,167.5,29.62,0.0,5.45,0.0,0.0,353
"Chicken leg, drumstick and thigh, NS as to cooking method, skin eaten",2,218.2,23.77,0.12,13.63,0.0,0.12,358
"Chicken leg, drumstick and thigh, NS as to cooking method, skin not eaten",2,184.5,25.54,0.0,9.15,0.0,0.0,362
"Chicken leg, drumstick and thigh, baked or broiled, skin eaten",2,207.9,23.16,0.0,12.81,0.0,0.0,341
"Chicken leg, drumstick and thigh, baked or broiled, skin not eaten",2,161.8,24.41,0.0,7.13,0.0,0.0,345
"Chicken leg, drumstick and thigh, rotisserie, skin eaten",2,218.2,23.77,0.12,13.63,0.0,0.12,358
"Chicken leg, drumstick and thigh, rotisserie, skin not eaten",2,184.5,25.54,0.0,9.15,0.0,0.0,362
"Chicken leg, drumstick and thigh, stewed, skin eaten",2,210.8,22.45,0.0,13.44,0.0,0.0,396
"Chicken leg, drumstick and thigh, stewed, skin not eaten",2,163.9,24.1,0.0,7.5,0.0,0.0,399
"Chicken leg, drumstick and thigh, grilled without sauce, skin eaten",2,221.3,22.65,0.0,14.52,0.0,0.0,414
"Chicken leg, drumstick and thigh, grilled without sauce, skin not eaten",2,176.1,23.87,0.0,8.96,0.0,0.0,419
"Chicken leg, drumstick and thigh, grilled with sauce, skin eaten",2,214.6,18.64,7.28,12.32,0.2,5.94,578
"Chicken leg, drumstick and thigh, grilled with sauce, skin not eaten",2,177.8,19.63,7.28,7.79,0.2,5.94,582
"Chicken leg, drumstick and thigh, sauteed, skin eaten",2,221.3,22.65,0.0,14.52,0.0,0.0,414
"Chicken leg, drumstick and thigh, sauteed, skin not eaten",2,176.1,23.87,0.0,8.96,0.0,0.0,419
"Chicken leg, drumstick and thigh, fried, coated, skin / coating eaten",2,254.1,19.0,5.91,17.16,0.2,0.1,353
"Chicken leg, drumstick and thigh, fried, coated, skin / coating not eaten",2,176.5,23.92,0.0,8.98,0.0,0.0,343
"Chicken leg, drumstick and thigh, baked, coated, skin / coating eaten",2,220.0,20.96,3.93,13.38,0.2,0.07,428
"Chicken leg, drumstick and thigh, baked, coated, skin / coating not eaten",2,176.1,23.87,0.0,8.96,0.0,0.0,419
"Chicken drumstick, NS as to cooking method, skin eaten",2,206.2,25.65,0.12,11.46,0.0,0.12,392
"Chicken drumstick, NS as to cooking method, skin not eaten",2,171.7,27.71,0.0,6.76,0.0,0.0,403
"Chicken drumstick, baked, broiled, or roasted, skin eaten, from raw",2,183.6,23.21,0.0,10.09,0.0,0.0,353
"Chicken drumstick, baked, broiled, or roasted, skin not eaten, from raw",2,147.4,24.1,0.0,5.67,0.0,0.0,358
"Chicken drumstick, baked or broiled, skin eaten, from pre-cooked",2,206.2,25.65,0.12,11.46,0.0,0.12,392
"Chicken drumstick, baked or broiled, skin not eaten, from pre-cooked",2,171.7,27.71,0.0,6.76,0.0,0.0,403
"Chicken drumstick, baked or broiled, skin eaten, from fast food / restaurant",2,197.1,22.66,0.0,11.83,0.0,0.0,503
"Chicken drumstick, baked or broiled, skin not eaten, from fast food / restaurant",2,161.7,23.52,0.0,7.51,0.0,0.0,507
"Chicken drumstick, rotisserie, skin eaten",2,206.2,25.65,0.12,11.46,0.0,0.12,392
"Chicken drumstick, rotisserie, skin not eaten",2,171.7,27.71,0.0,6.76,0.0,0.0,403
"Chicken drumstick, grilled without sauce, skin eaten",2,197.4,22.7,0.0,11.85,0.0,0.0,427
"Chicken drumstick, grilled without sauce, skin not eaten",2,162.0,23.57,0.0,7.53,0.0,0.0,432
"Chicken drumstick, grilled with sauce, skin eaten",2,195.2,18.68,7.28,10.15,0.2,5.94,588
"Chicken drumstick, grilled with sauce, skin not eaten",2,166.3,19.39,7.28,6.62,0.2,5.94,592
"Chicken drumstick, stewed, skin eaten",2,185.9,22.54,0.0,10.64,0.0,0.0,417
"Chicken drumstick, stewed, skin not eaten",2,147.9,23.71,0.0,5.9,0.0,0.0,423
"Chicken drumstick, sauteed, skin eaten",2,197.4,22.7,0.0,11.85,0.0,0.0,427
"Chicken drumstick, sauteed, skin not eaten",2,162.0,23.57,0.0,7.53,0.0,0.0,432
"Chicken drumstick, fried, coated, skin / coating eaten, from raw",2,235.2,19.05,5.91,15.04,0.2,0.1,363
"Chicken drumstick, fried, coated, skin / coating not eaten, from raw",2,162.3,23.61,0.0,7.54,0.0,0.0,356
"Chicken drumstick, fried, coated, prepared skinless, coating eaten, from raw",2,206.4,19.7,5.9,11.56,0.2,0.1,443
"Chicken drumstick, fried, coated, skin / coating eaten, from pre-cooked",2,241.9,18.25,7.07,15.62,0.3,0.12,479
"Chicken drumstick, fried, coated, skin / coating not eaten, from pre-cooked",2,162.0,23.57,0.0,7.53,0.0,0.0,432
"Chicken drumstick, fried, coated, skin / coating eaten, from fast food / restaurant",2,287.7,17.73,12.07,18.72,0.6,0.1,625
"Chicken drumstick, fried, coated, skin / coating not eaten, from fast food / restaurant",2,211.9,21.78,6.05,11.18,0.2,0.1,546
"Chicken drumstick, baked, coated, skin / coating eaten",2,198.6,21.01,3.93,10.98,0.2,0.07,439
"Chicken drumstick, baked, coated, skin / coating not eaten",2,162.0,23.57,0.0,7.53,0.0,0.0,432
"Chicken thigh, NS as to cooking method, skin eaten",2,226.2,22.51,0.12,15.08,0.0,0.12,335
"Chicken thigh, NS as to cooking method, skin not eaten",2,193.0,24.09,0.0,10.74,0.0,0.0,335
"Chicken thigh, baked, broiled, or roasted, skin eaten, from raw",2,224.1,23.12,0.0,14.62,0.0,0.0,332
"Chicken thigh, baked, broiled, or roasted, skin not eaten, from raw",2,171.3,24.61,0.0,8.1,0.0,0.0,336
"Chicken thigh, baked or broiled, skin eaten, from pre-cooked",2,226.2,22.51,0.12,15.08,0.0,0.12,335
"Chicken thigh, baked or broiled, skin not eaten, from pre-cooked",2,193.0,24.09,0.0,10.74,0.0,0.0,335
"Chicken thigh, baked or broiled, skin eaten, from fast food / restaurant",2,236.5,22.57,0.0,16.25,0.0,0.0,482
"Chicken thigh, baked or broiled, skin not eaten, from fast food / restaurant",2,185.1,24.02,0.0,9.89,0.0,0.0,486
"Chicken thigh, rotisserie, skin eaten",2,226.2,22.51,0.12,15.08,0.0,0.12,335
"Chicken thigh, rotisserie, skin not eaten",2,193.0,24.09,0.0,10.74,0.0,0.0,335
"Chicken thigh, stewed, skin eaten",2,227.4,22.39,0.0,15.31,0.0,0.0,383
"Chicken thigh, stewed, skin not eaten",2,174.5,24.36,0.0,8.56,0.0,0.0,384
"Chicken thigh, grilled without sauce, skin eaten",2,237.0,22.61,0.0,16.29,0.0,0.0,406
"Chicken thigh, grilled without sauce, skin not eaten",2,185.5,24.07,0.0,9.91,0.0,0.0,410
"Chicken thigh, grilled with sauce, skin eaten",2,227.5,18.61,7.28,13.77,0.2,5.94,571
"Chicken thigh, grilled with sauce, skin not eaten",2,185.4,19.8,7.28,8.56,0.2,5.94,575
"Chicken thigh, sauteed, skin eaten",2,237.0,22.61,0.0,16.29,0.0,0.0,406
"Chicken thigh, sauteed, skin not eaten",2,185.5,24.07,0.0,9.91,0.0,0.0,410
"Chicken thigh, fried, coated, skin / coating eaten, from raw",2,266.7,18.98,5.91,18.57,0.2,0.1,347
"Chicken thigh, fried, coated, skin / coating not eaten, from raw",2,185.9,24.12,0.0,9.93,0.0,0.0,334
"Chicken thigh, fried, coated, prepared skinless, coating eaten, from raw",2,225.1,20.1,5.9,13.46,0.2,0.1,426
"Chicken thigh, fried, coated, skin / coating eaten, from pre-cooked",2,271.7,18.19,7.07,18.96,0.3,0.12,464
"Chicken thigh, fried, coated, skin / coating not eaten, from pre-cooked",2,185.5,24.07,0.0,9.91,0.0,0.0,410
"Chicken thigh, fried, coated, skin / coating eaten, from fast food",2,293.4,16.22,12.94,19.64,0.3,0.1,748
"Chicken thigh, fried, coated, skin / coating not eaten, from fast food",2,217.3,19.38,6.24,12.76,0.2,0.1,613
"Chicken thigh, fried, coated, skin / coating eaten, from restaurant",2,293.4,16.22,12.94,19.64,0.3,0.1,748
"Chicken thigh, fried, coated, skin / coating not eaten, from restaurant",2,217.3,19.38,6.24,12.76,0.2,0.1,613
"Chicken thigh, baked, coated, skin / coating eaten",2,234.1,20.93,3.93,14.96,0.2,0.07,421
"Chicken thigh, baked, coated, skin / coating not eaten",2,185.5,24.07,0.0,9.91,0.0,0.0,410
"Chicken wing, NS as to cooking method",2,258.4,23.42,0.6,18.04,0.0,0.6,579
"Chicken wing, baked, broiled, or roasted, from raw",2,245.1,23.6,0.0,16.74,0.0,0.0,404
"Chicken wing, baked or broiled, from pre-cooked",2,258.4,23.42,0.6,18.04,0.0,0.6,579
"Chicken wing, baked or broiled, from fast food / restaurant",2,257.5,23.08,0.0,18.35,0.0,0.0,478
"Chicken wing, rotisserie",2,258.4,23.42,0.6,18.04,0.0,0.6,579
"Chicken wing, stewed",2,240.6,22.6,0.0,16.69,0.0,0.0,374
"Chicken wing, grilled without sauce",2,258.0,23.13,0.0,18.39,0.0,0.0,402
"Chicken wing, grilled with sauce",2,244.6,19.03,7.28,15.49,0.2,5.94,568
"Chicken wing, sauteed",2,258.0,23.13,0.0,18.39,0.0,0.0,402
"Chicken wing, fried, coated, from raw",2,282.8,19.35,5.9,20.2,0.2,0.1,420
"Chicken wing, fried, coated, from pre-cooked",2,287.6,18.58,7.07,20.55,0.3,0.12,461
"Chicken wing, fried, coated, from fast food",2,321.8,17.74,14.93,21.24,0.3,0.1,844
"Chicken wing, fried, coated, from restaurant",2,321.8,17.74,14.93,21.24,0.3,0.1,844
"Chicken wing, baked, coated",2,253.0,21.4,3.93,16.85,0.2,0.07,417
"Chicken ""wings"" with hot sauce, from fast food / restaurant",2,273.1,16.78,6.18,20.14,0.1,2.23,847
"Chicken ""wings"" with other sauces or seasoning, from fast food / restaurant",2,276.8,16.95,13.13,17.39,0.2,7.55,761
"Chicken ""wings"", plain, from fast food / restaurant",2,321.8,17.74,14.93,21.24,0.3,0.1,844
"Chicken ""wings"" with hot sauce, from precooked",2,255.2,17.57,2.5,19.43,0.0,2.44,747
"Chicken ""wings"" with other sauces or seasoning, from precooked",2,258.7,17.74,9.42,16.67,0.2,7.76,660
"Chicken ""wings"", plain, from precooked",2,287.6,18.58,7.07,20.55,0.3,0.12,461
"Chicken ""wings"" with hot sauce, from other sources",2,267.8,17.02,5.08,19.93,0.1,2.3,817
"Chicken ""wings"" with other sauces or seasoning, from other sources",2,271.3,17.19,12.01,17.17,0.2,7.62,731
"Chicken ""wings"", plain, from other sources",2,311.5,17.99,12.57,21.03,0.3,0.11,729
"Chicken ""wings"", boneless, with hot sauce, from fast food / restaurant",5,281.1,12.35,20.01,16.85,0.9,5.71,879
"Chicken ""wings"", boneless, with hot sauce, from other sources",5,231.4,11.38,19.95,11.79,1.5,6.08,829
"Chicken, back",2,290.1,25.73,0.0,20.8,0.0,0.0,409
"Chicken, neck or ribs",2,239.3,19.45,0.0,17.95,0.0,0.0,374
"Chicken, tail",3,447.6,20.36,0.0,40.68,0.0,0.0,65
Chicken skin,3,443.8,20.19,0.0,40.34,0.0,0.0,387
Chicken feet,2,209.8,19.4,0.2,14.6,0.0,0.0,67
"Chicken, canned, meat only",2,177.7,25.3,0.9,8.1,0.0,0.0,482
"Chicken, chicken roll, roasted",2,163.7,26.68,0.0,6.33,0.0,0.0,499
"Chicken patty, breaded",2,287.0,14.85,12.84,19.58,0.3,0.0,532
"Chicken fillet, breaded",2,240.1,14.62,14.86,13.58,1.7,0.57,527
"Chicken fillet, grilled",2,150.9,22.28,2.37,5.81,0.1,0.0,450
"Chicken, ground",2,201.4,27.14,0.0,10.31,0.0,0.0,400
"Chicken nuggets, NFS",2,306.6,15.92,14.93,20.36,0.9,0.08,594
"Chicken nuggets, from fast food",2,306.6,15.92,14.93,20.36,0.9,0.08,594
"Chicken nuggets, from restaurant",2,306.6,15.92,14.93,20.36,0.9,0.08,594
"Chicken nuggets, from school lunch",5,270.2,15.67,22.86,12.9,2.2,0.49,511
"Chicken nuggets, from frozen",5,298.0,13.36,17.88,19.23,1.8,0.8,600
"Chicken nuggets, from other sources",2,304.0,15.15,15.81,20.02,1.2,0.3,596
"Chicken tenders or strips, NFS",2,271.4,19.22,17.25,13.95,1.2,0.4,769
"Chicken tenders or strips, breaded, from fast food",2,271.4,19.22,17.25,13.95,1.2,0.4,769
"Chicken tenders or strips, breaded, from restaurant",2,283.5,18.82,16.9,15.62,1.2,0.39,791
"Chicken tenders or strips, breaded, from school lunch",5,270.2,15.67,22.86,12.9,2.2,0.49,511
"Chicken tenders or strips, breaded, from frozen",2,240.1,14.62,14.86,13.58,1.7,0.57,527
"Chicken tenders or strips, breaded, from other sources",2,262.0,17.84,16.53,13.84,1.4,0.45,696
"Fried chicken chunks, Puerto Rican style",2,344.3,20.98,20.6,19.78,0.9,0.41,594
"Turkey, NFS",2,133.8,28.81,0.0,2.06,0.0,0.0,467
"Turkey, light meat, skin not eaten",2,133.8,28.81,0.0,2.06,0.0,0.0,467
"Turkey, light meat, skin eaten",2,163.2,28.28,0.03,5.55,0.0,0.0,468
"Turkey, light meat, breaded, baked or fried, skin not eaten",2,168.1,27.26,6.46,3.69,0.4,0.56,197
"Turkey, light meat, breaded, baked or fried, skin eaten",2,194.6,26.78,6.48,6.84,0.4,0.56,198
"Turkey, light meat, roasted, skin not eaten",2,133.8,28.81,0.0,2.06,0.0,0.0,467
"Turkey, light meat, roasted, skin eaten",2,163.2,28.28,0.03,5.55,0.0,0.0,468
"Turkey, dark meat, roasted, skin not eaten",2,161.6,26.94,0.0,5.98,0.0,0.0,458
"Turkey, dark meat, roasted, skin eaten",2,197.5,26.46,0.05,10.16,0.0,0.0,461
"Turkey, light and dark meat, roasted, skin not eaten",2,145.8,27.99,0.0,3.76,0.0,0.0,464
"Turkey, light and dark meat, roasted, skin eaten",2,177.9,27.48,0.04,7.54,0.0,0.0,465
"Turkey, light or dark meat, fried, coated, skin not eaten",2,159.9,27.22,1.4,5.05,0.0,0.11,274
"Turkey, light or dark meat, fried, coated, skin eaten",2,186.9,26.19,1.4,8.5,0.0,0.11,270
"Turkey, light or dark meat, stewed, skin not eaten",2,149.4,31.18,0.19,2.66,0.0,0.1,610
"Turkey light or dark meat, stewed, skin eaten",2,198.2,30.25,0.14,8.52,0.0,0.07,576
"Turkey, light or dark meat, smoked, skin eaten",2,199.7,28.1,0.0,9.7,0.0,0.0,996
"Turkey, light or dark meat, smoked, skin not eaten",2,162.2,29.3,0.0,5.0,0.0,0.0,996
"Turkey, drumstick, cooked, skin not eaten",2,144.5,28.52,0.0,3.38,0.0,0.0,455
"Turkey, drumstick, cooked, skin eaten",2,198.2,27.64,0.0,9.74,0.0,0.0,399
"Turkey, drumstick, roasted, skin not eaten",2,144.5,28.52,0.0,3.38,0.0,0.0,455
"Turkey, drumstick, roasted, skin eaten",2,198.1,26.86,0.0,10.07,0.0,0.0,442
"Turkey, drumstick, smoked, skin eaten",2,199.8,27.9,0.0,9.8,0.0,0.0,996
"Turkey, thigh, cooked, skin eaten",2,181.9,24.36,0.27,9.26,0.0,0.0,457
"Turkey, thigh, cooked, skin not eaten",2,161.6,26.94,0.0,5.98,0.0,0.0,458
"Turkey, neck",2,154.9,22.29,0.0,7.3,0.0,0.0,566
"Turkey, wing, cooked, skin not eaten",2,133.8,28.81,0.0,2.06,0.0,0.0,467
"Turkey, wing, cooked, skin eaten",2,197.2,26.87,0.0,9.97,0.0,0.0,442
"Turkey, wing, smoked, skin eaten",2,221.3,27.4,0.0,12.41,0.0,0.0,996
"Turkey, tail",2,294.2,22.25,0.0,22.8,0.0,0.0,485
"Turkey, back",2,203.7,25.58,0.0,11.26,0.0,0.0,557
"Turkey, canned",2,177.7,25.3,0.9,8.1,0.0,0.0,482
"Turkey, ground",2,201.4,27.14,0.0,10.31,0.0,0.0,400
"Turkey, nuggets",2,235.3,22.19,17.14,8.66,1.1,1.48,334
"Turkey bacon, cooked",2,367.8,29.5,4.24,25.87,0.0,4.24,2021
"Turkey bacon, reduced sodium, cooked",2,252.5,13.33,4.8,20.0,0.0,0.0,900
"Turkey with barbecue sauce, skin eaten",2,195.3,18.23,12.23,8.16,0.3,9.97,467
"Turkey with barbecue sauce, skin not eaten",2,149.7,18.86,12.23,2.82,0.3,9.97,464
"Duck, cooked, skin eaten",2,329.7,18.91,0.0,28.23,0.0,0.0,221
"Duck, cooked, skin not eaten",2,193.9,23.38,0.0,11.15,0.0,0.0,227
"Duck, roasted, skin eaten",2,329.7,18.91,0.0,28.23,0.0,0.0,221
"Duck, roasted, skin not eaten",2,193.9,23.38,0.0,11.15,0.0,0.0,227
"Duck, pressed, Chinese",0,151.9,5.34,6.24,11.73,0.4,4.04,288
"Goose, wild, roasted",2,296.7,25.06,0.0,21.83,0.0,0.0,232
"Cornish game hen, cooked, skin eaten",2,250.9,22.08,0.0,18.06,0.0,0.0,386
"Cornish game hen, cooked, skin not eaten",2,127.0,23.11,0.0,3.84,0.0,0.0,385
"Cornish game hen, roasted, skin eaten",2,250.9,22.08,0.0,18.06,0.0,0.0,386
"Cornish game hen, roasted, skin not eaten",2,127.0,23.11,0.0,3.84,0.0,0.0,385
"Dove, cooked, NS as to cooking method",2,211.8,23.8,0.0,12.95,0.0,0.0,219
"Dove, fried",2,222.4,23.06,1.44,13.82,0.0,0.12,198
"Quail, cooked",2,226.4,25.0,0.0,14.04,0.0,0.0,214
"Pheasant, cooked",2,237.5,32.26,0.0,12.05,0.0,0.0,205
"Chicken, baby food, NS as to strained or junior",0,134.4,13.85,0.05,8.75,0.0,0.0,49
"Chicken, baby food, strained",0,126.3,13.7,0.1,7.9,0.0,0.0,49
"Chicken, baby food, junior",0,142.4,14.0,0.0,9.6,0.0,0.0,49
"Turkey, baby food, NS as to strained or junior",0,107.4,11.5,1.4,6.2,0.0,0.0,49
"Turkey, baby food, strained",0,107.4,11.5,1.4,6.2,0.0,0.0,49
"Turkey, baby food, junior",0,107.4,11.5,1.4,6.2,0.0,0.0,49
"Chicken stick, baby food",2,194.0,14.6,1.5,14.4,0.2,1.4,267
"Turkey stick, baby food",2,188.2,13.7,1.4,14.2,0.2,1.4,295
"Beef liver, braised",2,182.7,28.84,5.09,5.22,0.0,0.0,401
"Beef liver, fried",2,167.4,26.3,5.12,4.64,0.0,0.0,399
"Chicken liver, braised",2,158.6,24.26,0.86,6.46,0.0,0.0,398
"Chicken liver, fried",2,183.5,19.98,6.41,8.66,0.2,0.02,443
"Liver paste or pate, chicken",2,197.9,13.45,6.55,13.1,0.0,0.0,386
"Heart, cooked",2,155.8,28.24,0.15,4.69,0.0,0.0,381
"Kidney, cooked",2,149.6,27.04,0.0,4.61,0.0,0.0,416
"Sweetbreads, cooked",2,117.6,22.48,0.0,3.08,0.0,0.0,381
"Brains, cooked",2,146.1,11.57,1.47,10.44,0.0,0.0,429
"Tongue, cooked",2,275.5,19.13,0.0,22.11,0.0,0.0,387
"Tongue, smoked, cured, or pickled, cooked",2,270.9,18.8,0.0,21.74,0.0,0.0,1044
"Tongue pot roast, Puerto Rican style",2,310.8,21.03,0.34,25.04,0.1,0.02,1245
"Tripe, cooked",2,85.0,12.6,0.0,3.85,0.0,0.0,441
"Chitterlings, cooked",2,230.9,12.39,0.0,20.15,0.0,0.0,340
"Hog maws, cooked",2,249.7,26.52,0.0,15.96,0.0,0.0,565
"Gizzard, cooked",2,144.5,30.14,0.0,2.66,0.0,0.0,378
"Frankfurter or hot dog, NFS",2,326.7,12.32,3.04,29.47,0.0,1.33,872
"Frankfurter or hot dog, cheese-filled",2,305.1,11.66,5.01,26.49,0.0,2.64,993
"Frankfurter or hot dog, beef",2,326.7,12.32,3.04,29.47,0.0,1.33,872
"Frankfurter or hot dog, beef and pork",2,291.1,10.23,5.28,25.45,0.0,2.9,976
"Frankfurter or hot dog, beef and pork, reduced fat or light",2,291.1,10.23,5.28,25.45,0.0,2.9,976
"Frankfurter or hot dog, meat and poultry, fat free",2,114.9,13.16,11.8,1.67,0.0,0.0,880
"Frankfurter or hot dog, meat and poultry",2,291.1,10.23,5.28,25.45,0.0,2.9,976
"Frankfurter or hot dog, meat and poultry, reduced fat or light",2,127.2,16.32,8.84,2.95,0.1,0.0,983
"Frankfurter or hot dog, chicken",2,231.3,12.87,4.01,18.2,0.0,1.27,911
"Frankfurter or hot dog, turkey",2,231.3,12.87,4.01,18.2,0.0,1.27,911
"Frankfurter or hot dog, beef, reduced fat or light",2,127.2,16.32,8.84,2.95,0.1,0.0,983
"Frankfurter or hot dog, reduced fat or light, NFS",2,127.2,16.32,8.84,2.95,0.1,0.0,983
Beef sausage,2,325.0,13.3,3.37,28.7,0.0,1.0,866
"Beef sausage, reduced fat",2,267.2,20.94,0.15,20.32,0.0,0.0,698
"Beef sausage, reduced sodium",2,232.9,19.93,13.25,11.13,0.0,0.75,415
Beef sausage with cheese,2,329.8,13.78,3.4,29.01,0.0,1.13,946
Blood sausage,2,374.1,14.6,1.29,34.5,0.0,1.29,680
Bratwurst,2,328.9,13.72,2.85,29.18,0.0,0.0,846
"Bratwurst, with cheese",2,333.4,14.16,2.94,29.44,0.0,0.23,928
"Bologna, NFS",2,280.5,10.34,6.31,23.77,0.0,1.97,1379
"Bologna, made from any kind of meat, reduced fat",2,201.2,11.8,5.2,14.8,0.0,0.0,821
"Bologna, made from any kind of meat, reduced sodium",2,280.5,10.34,6.31,23.77,0.0,1.97,1034
"Bologna, made from any kind of meat, reduced fat and reduced sodium",2,201.2,11.8,5.2,14.8,0.0,0.0,821
Turkey or chicken and beef sausage,2,259.0,16.47,2.23,20.47,0.0,0.5,785
Chorizo,2,340.6,19.3,2.63,28.1,0.0,0.0,983
Head cheese,2,153.4,13.83,0.0,10.9,0.0,0.0,941
Knockwurst,2,306.5,11.1,3.2,27.7,0.0,0.0,930
Mortadella,2,306.2,16.37,3.05,25.39,0.0,0.0,1246
"Pastrami, NFS",2,141.0,21.8,0.36,5.82,0.0,0.1,1078
"Pastrami, made from any kind of meat, reduced fat",2,110.2,18.62,0.64,3.69,0.0,0.29,853
"Pepperoni, NFS",3,498.2,19.25,1.18,46.28,0.0,0.0,1582
"Pepperoni, reduced fat",2,372.0,21.07,0.72,31.65,0.0,0.26,1756
"Pepperoni, reduced sodium",3,498.2,19.25,1.18,46.28,0.0,0.0,1187
Polish sausage,2,337.0,12.45,5.03,29.68,0.0,2.39,1062
Italian sausage,2,317.2,18.2,2.15,26.2,0.0,1.46,766
"Sausage, NFS",2,325.0,18.53,1.42,27.25,0.0,1.09,814
Pork sausage,2,325.0,18.53,1.42,27.25,0.0,1.09,814
"Pork sausage, reduced fat",2,267.2,20.94,0.15,20.32,0.0,0.0,698
"Pork sausage, reduced sodium",2,232.9,19.93,13.25,11.13,0.0,0.75,415
Pork sausage rice links,2,267.2,20.94,0.15,20.32,0.0,0.0,698
Pork and beef sausage,2,325.1,15.92,2.4,27.98,0.0,1.04,840
"Salami, NFS",2,372.0,21.07,0.72,31.65,0.0,0.26,1756
"Salami, made from any type of meat, reduced fat",2,165.9,19.2,1.55,9.21,0.1,1.12,1107
"Salami, made from any type of meat, reduced sodium",2,372.0,21.07,0.72,31.65,0.0,0.26,1317
"Scrapple, cooked",5,227.0,8.57,14.96,14.76,0.3,0.21,385
Thuringer,2,357.0,17.45,3.33,30.43,0.0,0.85,1300
Turkey or chicken sausage,2,193.1,19.65,1.09,12.24,0.0,0.0,705
"Turkey or chicken sausage, reduced sodium",2,229.7,20.03,13.32,10.7,0.0,0.76,417
"Turkey or chicken sausage, reduced fat",2,193.1,19.65,1.09,12.24,0.0,0.0,705
Turkey or chicken and pork sausage,2,300.6,22.7,0.7,23.0,0.0,0.0,878
"Turkey or chicken, pork, and beef sausage, reduced sodium",2,232.9,19.93,13.25,11.13,0.0,0.75,415
"Vienna sausage, canned",2,227.0,10.5,2.6,19.4,0.0,0.0,879
Pickled sausage,2,314.7,18.06,2.13,25.99,0.0,1.45,1067
"Luncheon meat, NFS",2,101.4,16.7,0.27,3.73,0.0,0.0,1040
"Ham, prepackaged or deli, luncheon meat",2,101.4,16.7,0.27,3.73,0.0,0.0,1040
"Ham, prepackaged or deli, luncheon meat, reduced sodium",2,101.4,16.7,0.27,3.73,0.0,0.0,780
"Chicken, prepackaged or deli, luncheon meat",2,98.0,17.4,2.92,1.86,0.0,0.75,1032
"Chicken, prepackaged or deli, luncheon meat, reduced sodium",2,98.0,17.4,2.92,1.86,0.0,0.75,774
"Ham luncheon meat, loaf type",2,117.8,17.99,1.57,4.39,0.0,1.57,1193
"Ham and pork, canned luncheon meat, chopped, minced, pressed, spiced",2,311.4,13.4,4.6,26.6,0.0,0.0,1411
"Ham, pork and chicken, canned luncheon meat, chopped, minced, pressed, spiced, reduced fat and reduced sodium",2,289.5,12.5,3.4,25.1,0.0,0.0,1036
"Ham, pork, and chicken, canned luncheon meat, chopped, minced, pressed, spiced, reduced sodium",2,289.5,12.5,3.4,25.1,0.0,0.0,1036
Liverwurst,2,326.9,14.5,3.1,28.5,0.0,0.0,977
"Luncheon meat, loaf type",2,222.3,11.23,8.46,15.95,1.5,8.46,1040
"Turkey, prepackaged or deli, luncheon meat",2,102.0,14.81,2.2,3.77,0.0,0.91,898
"Turkey, prepackaged or deli, luncheon meat, reduced sodium",2,102.0,14.81,2.2,3.77,0.0,0.91,674
"Turkey ham, prepackaged or deli, luncheon meat",2,124.3,19.6,2.93,3.8,0.0,0.0,1038
"Beef, prepackaged or deli, luncheon meat",2,110.2,18.62,0.64,3.69,0.0,0.29,853
"Beef, prepackaged or deli, luncheon meat, reduced sodium",2,110.2,18.62,0.64,3.69,0.0,0.29,640
"Meat spread or potted meat, NFS",5,234.5,7.66,11.94,17.34,0.2,0.0,1013
Chicken salad spread,2,197.9,11.64,7.41,13.52,0.0,0.0,653
Ham salad spread,2,217.0,8.68,10.64,15.53,0.0,0.0,1075
"Fish, NS as to type, raw",2,104.6,18.13,0.0,3.57,0.0,0.0,88
"Fish, NS as to type, cooked, NS as to cooking method",2,162.3,22.17,0.1,8.14,0.0,0.04,420
"Fish, NS as to type, baked or broiled, made with oil",2,162.3,22.17,0.1,8.14,0.0,0.04,420
"Fish, NS as to type, baked or broiled, made with butter",2,156.1,22.2,0.1,7.43,0.0,0.04,444
"Fish, NS as to type, baked or broiled, made with margarine",2,150.6,22.17,0.13,6.82,0.0,0.04,446
"Fish, NS as to type, baked or broiled, no added fat",2,132.3,22.84,0.1,4.5,0.0,0.04,433
"Fish, NS as to type, baked or broiled, made with cooking spray",2,135.6,22.75,0.2,4.87,0.0,0.04,431
"Fish, NS as to type, coated, baked or broiled, made with oil",2,215.2,19.21,12.51,9.81,0.6,1.1,380
"Fish, NS as to type, coated, baked or broiled, made with butter",2,205.7,19.26,12.51,8.73,0.6,1.1,417
"Fish, NS as to type, coated, baked or broiled, made with margarine",2,197.3,19.22,12.56,7.8,0.6,1.1,420
"Fish, NS as to type, coated, baked or broiled, no added fat",2,171.1,20.11,13.1,4.25,0.6,1.15,398
"Fish, NS as to type, coated, baked or broiled, made with cooking spray",2,173.6,20.05,13.14,4.54,0.6,1.14,397
"Fish, NS as to type, coated, fried, made with oil",2,233.6,18.47,9.85,13.37,0.6,0.88,406
"Fish, NS as to type, coated, fried, made with butter",2,219.2,18.55,9.86,11.73,0.6,0.88,462
"Fish, NS as to type, coated, fried, made with margarine",2,206.6,18.49,9.93,10.33,0.6,0.88,466
"Fish, NS as to type, coated, fried, no added fat",2,182.8,21.74,11.6,5.49,0.7,1.03,478
"Fish, NS as to type, coated, fried, made with cooking spray",2,185.3,21.68,11.64,5.78,0.7,1.03,476
"Fish, NS as to type, steamed",2,152.9,25.78,0.0,5.53,0.0,0.0,407
"Fish, NS as to type, dried",2,272.6,62.82,0.0,2.37,0.0,0.0,7027
"Fish, NS as to type, canned",2,84.8,19.0,0.08,0.94,0.0,0.0,219
"Fish, NS as to type, smoked",2,112.0,18.28,0.0,4.32,0.0,0.0,672
"Fish, NS as to type, from fast food",2,218.6,13.49,16.89,10.79,0.9,0.45,561
"Fish stick, patty or nugget from fast food",5,276.8,11.01,21.66,16.23,1.5,1.65,402
"Fish stick, patty or nugget from restaurant, home, or other place",5,276.8,11.01,21.66,16.23,1.5,1.65,402
"Anchovy, cooked, NS as to cooking method",2,203.0,28.89,0.0,9.71,0.0,0.0,3668
"Anchovy, canned",2,203.0,28.89,0.0,9.71,0.0,0.0,3668
"Barracuda, cooked, NS as to cooking method",2,219.3,24.54,0.1,13.42,0.0,0.04,418
"Barracuda, baked or broiled, fat added",2,219.3,24.54,0.1,13.42,0.0,0.04,418
"Barracuda, baked or broiled, no added fat",2,191.0,25.28,0.1,9.94,0.0,0.04,431
"Barracuda, coated, baked or broiled, fat added",2,258.7,21.02,12.51,13.84,0.6,1.1,378
"Barracuda, coated, baked or broiled, no added fat",2,216.6,22.0,13.1,8.47,0.6,1.15,396
"Barracuda, coated, fried",2,273.5,20.13,9.85,17.06,0.6,0.88,404
"Barracuda, steamed or poached",2,190.2,25.24,0.0,9.92,0.0,0.0,419
"Carp, cooked, NS as to cooking method",2,248.3,18.22,9.85,15.11,0.6,0.88,373
"Carp, baked or broiled, fat added",2,183.2,21.8,0.1,10.62,0.0,0.04,373
"Carp, baked or broiled, no added fat",2,153.8,22.46,0.1,7.06,0.0,0.04,384
"Carp, coated, baked or broiled, fat added",2,231.2,18.93,12.51,11.71,0.6,1.1,344
"Carp, coated, baked or broiled, no added fat",2,187.8,19.82,13.1,6.23,0.6,1.15,360
"Carp, coated, fried",2,248.3,18.22,9.85,15.11,0.6,0.88,373
"Carp, steamed or poached",2,153.0,22.42,0.0,7.04,0.0,0.0,377
"Carp, smoked",2,190.0,27.84,0.0,8.74,0.0,0.0,681
"Catfish, cooked, NS as to cooking method",2,242.0,16.0,9.86,15.4,0.6,0.88,415
"Catfish, baked or broiled, made with oil",2,174.2,18.62,0.1,11.04,0.0,0.04,433
"Catfish, baked or broiled, made with butter",2,167.9,18.65,0.1,10.32,0.0,0.04,457
"Catfish, baked or broiled, made with margarine",2,162.5,18.63,0.13,9.72,0.0,0.04,459
"Catfish, baked or broiled, no added fat",2,144.4,19.18,0.1,7.48,0.0,0.04,446
"Catfish, baked or broiled, made with cooking spray",2,147.9,19.11,0.2,7.85,0.0,0.04,444
"Catfish, coated, baked or broiled, made with oil",2,224.2,16.5,12.51,12.02,0.6,1.1,389
"Catfish, coated, baked or broiled, made with butter",2,214.7,16.55,12.51,10.94,0.6,1.1,426
"Catfish, coated, baked or broiled, made with margarine",2,206.4,16.51,12.56,10.01,0.6,1.1,429
"Catfish, coated, baked or broiled, no added fat",2,180.6,17.28,13.1,6.56,0.6,1.15,408
"Catfish, coated, baked or broiled, made with cooking spray",2,183.1,17.23,13.14,6.85,0.6,1.14,407
"Catfish, coated, fried, made with oil",2,242.0,16.0,9.85,15.4,0.6,0.88,415
"Catfish, coated, fried, made with butter",2,227.5,16.07,9.86,13.75,0.6,0.88,471
"Catfish, coated, fried, made with margarine",2,214.9,16.01,9.93,12.35,0.6,0.88,475
"Catfish, coated, fried, no added fat",2,192.6,18.83,11.6,7.87,0.7,1.03,488
"Catfish, coated, fried, made with cooking spray",2,195.1,18.77,11.64,8.16,0.7,1.03,487
"Catfish, steamed or poached",2,143.8,19.15,0.0,7.47,0.0,0.0,433
"Cod, cooked, NS as to cooking method",2,113.6,18.67,0.1,4.28,0.0,0.04,446
"Cod, baked or broiled, made with oil",2,113.6,18.67,0.1,4.28,0.0,0.04,446
"Cod, baked or broiled, made with butter",2,107.2,18.7,0.1,3.56,0.0,0.04,470
"Cod, baked or broiled, made with margarine",2,101.9,18.68,0.13,2.96,0.0,0.04,472
"Cod, baked or broiled, no added fat",2,82.0,19.24,0.1,0.52,0.0,0.04,460
"Cod, baked or broiled, made with cooking spray",2,85.6,19.16,0.2,0.91,0.0,0.04,458
"Cod, coated, baked or broiled, made with oil",2,178.0,16.54,12.51,6.87,0.6,1.1,400
"Cod, coated, baked or broiled, made with butter",2,168.4,16.59,12.51,5.78,0.6,1.1,437
"Cod, coated, baked or broiled, made with margarine",2,160.2,16.55,12.56,4.86,0.6,1.1,440
"Cod, coated, baked or broiled, no added fat",2,132.1,17.32,13.1,1.16,0.6,1.15,418
"Cod, coated, baked or broiled, made with cooking spray",2,134.8,17.27,13.14,1.46,0.6,1.14,417
"Cod, coated, fried, made with oil",2,199.6,16.03,9.85,10.68,0.6,0.88,424
"Cod, coated, fried, made with butter",2,185.1,16.1,9.86,9.03,0.6,0.88,480
"Cod, coated, fried, made with margarine",2,172.6,16.05,9.93,7.63,0.6,0.88,485
"Cod, coated, fried, no added fat",2,142.7,18.87,11.6,2.31,0.7,1.03,499
"Cod, coated, fried, made with cooking spray",2,145.4,18.81,11.64,2.62,0.7,1.03,498
"Cod, steamed or poached",2,81.5,19.2,0.0,0.52,0.0,0.0,445
"Cod, dried, salted",2,272.6,62.82,0.0,2.37,0.0,0.0,7027
"Cod, dried, salted, salt removed in water",2,79.4,18.73,0.0,0.5,0.0,0.0,121
"Cod, smoked",2,101.4,23.91,0.0,0.64,0.0,0.0,625
"Croaker, cooked, NS as to cooking method",2,156.2,21.74,0.1,7.65,0.0,0.04,381
"Croaker, baked or broiled, fat added",2,156.2,21.74,0.1,7.65,0.0,0.04,381
"Croaker, baked or broiled, no added fat",2,126.0,22.4,0.1,4.0,0.0,0.04,393
"Croaker, coated, baked or broiled, fat added",2,210.5,18.88,12.51,9.44,0.6,1.1,350
"Croaker, coated, baked or broiled, no added fat",2,166.2,19.77,13.1,3.86,0.6,1.15,367
"Croaker, coated, fried",2,229.4,18.17,9.85,13.03,0.6,0.88,379
"Croaker, steamed or poached",2,125.4,22.36,0.0,3.99,0.0,0.0,385
"Eel, cooked, NS as to cooking method",2,292.8,18.67,9.34,20.09,0.3,0.07,284
"Eel, steamed or poached",2,224.7,23.19,0.0,14.66,0.0,0.0,380
"Eel, smoked",2,278.5,28.73,0.0,18.17,0.0,0.0,532
"Flounder, raw",0,67.0,12.41,0.0,1.93,0.0,0.0,81
"Flounder, cooked, NS as to cooking method",2,201.6,13.59,9.86,11.98,0.6,0.88,400
"Flounder, baked or broiled, made with oil",2,116.3,15.17,0.1,6.14,0.0,0.04,412
"Flounder, baked or broiled, made with butter",2,110.0,15.21,0.1,5.42,0.0,0.04,436
"Flounder, baked or broiled, made with margarine",2,104.6,15.18,0.13,4.82,0.0,0.04,438
"Flounder, baked or broiled, no added fat",2,84.8,15.63,0.1,2.43,0.0,0.04,424
"Flounder, baked or broiled, made with cooking spray",2,88.5,15.57,0.2,2.82,0.0,0.04,423
"Flounder, coated, baked or broiled, made with oil",2,180.0,13.87,12.51,8.28,0.6,1.1,374
"Flounder, coated, baked or broiled, made with butter",2,170.5,13.92,12.51,7.2,0.6,1.1,411
"Flounder, coated, baked or broiled, made with margarine",2,162.2,13.88,12.56,6.27,0.6,1.1,413
"Flounder, coated, baked or broiled, no added fat",2,134.3,14.52,13.1,2.65,0.6,1.15,391
"Flounder, coated, baked or broiled, made with cooking spray",2,136.9,14.48,13.14,2.94,0.6,1.14,390
"Flounder, coated, fried, made with oil",2,201.6,13.59,9.85,11.98,0.6,0.88,400
"Flounder, coated, fried, made with butter",2,187.0,13.66,9.86,10.33,0.6,0.88,456
"Flounder, coated, fried, made with margarine",2,174.5,13.6,9.93,8.93,0.6,0.88,461
"Flounder, coated, fried, no added fat",2,144.9,15.99,11.6,3.84,0.7,1.03,471
"Flounder, coated, fried, made with cooking spray",2,147.6,15.94,11.64,4.14,0.7,1.03,470
"Flounder, steamed or poached",2,84.3,15.61,0.0,2.43,0.0,0.0,414
"Flounder, smoked",2,161.9,29.98,0.0,4.66,0.0,0.0,196
"Haddock, cooked, NS as to cooking method",2,119.1,19.93,0.1,4.33,0.0,0.04,396
"Haddock, baked or broiled, fat added",2,119.1,19.93,0.1,4.33,0.0,0.04,396
"Haddock, baked or broiled, no added fat",2,87.6,20.53,0.1,0.57,0.0,0.04,408
"Haddock, coated, baked or broiled, fat added",2,182.1,17.5,12.51,6.9,0.6,1.1,361
"Haddock, coated, baked or broiled, no added fat",2,136.5,18.32,13.1,1.2,0.6,1.15,378
"Haddock, coated, fried",2,203.4,16.91,9.85,10.71,0.6,0.88,389
"Haddock, steamed or poached",2,87.1,20.5,0.0,0.57,0.0,0.0,399
"Haddock, smoked",2,109.6,25.23,0.0,0.96,0.0,0.0,763
"Halibut, raw",2,86.2,18.56,0.0,1.33,0.0,0.0,68
"Halibut, cooked, NS as to cooking method",2,139.8,22.69,0.1,5.4,0.0,0.04,396
"Halibut, baked or broiled, made with oil",2,139.8,22.69,0.1,5.4,0.0,0.04,396
"Halibut, baked or broiled, made with butter",2,133.5,22.72,0.1,4.69,0.0,0.04,420
"Halibut, baked or broiled, made with margarine",2,128.0,22.7,0.13,4.08,0.0,0.04,422
"Halibut, baked or broiled, no added fat",2,109.0,23.38,0.1,1.68,0.0,0.04,408
"Halibut, baked or broiled, made with cooking spray",2,112.5,23.29,0.2,2.06,0.0,0.04,407
"Halibut, coated, baked or broiled, made with oil",2,198.0,19.61,12.51,7.73,0.6,1.1,361
"Halibut, coated, baked or broiled, made with butter",2,188.4,19.66,12.51,6.64,0.6,1.1,398
"Halibut, coated, baked or broiled, made with margarine",2,180.1,19.62,12.56,5.71,0.6,1.1,401
"Halibut, coated, baked or broiled, no added fat",2,153.1,20.53,13.1,2.06,0.6,1.15,378
"Halibut, coated, baked or broiled, made with cooking spray",2,155.7,20.47,13.14,2.36,0.6,1.14,377
"Halibut, coated, fried, made with oil",2,217.9,18.84,9.85,11.46,0.6,0.88,389
"Halibut, coated, fried, made with butter",2,203.5,18.91,9.86,9.82,0.6,0.88,445
"Halibut, coated, fried, made with margarine",2,190.9,18.85,9.93,8.42,0.6,0.88,450
"Halibut, coated, fried, no added fat",2,164.2,22.17,11.6,3.24,0.7,1.03,458
"Halibut, coated, fried, made with cooking spray",2,166.8,22.1,11.64,3.54,0.7,1.03,457
"Halibut, steamed or poached",2,108.4,23.34,0.0,1.67,0.0,0.0,399
"Halibut, smoked",2,207.2,44.61,0.0,3.2,0.0,0.0,628
"Herring, raw",2,153.2,17.96,0.0,9.04,0.0,0.0,90
"Herring, cooked, NS as to cooking method",2,221.7,21.96,0.1,14.83,0.0,0.04,423
"Herring, baked or broiled, fat added",2,221.7,21.96,0.1,14.83,0.0,0.04,423
"Herring, baked or broiled, no added fat",2,193.4,22.62,0.1,11.39,0.0,0.04,436
"Herring, coated, baked or broiled, fat added",2,260.5,19.05,12.51,14.92,0.6,1.1,382
"Herring, coated, baked or broiled, no added fat",2,218.5,19.94,13.1,9.59,0.6,1.15,400
"Herring, coated, fried",2,275.1,18.33,9.85,18.04,0.6,0.88,408
"Herring, pickled, in cream sauce",2,245.8,11.73,8.59,18.28,0.0,6.81,694
"Herring, dried, salted",2,475.2,55.71,0.0,28.04,0.0,0.0,1179
"Herring, pickled",2,257.3,14.19,9.64,18.0,0.0,7.71,870
"Herring, smoked, kippered",2,209.6,24.58,0.0,12.37,0.0,0.0,918
"Mackerel, raw",2,183.5,19.08,0.0,11.91,0.0,0.0,89
"Mackerel, cooked, NS as to cooking method",2,258.5,23.34,0.1,18.3,0.0,0.04,421
"Mackerel, baked or broiled, fat added",2,258.6,23.34,0.1,18.31,0.0,0.04,421
"Mackerel, baked or broiled, no added fat",2,231.4,24.05,0.1,14.98,0.0,0.04,434
"Mackerel, coated, baked or broiled, fat added",2,288.6,20.1,12.51,17.57,0.6,1.1,381
"Mackerel, coated, baked or broiled, no added fat",2,247.9,21.05,13.09,12.37,0.6,1.15,398
"Mackerel, coated, fried",2,300.8,19.29,9.85,20.47,0.6,0.88,407
"Mackerel, pickled",2,216.3,11.07,4.02,17.33,0.6,1.28,539
"Mackerel, canned",2,149.5,23.19,0.0,6.3,0.0,0.0,379
"Mackerel, smoked",2,192.5,25.54,0.0,10.04,0.0,0.0,397
"Mullet, raw",2,111.5,19.35,0.0,3.79,0.0,0.0,65
"Mullet, cooked, NS as to cooking method",2,239.5,19.51,9.86,13.56,0.6,0.88,387
"Mullet, baked or broiled, fat added",2,170.7,23.66,0.1,8.41,0.0,0.04,392
"Mullet, baked or broiled, no added fat",2,140.9,24.37,0.1,4.78,0.0,0.04,404
"Mullet, coated, baked or broiled, fat added",2,221.6,20.34,12.51,10.02,0.6,1.1,359
"Mullet, coated, baked or broiled, no added fat",2,177.7,21.3,13.1,4.46,0.6,1.15,375
"Mullet, coated, fried",2,239.5,19.51,9.85,13.56,0.6,0.88,387
"Mullet, steamed or poached",2,140.2,24.33,0.0,4.77,0.0,0.0,395
"Ocean perch, raw",0,75.1,15.31,0.0,1.54,0.0,0.0,75
"Ocean perch, cooked, NS as to cooking method",2,126.2,18.72,0.1,5.66,0.0,0.04,405
"Ocean perch, baked or broiled, fat added",2,126.2,18.72,0.1,5.66,0.0,0.04,405
"Ocean perch, baked or broiled, no added fat",2,95.0,19.29,0.1,1.94,0.0,0.04,417
"Ocean perch, coated, baked or broiled, fat added",2,187.6,16.58,12.51,7.92,0.6,1.1,368
"Ocean perch, coated, baked or broiled, no added fat",2,142.3,17.36,13.1,2.27,0.6,1.15,385
"Ocean perch, coated, fried",2,208.4,16.07,9.85,11.64,0.6,0.88,395
"Ocean perch, steamed or poached",2,94.5,19.25,0.0,1.94,0.0,0.0,407
"Perch, cooked, NS as to cooking method",2,217.6,19.55,9.86,11.11,0.6,0.88,384
"Perch, baked or broiled, made with oil",2,139.3,23.71,0.1,4.9,0.0,0.04,389
"Perch, baked or broiled, made with butter",2,133.1,23.74,0.1,4.19,0.0,0.04,413
"Perch, baked or broiled, made with margarine",2,127.6,23.71,0.13,3.58,0.0,0.04,415
"Perch, baked or broiled, no added fat",2,108.5,24.42,0.1,1.16,0.0,0.04,400
"Perch, baked or broiled, made with cooking spray",2,112.1,24.33,0.2,1.55,0.0,0.04,399
"Perch, coated, baked or broiled, made with oil",2,197.6,20.38,12.51,7.34,0.6,1.1,356
"Perch, coated, baked or broiled, made with butter",2,188.1,20.43,12.51,6.26,0.6,1.1,393
"Perch, coated, baked or broiled, made with margarine",2,179.8,20.39,12.56,5.33,0.6,1.1,396
"Perch, coated, baked or broiled, no added fat",2,152.7,21.34,13.1,1.66,0.6,1.15,373
"Perch, coated, baked or broiled, made with cooking spray",2,155.3,21.28,13.14,1.96,0.6,1.14,372
"Perch, coated, fried, made with oil",2,217.6,19.55,9.85,11.11,0.6,0.88,384
"Perch, coated, fried, made with butter",2,203.2,19.62,9.86,9.47,0.6,0.88,440
"Perch, coated, fried, made with margarine",2,190.6,19.56,9.93,8.07,0.6,0.88,444
"Perch, coated, fried, no added fat",2,163.8,23.0,11.6,2.82,0.7,1.03,452
"Perch, coated, fried, made with cooking spray",2,166.5,22.94,11.64,3.13,0.7,1.03,451
"Perch, steamed or poached",2,108.0,24.38,0.0,1.16,0.0,0.0,392
"Pike, cooked, NS as to cooking method",2,232.2,19.15,13.87,11.13,0.9,1.22,390
"Pike, baked or broiled, fat added",2,136.2,23.55,0.1,4.62,0.0,0.04,361
"Pike, baked or broiled, no added fat",2,105.3,24.26,0.1,0.87,0.0,0.04,371
"Pike, coated, baked or broiled, fat added",2,195.2,20.26,12.51,7.13,0.6,1.1,334
"Pike, coated, baked or broiled, no added fat",2,150.2,21.21,13.1,1.44,0.6,1.15,350
"Pike, coated, fried",2,215.4,19.44,9.85,10.92,0.6,0.88,364
"Pike, steamed or poached",2,104.7,24.22,0.0,0.87,0.0,0.0,366
"Pompano, raw",2,159.2,18.48,0.0,9.47,0.0,0.0,65
"Pompano, cooked, NS as to cooking method",2,228.9,22.59,0.1,15.35,0.0,0.04,392
"Pompano, baked or broiled, fat added",2,228.9,22.59,0.1,15.35,0.0,0.04,392
"Pompano, baked or broiled, no added fat",2,200.9,23.28,0.1,11.93,0.0,0.04,404
"Pompano, coated, baked or broiled, fat added",2,266.0,19.53,12.51,15.32,0.6,1.1,359
"Pompano, coated, baked or broiled, no added fat",2,224.3,20.45,13.1,10.01,0.6,1.15,375
"Pompano, coated, fried",2,280.2,18.77,9.85,18.41,0.6,0.88,387
"Pompano, steamed or poached",2,200.1,23.24,0.0,11.91,0.0,0.0,395
"Pompano, smoked",2,185.9,21.58,0.0,11.06,0.0,0.0,415
"Porgy, raw",2,100.1,18.88,0.0,2.73,0.0,0.0,42
"Porgy, cooked, NS as to cooking method",2,156.7,23.08,0.1,7.11,0.0,0.04,364
"Porgy, baked or broiled, fat added",2,156.7,23.08,0.1,7.11,0.0,0.04,364
"Porgy, baked or broiled, no added fat",2,126.5,23.78,0.1,3.44,0.0,0.04,375
"Porgy, coated, baked or broiled, fat added",2,211.0,19.91,12.51,9.03,0.6,1.1,337
"Porgy, coated, baked or broiled, no added fat",2,166.6,20.84,13.1,3.43,0.6,1.15,353
"Porgy, coated, fried",2,229.8,19.11,9.85,12.66,0.6,0.88,367
"Porgy, steamed or poached",2,125.8,23.74,0.0,3.43,0.0,0.0,369
"Ray, cooked, NS as to cooking method",2,186.6,25.65,0.1,9.29,0.0,0.04,409
"Ray, baked or broiled, fat added",2,186.6,25.65,0.1,9.29,0.0,0.04,409
"Ray, baked or broiled, no added fat",2,157.2,26.43,0.1,5.68,0.0,0.04,422
"Ray, coated, baked or broiled, fat added",2,233.7,21.86,12.51,10.69,0.6,1.1,372
"Ray, coated, baked or broiled, no added fat",2,190.5,22.89,13.1,5.17,0.6,1.15,389
"Ray, coated, fried",2,250.6,20.9,9.85,14.18,0.6,0.88,399
"Ray, steamed or poached",2,156.6,26.38,0.0,5.67,0.0,0.0,411
"Salmon, raw",2,121.6,20.5,0.0,4.4,0.0,0.0,75
"Salmon, cooked, NS as to cooking method",2,183.0,25.06,0.1,9.15,0.0,0.04,405
"Salmon, baked or broiled, made with oil",2,183.0,25.06,0.1,9.15,0.0,0.04,405
"Salmon, baked or broiled, made with butter",2,176.7,25.09,0.1,8.44,0.0,0.04,429
"Salmon, baked or broiled, made with margarine",2,171.4,25.07,0.13,7.84,0.0,0.04,431
"Salmon, baked or broiled, no added fat",2,153.5,25.82,0.1,5.54,0.0,0.04,417
"Salmon, baked or broiled, made with cooking spray",2,157.0,25.72,0.2,5.92,0.0,0.04,415
"Salmon, coated, baked or broiled, made with oil",2,231.0,21.42,12.51,10.59,0.6,1.1,368
"Salmon, coated, baked or broiled, made with butter",2,221.4,21.47,12.51,9.5,0.6,1.1,405
"Salmon, coated, baked or broiled, made with margarine",2,213.2,21.43,12.56,8.58,0.6,1.1,408
"Salmon, coated, baked or broiled, no added fat",2,187.6,22.42,13.1,5.06,0.6,1.15,385
"Salmon, coated, baked or broiled, made with cooking spray",2,190.2,22.36,13.14,5.35,0.6,1.14,384
"Salmon, coated, fried, made with oil",2,248.1,20.5,9.85,14.08,0.6,0.88,395
"Salmon, coated, fried, made with butter",2,233.7,20.57,9.86,12.44,0.6,0.88,451
"Salmon, coated, fried, made with margarine",2,221.1,20.51,9.93,11.04,0.6,0.88,455
"Salmon, coated, fried, no added fat",2,199.8,24.12,11.6,6.32,0.7,1.03,465
"Salmon, coated, fried, made with cooking spray",2,202.2,24.05,11.64,6.61,0.7,1.03,464
"Salmon, steamed or poached",2,152.9,25.78,0.0,5.53,0.0,0.0,407
"Salmon, dried",2,380.0,64.06,0.0,13.75,0.0,0.0,234
"Salmon, canned",2,131.5,20.55,0.0,5.48,0.0,0.0,403
"Salmon, smoked",2,112.0,18.28,0.0,4.32,0.0,0.0,672
"Sardines, cooked",2,201.5,24.62,0.0,11.45,0.0,0.0,307
"Sardines, dried",2,392.9,46.06,0.0,23.18,0.0,0.0,230
"Sardines, canned in oil",2,201.5,24.62,0.0,11.45,0.0,0.0,307
"Sardines, skinless, boneless, packed in water",2,179.6,20.86,0.54,10.45,0.1,0.43,414
"Sea bass, cooked, NS as to cooking method",2,146.5,22.53,0.1,6.22,0.0,0.04,396
"Sea bass, baked or broiled, fat added",2,146.5,22.53,0.1,6.22,0.0,0.04,396
"Sea bass, baked or broiled, no added fat",2,116.0,23.22,0.1,2.52,0.0,0.04,408
"Sea bass, coated, baked or broiled, fat added",2,203.1,19.49,12.51,8.35,0.6,1.1,361
"Sea bass, coated, baked or broiled, no added fat",2,158.5,20.4,13.1,2.72,0.6,1.15,378
"Sea bass, coated, fried",2,222.7,18.73,9.85,12.04,0.6,0.88,389
"Sea bass, steamed or poached",2,115.4,23.18,0.0,2.52,0.0,0.0,399
"Sea bass, pickled",2,155.0,10.98,4.02,10.56,0.6,1.28,527
"Shark, cooked, NS as to cooking method",2,186.6,25.65,0.1,9.29,0.0,0.04,409
"Shark, baked or broiled, fat added",2,186.6,25.65,0.1,9.29,0.0,0.04,409
"Shark, baked or broiled, no added fat",2,157.2,26.43,0.1,5.68,0.0,0.04,422
"Shark, coated, baked or broiled, fat added",2,233.7,21.86,12.51,10.69,0.6,1.1,372
"Shark, coated, baked or broiled, no added fat",2,190.5,22.89,13.1,5.17,0.6,1.15,389
"Shark, coated, fried",2,250.6,20.9,9.85,14.18,0.6,0.88,399
"Shark, steamed or poached",2,156.6,26.38,0.0,5.67,0.0,0.0,411
"Sturgeon, cooked, NS as to cooking method",2,157.7,19.73,0.1,8.71,0.0,0.04,379
"Sturgeon, baked or broiled, fat added",2,157.7,19.73,0.1,8.71,0.0,0.04,379
"Sturgeon, steamed",2,126.9,20.3,0.0,5.08,0.0,0.0,383
"Sturgeon, coated, fried",2,230.5,16.77,9.85,13.78,0.6,0.88,377
"Sturgeon, smoked",2,164.4,31.2,0.0,4.4,0.0,0.0,739
"Swordfish, cooked, NS as to cooking method",2,203.7,24.04,0.1,11.9,0.0,0.04,412
"Swordfish, baked or broiled, fat added",2,203.7,24.04,0.1,11.9,0.0,0.04,412
"Swordfish, baked or broiled, no added fat",2,174.9,24.76,0.1,8.38,0.0,0.04,424
"Swordfish, coated, baked or broiled, fat added",2,246.8,20.63,12.51,12.69,0.6,1.1,374
"Swordfish, coated, baked or broiled, no added fat",2,204.1,21.6,13.1,7.26,0.6,1.15,391
"Swordfish, coated, fried",2,262.5,19.78,9.85,16.0,0.6,0.88,400
"Swordfish, steamed or poached",2,174.1,24.72,0.0,8.36,0.0,0.0,414
"Trout, cooked, NS as to cooking method",2,199.9,24.38,0.1,11.33,0.0,0.04,375
"Trout, baked or broiled, made with oil",2,199.9,24.38,0.1,11.33,0.0,0.04,375
"Trout, baked or broiled, made with butter",2,193.6,24.41,0.1,10.62,0.0,0.04,399
"Trout, baked or broiled, made with margarine",2,188.1,24.38,0.13,10.01,0.0,0.04,401
"Trout, baked or broiled, no added fat",2,171.0,25.12,0.1,7.79,0.0,0.04,387
"Trout, baked or broiled, made with cooking spray",2,174.2,25.02,0.2,8.15,0.0,0.04,385
"Trout, coated, baked or broiled, made with oil",2,243.9,20.9,12.51,12.25,0.6,1.1,346
"Trout, coated, baked or broiled, made with butter",2,234.2,20.94,12.51,11.16,0.6,1.1,383
"Trout, coated, baked or broiled, made with margarine",2,226.0,20.9,12.56,10.24,0.6,1.1,385
"Trout, coated, baked or broiled, no added fat",2,201.1,21.88,13.1,6.8,0.6,1.15,362
"Trout, coated, baked or broiled, made with cooking spray",2,203.5,21.81,13.14,7.08,0.6,1.14,361
"Trout, coated, fried, made with oil",2,259.9,20.02,9.85,15.6,0.6,0.88,375
"Trout, coated, fried, made with butter",2,245.4,20.09,9.86,13.96,0.6,0.88,431
"Trout, coated, fried, made with margarine",2,232.9,20.03,9.93,12.56,0.6,0.88,435
"Trout, coated, fried, no added fat",2,213.6,23.56,11.6,8.11,0.7,1.03,441
"Trout, coated, fried, made with cooking spray",2,216.1,23.49,11.64,8.4,0.7,1.03,440
"Trout, steamed or poached",2,170.2,25.08,0.0,7.77,0.0,0.0,380
"Trout, smoked",2,240.8,35.47,0.0,10.99,0.0,0.0,607
"Tuna, fresh, raw",2,102.0,24.4,0.0,0.49,0.0,0.0,45
"Tuna, fresh, cooked, NS as to cooking method",2,159.1,29.83,0.1,4.38,0.0,0.04,368
"Tuna, fresh, baked or broiled, fat added",2,159.1,29.83,0.1,4.38,0.0,0.04,368
"Tuna, fresh, baked or broiled, no added fat",2,128.9,30.73,0.1,0.62,0.0,0.04,379
"Tuna, fresh, coated, baked or broiled, fat added",2,212.7,25.05,12.51,6.94,0.6,1.1,340
"Tuna, fresh, coated, baked or broiled, no added fat",2,168.5,26.23,13.1,1.24,0.6,1.15,356
"Tuna, fresh, coated, fried",2,231.4,23.82,9.85,10.75,0.6,0.88,369
"Tuna, fresh, steamed or poached",2,128.3,30.68,0.0,0.62,0.0,0.0,373
"Tuna, fresh, dried",2,318.8,76.25,0.0,1.53,0.0,0.0,141
"Tuna, fresh, smoked",2,192.5,25.54,0.0,10.04,0.0,0.0,397
"Tuna, canned, NS as to oil or water pack",2,84.8,19.0,0.08,0.94,0.0,0.0,219
"Tuna, canned, oil pack",2,190.4,29.13,0.0,8.21,0.0,0.0,416
"Tuna, canned, water pack",2,84.8,19.0,0.08,0.94,0.0,0.0,219
"Whiting, cooked, NS as to cooking method",2,216.9,18.62,9.86,11.44,0.6,0.88,393
"Whiting, baked or broiled, made with oil",2,138.4,22.39,0.1,5.38,0.0,0.04,401
"Whiting, baked or broiled, made with butter",2,132.0,22.42,0.1,4.66,0.0,0.04,425
"Whiting, baked or broiled, made with margarine",2,126.6,22.39,0.13,4.06,0.0,0.04,427
"Whiting, baked or broiled, no added fat",2,107.5,23.06,0.1,1.65,0.0,0.04,413
"Whiting, baked or broiled, made with cooking spray",2,111.1,22.98,0.2,2.04,0.0,0.04,412
"Whiting, coated, baked or broiled, made with oil",2,197.0,19.38,12.51,7.71,0.6,1.1,365
"Whiting, coated, baked or broiled, made with butter",2,187.3,19.42,12.51,6.62,0.6,1.1,402
"Whiting, coated, baked or broiled, made with margarine",2,179.0,19.38,12.56,5.69,0.6,1.1,405
"Whiting, coated, baked or broiled, no added fat",2,151.9,20.28,13.1,2.04,0.6,1.15,382
"Whiting, coated, baked or broiled, made with cooking spray",2,154.5,20.23,13.14,2.34,0.6,1.14,381
"Whiting, coated, fried, made with oil",2,216.9,18.62,9.85,11.45,0.6,0.88,393
"Whiting, coated, fried, made with butter",2,202.4,18.7,9.86,9.8,0.6,0.88,449
"Whiting, coated, fried, made with margarine",2,189.9,18.64,9.93,8.4,0.6,0.88,453
"Whiting, coated, fried, no added fat",2,163.1,21.92,11.6,3.22,0.7,1.03,462
"Whiting, coated, fried, made with cooking spray",2,165.6,21.85,11.64,3.52,0.7,1.03,461
"Whiting, steamed or poached",2,106.9,23.02,0.0,1.65,0.0,0.0,403
"Tilapia, cooked, NS as to cooking method",2,151.2,24.55,0.1,5.85,0.0,0.04,376
"Tilapia, baked or broiled, made with oil",2,151.2,24.55,0.1,5.85,0.0,0.04,376
"Tilapia, baked or broiled, made with butter",2,145.0,24.58,0.1,5.14,0.0,0.04,401
"Tilapia, baked or broiled, made with margarine",2,139.6,24.56,0.13,4.54,0.0,0.04,403
"Tilapia, baked or broiled, no added fat",2,120.8,25.29,0.1,2.14,0.0,0.04,388
"Tilapia, baked or broiled, made with cooking spray",2,124.4,25.2,0.2,2.53,0.0,0.04,387
"Tilapia, coated, baked or broiled, made with oil",2,206.8,21.02,12.51,8.07,0.6,1.1,346
"Tilapia, coated, baked or broiled, made with butter",2,197.1,21.07,12.51,6.98,0.6,1.1,383
"Tilapia, coated, baked or broiled, made with margarine",2,188.9,21.04,12.56,6.06,0.6,1.1,386
"Tilapia, coated, baked or broiled, no added fat",2,162.2,22.01,13.1,2.42,0.6,1.15,363
"Tilapia, coated, baked or broiled, made with cooking spray",2,164.8,21.95,13.14,2.72,0.6,1.14,362
"Tilapia, coated, fried, made with oil",2,226.0,20.14,9.85,11.78,0.6,0.88,375
"Tilapia, coated, fried, made with butter",2,211.4,20.21,9.86,10.13,0.6,0.88,431
"Tilapia, coated, fried, made with margarine",2,198.9,20.15,9.93,8.73,0.6,0.88,436
"Tilapia, coated, fried, no added fat",2,173.7,23.7,11.6,3.61,0.7,1.03,442
"Tilapia, coated, fried, made with cooking spray",2,176.3,23.63,11.64,3.91,0.7,1.03,441
"Tilapia, steamed or poached",2,120.3,25.25,0.0,2.14,0.0,0.0,381
"Frog legs, NS as to cooking method",2,210.0,17.62,10.21,10.97,0.6,0.91,395
"Frog legs, steamed",2,85.9,20.62,0.0,0.38,0.0,0.0,388
"Octopus, cooked, NS as to cooking method",2,218.5,16.3,12.16,11.63,0.6,0.91,547
"Octopus, steamed",2,154.6,29.62,4.37,2.07,0.0,0.0,711
"Octopus, dried",2,294.9,56.52,8.34,3.94,0.0,0.0,1312
"Octopus, dried, boiled",2,154.9,29.69,4.38,2.07,0.0,0.0,559
"Octopus, smoked",2,155.6,29.82,4.4,2.08,0.0,0.0,460
"Roe, shad, cooked",2,221.5,27.29,1.93,11.62,0.0,0.04,424
"Roe, herring",2,153.1,22.32,1.5,6.42,0.0,0.0,91
"Roe, sturgeon",2,275.5,24.6,4.0,17.9,0.0,0.0,1500
"Squid, raw",0,87.1,15.58,3.08,1.38,0.0,0.0,44
"Squid, baked or broiled, fat added",2,137.3,18.57,3.76,5.33,0.0,0.03,358
"Squid, baked or broiled, no added fat",2,107.4,19.14,3.88,1.7,0.0,0.04,368
"Squid, coated, baked or broiled, fat added",2,193.9,16.41,15.0,7.58,0.6,1.07,331
"Squid, coated, baked or broiled, no added fat",2,150.1,17.18,15.7,2.06,0.6,1.12,346
"Squid, coated, fried",2,226.7,16.89,12.94,11.93,0.6,0.91,382
"Squid, steamed or boiled",2,173.4,31.02,6.13,2.75,0.0,0.0,427
"Squid, dried",2,329.3,58.94,11.65,5.22,0.0,0.0,899
"Squid, pickled",2,83.4,14.93,2.96,1.32,0.0,0.01,1515
"Squid, canned",2,100.1,17.9,3.54,1.59,0.0,0.0,312
"Turtle, cooked, NS as to cooking method",2,133.3,23.6,0.09,4.28,0.0,0.03,386
"Abalone, cooked, NS as to cooking method",2,151.9,20.38,7.26,4.59,0.0,0.03,664
"Abalone, floured or breaded, fried",2,237.5,18.24,15.53,11.38,0.6,0.91,610
"Abalone, steamed or poached",2,197.7,34.05,11.97,1.51,0.0,0.0,939
"Clams, raw",0,81.6,14.67,3.57,0.96,0.0,0.0,56
"Clams, cooked, NS as to cooking method",2,130.8,17.49,4.35,4.83,0.0,0.03,372
"Clams, baked or broiled, fat added",2,130.8,17.49,4.35,4.83,0.0,0.03,372
"Clams, baked or broiled, no added fat",2,100.6,18.02,4.48,1.18,0.0,0.04,383
"Clams, coated, baked or broiled, fat added",2,188.9,15.58,15.44,7.2,0.6,1.07,341
"Clams, coated, baked or broiled, no added fat",2,144.9,16.31,16.17,1.66,0.6,1.12,357
"Clams, coated, fried",2,221.9,16.09,13.37,11.56,0.6,0.91,393
"Clams, steamed or boiled",2,162.5,29.21,7.11,1.91,0.0,0.0,451
"Clams, canned",2,102.0,18.34,4.46,1.2,0.0,0.0,70
"Clams, smoked, in oil",2,189.1,16.64,4.05,11.82,0.0,0.0,393
"Crab, cooked, NS as to cooking method",2,77.7,17.76,0.0,0.74,0.0,0.0,647
"Crab, baked or broiled, fat added",2,126.6,21.31,0.09,4.56,0.0,0.03,776
"Crab, baked or broiled, no added fat",2,96.4,21.96,0.1,0.91,0.0,0.04,799
"Crab, coated, baked or broiled, fat added",2,185.8,18.5,12.2,7.0,0.6,1.07,650
"Crab, coated, baked or broiled, no added fat",2,141.6,19.37,12.77,1.45,0.6,1.12,680
"Crab, hard shell, steamed",2,77.7,17.76,0.0,0.74,0.0,0.0,647
"Crab, canned",2,78.2,17.88,0.0,0.74,0.0,0.0,563
"Crab, soft shell, coated, fried",2,218.8,18.93,10.21,11.36,0.6,0.91,693
"Crayfish, coated, fried",2,213.8,17.24,10.21,11.55,0.6,0.91,395
"Crayfish, boiled or steamed",2,77.4,16.66,0.0,1.19,0.0,0.0,348
"Lobster, cooked, NS as to cooking method",2,83.2,18.88,0.0,0.85,0.0,0.0,737
"Lobster, baked or broiled, fat added",2,120.3,19.69,0.09,4.58,0.0,0.03,809
"Lobster, baked or broiled, no added fat",2,89.8,20.29,0.1,0.92,0.0,0.04,834
"Lobster, coated, fried",2,214.0,17.72,10.21,11.37,0.6,0.91,717
"Lobster, steamed or boiled",2,83.2,18.88,0.0,0.85,0.0,0.0,665
"Lobster, coated, baked or broiled, fat added",2,180.8,17.26,12.2,7.0,0.6,1.07,675
"Lobster, coated, baked or broiled, no added fat",2,136.5,18.07,12.77,1.46,0.6,1.12,707
"Lobster, canned",2,83.7,19.0,0.0,0.86,0.0,0.0,486
"Mussels, raw",0,82.5,11.9,3.69,2.24,0.0,0.0,286
"Mussels, cooked, NS as to cooking method",2,164.3,23.7,7.35,4.46,0.0,0.0,909
"Mussels, steamed or poached",2,164.3,23.7,7.35,4.46,0.0,0.0,909
"Oysters, raw",0,49.1,5.71,2.72,1.71,0.0,0.62,85
"Oysters, cooked, NS as to cooking method",0,193.1,8.16,12.62,12.22,0.6,1.46,418
"Oysters, baked or broiled, fat added",0,92.1,6.81,3.34,5.72,0.0,0.77,406
"Oysters, baked or broiled, no added fat",0,60.7,7.02,3.44,2.1,0.0,0.8,419
"Oysters, steamed",0,97.8,11.37,5.42,3.4,0.0,1.24,509
"Oysters, coated, fried",0,193.1,8.16,12.62,12.22,0.6,1.46,418
"Oysters, coated, baked or broiled, fat added",0,159.3,7.43,14.67,7.88,0.6,1.63,368
"Oysters, coated, baked or broiled, no added fat",0,113.9,7.78,15.36,2.37,0.6,1.71,385
"Oysters, canned",0,71.8,7.67,4.25,2.68,0.0,0.0,122
"Oysters, smoked",0,79.2,9.2,4.38,2.76,0.0,1.0,605
"Scallops, cooked, NS as to cooking method",2,111.4,14.38,3.88,4.26,0.0,0.03,497
"Scallops, baked or broiled, fat added",2,111.4,14.38,3.88,4.26,0.0,0.03,497
"Scallops, baked or broiled, no added fat",2,80.6,14.81,4.0,0.6,0.0,0.04,512
"Scallops, steamed or boiled",2,130.2,24.01,6.33,0.98,0.0,0.0,660
"Scallops, coated, fried",2,207.5,13.78,13.03,11.14,0.6,0.91,486
"Scallops, coated, baked or broiled, fat added",2,174.1,13.21,15.09,6.77,0.6,1.07,437
"Scallops, coated, baked or broiled, no added fat",2,129.4,13.83,15.8,1.21,0.6,1.12,457
"Shrimp, cooked, NS as to cooking method",2,209.1,15.15,11.02,11.6,0.6,0.91,448
"Shrimp, baked or broiled, made with oil",2,113.6,16.23,1.18,4.88,0.0,0.03,447
"Shrimp, baked or broiled, made with butter",2,107.5,16.26,1.18,4.19,0.0,0.04,471
"Shrimp, baked or broiled, made with margarine",2,102.2,16.23,1.21,3.6,0.0,0.03,472
"Shrimp, baked or broiled, no added fat",2,82.9,16.72,1.21,1.24,0.0,0.04,460
"Shrimp, baked or broiled, made with cooking spray",2,86.4,16.65,1.31,1.62,0.0,0.04,459
"Shrimp, steamed or boiled",2,85.7,17.37,1.16,1.29,0.0,0.0,347
"Shrimp, coated, fried, made with oil",2,209.1,15.15,11.02,11.6,0.6,0.91,448
"Shrimp, coated, fried, made with butter",2,194.0,15.22,11.02,9.89,0.6,0.91,507
"Shrimp, coated, fried, made with margarine",2,181.0,15.16,11.09,8.44,0.6,0.91,511
"Shrimp, coated, fried, no added fat",2,141.4,16.77,12.2,2.84,0.7,1.0,496
"Shrimp, coated, fried, made with cooking spray",2,144.1,16.72,12.24,3.14,0.7,1.0,495
"Shrimp, coated, fried, from fast food / restaurant",5,307.9,12.67,22.29,18.67,1.5,0.91,1125
"Shrimp, coated, baked or broiled, made with oil",2,175.7,14.62,13.02,7.24,0.6,1.07,399
"Shrimp, coated, baked or broiled, made with butter",2,166.4,14.66,13.03,6.18,0.6,1.07,435
"Shrimp, coated, baked or broiled, made with margarine",2,158.3,14.63,13.07,5.28,0.6,1.07,438
"Shrimp, coated, baked or broiled, no added fat",2,131.1,15.3,13.64,1.7,0.6,1.12,417
"Shrimp, coated, baked or broiled, made with cooking spray",2,133.8,15.26,13.68,2.0,0.6,1.12,416
"Shrimp, dried",2,237.8,51.7,0.0,3.44,0.0,0.0,2203
"Shrimp, canned",2,93.9,20.42,0.0,1.36,0.0,0.0,870
"Snails, cooked, NS as to cooking method",2,134.8,19.19,2.48,5.35,0.0,0.03,388
Beef with tomato-based sauce,2,150.4,21.72,1.58,6.36,0.4,1.06,363
Beef goulash,0,99.9,13.69,2.79,3.78,0.4,1.07,223
Beef burgundy,2,144.2,18.5,4.06,5.99,0.7,1.45,369
"Beef stew, no potatoes, tomato-based sauce, Mexican style",2,112.0,14.8,3.33,4.39,0.5,1.13,436
"Beef stew, no potatoes, tomato-based sauce, with chili peppers, Mexican style",0,93.4,11.34,4.37,3.39,1.2,2.04,327
"Chili con carne, NS as to beans",0,99.0,8.05,7.22,4.21,2.4,2.28,365
"Chili con carne with beans, from restaurant",2,156.6,12.56,4.57,9.79,1.4,2.27,381
"Chili con carne with beans, home recipe",0,98.9,8.05,7.21,4.21,2.4,2.28,365
"Chili con carne with beans, canned",0,106.8,5.8,13.1,3.47,3.3,1.87,449
Chili con carne with beans,0,103.1,6.87,10.31,3.82,2.9,2.06,409
Chili con carne without beans,0,118.4,7.53,6.1,7.1,0.5,1.1,411
"Chili con carne, NS as to beans, with cheese",0,122.7,6.72,12.54,5.07,3.1,1.79,460
Chili con carne with beans and cheese,0,122.7,6.72,12.54,5.07,3.1,1.79,460
"Beef sloppy joe, no bun",2,138.8,10.61,9.14,6.65,0.8,6.67,580
Beef with gravy,2,156.0,21.56,1.58,7.05,0.0,0.09,360
Salisbury steak with gravy,0,149.3,6.98,6.78,10.47,1.0,0.26,509
Beef with cream or white sauce,2,184.1,22.49,2.74,9.24,0.0,1.37,343
Beef stroganoff,0,150.0,9.91,5.99,9.6,0.7,1.36,454
Creamed chipped or dried beef,0,131.9,7.63,7.57,7.9,0.1,4.59,478
Swedish meatballs with cream or white sauce,2,167.5,12.47,6.32,10.26,0.2,2.47,538
Beef with mushroom sauce,2,162.9,21.97,1.84,7.52,0.1,0.57,355
Beef with soy-based sauce,2,188.7,15.86,3.46,12.38,0.5,1.05,333
Steak teriyaki,2,197.4,28.86,1.94,8.25,0.0,1.76,517
Beef curry,0,114.8,7.56,6.46,6.53,1.4,2.6,359
Beef curry with rice,0,119.0,5.61,15.08,4.03,1.0,1.58,313
Beef with barbecue sauce,2,186.5,20.86,11.75,6.23,0.3,9.58,361
Beef with sweet and sour sauce,0,185.5,11.55,16.01,8.36,0.8,8.75,353
"Stewed seasoned ground beef, Mexican style",2,190.5,13.5,1.31,14.58,0.2,0.41,230
Steak tartare,2,193.5,15.67,1.56,13.84,0.4,0.47,144
"Meatballs, Puerto Rican style",2,238.8,13.82,6.86,17.34,0.8,1.7,773
"Stewed seasoned ground beef, Puerto Rican style",2,298.0,13.1,3.9,25.56,1.0,1.75,667
"Stewed dried beef, Puerto Rican style",2,258.6,17.69,3.88,19.15,0.8,2.58,1755
"Stuffed pot roast, Puerto Rican style, NFS",2,248.9,18.64,1.2,18.84,0.4,0.5,641
"Beef stew, meat with gravy, no potatoes, Puerto Rican style",2,231.3,16.52,1.88,17.52,0.5,0.82,445
Ham or pork with gravy,2,154.3,20.15,1.58,7.49,0.0,0.09,349
Ham or pork with barbecue sauce,2,199.6,21.04,12.69,7.19,0.3,10.35,522
Sweet and sour pork,5,193.5,11.54,17.82,8.45,0.9,8.82,399
Ham stroganoff,0,132.4,7.47,4.97,9.18,0.7,1.9,698
Ham or pork with mushroom sauce,2,161.2,20.55,1.84,7.96,0.1,0.57,351
Ham or pork with tomato-based sauce,2,148.8,20.3,1.59,6.8,0.4,1.06,352
Sausage with tomato-based sauce,2,235.2,13.28,2.58,19.09,0.4,1.82,863
Sausage gravy,0,178.4,6.76,7.64,13.42,0.1,3.9,428
"Pork stew, no potatoes, tomato-based sauce, Mexican style",2,109.0,14.31,3.33,4.27,0.5,1.13,426
Pork or ham with soy-based sauce,2,187.5,14.87,3.46,12.69,0.5,1.05,341
"Frankfurter or hot dog, with chili, no bun",5,210.4,8.87,8.36,15.72,1.7,1.61,648
Frankfurters or hot dogs with tomato-based sauce,2,236.4,8.94,3.71,20.64,0.4,1.99,904
Pork with chili and tomatoes,0,93.2,11.64,2.68,3.99,0.9,1.63,118
"Stewed pork, Puerto Rican style",2,197.0,17.92,2.77,12.69,0.7,1.29,579
"Chili con carne with beans, made with pork",0,107.2,8.07,7.2,5.12,2.4,2.28,369
Lamb or mutton with gravy,2,213.8,17.29,1.58,15.37,0.0,0.09,359
Lamb or mutton goulash,0,122.1,13.07,3.1,6.38,0.4,1.19,240
"Stewed goat, Puerto Rican style",2,259.9,22.31,1.99,18.08,0.5,0.88,752
Veal with gravy,2,154.6,25.4,1.58,5.19,0.0,0.09,355
Veal scallopini,2,237.3,18.75,1.28,17.46,0.2,0.57,372
Veal with cream sauce,2,182.7,26.32,2.74,7.38,0.0,1.38,346
Veal with butter sauce,2,149.7,15.09,1.49,9.26,0.2,0.12,509
Veal Marsala,2,169.8,16.66,6.52,8.56,0.4,0.48,144
Veal parmigiana,2,201.4,15.33,8.29,11.88,0.8,1.7,436
Veal cordon bleu,2,249.0,20.69,9.26,14.36,0.6,0.63,466
Venison or deer with tomato-based sauce,2,134.5,25.64,1.59,2.84,0.4,1.06,347
Venison or deer with gravy,2,140.0,25.48,1.58,3.53,0.0,0.09,345
Chili con carne with venison/deer and beans,0,81.8,8.26,7.21,2.21,2.4,2.28,304
Chicken or turkey cacciatore,2,176.2,13.19,6.94,10.63,1.1,1.6,664
Spaghetti sauce with poultry,0,73.9,6.32,6.54,2.5,1.5,4.47,409
Spaghetti sauce with poultry and added vegetables,0,70.1,6.33,6.04,2.29,1.4,4.02,329
"Stewed chicken with tomato-based sauce, Mexican style",2,121.3,11.98,2.46,7.06,0.5,0.97,397
Chili con carne with chicken or turkey and beans,0,87.2,8.42,7.36,2.67,2.4,2.27,372
Chicken with gravy,2,128.7,18.88,1.58,5.21,0.0,0.09,526
Chicken or turkey fricassee,0,120.9,10.65,3.5,7.14,0.1,0.26,418
Turkey with gravy,2,119.3,20.46,1.58,3.46,0.0,0.09,356
Chicken or turkey with cream sauce,2,156.9,19.81,2.74,7.41,0.0,1.38,513
Chicken or turkey with mushroom sauce,2,135.7,19.29,1.84,5.69,0.1,0.57,521
Chicken or turkey with teriyaki,2,163.0,25.73,1.62,5.96,0.0,1.47,723
"Chicken, shredded or pulled, with barbecue sauce",2,166.7,19.0,12.23,4.64,0.3,9.97,550
Sweet and sour chicken or turkey,5,249.7,10.1,23.86,12.65,1.0,11.47,246
"Sweet and sour chicken or turkey, without vegetables",5,249.7,10.1,23.86,12.65,1.0,11.47,246
Chicken curry,0,109.8,6.47,6.47,6.45,1.4,2.6,376
Chicken curry with rice,0,115.9,4.95,15.08,3.98,1.0,1.58,323
Chicken with mole sauce,2,139.0,18.97,3.22,5.58,0.3,2.12,542
Chicken or turkey with cheese sauce,2,173.7,21.77,1.64,8.9,0.0,0.06,527
Chicken or turkey cordon bleu,2,209.6,22.63,9.26,9.12,0.6,0.63,607
Chicken or turkey parmigiana,2,172.6,16.25,8.26,8.29,0.8,1.7,415
Orange chicken,5,261.8,14.46,22.46,12.68,0.8,13.6,553
Sesame chicken,5,293.1,14.33,26.88,14.25,0.7,15.98,482
Chicken kiev,2,278.9,21.31,5.45,19.1,0.1,0.01,656
"Stuffed chicken, drumstick or breast, Puerto Rican style",2,232.3,28.07,6.53,10.43,0.3,0.36,886
"Fish with cream or white sauce, not tuna or lobster",2,111.2,17.04,2.74,3.57,0.0,1.38,346
"Crab, deviled",2,185.6,11.74,13.61,9.35,0.5,5.09,651
Crab imperial,2,134.4,13.96,3.2,7.31,0.2,1.22,482
Fish timbale or mousse,0,146.4,10.23,1.76,10.94,0.0,0.93,253
Lobster newburg,2,243.8,11.62,4.14,20.08,0.1,2.41,476
Lobster with butter sauce,2,155.2,17.0,0.01,9.68,0.0,0.01,503
Shrimp cocktail,2,117.8,15.37,10.76,1.48,0.6,4.09,509
Tuna with cream or white sauce,2,101.7,14.42,2.81,3.64,0.0,1.38,329
Seafood newburg,2,247.3,12.02,4.37,20.19,0.1,2.41,405
Seafood sauce,2,201.3,8.52,2.55,17.45,0.1,0.02,463
Spaghetti sauce with seafood,0,63.0,5.33,7.09,1.48,1.5,4.47,432
Spaghetti sauce with seafood and added vegetables,0,59.1,5.34,6.59,1.26,1.4,4.02,353
Shrimp with lobster sauce,2,146.7,16.78,2.22,7.86,0.0,0.8,1031
Sweet and sour shrimp,0,168.1,7.14,15.53,8.6,0.8,8.63,353
Fish sauce,2,34.9,5.06,3.64,0.01,0.0,3.64,7851
Shrimp scampi,2,194.1,19.63,1.76,12.06,0.1,0.06,96
Fish moochim,2,340.6,37.83,10.18,16.51,0.8,8.48,4950
Fish with tomato-based sauce,2,77.7,16.28,1.59,0.69,0.4,1.06,350
Fish curry,0,94.6,4.94,6.58,5.39,1.4,2.6,381
Fish curry with rice,0,106.8,4.03,15.15,3.34,1.0,1.58,327
Mussels with tomato-based sauce,0,89.8,12.2,5.02,2.32,0.4,0.89,404
Sardines with tomato-based sauce,2,179.6,20.86,0.54,10.45,0.1,0.43,414
Sardines with mustard sauce,2,179.6,20.86,0.54,10.45,0.1,0.43,414
Shrimp teriyaki,2,113.9,21.62,3.34,1.56,0.0,1.76,581
Scallops with cheese sauce,2,137.2,17.48,5.43,5.06,0.0,0.06,615
Ceviche,0,62.4,10.34,3.58,0.75,0.5,1.36,158
"Crabs in tomato-based sauce, Puerto Rican style",2,142.0,12.52,2.96,8.9,0.6,1.16,618
"Shrimp in garlic sauce, Puerto Rican style",2,281.0,11.56,2.51,24.97,0.2,0.47,477
"Stewed codfish, no potatoes, Puerto Rican style",0,105.1,12.05,4.27,4.42,1.1,2.05,107
"Meat with barbecue sauce, NS as to type of meat",2,195.7,20.88,12.74,6.8,0.3,10.39,357
"Meatballs, NS as to type of meat, with sauce",2,180.5,18.03,0.13,11.98,0.0,0.08,812
"Meat loaf, Puerto Rican style",2,319.0,19.79,10.59,21.94,0.6,1.03,629
Meat with tomato-based sauce,2,150.4,21.72,1.58,6.36,0.4,1.06,355
Spaghetti sauce with meat,0,89.1,5.93,6.54,4.36,1.5,4.47,415
Spaghetti sauce with meat and added vegetables,0,85.2,5.94,6.04,4.14,1.4,4.02,335
"Stewed, seasoned, ground beef and pork, Mexican style",2,135.5,16.7,1.48,6.98,0.3,0.46,342
"Meat with gravy, NS as to type of meat,",2,156.0,21.56,1.58,7.05,0.0,0.09,360
"Beef and potatoes, no sauce",0,134.1,7.92,14.52,4.93,1.3,0.65,305
"Beef stew with potatoes, tomato-based sauce",0,105.8,8.99,9.94,3.34,1.0,1.04,197
"Beef stew with potatoes, tomato-based sauce, Mexican style",0,108.1,12.48,6.47,3.59,0.9,1.1,356
Beef goulash with potatoes,0,116.1,11.46,7.68,4.39,0.9,1.08,178
"Beef and potatoes with cream sauce, white sauce or mushroom sauce",0,99.8,7.73,8.67,3.8,0.7,1.29,331
"Beef stew with potatoes, gravy",0,98.9,9.19,7.63,3.51,0.9,0.57,176
"Beef, roast, hash",2,164.6,12.2,10.74,8.09,1.0,1.46,484
Corned beef hash,0,164.2,8.73,9.27,10.24,1.1,0.34,412
Beef and potatoes with cheese sauce,0,127.4,8.15,11.1,5.6,0.9,0.48,316
"Stewed, seasoned, ground beef with potatoes, Mexican style",0,152.9,9.9,5.61,10.09,0.8,0.71,172
"Beef and noodles, no sauce",2,186.1,11.37,16.24,8.41,0.8,0.26,382
Beef and macaroni with cheese sauce,0,134.1,9.12,12.31,5.38,0.5,1.56,398
Beef and noodles with tomato-based sauce,0,112.9,8.74,10.67,3.92,0.4,2.02,274
Chili con carne with beans and macaroni,0,117.1,5.8,16.91,2.92,3.0,1.59,353
Beef goulash with noodles,0,139.4,12.5,10.88,5.1,0.7,0.83,164
Beef and noodles with gravy,0,138.0,7.7,15.39,5.07,0.7,0.32,304
Beef and noodles with cream or white sauce,0,138.8,7.85,15.02,5.26,0.6,1.55,296
Beef stroganoff with noodles,0,128.8,7.66,8.84,6.98,0.7,1.01,313
Beef and noodles with mushroom sauce,0,136.2,7.54,14.97,5.13,0.8,0.8,310
Beef and noodles with soy-based sauce,2,173.8,13.18,7.64,10.06,0.6,0.86,273
"Beef and rice, no sauce",0,143.0,7.27,17.23,5.0,0.2,0.03,312
Biryani with meat,0,143.7,8.5,12.2,6.77,1.0,1.69,99
Beef and rice with tomato-based sauce,0,135.4,6.39,15.88,5.15,0.7,1.11,308
Porcupine balls with tomato-based sauce,0,150.8,10.35,13.39,6.2,0.6,3.0,507
Chili con carne with beans and rice,0,111.4,5.07,16.65,2.72,2.6,1.44,343
Beef and rice with gravy,0,135.1,6.28,15.98,5.12,0.2,0.12,315
Beef and rice with cream sauce,0,136.9,6.69,15.89,5.17,0.2,1.33,305
Beef and rice with mushroom sauce,0,133.7,6.25,15.54,5.17,0.4,0.59,313
Porcupine balls with mushroom sauce,2,154.0,10.33,10.71,7.76,0.5,0.5,607
Beef and rice with soy-based sauce,2,178.9,13.57,8.05,10.27,0.5,0.88,275
Beef and rice with cheese sauce,0,139.1,8.07,14.64,5.36,0.4,0.16,301
Meat loaf made with beef,2,194.9,17.49,7.19,10.69,0.4,1.85,420
"Meat loaf made with beef, with tomato-based sauce",2,157.2,13.79,6.76,8.33,0.7,2.24,432
Beef wellington,2,363.1,19.1,10.1,27.37,0.4,0.12,182
Corned beef patty,0,164.2,8.73,9.27,10.24,1.1,0.34,412
"Stuffed pot roast, with potatoes, Puerto Rican style",2,340.7,24.4,7.77,23.56,1.0,0.67,1018
"Beef stew with potatoes, Puerto Rican style",2,218.2,14.57,6.56,14.85,1.0,0.93,572
"Stewed corned beef, Puerto Rican style",2,195.4,13.43,10.32,11.15,1.4,0.86,499
Meat loaf made with ham,2,174.4,20.67,6.13,7.47,0.3,1.69,880
Ham and noodles with cream or white sauce,0,136.8,6.8,15.32,5.37,0.6,1.58,481
Ham and rice with mushroom sauce,0,133.2,5.37,16.28,5.18,0.4,0.62,580
Ham or pork with stuffing,0,141.2,6.26,10.43,8.27,0.4,1.13,319
Ham croquette,2,268.5,17.98,2.58,20.7,0.2,0.51,1178
Pork and rice with tomato-based sauce,0,137.8,6.42,16.78,5.0,0.7,1.17,311
Sausage and rice with tomato-based sauce,0,133.5,4.63,16.4,5.49,0.7,1.3,673
Sausage and rice with mushroom sauce,0,140.7,4.86,16.8,6.01,0.4,0.8,488
Sausage and rice with cheese sauce,0,149.5,6.32,13.94,7.61,0.2,0.22,373
Sausage and noodles with cream or white sauce,0,152.5,5.9,14.83,7.73,0.6,1.66,362
"Ham and noodles, no sauce",0,142.0,7.15,15.88,5.54,0.8,0.25,483
"Ham or pork and rice, no sauce",0,139.0,6.73,16.8,4.99,0.2,0.03,307
Ham or pork and potatoes with gravy,0,125.3,5.4,11.68,6.33,0.9,0.54,301
Ham or pork and potatoes with cheese sauce,0,127.1,7.86,11.11,5.69,0.9,0.48,300
"Stewed pig's feet, Puerto Rican style",0,134.8,9.99,4.13,8.7,0.5,0.75,483
"Stuffed pork roast, Puerto Rican style",2,155.7,18.75,1.92,8.11,0.5,0.94,390
"Pork stew, with potatoes, tomato-based sauce, Mexican style",0,107.1,13.08,5.06,3.84,0.7,1.11,383
Lamb or mutton loaf,2,181.4,13.1,7.42,11.04,0.3,4.7,466
Lamb or mutton and potatoes with gravy,0,128.8,5.13,12.53,6.46,1.0,0.58,308
Lamb or mutton and potatoes with tomato-based sauce,0,126.9,5.26,12.48,6.22,1.5,1.63,301
Lamb or mutton and noodles with gravy,0,139.0,6.8,15.63,5.48,0.7,0.32,314
Meat loaf made with venison/deer,2,161.4,19.03,6.3,6.68,0.4,1.6,381
Veal and noodles with cream or white sauce,0,142.0,8.34,14.48,5.64,0.6,1.49,296
Venison or deer and noodles with cream or white sauce,0,139.1,8.36,14.48,5.3,0.6,1.49,294
Chicken or turkey hash,0,108.1,9.64,8.16,4.1,1.3,0.94,254
Chicken or turkey and potatoes with gravy,0,121.4,7.26,8.9,6.31,0.9,0.51,441
"Chicken or turkey and noodles, no sauce",0,148.1,7.73,15.47,6.14,0.7,0.25,353
Chicken or turkey and noodles with gravy,0,139.9,6.99,15.23,5.67,0.7,0.31,350
Chicken or turkey and noodles with mushroom sauce,0,136.1,6.92,14.87,5.44,0.8,0.8,337
Chicken or turkey and noodles with cream or white sauce,0,139.4,7.38,15.23,5.44,0.6,1.57,345
Chicken or turkey and noodles with cheese sauce,0,145.5,8.95,13.56,6.16,0.6,0.24,341
Chicken or turkey tetrazzini,0,118.5,11.96,6.96,4.76,0.5,0.23,388
Chicken or turkey and noodles with tomato-based sauce,0,138.1,7.12,15.17,5.44,1.1,1.36,343
Chicken or turkey and noodles with soy-based sauce,2,158.3,11.6,7.69,9.02,0.6,0.92,391
"Chicken or turkey and rice, no sauce",0,146.3,6.46,16.97,5.84,0.2,0.03,353
Biryani with chicken,0,104.1,7.15,13.57,2.36,1.1,1.87,162
Chicken or turkey and rice with cream sauce,0,135.8,8.12,12.78,5.8,0.5,1.98,380
Chicken or turkey and rice with mushroom sauce,0,133.7,5.67,15.44,5.47,0.4,0.59,346
Chicken or turkey and rice with tomato-based sauce,0,141.1,5.72,15.66,6.18,0.6,1.09,349
Chicken or turkey and rice with soy-based sauce,2,163.3,11.96,8.11,9.22,0.5,0.94,395
Chicken or turkey with dumplings,2,143.8,15.64,7.95,5.49,0.3,0.45,488
Chicken or turkey with stuffing,2,171.0,20.04,11.74,4.88,0.5,1.27,454
"Chicken or turkey cake, patty, or croquette",2,261.9,20.85,2.56,18.7,0.2,0.51,576
Chicken or turkey souffle,2,168.3,11.74,5.5,11.04,0.1,2.24,393
Meat loaf made with chicken or turkey,2,172.5,18.78,8.06,7.24,0.6,2.13,450
"Meat loaf made with chicken or turkey, with tomato-based sauce",2,146.5,15.47,7.29,6.16,0.8,2.42,452
"Clams, stuffed",2,199.0,11.87,12.94,11.08,0.9,1.57,529
Codfish ball or cake,2,188.2,14.32,10.57,9.85,1.2,1.01,369
Crab cake,2,201.4,14.57,2.58,14.75,0.2,0.51,416
"Fish cake or patty, NS as to fish",2,214.5,13.93,10.31,13.06,1.1,0.99,282
Gefilte fish,2,108.4,17.52,1.03,3.8,0.1,0.27,275
Salmon cake or patty,2,242.2,17.12,2.58,18.16,0.2,0.51,413
Salmon loaf,2,188.9,15.82,9.11,9.91,0.4,2.16,669
Scallops and noodles with cheese sauce,0,144.8,8.46,15.05,5.64,0.6,0.26,313
"Shrimp and noodles, no sauce",0,144.4,7.3,16.43,5.5,0.8,0.26,144
Shrimp and noodles with gravy,0,129.5,6.02,14.7,5.18,0.6,0.3,178
Shrimp and noodles with mushroom sauce,0,132.5,6.31,15.05,5.23,0.8,0.79,226
Shrimp and noodles with cream or white sauce,0,140.8,7.13,16.25,5.25,0.7,1.65,164
Shrimp and noodles with soy-based sauce,0,139.1,10.21,8.26,7.25,0.6,0.87,276
Shrimp and noodles with cheese sauce,0,134.8,8.18,13.45,5.37,0.6,0.24,192
Shrimp and noodles with tomato sauce,0,134.4,6.46,15.39,5.22,1.1,1.36,172
Tuna loaf,2,228.3,21.08,9.32,11.86,0.4,2.21,338
Tuna cake or patty,2,205.8,15.34,2.63,14.88,0.2,0.51,373
Clam cake or patty,2,241.0,19.04,6.77,15.31,0.2,0.51,410
Oyster fritter,0,194.6,6.93,5.22,16.22,0.2,0.39,420
Flounder with crab stuffing,2,132.6,15.08,5.72,5.49,0.3,0.86,431
"Lobster with bread stuffing, baked",2,172.7,14.98,9.83,8.16,0.5,1.17,656
Clams Casino,0,116.7,8.73,9.83,4.72,1.2,2.05,326
Mackerel cake or patty,2,267.9,16.54,10.76,17.63,1.2,1.03,410
Haddock cake or patty,2,214.5,13.93,10.31,13.06,1.1,0.99,282
Shrimp cake or patty,2,226.1,18.1,3.67,15.45,0.2,0.51,182
Shrimp with crab stuffing,2,170.4,16.39,6.09,8.94,0.3,0.35,539
"Shrimp toast, fried",5,220.0,8.45,11.73,15.48,0.8,1.39,596
Seafood restructured,0,94.6,7.62,15.0,0.46,0.5,6.25,529
Seafood souffle,0,149.2,9.91,5.49,9.73,0.1,2.23,435
Tuna noodle casserole with cream or white sauce,0,166.7,10.12,15.4,7.18,0.7,2.14,255
Tuna noodle casserole with mushroom sauce,0,137.9,9.02,13.92,5.13,0.8,1.13,331
Tuna and rice with mushroom sauce,0,126.3,4.57,15.39,5.16,0.4,0.59,298
Fish and rice with tomato-based sauce,0,133.8,5.41,16.53,5.12,0.7,1.15,310
Fish and rice with cream sauce,0,129.4,5.53,15.75,4.92,0.2,1.32,308
Fish and rice with mushroom sauce,0,132.2,5.34,16.12,5.15,0.4,0.62,307
Fish and noodles with mushroom sauce,0,130.3,6.3,14.79,5.1,0.8,0.79,312
Shellfish and noodles with tomato-based sauce,0,134.6,6.58,15.74,5.04,1.1,1.36,239
"Stewed salmon, Puerto Rican style",2,145.1,12.02,8.47,7.02,1.3,1.27,448
"Meat loaf, NS as to type of meat",2,197.6,17.5,7.19,10.98,0.4,1.82,419
"Meatballs, with breading, NS as to type of meat, with gravy",2,141.5,12.22,6.28,7.5,0.4,1.22,501
Meat loaf made with beef and pork,2,191.8,17.28,7.17,10.44,0.4,1.82,416
"Meat loaf made with beef, veal and pork",2,191.8,17.28,7.17,10.44,0.4,1.82,416
"Meat loaf made with beef and pork, with tomato-based sauce",2,154.8,13.64,6.75,8.14,0.7,2.21,429
"Hash, NS as to type of meat",0,164.2,8.73,9.27,10.24,1.1,0.34,412
"Vienna sausages stewed with potatoes, Puerto Rican style",5,219.8,5.08,13.07,16.36,1.7,1.31,466
Liver dumpling,2,282.9,23.11,12.78,15.48,0.7,0.91,716
"Breaded brains, Puerto Rican style",5,242.4,10.14,17.35,14.72,0.5,1.92,318
"Stewed, seasoned, ground beef and pork with potatoes, Mexican style",0,140.4,12.84,4.19,8.03,0.6,0.49,193
"Beef, potatoes, and vegetables including carrots, broccoli, and/or dark-green leafy; no sauce",0,127.9,6.93,13.46,5.15,1.8,1.19,313
"Beef, potatoes, and vegetables, excluding carrots, broccoli, and dark-green leafy; no sauce",0,133.7,6.97,14.97,5.1,1.7,1.12,305
"Corned beef, potatoes, and vegetables including carrots, broccoli, and/or dark-green leafy; no sauce",0,128.0,4.76,13.73,6.0,1.8,1.21,318
"Corned beef, potatoes, and vegetables excluding carrots, broccoli, and dark-green leafy; no sauce",0,129.2,4.84,15.35,5.38,1.7,1.14,312
"Beef stew with potatoes and vegetables including carrots, broccoli, and/or dark-green leafy; tomato-based sauce",0,89.7,5.23,8.24,3.98,1.2,1.58,304
"Beef stew with potatoes and vegetables excluding carrots, broccoli, and dark-green leafy; tomato-based sauce",0,81.7,6.64,8.48,2.36,1.3,1.01,217
"Beef stew with potatoes and vegetables including carrots, broccoli, and/or dark-green leafy; gravy",0,79.1,6.22,8.58,2.21,1.4,1.22,201
"Beef stew with potatoes and vegetables excluding carrots, broccoli, and dark-green leafy; gravy",0,82.6,6.77,8.46,2.41,1.2,0.84,215
Shepherd's pie with beef,0,110.2,6.35,14.1,3.15,1.4,1.32,248
"Beef, potatoes, and vegetables including carrots, broccoli, and/or dark-green leafy; gravy",0,130.0,5.23,11.17,7.16,1.4,0.94,302
"Beef, potatoes, and vegetables excluding carrots, broccoli, and dark-green leafy; gravy",0,127.7,5.3,12.36,6.34,1.3,0.9,312
"Beef, potatoes, and vegetables including carrots, broccoli, and/or dark-green leafy; cream sauce, white sauce, or mushroom sauce",0,129.1,5.28,11.13,7.05,1.4,1.29,307
"Beef, potatoes, and vegetables excluding carrots, broccoli, and dark-green leafy; cream sauce, white sauce, or mushroom sauce",0,130.2,5.33,12.2,6.68,1.3,1.25,303
"Beef, potatoes, and vegetables including carrots, broccoli, and/or dark-green leafy; tomato-based sauce",0,128.5,5.33,11.13,6.96,1.7,1.78,310
"Beef, potatoes, and vegetables excluding carrots, broccoli, and dark-green leafy; tomato-based sauce",0,129.7,5.39,12.28,6.56,1.6,1.74,305
"Beef, potatoes, and vegetables including carrots, broccoli, and/or dark-green leafy; cheese sauce",0,128.7,8.14,11.82,5.43,1.4,0.96,304
"Beef, potatoes, and vegetables excluding carrots, broccoli, and dark-green leafy; cheese sauce",0,133.4,8.17,12.97,5.43,1.3,0.91,305
"Beef, potatoes, and vegetables including carrots, broccoli, and/or dark-green leafy; soy-based sauce",0,150.9,11.77,6.08,8.83,1.1,1.37,245
"Beef, potatoes, and vegetables excluding carrots, broccoli, and dark-green leafy; soy-based sauce",0,149.5,11.69,5.86,8.81,1.0,1.46,236
"Beef, noodles, and vegetables including carrots, broccoli, and/or dark-green leafy; no sauce",0,148.4,8.71,16.71,5.19,1.5,0.91,317
"Beef, noodles, and vegetables excluding carrots, broccoli, and dark-green leafy; no sauce",0,152.5,8.78,18.29,4.91,1.4,0.84,300
Beef chow mein or chop suey with noodles,0,131.8,10.78,11.17,4.89,1.5,1.55,328
"Beef, noodles, and vegetables including carrots, broccoli, and/or dark-green leafy; soy-based sauce",0,140.6,10.34,7.72,7.59,1.2,1.33,216
"Beef, noodles, and vegetables excluding carrots, broccoli, and dark-green leafy; soy-based sauce",0,140.0,10.32,7.49,7.64,1.0,1.43,207
"Beef, noodles, and vegetables including carrots, broccoli, and/or dark-green leafy; tomato-based sauce",0,127.5,6.74,13.74,5.06,1.5,1.62,310
"Beef, noodles, and vegetables excluding carrots, broccoli, and dark-green leafy; tomato-based sauce",0,132.2,6.77,14.86,5.07,1.4,1.56,306
"Beef, noodles, and vegetables including carrots, broccoli, and/or dark-green leafy; mushroom sauce",0,126.2,6.6,13.58,5.05,1.2,1.13,303
"Beef, noodles, and vegetables excluding carrots, broccoli, and dark-green leafy; mushroom sauce",0,130.1,6.63,14.63,5.01,1.1,1.08,310
"Beef, noodles, and vegetables including carrots, broccoli, and/or dark-green leafy; gravy",0,127.2,6.65,13.81,5.04,1.1,0.75,305
"Beef, noodles, and vegetables excluding carrots, broccoli, and dark-green leafy; gravy",0,131.9,6.68,14.94,5.05,1.0,0.7,305
"Beef, rice, and vegetables including carrots, broccoli, and/or dark-green leafy; no sauce",0,147.4,7.54,18.38,4.86,1.0,0.69,312
"Beef, rice, and vegetables excluding carrots, broccoli, and dark-green leafy; no sauce",0,149.1,7.62,20.0,4.29,0.9,0.62,333
"Beef, rice, and vegetables including carrots, broccoli, and/or dark-green leafy; tomato-based sauce",0,131.6,5.85,14.9,5.4,1.1,1.45,306
"Beef, rice, and vegetables excluding carrots, broccoli, and/or dark-green leafy; tomato-based sauce",0,132.9,5.91,16.08,4.99,1.0,1.4,302
Stuffed cabbage rolls with beef and rice,0,113.2,8.41,8.63,5.0,1.3,3.45,343
Stuffed grape leaves with beef and rice,5,241.9,7.83,11.32,18.37,3.1,2.48,322
"Beef, rice, and vegetables including carrots, broccoli, and/or dark-green leafy; mushroom sauce",0,128.8,5.78,14.69,5.21,0.9,0.98,311
"Beef, rice, and vegetables excluding carrots, broccoli, and dark-green leafy; mushroom sauce",0,133.1,5.81,15.73,5.22,0.8,0.93,306
"Beef, rice, and vegetables including carrots, broccoli, and/or dark-green leafy; cheese sauce",0,146.1,8.58,15.54,5.51,0.8,0.58,303
"Beef, rice, and vegetables excluding carrots, broccoli, and dark-green leafy; cheese sauce",0,143.3,8.18,15.85,5.24,0.7,0.5,302
"Beef, rice, and vegetables including carrots, broccoli, and/or dark-green leafy; gravy",0,129.7,5.77,15.01,5.18,0.8,0.59,307
"Beef, rice, and vegetables excluding carrots, broccoli, and dark-green leafy; gravy",0,134.3,5.8,16.13,5.18,0.7,0.54,314
"Beef, rice, and vegetables including carrots, broccoli, and/or dark-green leafy; soy-based sauce",0,143.9,10.59,8.03,7.71,1.1,1.36,217
"Beef, rice, and vegetables excluding carrots, broccoli, and dark-green leafy; soy-based sauce",0,146.0,10.79,7.8,7.96,0.8,1.42,212
Beef pot pie,5,221.8,7.99,17.09,13.5,1.2,0.9,396
"Beef, dumplings, and vegetables including carrots, broccoli, and/or dark-green leafy; gravy",0,127.3,6.09,11.59,6.29,0.9,1.12,306
"Beef, dumplings, and vegetables excluding carrots, broccoli, and dark-green leafy; gravy",0,130.3,6.13,12.75,6.09,0.8,1.07,301
"Stuffed green pepper, Puerto Rican style",5,161.8,8.63,15.56,7.23,2.1,3.48,634
Ham pot pie,5,233.3,7.99,18.48,14.16,1.3,1.13,622
"Ham or pork, noodles and vegetables excluding carrots, broccoli, and dark-green leafy; no sauce",0,151.1,8.42,18.31,4.91,1.4,0.84,313
"Ham or pork, noodles, and vegetables including carrots, broccoli, and/or dark-green leafy; no sauce",0,147.1,8.35,16.74,5.19,1.5,0.91,302
"Ham or pork, noodles and vegetables excluding carrots, broccoli, and dark-green leafy; cheese sauce",0,155.8,9.18,15.32,6.42,1.1,0.69,301
"Pork, potatoes, and vegetables including carrots, broccoli, and/or dark-green leafy; no sauce",0,128.8,6.55,13.44,5.43,1.8,1.19,316
"Ham or pork, noodles, and vegetables including carrots, broccoli, and/or dark-green leafy; tomato-based sauce",0,126.1,6.48,13.75,5.02,1.5,1.62,314
"Sausage, noodles, and vegetables excluding carrots, broccoli, and dark-green leafy; tomato-based sauce",0,133.6,5.26,15.34,5.69,1.4,1.74,381
"Sausage, noodles, and vegetables including carrots, broccoli, and/or dark-green leafy; tomato-based sauce",0,128.8,5.22,14.19,5.69,1.5,1.8,388
"Pork, potatoes, and vegetables including carrots, broccoli, and/or dark-green leafy; tomato-based sauce",0,129.0,5.06,11.27,7.07,1.7,1.81,307
"Pork, potatoes, and vegetables excluding carrots, broccoli, and dark-green leafy; tomato-based sauce",0,129.4,5.12,12.28,6.64,1.6,1.74,301
"Sausage, potatoes, and vegetables including carrots, broccoli, and/or dark-green leafy; gravy",0,129.1,3.73,11.61,7.53,1.4,1.11,357
"Sausage, potatoes, and vegetables excluding carrots, broccoli, and dark-green leafy; gravy",0,130.3,3.78,12.78,7.12,1.3,1.06,352
"Pork, potatoes, and vegetables including carrots, broccoli, and/or dark-green leafy; gravy",0,126.4,4.98,11.22,6.84,1.4,0.95,306
"Pork, potatoes, and vegetables excluding carrots, broccoli, and dark-green leafy; gravy",0,127.5,5.03,12.37,6.43,1.3,0.9,301
"Pork, potatoes, and vegetables excluding carrots, broccoli, and dark-green leafy; no sauce",0,135.1,6.59,14.94,5.44,1.7,1.12,308
Pork chow mein or chop suey with noodles,0,143.7,10.41,11.17,6.38,1.5,1.55,325
"Pork, rice, and vegetables including carrots, broccoli, and/or dark-green leafy; soy-based sauce",0,143.2,9.99,8.03,7.9,1.1,1.36,222
"Pork, rice, and vegetables excluding carrots, broccoli, and dark-green leafy; soy-based sauce",0,145.2,10.17,7.8,8.15,0.8,1.42,217
"Pork, rice, and vegetables including carrots, broccoli, and/or dark-green leafy; tomato-based sauce",0,127.9,5.61,14.96,5.07,1.1,1.45,310
"Pork, rice, and vegetables excluding carrots, broccoli, and dark-green leafy; tomato-based sauce",0,132.5,5.64,16.08,5.07,1.0,1.4,304
"Ham, potatoes, and vegetables excluding carrots, broccoli, and dark-green leafy; no sauce",0,127.9,5.56,15.02,5.06,1.7,1.12,457
"Ham, potatoes, and vegetables including carrots, broccoli, and/or dark-green leafy; no sauce",0,128.6,5.47,13.4,5.9,1.8,1.18,461
Sweet and sour pork with rice,0,183.6,10.12,19.75,7.12,0.9,7.39,335
Shepherd's pie with lamb,0,126.4,7.12,13.08,5.07,1.1,1.79,350
"Lamb or mutton stew with potatoes and vegetables including carrots, broccoli, and/or dark-green leafy; gravy",0,102.4,8.8,11.66,2.28,1.7,1.07,303
"Lamb or mutton, rice, and vegetables excluding carrots, broccoli, and dark-green leafy; gravy",0,135.2,5.05,16.34,5.51,0.7,0.55,309
"Lamb or mutton, rice, and vegetables including carrots, broccoli, and/or dark-green leafy; tomato-based sauce",0,128.9,5.13,15.15,5.31,1.1,1.47,316
"Lamb or mutton, rice, and vegetables  including carrots, broccoli, and/or dark-green leafy; gravy",0,130.4,5.02,15.2,5.5,0.8,0.6,315
"Lamb or mutton stew with potatoes and vegetables excluding carrots, broccoli, and dark-green leafy; gravy",0,105.7,9.31,11.92,2.31,1.8,1.34,256
Stuffed grape leaves with lamb and rice,5,274.0,8.17,11.91,21.52,3.3,2.39,71
"Lamb or mutton stew with potatoes and vegetables including carrots, broccoli, and/or dark-green leafy; tomato-based sauce",0,96.6,8.25,11.66,1.89,1.9,1.69,277
"Lamb or mutton stew with potatoes and vegetables excluding carrots, broccoli, and dark-green leafy; tomato-based sauce",0,99.9,8.75,11.91,1.92,1.9,1.96,285
"Veal fricassee, Puerto Rican style",2,167.3,16.36,7.24,8.1,1.2,1.28,615
"Veal stew with potatoes and vegetables including carrots, broccoli, and/or dark-green leafy; tomato-based sauce",0,78.6,6.35,7.07,2.77,1.3,1.37,244
"Veal stew with potatoes and vegetables excluding carrots, broccoli, and/or dark-green leafy; tomato-based sauce",0,82.1,6.18,8.53,2.59,1.4,1.03,224
Rabbit stew with potatoes and vegetables,0,61.9,6.97,4.44,1.81,0.7,0.99,281
"Stewed rabbit, Puerto Rican style,",2,210.2,17.14,6.83,12.7,1.0,0.92,440
"Venison or deer stew with potatoes and vegetables including carrots, broccoli, and/or dark-green leafy; tomato-based sauce",0,71.0,7.52,8.39,0.82,1.6,1.98,212
"Venison or deer stew with potatoes and vegetables excluding carrots, broccoli, and dark-green leafy; tomato-based sauce",0,72.2,7.79,8.38,0.84,1.6,1.9,225
"Venison or deer, potatoes, and vegetables including carrots, broccoli, and/or dark-green leafy; gravy",0,127.0,5.95,11.17,6.5,1.4,0.94,317
"Venison or deer, potatoes, and vegetables excluding carrots, broccoli, and dark-green leafy; gravy",0,128.2,6.01,12.31,6.1,1.3,0.9,312
"Venison or deer, noodles, and vegetables including carrots, broccoli, and/or dark-green leafy; tomato-based sauce",0,130.3,7.43,13.64,5.11,1.5,1.61,311
"Venison or deer, noodles, and vegetables excluding carrots, broccoli, and dark-green leafy; tomato-based sauce",0,134.9,7.47,14.75,5.11,1.4,1.55,305
"Chicken or turkey, potatoes, corn, and cheese, with gravy",0,126.9,4.55,13.22,6.2,1.1,0.95,359
"Chicken or turkey, potatoes, and vegetables including carrots, broccoli, and/or dark-green leafy; no sauce",0,131.5,6.16,13.29,5.97,1.8,1.18,345
"Chicken or turkey, potatoes, and vegetables excluding carrots, broccoli, and dark-green leafy; no sauce",0,135.4,6.21,14.81,5.7,1.7,1.11,356
"Chicken or turkey, potatoes, and vegetables including carrots, broccoli, and/or dark-green leafy; gravy",0,124.9,4.72,11.17,6.82,1.4,0.94,342
"Chicken or turkey, potatoes, and vegetables excluding carrots, broccoli, and dark-green leafy; gravy",0,129.5,4.75,12.27,6.82,1.3,0.89,336
"Chicken or turkey, potatoes, and vegetables including carrots, broccoli, and/or dark-green leafy; cream sauce, white sauce, or mushroom sauce",0,127.5,4.79,11.09,7.11,1.4,1.29,342
"Chicken or turkey, potatoes, and vegetables excluding carrots, broccoli, and dark-green leafy; cream sauce, white sauce, or mushroom sauce",0,128.6,4.84,12.15,6.74,1.3,1.25,338
"Chicken or turkey, potatoes, and vegetables including carrots, broccoli, and/or dark-green leafy; cheese sauce",0,130.4,7.54,11.71,5.93,1.4,0.96,343
"Chicken or turkey, potatoes, and vegetables excluding carrots, broccoli, and dark-green leafy; cheese sauce",0,135.1,7.57,12.86,5.93,1.3,0.9,337
"Chicken or turkey, potatoes, and vegetables including carrots, broccoli, and/or dark-green leafy; tomato-based sauce",0,126.8,4.81,11.09,7.02,1.7,1.78,341
"Chicken or turkey, potatoes, and vegetables excluding carrots, broccoli, and dark-green leafy; tomato-based sauce",0,131.4,4.84,12.18,7.03,1.6,1.72,335
"Chicken or turkey stew with potatoes and vegetables including carrots, broccoli, and/or dark-green leafy; gravy",0,76.7,6.08,7.85,2.33,1.2,1.46,253
"Chicken or turkey stew with potatoes and vegetables excluding carrots, broccoli, and dark-green leafy; gravy",0,81.4,6.57,8.68,2.27,1.5,1.53,248
"Chicken or turkey stew with potatoes and vegetables including carrots, broccoli, and/or dark-green leafy; tomato-based sauce",0,83.2,6.33,9.05,2.41,1.9,2.35,291
"Chicken or turkey stew with potatoes and vegetables excluding carrots, broccoli, and dark-green leafy; tomato- based sauce",0,87.7,6.82,9.83,2.34,2.2,2.4,285
"Chicken or turkey, noodles, and vegetables including carrots, broccoli, and/or dark-green leafy; no sauce",0,147.3,7.95,16.59,5.46,1.5,0.9,351
"Chicken or turkey, noodles, and vegetables excluding carrots, broccoli, and dark-green leafy; no sauce",0,153.1,8.0,18.11,5.41,1.4,0.83,352
"Chicken or turkey, noodles, and vegetables including carrots, broccoli, and/or dark-green leafy; gravy",0,129.7,6.08,13.69,5.62,1.1,0.75,335
"Chicken or turkey, noodles, and vegetables excluding carrots, broccoli, and dark-green leafy; gravy",0,130.8,6.13,14.86,5.2,1.0,0.7,344
"Chicken or turkey, noodles, and vegetables including carrots, broccoli, and/or dark-green leafy; cream sauce, white sauce, or mushroom sauce",0,128.7,6.06,13.46,5.62,1.2,1.12,338
"Chicken or turkey, noodles, and vegetables excluding carrots, broccoli, and/or dark-green leafy; cream sauce, white sauce, or mushroom sauce",0,133.0,6.09,14.5,5.63,1.1,1.07,345
"Chicken or turkey, noodles, and vegetables including carrots, broccoli, and/or dark-green leafy; tomato-based sauce",0,131.5,6.16,13.58,5.84,1.5,1.6,348
"Chicken or turkey, noodles, and vegetables excluding carrots, broccoli, and dark-green leafy; tomato-based sauce",0,136.1,6.19,14.69,5.84,1.4,1.55,342
Chicken or turkey chow mein or chop suey with noodles,0,133.1,9.91,11.15,5.43,1.5,1.54,408
"Chicken or turkey, noodles, and vegetables including carrots, broccoli, and/or dark-green leafy; cheese sauce",0,146.0,8.9,14.16,5.97,1.1,0.74,346
"Chicken or turkey, noodles, and vegetables excluding carrots, broccoli, and dark-green leafy; cheese sauce",0,150.7,8.93,15.32,5.97,1.1,0.69,340
"Chicken or turkey, rice, and vegetables including carrots, broccoli, and/or dark-green leafy; no sauce",0,149.2,6.78,18.2,5.47,1.0,0.69,345
"Chicken or turkey, rice, and vegetables excluding carrots, broccoli, and dark-green leafy; no sauce",0,151.2,6.85,19.78,4.96,0.9,0.62,356
"Chicken or turkey, rice, and vegetables including carrots, broccoli, and/or dark-green leafy; gravy",0,131.3,5.21,14.89,5.66,0.8,0.59,344
"Chicken or turkey, rice, and vegetables excluding carrots, broccoli, and dark-green leafy; gravy",0,134.3,5.25,16.03,5.46,0.7,0.54,339
"Chicken or turkey, rice, corn, and cheese, with gravy",0,151.8,5.66,14.37,7.96,0.7,0.96,431
"Chicken or turkey, rice, and vegetables including carrots, broccoli, and/or dark-green leafy; soy-based sauce",0,132.2,9.4,8.07,6.93,1.1,1.4,306
"Chicken or turkey, rice, and vegetables excluding carrots, broccoli, and dark-green leafy; soy-based sauce",0,134.0,9.56,7.84,7.15,0.8,1.47,305
"Chicken or turkey, rice, and vegetables including carrots, broccoli, and/or dark-green leafy; cream sauce, white sauce, or mushroom sauce",0,130.3,5.26,14.58,5.66,0.8,0.97,346
"Chicken or turkey, rice, and vegetables excluding carrots, broccoli, and dark-green leafy; cream sauce, white sauce, or mushroom sauce",0,131.4,5.31,15.67,5.28,0.8,0.92,342
"Chicken or turkey, rice, and vegetables including carrots, broccoli, and/or dark-green leafy; cheese sauce",0,140.7,8.05,15.54,5.15,0.8,0.58,344
"Chicken or turkey, rice, and vegetables excluding carrots, broccoli, and dark-green leafy; cheese sauce",0,145.6,8.09,16.69,5.16,0.7,0.53,338
"Chicken or turkey, rice, and vegetables including carrots, broccoli, and/or dark-green leafy; tomato-based sauce",0,129.9,5.32,14.84,5.47,1.1,1.44,345
"Chicken or turkey, rice, and vegetables excluding carrots, broccoli, and dark-green leafy; tomato-based sauce",0,134.5,5.35,15.94,5.48,1.0,1.39,339
Chicken or turkey pot pie,5,203.9,5.11,19.21,11.85,1.1,2.26,393
"Chicken or turkey, stuffing, and vegetables including carrots, broccoli, and/or dark-green leafy; no sauce",0,160.3,7.12,13.28,8.74,1.3,1.95,369
"Chicken or turkey,stuffing, and vegetables excluding carrots, broccoli, and dark green leafy; no sauce",0,166.8,7.17,14.85,8.75,1.2,1.88,361
"Chicken or turkey, stuffing, and vegetables including carrots, broccoli, and/or dark-green leafy; gravy",0,131.5,5.46,11.27,7.18,1.0,1.52,380
"Chicken or turkey, stuffing, and vegetables excluding carrots, broccoli, and dark-green leafy; gravy",0,129.5,5.22,11.81,6.82,0.8,1.4,355
"Chicken or turkey, dumplings, and vegetables including carrots, broccoli, and/or dark green leafy; gravy",0,127.3,5.53,11.52,6.57,0.9,1.12,344
"Chicken or turkey, dumplings, and vegetables excluding carrots, broccoli, and dark green leafy; gravy",0,128.6,5.59,12.69,6.16,0.8,1.07,340
"Chicken fricassee, Puerto Rican style",2,173.1,12.14,7.13,10.67,1.2,1.26,754
Paella with seafood,0,140.7,8.03,16.42,4.77,0.8,0.92,609
"Seafood stew with potatoes and vegetables excluding carrots, broccoli, and dark-green leafy; tomato-based sauce",0,72.4,8.68,5.72,1.65,0.8,1.57,366
Shrimp chow mein or chop suey with noodles,0,118.0,9.05,11.37,4.03,1.5,1.51,335
"Shrimp creole, with rice",0,120.8,10.12,11.9,3.63,0.8,0.96,436
Tuna pot pie,5,220.3,8.96,16.5,13.16,1.3,1.64,270
"Tuna noodle casserole with vegetables, cream or white sauce",0,147.3,9.01,14.04,6.12,0.8,2.35,216
"Fish, noodles, and vegetables including carrots, broccoli, and/or dark green leafy; cheese sauce",0,137.0,8.35,14.16,5.22,1.1,0.74,309
"Fish, noodles, and vegetables excluding carrots, broccoli, and dark-green leafy; cheese sauce",0,141.8,8.39,15.32,5.22,1.1,0.69,303
Bouillabaisse,0,96.0,13.42,2.15,3.75,0.3,0.61,223
Oyster pie,5,245.1,5.38,19.95,15.98,0.8,2.26,292
"Seafood stew with potatoes and vegetables including carrots, broccoli, and/or dark-green leafy; tomato-based sauce",0,71.3,8.82,5.98,1.34,0.9,1.67,373
Tuna noodle casserole with vegetables and mushroom sauce,0,123.6,7.97,12.97,4.43,1.0,1.47,282
"Codfish with starchy vegetables, Puerto Rican style",0,136.8,3.53,18.45,5.43,2.7,2.94,51
"Stewed codfish, Puerto Rican style",0,113.6,10.87,8.48,4.02,1.3,1.69,82
"Biscayne codfish, Puerto Rican style",0,191.3,9.2,11.08,12.24,1.9,1.85,300
"Stew, NFS",0,89.7,5.23,8.24,3.98,1.2,1.58,304
"Goulash, NFS",2,162.6,15.31,8.7,7.4,0.9,1.6,262
"Meat pie, NFS",5,203.9,5.11,19.21,11.85,1.1,2.26,393
"Chow mein or chop suey, NS as to type of meat, with noodles",0,133.1,9.91,11.15,5.43,1.5,1.54,408
"Paella, NFS",2,165.8,9.54,15.79,7.17,0.6,0.67,737
Brunswick stew,0,119.6,11.26,7.32,5.03,1.2,1.01,234
"Chow mein or chop suey, various types of meat, with noodles",0,136.2,10.36,11.16,5.57,1.5,1.54,354
"Stewed variety meats, mostly liver, Puerto Rican style",2,108.5,15.78,5.74,2.49,1.0,1.94,337
"Stewed tripe, with potatoes, Puerto Rican style",0,108.7,8.57,9.45,4.07,1.7,2.03,561
Gumbo with rice,0,89.7,8.16,6.54,3.43,0.9,1.7,400
Jambalaya with meat and rice,2,161.4,13.77,8.64,7.97,0.7,0.94,379
"Beef and vegetables including carrots, broccoli, and/or dark-green leafy; no potatoes, no sauce",0,118.2,11.41,3.0,6.73,1.4,1.27,316
"Beef and vegetables excluding carrots, broccoli, and dark-green leafy; no potatoes, no sauce",0,124.6,10.03,5.16,7.09,1.1,0.99,324
"Beef shish kabob with vegetables, excluding potatoes",0,122.9,14.7,5.0,4.9,0.9,2.33,208
"Beef with vegetables including carrots, broccoli, and/or dark-green leafy; no potatoes, tomato-based sauce",0,113.8,8.24,4.48,6.99,1.7,2.51,300
Swiss steak,0,130.4,10.82,3.55,8.1,0.9,1.16,242
"Beef rolls, stuffed with vegetables or meat mixture, tomato-based sauce",2,189.3,20.53,6.46,9.04,0.7,1.23,349
"Beef with vegetables excluding carrots, broccoli, and dark-green leafy; no potatoes, tomato-based sauce",0,119.1,7.67,5.96,7.18,1.4,2.23,301
"Beef with vegetables including carrots, broccoli, and/or dark-green leafy; no potatoes, mushroom sauce",0,116.4,7.8,5.24,7.14,1.1,1.59,307
"Beef with vegetables excluding carrots, broccoli, and dark-green leafy; no potatoes, mushroom sauce",0,123.5,7.85,6.97,7.14,1.0,1.51,318
"Beef and vegetables including carrots, broccoli, and/or dark-green leafy; no potatoes, soy-based sauce",0,145.5,11.75,4.79,8.82,1.3,1.55,249
Beef and broccoli,2,159.3,10.55,5.31,10.65,1.4,1.39,439
"Beef, tofu, and vegetables including carrots, broccoli, and/or dark-green leafy; no potatoes, soy-based sauce",0,118.0,7.33,4.88,7.68,1.3,1.65,235
Szechuan beef,0,105.2,7.08,7.29,5.3,1.5,2.41,409
Hunan beef,0,105.2,7.08,7.29,5.3,1.5,2.41,409
"Beef chow mein or chop suey, no noodles",0,81.9,10.76,3.85,2.61,0.8,1.76,253
Kung Pao beef,2,223.7,18.34,4.79,14.58,1.1,1.46,180
"Beef and vegetables excluding carrots, broccoli, and dark-green leafy; no potatoes, soy-based sauce",0,148.0,12.03,4.39,9.15,0.9,1.64,245
"Beef, tofu, and vegetables excluding carrots, broccoli,  and dark-green leafy; no potatoes, soy-based sauce",0,119.4,7.43,4.5,7.96,0.9,1.74,230
"Beef and vegetables, Hawaiian style",0,87.2,4.33,14.13,1.48,1.8,5.6,676
Pepper steak,0,147.2,11.87,4.42,9.12,0.7,1.67,244
"Beef, ground, with egg and onion",2,222.4,21.86,1.05,14.53,0.1,0.54,744
Beef salad,2,256.8,17.9,2.82,19.32,0.4,2.1,335
"Beef taco filling: beef, cheese, tomato, taco sauce",2,179.2,12.99,6.33,11.32,0.9,4.06,472
Stir fried beef and vegetables in soy sauce,0,93.5,10.85,4.25,3.68,0.9,2.6,342
"Beef and vegetables including carrots, broccoli, and/or dark-green leafy; no potatoes, gravy",0,116.3,8.06,4.5,7.34,1.0,1.0,310
"Beef and vegetables excluding carrots, broccoli, and dark-green leafy; no potatoes, gravy",0,124.4,8.11,6.47,7.34,0.9,0.91,312
Seasoned shredded soup meat,2,202.5,18.22,3.64,12.79,0.9,1.74,235
"Beef stew with vegetables excluding potatoes, Puerto Rican style",2,214.5,15.08,6.73,14.14,2.2,2.78,572
"Corned beef with tomato sauce and onion, Puerto Rican style",2,196.1,19.18,2.04,12.36,0.4,1.08,688
"Beef steak with onions, Puerto Rican style",2,316.5,20.92,3.94,24.12,0.7,1.55,999
Cabbage with ham hocks,0,72.3,7.97,4.5,2.49,1.7,2.69,346
Ham or pork salad,2,227.0,13.31,2.75,18.09,0.4,2.06,985
Frankfurters or hot dogs and sauerkraut,2,209.8,7.94,3.52,18.22,1.1,1.5,791
"Pork and vegetables including carrots, broccoli, and/or dark-green leafy; no potatoes, no sauce",0,122.8,11.2,3.14,7.27,1.5,1.33,317
Greens with ham or pork,0,51.0,4.91,4.68,1.41,3.6,0.84,370
"Pork, tofu, and vegetables including carrots, broccoli, and/or dark-green leafy; no potatoes, soy-base sauce",0,117.6,7.03,4.88,7.77,1.3,1.65,237
"Pork and vegetables, Hawaiian style",0,91.5,7.37,7.33,3.63,1.7,2.34,192
Pork and watercress with soy-based sauce,2,187.5,14.87,3.46,12.69,0.5,1.05,341
Kung Pao pork,2,222.4,17.3,4.79,14.89,1.1,1.46,189
"Moo Shu pork, without Chinese pancake",2,153.4,10.43,4.04,10.61,0.9,1.79,818
Pork and onions with soy-based sauce,0,148.5,11.05,5.51,9.14,0.8,2.17,245
Pork hash,2,182.2,12.96,1.89,13.65,0.5,0.56,486
"Ham and vegetables including carrots broccoli, and/or dark- green leafy; no potatoes, no sauce",0,114.7,7.45,2.59,8.28,1.2,1.1,767
"Ham and vegetables excluding carrots, broccoli, and dark-green leafy; no potatoes, no sauce",0,121.2,7.56,5.12,7.83,1.1,0.98,757
"Pork and vegetables excluding carrots, broccoli, and dark-green leafy; no potatoes, no sauce",0,125.6,10.07,5.52,7.03,1.2,1.06,319
"Pork, tofu, and vegetables, excluding carrots, broccoli, and dark-green leafy; no potatoes, soy-based sauce",0,118.9,7.12,4.5,8.05,0.9,1.74,233
"Pork chow mein or chop suey, no noodles",0,95.5,10.34,3.85,4.3,0.8,1.76,250
"Pork and vegetables including carrots, broccoli, and/or dark-green leafy; no potatoes, tomato-based sauce",0,113.1,7.76,4.48,7.13,1.7,2.51,304
"Pork and vegetables excluding  carrots, broccoli, and dark-green leafy; no potatoes, tomato-based sauce",0,121.3,7.81,6.44,7.14,1.5,2.42,305
"Sausage and vegetables including  carrots, broccoli, and/or dark-green leafy; no potatoes, tomato-based sauce",0,117.1,5.56,4.94,8.34,1.7,2.83,675
"Sausage and vegetables, excluding carrots, broccoli, and dark-green leafy; no potatoes, tomato-based sauce",0,125.3,5.62,6.94,8.34,1.6,2.74,665
"Sausage and peppers, no sauce",2,247.8,13.99,3.26,19.87,0.3,1.88,551
"Pork and vegetables including carrots, broccoli, and/or dark-green leafy; no potatoes, soy-based sauce",0,144.7,11.06,4.79,9.03,1.3,1.55,255
"Pork and vegetables excluding carrots, broccoli, and dark- green leafy; no potatoes, soy-based sauce",0,147.1,11.31,4.39,9.37,0.9,1.64,251
"Pork shish kabob with vegetables, excluding potatoes",0,121.7,13.78,5.0,5.18,0.9,2.33,216
"Stuffed christophine, Puerto Rican style",2,213.2,12.62,4.44,16.11,1.5,1.72,334
"Pork chop stewed with vegetables, Puerto Rican style",0,92.7,10.82,5.22,3.17,1.3,2.52,411
"Lamb or mutton stew with vegetables including carrots, broccoli, and/or dark-green leafy; no potatoes, gravy",0,113.7,13.52,6.37,3.79,1.8,1.28,361
"Lamb or mutton stew with vegetables excluding carrots, broccoli, and dark-green leafy; no potatoes, gravy",2,119.4,14.41,6.83,3.83,1.8,1.77,376
"Veal goulash with vegetables excluding carrots, broccoli, and dark-green leafy; no potatoes, tomato-based sauce",0,94.0,12.59,2.79,3.61,0.4,1.07,226
"Veal goulash with vegetables including carrots, broccoli, and/or dark-green leafy; no potatoes, tomato-based sauce",0,95.9,12.96,2.59,3.74,0.4,1.0,238
"Veal with vegetables including carrots, broccoli, and/or dark-green leafy; no potatoes, cream or white sauce",0,121.9,9.36,5.98,6.73,0.8,2.76,308
"Veal with vegetables excluding carrots, broccoli, and dark-green leafy; and potatoes, cream or white sauce",0,125.8,10.67,6.68,6.27,0.9,2.22,306
"Lamb shish kabob with vegetables, excluding potatoes",0,119.8,12.12,5.0,5.7,0.9,2.33,221
"Chicken or turkey and vegetables including carrots, broccoli, and/or dark-green leafy; no potatoes, no sauce",0,120.2,9.66,2.88,7.78,1.4,1.22,386
"Chicken or turkey and vegetables excluding carrots, broccoli, and dark-green leafy; no potatoes, no sauce",0,126.8,8.72,5.08,7.96,1.1,0.98,379
"Chicken or turkey shish kabob with vegetables, excluding potatoes",0,105.2,12.95,5.0,3.71,0.9,2.33,346
"Chicken or turkey creole, without rice",2,105.1,13.82,2.96,4.22,1.1,1.83,363
"Chicken or turkey and vegetables including carrots, broccoli, and/or dark-green leafy; no potatoes, gravy",0,113.2,7.1,4.47,7.44,1.0,1.0,367
"Chicken or turkey and vegetables excluding carrots, broccoli, and dark-green leafy; no potatoes, gravy",0,121.4,7.16,6.43,7.45,0.9,0.9,368
"Chicken or turkey a la king with vegetables including carrots, broccoli, and/or dark-green leafy; no potatoes, cream, white, or soup-based sauce",2,187.8,9.37,6.81,13.67,0.6,2.57,428
"Chicken or turkey a la king with vegetables excluding carrorts, broccoli, and dark-green leafy; no potatoes, cream, white, or soup-based sauce",2,182.8,9.53,6.35,13.25,0.5,2.46,482
Chicken or turkey divan,2,143.1,15.51,3.99,7.23,1.3,0.96,296
"Chicken or turkey and vegetables including carrots, broccoli, and/or dark-green leafy; no potatoes, soy-based sauce",0,95.3,8.18,5.38,4.56,0.9,2.93,413
"Chicken or turkey and vegetables excluding carrots, broccoli, and dark-green leafy; no potatoes, soy-based sauce",0,134.1,10.6,4.44,8.22,0.9,1.69,352
"Chicken or turkey and vegetables including carrots, broccoli, and/or dark-green leafy; no potatoes, tomato-based sauce",0,116.8,7.23,4.42,7.8,1.6,2.47,365
"Chicken or turkey and vegetables excluding carrots, broccoli, and dark-green leafy; no potatoes, tomato-based sauce",0,124.8,7.28,6.35,7.81,1.5,2.38,366
General Tso chicken,5,294.8,12.9,23.99,16.36,0.9,11.6,435
Moo Goo Gai Pan,0,69.2,7.15,4.69,2.43,1.2,2.01,106
Kung pao chicken,0,129.3,9.76,6.87,6.98,1.5,3.03,402
Almond chicken,2,202.7,16.07,4.69,13.3,1.2,1.44,335
"Chicken or turkey chow mein or chop suey, no noodles",0,83.6,9.78,3.84,3.23,0.8,1.76,344
"Chicken or turkey salad, made with mayonnaise",2,235.9,13.97,2.8,18.76,0.4,2.1,480
Chicken or turkey salad with nuts and/or fruits,2,234.5,12.51,5.95,17.85,1.1,4.08,388
Chicken or turkey salad with egg,2,228.6,13.85,2.66,18.06,0.4,2.01,450
"Chicken or turkey salad, made with light mayonnaise",2,146.5,13.6,4.68,8.15,0.4,2.73,526
"Chicken or turkey salad, made with mayonnaise-type salad dressing",2,149.9,13.72,5.87,7.95,0.4,4.13,486
"Chicken or turkey salad, made with light mayonnaise-type salad dressing",2,146.5,13.6,4.68,8.15,0.4,2.73,526
"Chicken or turkey salad, made with creamy dressing",2,188.8,13.81,3.94,13.09,0.4,2.98,542
"Chicken or turkey salad, made with light creamy dressing",2,129.2,13.79,4.2,6.36,0.4,3.2,528
"Chicken or turkey salad, made with Italian dressing",2,146.4,13.67,5.29,7.84,0.4,4.3,560
"Chicken or turkey salad, made with light Italian dressing",2,116.2,13.6,4.85,4.71,0.4,3.97,540
"Chicken or turkey salad, made with any type of fat free dressing",2,112.6,13.37,6.21,3.81,0.9,4.31,521
"Chicken or turkey garden salad, chicken and/or turkey, tomato and/or carrots, other vegetables, no dressing",0,64.2,10.22,2.84,1.33,1.0,1.25,132
"Chicken or turkey garden salad, chicken and/or turkey, other vegetables excluding tomato and carrots, no dressing",0,66.3,11.0,2.41,1.41,0.9,0.97,137
"Chicken or turkey garden salad with bacon and cheese, chicken and/or turkey, bacon, cheese, lettuce and/or greens, tomato and/or carrots, other vegetables, no dressing",0,105.9,11.08,2.78,5.61,0.9,1.07,224
"Chicken or turkey, breaded, fried, garden salad with bacon and cheese, chicken and/or turkey, bacon, cheese, lettuce and/or greens, tomato and/or carrots, other vegetables, no dressing",0,121.7,6.92,6.13,7.72,1.2,1.18,252
"Chicken or turkey garden salad with cheese, chicken and/or turkey, cheese, lettuce and/or greens, tomato and/or carrots, other vegetables, no dressing",0,93.5,10.4,2.8,4.52,0.9,1.1,172
"Chicken or turkey, breaded, fried, garden salad with cheese, chicken and/or turkey, cheese, lettuce and/or greens, tomato and/or carrots, other vegetables, no dressing",0,122.2,6.62,6.19,7.89,1.3,1.38,213
"Asian chicken or turkey garden salad, chicken and/or turkey, lettuce, fruit, nuts, no dressing",0,132.4,11.53,9.42,5.4,2.0,2.97,174
"Asian chicken or turkey garden salad with crispy noodles, chicken and/or turkey, lettuce, fruit, nuts, crispy noodles, no dressing",0,120.5,10.36,7.91,5.27,1.9,2.97,165
"Chicken or turkey caesar garden salad, chicken and/or turkey, lettuce, tomato, cheese, no dressing",0,63.1,8.68,2.71,1.95,1.0,0.96,262
"Chicken or turkey, breaded, fried, caesar garden salad, chicken and/or turkey, lettuce, tomatoes, cheese, no dressing",0,114.9,6.47,6.81,6.86,1.2,0.92,245
"Chicken or turkey and vegetables including carrots, broccoli, and/or dark-green leafy; no potatoes, cheese sauce",0,120.0,9.83,3.88,7.24,0.9,0.8,353
"Chicken or turkey and vegetables excluding carrots, broccoli, and dark-green leafy; no potatoes, cheese sauce",0,126.8,9.87,5.54,7.24,0.7,0.72,365
"Chicken or turkey fricassee, with sauce, no potatoes, potatoes reported separately, Puerto Rican style",2,184.2,14.0,2.54,13.12,0.7,1.19,593
"Chicken or turkey fricassee, no sauce, no potatoes, Puerto Rican style",2,199.7,25.15,0.0,11.01,0.0,0.0,742
Crab salad,2,185.5,9.44,1.19,15.89,0.4,0.57,459
Lobster salad,2,184.5,10.33,1.15,15.4,0.4,0.55,504
Salmon salad,2,210.3,10.86,2.66,17.36,0.4,1.98,504
"Shrimp chow mein or chop suey, no noodles",0,67.5,8.8,4.27,1.69,0.8,1.72,263
"Tuna salad, made with mayonnaise",2,194.4,10.12,2.82,15.85,0.4,2.07,414
"Tuna salad, made with light mayonnaise",0,106.6,9.82,4.67,5.4,0.4,2.7,460
"Tuna salad, made with mayonnaise-type salad dressing",0,109.8,9.92,5.84,5.19,0.4,4.09,421
"Tuna salad, made with light mayonnaise-type salad dressing",0,106.6,9.82,4.67,5.4,0.4,2.7,460
"Tuna salad, made with creamy dressing",2,148.5,10.03,3.94,10.29,0.4,2.95,476
"Tuna salad, made with light creamy dressing",0,79.1,9.86,7.31,1.16,0.4,3.14,484
"Tuna salad, made with Italian dressing",0,106.4,9.87,5.27,5.09,0.4,4.25,494
"Tuna salad, made with light Italian dressing",0,76.6,9.82,4.84,2.0,0.4,3.93,474
"Tuna salad, made with any type of fat free dressing",0,73.6,9.64,6.18,1.15,0.8,4.26,456
Shrimp salad,2,196.2,10.47,1.22,16.6,0.4,0.58,695
Seafood salad,2,188.6,10.08,1.18,15.95,0.4,0.56,579
Tuna salad with cheese,2,214.8,11.37,2.78,17.58,0.4,1.91,437
Tuna salad with egg,2,190.6,10.33,2.67,15.4,0.4,1.99,389
"Shrimp garden salad, shrimp, lettuce, eggs, tomato and/or carrots, other vegetables, no dressing",0,61.7,8.2,2.63,2.04,0.9,1.25,277
"Shrimp garden salad, shrimp, lettuce, eggs, vegetables excluding tomato and carrots, no dressing",0,63.3,8.73,2.24,2.16,0.8,1.01,291
Crab salad made with imitation crab,5,197.3,4.12,8.58,16.28,0.6,3.65,526
"Fish, tofu, and vegetables, tempura",0,177.6,4.03,4.55,15.92,1.1,1.65,23
"Seafood garden salad with seafood, lettuce, vegetables excluding tomato and carrots, no dressing",0,44.9,7.68,2.43,0.5,0.9,0.98,271
"Seafood garden salad with seafood, lettuce, tomato and/or carrots, other vegetables, no dressing",0,44.3,7.13,2.87,0.48,1.0,1.26,257
"Seafood garden salad with seafood, lettuce, eggs, vegetables excluding tomato and carrots, no dressing",0,61.2,8.44,2.23,2.06,0.7,1.0,248
"Seafood garden salad with seafood, lettuce, eggs, tomato and/or carrots, other vegetables, no dressing",0,59.7,7.92,2.61,1.95,0.8,1.24,237
Oysters Rockefeller,0,131.3,7.65,9.27,7.07,1.9,1.2,434
Lomi salmon,0,60.2,7.55,3.31,1.86,1.0,1.82,145
"Shrimp and vegetables including carrots, broccoli, and/or dark-green leafy; no potatoes, no sauce",0,117.8,9.35,3.8,7.25,1.6,1.37,59
"Shrimp and vegetables excluding carrots, broccoli, and dark-green leafy; no potatoes, no sauce",0,126.0,9.25,6.78,6.87,1.3,1.2,41
"Shrimp and vegetables including carrots, broccoli, and/or dark-green leafy; no potatoes, soy-based sauce",0,115.6,9.2,5.29,6.4,1.3,1.55,247
"Shrimp and vegetables excluding carrots, broccoli, and dark-green leafy; no potatoes, soy-based sauce",0,117.0,9.38,4.92,6.64,0.9,1.64,243
"Shrimp shish kabob with vegetables, excluding potatoes",0,81.7,11.14,5.69,1.6,0.9,2.33,240
"Shrimp creole, no rice",0,121.6,14.32,4.49,5.15,1.0,1.32,153
Kung Pao shrimp,2,177.5,14.34,5.56,10.88,1.1,1.46,216
"Tuna casserole with vegetables and mushroom sauce, no noodles",0,114.7,8.86,8.41,5.07,0.9,1.78,367
"Shellfish mixture and vegetables including carrots, broccoli, and/or dark-green leafy; no potatoes, soy-based sauce",0,119.3,9.45,6.03,6.38,1.3,1.55,247
"Shellfish mixture and vegetables excluding carrots, broccoli, and dark-green leafy; no potatoes, soy-based sauce",0,120.9,9.63,5.69,6.62,0.9,1.64,243
"Shellfish mixture and vegetables including carrots, broccoli, and/or dark-green leafy; no potatoes, mushroom sauce",0,110.8,6.25,5.93,6.9,1.1,1.57,317
"Shellfish mixture and vegetables excluding carrots, broccoli, and dark-green leafy; no potatoes, mushroom sauce",0,118.0,6.3,7.64,6.91,1.0,1.49,308
"Fish and vegetables including carrots, broccoli, and/or dark-green leafy; no potatoes, tomato-based sauce",0,108.0,6.28,4.39,7.26,1.6,2.46,302
"Fish and vegetables excluding carrots, broccoli, and dark- green leafy; no potatoes, tomato-based sauce",0,115.9,6.33,6.3,7.26,1.5,2.36,303
"Fish and vegetables including carrots, broccoli, and/or dark-green leafy; no potatoes, soy-based sauce",0,104.4,7.83,4.78,6.0,1.3,1.55,255
"Fish and vegetables excluding  carrots, broccoli, and dark-green leafy; no potatoes, soy-based sauce",0,105.2,7.95,4.38,6.21,0.9,1.64,251
"Fish shish kabob with vegetables, excluding potatoes",0,66.8,9.31,5.0,1.06,0.9,2.33,250
"Fried fish with sauce, Puerto Rican style",2,153.6,11.81,3.42,10.3,0.8,1.7,662
"Lobster with sauce, Puerto Rican style",2,153.9,10.76,3.96,10.56,1.0,2.24,720
"Octopus salad, Puerto Rican style",0,168.5,9.67,5.56,11.95,1.0,2.13,129
"Codfish salad, Puerto Rican style, Serenata",0,181.1,6.61,2.81,15.94,0.7,1.51,415
"Chow mein or chop suey, NS as to type of meat, no noodles",0,83.6,9.78,3.84,3.23,0.8,1.76,344
Lau lau,2,135.9,15.25,0.0,8.32,0.0,0.0,231
"Julienne salad, meat, cheese, eggs, vegetables, no dressing",0,111.0,10.99,2.57,6.31,0.7,1.13,277
"Antipasto with ham, fish, cheese, vegetables",2,158.2,11.62,3.88,10.69,1.1,1.51,869
"Livers, chicken, chopped, with eggs and onion",2,222.2,12.89,2.87,17.69,0.4,1.23,1047
"Liver, beef or calves, and onions",2,127.0,16.68,6.97,3.6,0.5,1.78,276
"Stewed chitterlings, Puerto Rican style",0,215.5,8.4,3.82,18.51,1.0,2.04,56
"Stewed gizzards, Puerto Rican style",2,176.7,20.25,4.4,8.68,1.1,1.94,380
"Gumbo, no rice",0,83.2,8.53,4.02,3.67,0.9,1.83,433
"Sandwich, NFS",5,292.5,9.28,33.02,13.7,1.4,4.02,773
"Meat sandwich, NFS",5,292.5,9.28,33.02,13.7,1.4,4.02,773
"Wrap sandwich, NFS",2,189.1,12.74,13.32,9.43,1.2,2.13,344
"Beef sandwich, NFS",2,188.4,11.93,18.68,7.33,0.6,2.86,404
"Beef barbecue submarine sandwich, on bun",2,219.4,16.73,26.04,5.37,0.8,8.72,410
"Cheeseburger slider, from fast food",5,293.9,16.22,24.9,14.38,0.9,3.91,513
"Cheeseburger, NFS",2,292.1,17.92,18.62,16.21,0.6,2.92,444
"Cheeseburger, from fast food, 1 small patty",2,295.1,16.48,23.82,14.88,0.8,3.78,519
Cheeseburger (Burger King),5,257.6,13.94,23.87,11.82,1.0,4.85,508
Whopper Jr with cheese (Burger King),5,233.3,12.07,18.89,12.16,0.9,4.03,413
Cheeseburger (McDonalds),5,271.9,13.49,25.46,12.9,1.9,5.24,628
"Cheeseburger, from school cafeteria",2,248.8,18.89,23.87,8.64,2.4,3.41,328
Cheeseburger slider,2,292.0,18.13,17.81,16.47,0.6,2.8,437
"Cheeseburger, on white bun, 1 small patty",2,293.7,17.66,19.5,16.12,0.7,3.1,467
"Cheeseburger, on wheat bun, 1 small patty",2,291.2,18.39,18.06,16.15,1.8,2.86,458
"Cheeseburger, from fast food, 1 medium patty",2,292.1,17.92,18.62,16.21,0.6,2.92,444
Quarter Pounder (McDonalds),2,255.7,15.68,22.14,11.6,1.1,3.67,374
Whopper with cheese (Burger King),5,267.9,13.69,17.73,15.8,1.1,4.5,473
Quarter Pounder with cheese (McDonalds),2,269.3,15.21,19.72,14.4,1.2,3.6,591
"Cheeseburger submarine sandwich with lettuce, tomato and spread",5,183.2,12.29,21.49,5.34,1.2,3.41,444
"Cheeseburger, on white bun, 1 medium patty",2,292.1,17.92,18.62,16.21,0.6,2.92,444
"Cheeseburger, on wheat bun, 1 medium patty",2,289.6,18.62,17.24,16.24,1.7,2.69,435
"Cheeseburger, on white bun, 1 large patty",2,294.9,18.79,15.15,17.68,0.5,2.47,460
"Cheeseburger, on wheat bun, 1 large patty",2,293.0,19.35,14.05,17.71,1.4,2.28,453
"Double cheeseburger, on white bun, 2 small patties",2,291.5,19.34,13.24,17.91,0.5,2.1,417
"Double cheeseburger, on wheat bun, 2 small patties",2,289.8,19.84,12.26,17.93,1.2,1.94,411
"Double cheeseburger, on white bun, 2 medium patties",2,295.7,19.7,11.68,18.91,0.4,1.96,447
"Double cheeseburger, on wheat bun, 2 medium patties",2,294.2,20.13,10.84,18.93,1.0,1.82,442
"Cheeseburger, from fast food, 1 large patty",2,294.9,18.79,15.15,17.68,0.5,2.47,460
"Double cheeseburger, on white bun, 2 large patties",2,294.2,20.29,9.57,19.42,0.3,1.61,415
"Double cheeseburger, on wheat bun, 2 large patties",2,293.0,20.64,8.88,19.43,0.9,1.49,411
"Double cheeseburger, from fast food, 2 small patties",2,293.0,18.17,17.58,16.67,0.6,2.79,453
Double cheeseburger (Burger King),2,268.8,16.18,17.2,15.03,0.7,3.87,476
Double cheeseburger (McDonalds),2,282.5,16.24,17.97,16.18,0.9,4.16,617
McDouble (McDonalds),2,282.5,16.24,17.97,16.18,0.9,4.16,617
Big Mac (McDonalds),5,260.8,11.94,21.53,14.1,1.4,3.26,485
"Double cheeseburger, from fast food, 2 medium patties",2,295.7,19.7,11.68,18.91,0.4,1.96,447
"Double cheeseburger, from fast food, 2 large patties",2,294.2,20.29,9.57,19.42,0.3,1.61,415
"Hamburger slider, from fast food",5,280.0,15.27,29.18,11.35,1.0,4.24,400
"Hamburger, NFS",2,282.2,17.51,20.68,14.38,0.7,3.0,355
"Hamburger, from fast food, 1 small patty",5,280.2,15.51,28.27,11.68,1.0,4.11,396
Hamburger (Burger King),5,250.6,13.63,25.98,10.24,1.1,4.66,400
Whopper Jr (Burger King),5,213.8,10.74,21.12,9.59,1.0,4.28,314
Hamburger (McDonalds),5,263.1,13.3,29.57,10.18,1.8,5.95,487
"Hamburger, from school cafeteria",5,242.9,17.97,26.17,7.37,2.7,3.76,295
Hamburger slider,2,282.4,17.76,19.71,14.72,0.7,2.86,349
"Hamburger, on white bun, 1 small patty",2,281.8,17.1,22.22,13.83,0.8,3.23,361
"Hamburger, on wheat bun, 1 small patty",2,278.8,17.96,20.53,13.87,2.1,2.95,350
"Hamburger, from fast food, 1 medium patty",2,282.2,17.51,20.68,14.38,0.7,3.0,355
"Hamburger, from fast food, 1 large patty",2,282.9,18.43,17.12,15.63,0.6,2.49,351
Whopper (Burger King),5,226.0,11.34,17.33,12.37,1.5,4.0,342
"Hamburger, on white bun, 1 medium patty",2,282.2,17.51,20.68,14.38,0.7,3.0,355
"Hamburger, on wheat bun, 1 medium patty",2,279.4,18.31,19.11,14.41,2.0,2.74,345
"Hamburger, on white bun, 1 large patty",2,282.9,18.43,17.12,15.63,0.6,2.49,351
"Hamburger, on wheat bun, 1 large patty",2,280.6,19.1,15.82,15.66,1.6,2.27,343
"Double hamburger, on white bun, 2 small patties",2,283.6,19.18,14.26,16.65,0.5,2.07,344
"Double hamburger, on wheat bun, 2 small patties",2,281.7,19.73,13.18,16.67,1.4,1.89,337
"Double hamburger, on white bun, 2 medium patties",2,283.9,19.51,13.02,17.09,0.5,1.89,336
"Double hamburger, on wheat bun, 2 medium patties",2,282.2,20.01,12.03,17.11,1.2,1.73,330
"Double hamburger, on white bun, 2 large patties",2,284.6,20.22,10.33,18.05,0.4,1.5,322
"Double hamburger, on wheat bun, 2 large patties",2,283.3,20.62,9.54,18.07,1.0,1.37,317
"Double hamburger, from fast food, 2 small patties",2,282.3,17.76,19.68,14.73,0.7,2.86,357
"Double hamburger, from fast food, 2 medium patties",2,283.9,19.51,13.02,17.09,0.5,1.89,336
"Double hamburger, from fast food, 2 large patties",2,284.6,20.22,10.33,18.05,0.4,1.5,322
Meatball and spaghetti sauce submarine sandwich,5,219.2,9.77,26.01,8.45,2.1,4.98,437
"Chiliburger, with or without cheese, on bun",2,228.5,13.93,18.36,11.04,1.5,2.66,384
Corned beef sandwich,2,204.1,14.57,19.73,7.43,1.1,2.37,713
"Reuben sandwich, corned beef sandwich with sauerkraut and cheese, with spread",5,282.9,12.59,19.32,17.25,2.2,3.89,713
Pastrami sandwich,2,163.6,12.46,19.87,3.81,1.1,2.4,785
Roast beef sandwich,2,242.2,15.17,22.21,10.3,1.3,3.84,653
"Roast beef sandwich, with gravy",2,217.8,12.04,13.77,12.73,0.7,1.37,468
"Roast beef submarine sandwich, with lettuce, tomato and spread",0,179.6,11.64,19.4,6.16,0.7,2.88,344
"Roast beef submarine sandwich, with cheese, lettuce, tomato and spread",2,188.4,11.93,18.68,7.33,0.6,2.86,404
Roast beef sandwich with cheese,2,319.2,17.15,18.09,19.8,0.8,2.65,482
Roast beef sandwich with bacon and cheese sauce,2,340.9,18.82,19.67,20.77,0.7,2.97,574
"Roast beef submarine sandwich, on roll, au jus",2,234.5,12.34,17.54,12.78,0.6,2.55,297
Steak submarine sandwich with lettuce and tomato,2,198.1,15.83,20.31,5.95,0.9,3.27,320
"Steak sandwich, plain, on roll",2,225.6,21.64,16.5,8.12,0.6,2.4,357
"Steak and cheese submarine sandwich, with lettuce and tomato",5,183.2,12.29,21.49,5.34,1.2,3.41,444
"Steak and cheese sandwich, plain, on roll",2,243.5,19.7,18.13,10.24,0.6,3.46,522
"Steak and cheese submarine sandwich, plain, on roll",2,246.8,18.59,21.68,9.53,0.7,3.88,519
"Fajita-style beef sandwich with cheese, on pita bread, with lettuce and tomato",0,160.4,9.1,15.33,6.96,1.2,1.84,361
"Steak and cheese submarine sandwich, with fried peppers and onions, on roll",2,228.5,16.26,18.21,10.07,0.9,3.07,267
"Steak sandwich, plain, on biscuit",5,306.0,14.23,29.12,14.73,1.7,2.64,685
"Gyro sandwich (pita bread, beef, lamb, onion, condiments), with tomato and spread",0,164.7,11.92,18.52,4.77,1.0,1.56,183
"Hamburger wrap sandwich, from fast food",2,293.5,16.86,20.38,16.06,1.4,1.53,455
"Bacon sandwich, with spread",5,353.4,17.48,30.38,18.0,1.4,3.26,902
"Bacon and cheese sandwich, with spread",5,312.5,13.7,26.13,17.02,1.0,5.23,923
Bacon and egg sandwich,5,253.7,13.42,21.23,12.79,1.0,2.41,514
"Bacon, lettuce, and tomato sandwich with spread",5,208.3,7.94,21.04,10.26,1.5,3.31,527
"Bacon, lettuce, and tomato submarine sandwich, with spread",5,204.6,10.06,26.66,6.41,1.6,3.61,354
"Bacon, lettuce, tomato, and cheese submarine sandwich, with spread",5,232.3,10.95,15.77,13.94,1.3,1.44,699
Bacon on biscuit,5,381.2,10.52,37.56,20.99,2.2,3.38,1069
Ham on biscuit,5,349.1,11.85,38.75,16.3,0.7,1.97,974
"Ham sandwich, with spread",5,211.8,12.4,23.14,7.74,1.1,2.53,754
Ham sandwich with lettuce and spread,5,188.1,11.7,21.97,5.94,1.1,2.52,698
"Ham and cheese sandwich, with lettuce and spread",2,209.8,12.5,19.58,9.05,0.9,3.2,803
Ham salad sandwich,5,219.5,11.69,19.92,10.34,1.1,2.71,724
"Ham and cheese sandwich, on bun, with lettuce and spread",2,189.5,11.83,15.68,8.83,0.7,3.42,766
"Hot ham and cheese sandwich, on bun",2,189.5,10.8,14.86,9.65,0.7,3.11,700
Ham and cheese on English muffin,2,254.2,17.03,18.72,12.36,1.4,1.83,752
"Ham and cheese submarine sandwich, with lettuce, tomato and spread",0,150.9,9.12,22.91,2.53,1.3,3.54,396
"Cuban sandwich, with spread",2,269.6,17.81,22.67,11.96,0.8,3.27,529
"Midnight sandwich, with spread",2,230.8,17.3,20.09,9.03,0.8,4.36,614
"Pork sandwich, on white roll, with onions, dill pickles and barbecue sauce",5,218.9,13.66,26.5,6.47,0.9,9.05,466
"Pork barbecue sandwich or Sloppy Joe, on bun",5,203.7,11.21,30.55,4.07,0.8,16.66,598
Pork sandwich,2,228.6,18.44,24.34,6.39,1.1,2.64,434
"Sliced chicken sandwich, with spread",2,223.4,18.07,23.48,6.36,1.1,2.57,460
"Sliced chicken sandwich, with cheese and spread",2,236.1,17.77,21.26,8.89,0.9,3.13,584
Chicken salad or chicken spread sandwich,5,230.7,13.36,19.78,10.9,1.2,2.36,437
Chicken barbecue sandwich,2,210.8,16.43,26.04,4.55,1.1,5.68,502
"Chicken fillet sandwich, NFS",5,279.7,12.17,27.48,13.46,1.7,3.07,571
"Chicken fillet sandwich, from school cafeteria",5,250.2,14.62,29.8,8.06,4.4,2.73,457
"Chicken fillet biscuit, from fast food",5,320.6,10.78,26.41,19.09,2.0,1.98,775
"Chicken fillet sandwich, fried, from fast food",5,279.7,12.17,27.48,13.46,1.7,3.07,571
"Chicken fillet sandwich, fried, from fast food, with cheese",5,289.8,13.24,24.57,15.4,1.5,2.98,632
"Chicken fillet sandwich, grilled, from fast food",2,219.2,21.5,19.4,6.18,0.7,2.82,430
"Chicken fillet sandwich, grilled, from fast food, with cheese",2,237.4,21.4,17.46,9.11,0.6,2.76,511
"Chicken fillet sandwich, NS as to fried or grilled, from fast food",5,279.7,12.17,27.48,13.46,1.7,3.07,571
"Chicken fillet sandwich, fried, on white bun",5,267.3,12.45,28.11,11.67,1.7,3.14,503
"Chicken fillet sandwich, fried, on white bun; with cheese",5,279.2,13.51,25.06,13.88,1.5,3.04,574
"Chicken fillet sandwich, fried, on wheat bun",5,264.7,13.19,26.64,11.71,2.8,2.9,494
"Chicken fillet sandwich, fried, on wheat bun, with cheese",5,277.0,14.16,23.78,13.91,2.5,2.83,566
"Chicken fillet sandwich, grilled, on white bun",2,209.6,21.82,19.69,4.84,0.7,2.86,408
"Chicken fillet sandwich, grilled, on white bun, with cheese",2,229.4,21.68,17.68,7.99,0.6,2.79,493
"Chicken fillet sandwich, grilled, on wheat bun",2,207.0,22.58,18.19,4.88,1.9,2.61,399
"Chicken fillet sandwich, grilled, on wheat bun, with cheese",2,227.0,22.34,16.38,8.01,1.6,2.58,485
"Chicken fillet wrap sandwich, fried, from fast food",5,298.9,12.73,24.33,16.74,2.0,1.8,712
"Chicken, bacon, and tomato club sandwich, with lettuce and spread",2,220.7,17.19,19.87,8.05,1.2,4.68,630
"Chicken submarine sandwich, with lettuce, tomato and spread",0,155.1,10.91,22.54,2.37,1.2,6.06,305
"Chicken submarine sandwich, with cheese, lettuce, tomato and spread",0,155.1,10.91,22.54,2.37,1.2,6.06,305
Buffalo chicken submarine sandwich,0,185.9,9.79,19.12,7.81,1.1,2.71,308
Buffalo chicken submarine sandwich with cheese,5,203.0,11.43,17.35,9.77,1.0,2.49,351
"Chicken fillet wrap sandwich, grilled, from fast food",2,246.6,20.87,17.21,10.48,1.2,1.56,592
"Turkey sandwich, with spread",2,218.8,20.28,18.61,7.03,0.9,2.04,346
Turkey salad or turkey spread sandwich,2,224.9,14.36,19.52,9.93,1.1,2.33,347
"Turkey submarine sandwich, with cheese, lettuce, tomato and spread",0,147.0,9.12,22.42,2.31,1.3,3.09,317
"Turkey and bacon submarine sandwich, with lettuce, tomato and spread",5,204.8,10.43,19.45,9.47,1.1,2.7,439
"Turkey and bacon submarine sandwich, with cheese, lettuce, tomato and spread",2,221.6,12.18,17.46,11.45,1.0,2.45,473
"Turkey, ham, and roast beef club sandwich, with lettuce, tomato and spread",0,164.4,7.8,15.14,8.07,1.0,3.05,508
"Turkey, ham, and roast beef club sandwich with cheese, lettuce, tomato, and spread",0,145.9,10.66,20.36,2.42,1.4,3.19,348
"Turkey or chicken burger, on white bun",2,232.0,20.03,20.68,7.69,0.7,3.0,356
"Turkey or chicken burger, on wheat bun",2,229.3,20.83,19.11,7.73,2.0,2.74,346
"Fish sandwich, fried, from fast food",5,233.4,14.43,25.64,8.12,0.9,3.13,462
"Fish sandwich, fried, from fast food, with cheese",2,251.0,15.3,22.71,10.99,0.8,3.02,544
Crab cake sandwich,2,223.2,12.86,18.12,11.03,0.9,2.12,436
Salmon cake sandwich,2,250.4,14.55,18.12,13.3,0.9,2.12,434
Fried seafood sandwich,5,228.3,13.24,23.75,8.93,1.2,2.38,458
"Fish sandwich, from school cafeteria",5,221.8,14.61,29.5,5.04,3.6,2.94,411
"Fish sandwich, NFS",2,251.0,15.3,22.71,10.99,0.8,3.02,544
"Fish sandwich, fried, on white bun",5,233.8,14.45,25.68,8.14,0.9,3.13,404
"Fish sandwich, fried, on white bun, with cheese",2,251.2,15.32,22.74,11.0,0.8,3.02,494
"Fish sandwich, fried, on wheat bun",5,230.9,15.26,24.08,8.17,2.2,2.87,394
"Fish sandwich, fried, on wheat bun, with cheese",2,248.9,16.02,21.36,11.04,1.9,2.8,485
"Fish sandwich, grilled",2,166.8,15.98,21.26,1.98,0.8,3.1,444
Fish wrap sandwich,5,261.2,14.75,22.47,12.48,1.4,1.74,581
Sardine sandwich,2,230.6,17.87,21.87,7.96,1.0,2.37,383
"Tuna salad sandwich, on bread",5,218.5,9.89,18.28,11.76,1.0,3.16,435
"Tuna salad sandwich, on bread, with cheese",5,241.2,11.3,18.27,13.66,1.0,3.24,514
"Tuna salad sandwich, on bun",5,218.5,9.89,18.28,11.76,1.0,3.16,435
"Tuna salad sandwich, on bun, with cheese",5,233.4,11.02,16.82,13.56,0.9,3.08,500
Tuna salad wrap sandwich,5,244.0,10.66,16.87,14.87,1.3,2.59,577
Seafood salad sandwich,5,214.7,9.86,17.19,11.83,1.0,2.16,545
"Luncheon meat sandwich, NFS, with spread",0,150.9,9.12,22.91,2.53,1.3,3.54,396
"Bologna sandwich, with spread",5,292.5,9.28,33.02,13.7,1.4,4.02,773
"Bologna and cheese sandwich, with spread",5,296.1,10.93,27.18,15.96,1.1,4.56,895
"Corn dog, frankfurter or hot dog with cornbread coating",5,250.3,8.57,26.96,12.02,1.0,7.54,668
"Pig in a blanket, frankfurter or hot dog wrapped in dough",5,321.1,11.83,19.32,21.83,0.7,2.73,737
Puerto Rican sandwich,5,332.1,10.7,31.86,17.98,1.1,5.55,755
"Pepperoni and salami submarine sandwich, with lettuce, tomato and spread",5,227.0,7.39,19.34,13.34,1.1,3.59,512
"Salami sandwich, with spread",5,321.5,12.67,31.36,16.15,1.5,3.49,889
Sausage on biscuit,5,378.4,9.67,29.99,24.42,0.4,1.59,814
Sausage griddle cake sandwich,5,318.5,8.41,31.25,17.76,1.0,11.23,737
Sausage and cheese on English muffin,5,340.3,13.28,25.28,20.67,0.5,1.98,668
"Sausage balls, made with biscuit mix and cheese",5,394.8,17.38,22.84,25.99,0.7,4.25,945
Sausage sandwich,5,296.1,14.01,25.16,15.49,1.1,3.2,647
Sausage and spaghetti sauce sandwich,5,240.6,11.52,18.88,13.22,1.0,4.28,597
"Cold cut sumarine sandwich, with cheese, lettuce, tomato and spread",5,214.2,10.52,20.43,10.04,1.2,3.18,575
Meat spread or potted meat sandwich,5,250.6,8.54,30.45,10.51,1.2,2.65,747
"Frankfurter or hot dog sandwich, NFS, plain, on white bun",5,303.8,11.19,23.81,18.2,0.8,3.95,705
"Frankfurter or hot dog sandwich, NFS, plain, on wheat bun",5,301.0,12.04,22.57,18.06,1.9,3.78,692
"Frankfurter or hot dog sandwich, NFS, plain, on whole wheat bun",5,301.0,12.34,21.52,18.4,2.7,3.35,698
"Frankfurter or hot dog sandwich, NFS, plain, on whole grain white bun",5,294.9,10.98,22.22,18.01,1.0,4.84,713
"Frankfurter or hot dog sandwich, NFS, plain, on multigrain bun",5,302.1,11.12,21.38,19.12,1.7,3.5,689
"Frankfurter or hot dog sandwich, NFS, plain, on white bread",5,307.0,11.36,18.25,20.95,0.8,2.65,742
"Frankfurter or hot dog sandwich, NFS, plain, on wheat bread",5,309.2,11.77,17.7,21.26,1.3,2.78,741
"Frankfurter or hot dog sandwich, NFS, plain, on whole wheat bread",5,298.4,12.31,18.55,19.44,2.3,2.52,709
"Frankfurter or hot dog sandwich, NFS, plain, on whole grain white bread",5,292.3,11.68,18.86,18.9,3.6,2.75,719
"Frankfurter or hot dog sandwich, NFS, plain, on multigrain bread",5,302.7,12.72,18.64,19.7,2.9,3.29,682
"Frankfurter or hot dog sandwich, beef, plain, on white bun",5,303.8,11.19,23.81,18.2,0.8,3.95,705
"Frankfurter or hot dog sandwich, beef, plain, on wheat bun",5,301.0,12.04,22.57,18.06,1.9,3.78,692
"Frankfurter or hot dog sandwich, beef, plain, on whole wheat bun",5,301.0,12.34,21.52,18.4,2.7,3.35,698
"Frankfurter or hot dog sandwich, beef, plain, on whole grain white bun",5,294.9,10.98,22.22,18.01,1.0,4.84,713
"Frankfurter or hot dog sandwich, beef, plain, on multigrain bun",5,302.1,11.12,21.38,19.12,1.7,3.5,689
"Frankfurter or hot dog sandwich, beef, plain, on white bread",5,307.0,11.36,18.25,20.95,0.8,2.65,742
"Frankfurter or hot dog sandwich, beef, plain, on wheat bread",5,309.2,11.77,17.7,21.26,1.3,2.78,741
"Frankfurter or hot dog sandwich, beef, plain, on whole wheat bread",5,298.4,12.31,18.55,19.44,2.3,2.52,709
"Frankfurter or hot dog sandwich, beef, plain, on whole grain white bread",5,292.3,11.68,18.86,18.9,3.6,2.75,719
"Frankfurter or hot dog sandwich, beef, plain, on multigrain bread",5,302.7,12.72,18.64,19.7,2.9,3.29,682
"Frankfurter or hot dog sandwich, beef and pork, plain, on white bun",5,290.3,10.26,26.23,16.04,0.8,5.0,775
"Frankfurter or hot dog sandwich, beef and pork, plain, on wheat bun",5,287.4,11.15,24.92,15.9,2.0,4.82,760
"Frankfurter or hot dog sandwich, beef and pork, plain, on whole wheat bun",5,287.5,11.47,23.82,16.26,2.8,4.37,767
"Frankfurter or hot dog sandwich, beef and pork, plain, on whole grain white bun",5,280.9,10.04,24.55,15.84,1.1,5.94,783
"Frankfurter or hot dog sandwich, beef and pork, plain, on multigrain bun",5,288.5,10.18,23.66,17.01,1.8,4.52,758
"Frankfurter or hot dog sandwich, beef and pork, plain, on white bread",5,287.7,10.13,20.6,18.31,0.8,3.79,820
"Frankfurter or hot dog sandwich, beef and pork, plain, on wheat bread",5,290.1,10.56,20.03,18.64,1.4,3.93,819
"Frankfurter or hot dog sandwich, beef and pork, plain, on whole wheat bread",5,281.8,11.28,20.8,17.05,2.4,3.57,782
"Frankfurter or hot dog sandwich, beef and pork, plain, on whole grain white bread",5,275.3,10.62,21.13,16.48,3.7,3.81,793
"Frankfurter or hot dog sandwich, beef and pork, plain, on multigrain bread",5,286.4,11.72,20.9,17.32,3.0,4.38,753
"Frankfurter or hot dog sandwich, meat and poultry, plain, on white bun",5,283.9,10.03,25.06,15.95,0.8,4.83,763
"Frankfurter or hot dog sandwich, meat and poultry, plain, on wheat bun",5,281.2,10.88,23.82,15.82,1.9,4.66,750
"Frankfurter or hot dog sandwich, meat and poultry, plain, on whole wheat bun",5,281.3,11.18,22.78,16.16,2.7,4.23,756
"Frankfurter or hot dog sandwich, meat and poultry, plain, on whole grain white bun",5,275.0,9.82,23.47,15.76,1.0,5.72,771
"Frankfurter or hot dog sandwich, meat and poultry, plain, on multigrain bun",5,282.2,9.95,22.63,16.87,1.7,4.38,747
"Frankfurter or hot dog sandwich, meat and poultry, plain, on white bread",5,283.1,9.97,19.75,18.25,0.8,3.7,812
"Frankfurter or hot dog sandwich, meat and poultry, plain, on wheat bread",5,285.4,10.38,19.2,18.56,1.3,3.83,810
"Frankfurter or hot dog sandwich, meat and poultry, plain, on whole wheat bread",5,276.5,11.03,19.92,16.97,2.3,3.48,772
"Frankfurter or hot dog sandwich, meat and poultry, plain, on whole grain white bread",5,270.4,10.4,20.24,16.43,3.6,3.71,783
"Frankfurter or hot dog sandwich, meat and poultry, plain, on multigrain bread",5,281.0,11.44,20.02,17.24,2.9,4.25,746
"Frankfurter or hot dog sandwich, chicken and/or turkey, plain, on white bun",5,250.5,11.5,24.35,11.9,0.8,3.92,727
"Frankfurter or hot dog sandwich, chicken and/or turkey, plain, on wheat bun",5,247.7,12.35,23.11,11.76,1.9,3.76,713
"Frankfurter or hot dog sandwich, chicken and/or turkey, plain, on whole wheat bun",5,247.8,12.66,22.06,12.1,2.7,3.32,720
"Frankfurter or hot dog sandwich, chicken and/or turkey, plain, on whole grain white bun",5,241.6,11.3,22.76,11.71,1.0,4.82,735
"Frankfurter or hot dog sandwich, chicken and/or turkey, plain, on multigrain bun",5,248.8,11.43,21.92,12.82,1.7,3.47,711
"Frankfurter or hot dog sandwich, chicken and/or turkey, plain, on white bread",5,243.1,11.74,18.9,13.39,0.8,2.61,768
"Frankfurter or hot dog sandwich, chicken and/or turkey, plain, on wheat bread",5,245.3,12.15,18.35,13.7,1.3,2.74,767
"Frankfurter or hot dog sandwich, chicken and/or turkey, plain, on whole wheat bread",5,239.9,12.65,19.14,12.53,2.3,2.49,733
"Frankfurter or hot dog sandwich, chicken and/or turkey, plain, on whole grain white bread",5,233.8,12.02,19.46,11.99,3.6,2.72,743
"Frankfurter or hot dog sandwich, chicken and/or turkey, plain, on multigrain bread",5,244.3,13.06,19.24,12.79,2.9,3.25,706
"Frankfurter or hot dog sandwich, reduced fat or light, plain, on white bun",5,192.3,13.43,27.05,3.37,0.9,3.21,767
"Frankfurter or hot dog sandwich, reduced fat or light, plain, on wheat bun",5,189.5,14.28,25.81,3.24,1.9,3.04,754
"Frankfurter or hot dog sandwich, reduced fat or light, plain, on whole wheat bun",5,189.6,14.58,24.76,3.58,2.8,2.61,760
"Frankfurter or hot dog sandwich, reduced fat or light, plain, on whole grain white bun",5,183.4,13.22,25.46,3.19,1.1,4.1,775
"Frankfurter or hot dog sandwich, reduced fat or light, plain, on multigrain bun",5,190.5,13.35,24.62,4.29,1.7,2.76,751
"Frankfurter or hot dog sandwich, reduced fat or light, plain, on white bread",2,173.2,14.05,22.14,3.16,0.8,1.76,816
"Frankfurter or hot dog sandwich, reduced fat or light, plain, on wheat bread",2,175.4,14.46,21.59,3.47,1.4,1.89,815
"Frankfurter or hot dog sandwich, reduced fat or light, plain, on whole wheat bread",2,176.1,14.76,22.1,3.18,2.4,1.71,777
"Frankfurter or hot dog sandwich, reduced fat or light, plain, on whole grain white bread",5,170.0,14.13,22.42,2.64,3.6,1.94,788
"Frankfurter or hot dog sandwich, reduced fat or light, plain, on multigrain bread",5,180.4,15.17,22.2,3.44,2.9,2.47,750
"Frankfurter or hot dog sandwich, fat free, plain, on white bun",5,185.4,11.66,28.71,2.66,0.8,3.21,710
"Frankfurter or hot dog sandwich, fat free, plain, on wheat bun",5,182.7,12.51,27.47,2.53,1.9,3.04,696
"Frankfurter or hot dog sandwich, fat free, plain, on whole wheat bun",5,182.8,12.82,26.42,2.87,2.7,2.61,702
"Frankfurter or hot dog sandwich, fat free, plain, on whole grain white bun",5,176.6,11.46,27.11,2.48,1.0,4.1,718
"Frankfurter or hot dog sandwich, fat free, plain, on multigrain bun",5,183.7,11.59,26.27,3.58,1.7,2.76,694
"Frankfurter or hot dog sandwich, fat free, plain, on white bread",2,165.0,11.93,24.12,2.31,0.8,1.76,747
"Frankfurter or hot dog sandwich, fat free, plain, on wheat bread",5,167.2,12.34,23.57,2.62,1.3,1.89,746
"Frankfurter or hot dog sandwich, fat free, plain, on whole wheat bread",5,168.6,12.83,23.92,2.4,2.3,1.71,714
"Frankfurter or hot dog sandwich, fat free, plain, on whole grain white bread",5,162.4,12.19,24.23,1.86,3.6,1.94,724
"Frankfurter or hot dog sandwich, fat free, plain, on multigrain bread",5,172.9,13.24,24.01,2.66,2.9,2.47,687
"Frankfurter or hot dog sandwich, reduced sodium",5,295.5,11.02,23.12,17.66,0.8,3.21,383
"Frankfurter or hot dog sandwich, meatless, plain, on bun",5,249.2,15.76,24.3,9.89,3.1,2.85,480
"Frankfurter or hot dog sandwich, meatless, plain, on bread",5,242.5,16.7,19.56,10.83,3.4,1.53,473
"Frankfurter or hot dog sandwich, with chili, on white bun",5,227.8,9.11,19.68,12.52,1.8,3.15,606
"Frankfurter or hot dog sandwich, with chili, on wheat bun",5,226.2,9.63,18.92,12.44,2.4,3.05,598
"Frankfurter or hot dog sandwich, with chili, on whole wheat bun",5,226.2,9.63,18.92,12.44,2.4,3.05,598
"Frankfurter or hot dog sandwich, with chili, on whole grain white bun",5,222.4,8.99,18.7,12.4,1.9,3.7,611
"Frankfurter or hot dog sandwich, with chili, on multigrain bun",5,226.8,9.07,18.19,13.08,2.3,2.87,597
"Frankfurter or hot dog sandwich, with chili, on white bread",5,221.0,8.98,16.04,13.44,1.8,2.31,616
"Frankfurter or hot dog sandwich, with chili, on wheat bread",5,222.3,9.21,15.72,13.62,2.2,2.39,615
"Frankfurter or hot dog sandwich, with chili, on whole wheat bread",5,220.3,9.66,16.33,12.93,2.7,2.26,603
"Frankfurter or hot dog sandwich, with chili, on whole grain white bread",5,216.6,9.28,16.51,12.61,3.5,2.39,609
"Frankfurter or hot dog sandwich, with chili, on multigrain bread",5,222.8,9.9,16.38,13.08,3.0,2.71,587
"Frankfurter or hot dog sandwich, with meatless chili, on white bun",5,229.6,9.24,19.74,12.63,1.8,3.06,596
"Frankfurter or hot dog sandwich, with meatless chili, on wheat bun",5,227.9,9.76,18.97,12.55,2.4,2.96,588
"Frankfurter or hot dog sandwich, with meatless chili, on whole wheat bun",5,227.9,9.94,18.33,12.76,2.9,2.7,592
"Frankfurter or hot dog sandwich, with meatless chili, on whole grain white bun",5,224.2,9.11,18.76,12.52,1.9,3.61,601
"Frankfurter or hot dog sandwich, with meatless chili, on multigrain bun",5,228.5,9.19,18.24,13.2,2.3,2.79,587
"Frankfurter or hot dog sandwich, with meatless chili, on white bread",5,222.9,9.11,16.1,13.56,1.8,2.22,605
"Frankfurter or hot dog sandwich, with meatless chili, on wheat bread",5,224.2,9.35,15.78,13.74,2.2,2.29,604
"Frankfurter or hot dog sandwich, with meatless chili, on whole wheat bread",5,220.3,9.66,16.33,12.93,2.7,2.26,603
"Frankfurter or hot dog sandwich, with meatless chili, on whole grain white bread",5,218.5,9.41,16.57,12.73,3.5,2.3,599
"Frankfurter or hot dog sandwich, with meatless chili, on multigrain bread",5,224.7,10.03,16.44,13.2,3.0,2.62,576
"Frankfurter or hot dog sandwich, meatless, on bun, with meatless chili",5,199.9,12.31,20.34,7.7,3.2,2.42,460
"Frankfurter or hot dog sandwich, meatless, on bread, with meatless chili",5,190.7,12.52,17.06,8.04,3.4,1.58,453
"Hors d'oeuvres, with spread",5,206.0,11.57,28.69,4.99,1.3,3.94,394
"Beef stew, baby food, toddler",0,53.2,5.1,5.5,1.2,1.1,1.39,106
"Beef and egg noodles, baby food, NS as to strained or junior",0,59.6,2.47,7.74,2.08,1.2,1.44,20
"Beef and egg noodles, baby food, strained",0,62.8,2.44,8.18,2.26,1.3,1.42,15
"Beef and egg noodles, baby food, junior",0,56.3,2.5,7.3,1.9,1.1,1.45,26
"Beef with vegetables, baby food, strained",0,95.9,2.03,6.36,6.93,1.8,2.16,38
"Beef with vegetables, baby food, toddler",0,67.8,3.5,8.72,2.1,1.8,1.18,26
"Chicken and rice dinner, baby food, strained",0,51.3,1.6,9.2,0.9,1.1,0.55,25
"Chicken noodle dinner, baby food, NS as to strained or junior",0,74.3,3.53,7.8,3.22,1.7,2.68,25
"Chicken noodle dinner, baby food, strained",0,74.3,3.53,7.81,3.22,1.7,2.69,25
"Chicken noodle dinner, baby food, junior",0,74.4,3.53,7.8,3.23,1.7,2.67,25
"Chicken, noodles, and vegetables, baby food, toddler",0,66.1,3.8,8.89,1.7,0.6,0.82,194
"Chicken stew, baby food, toddler",0,79.7,5.2,6.4,3.7,0.6,1.68,25
"Turkey, rice and vegetables, baby food, NS as to strained or junior",0,54.0,2.32,8.76,1.08,1.0,1.46,21
"Turkey, rice and vegetables, baby food, strained",0,52.0,2.27,7.94,1.24,0.9,1.66,19
"Turkey, rice and vegetables, baby food, junior",0,56.0,2.37,9.57,0.92,1.0,1.25,23
"Turkey, rice, and vegetables, baby food, toddler",0,59.6,3.8,7.5,1.6,0.8,1.12,176
"Chicken soup, baby food",0,50.5,1.6,7.2,1.7,1.1,1.72,16
"Frozen dinner, NFS",0,146.1,6.82,10.94,8.34,1.2,1.32,274
"Beef dinner, NFS, frozen meal",0,146.1,6.82,10.94,8.34,1.2,1.32,274
"Beef with vegetable, diet frozen meal",0,123.8,10.64,4.68,6.95,0.8,2.81,292
"Sirloin, chopped, with gravy, mashed potatoes, vegetable, frozen meal",0,153.0,7.78,12.71,7.89,1.5,1.6,569
"Sirloin tips, with gravy, potatoes, vegetable, frozen meal",0,114.7,8.36,7.44,5.72,1.2,1.73,264
"Sirloin beef, with gravy, potatoes, vegetable, frozen meal",0,87.3,8.58,6.85,2.84,1.2,1.33,321
"Salisbury steak dinner, NFS, frozen meal",0,146.1,6.82,10.94,8.34,1.2,1.32,274
"Salisbury steak with gravy, potatoes, vegetable, frozen meal",0,146.1,6.82,10.94,8.34,1.2,1.32,274
"Salisbury steak with gravy, whipped potatoes, vegetable, dessert, frozen meal",0,140.6,7.61,12.61,6.64,1.0,2.23,589
"Salisbury steak with gravy, potatoes, vegetable, dessert, frozen meal",0,171.1,11.26,14.17,7.71,1.5,2.96,384
"Salisbury steak with gravy, macaroni and cheese, vegetable, frozen meal",0,147.6,6.72,11.07,8.49,1.4,1.1,373
"Salisbury steak with gravy, macaroni and cheese, frozen meal",5,199.7,10.41,20.36,8.51,1.3,1.77,380
"Salisbury steak, potatoes, vegetable, dessert, diet frozen meal",0,104.1,4.74,14.05,3.22,1.4,9.4,137
"Beef, sliced, with gravy, potatoes, vegetable, frozen meal",0,124.4,8.12,6.59,7.28,0.7,0.8,296
"Beef short ribs, boneless, with barbecue sauce, potatoes, vegetable, frozen meal",0,150.0,9.13,15.6,5.68,1.4,8.04,238
"Meatballs, Swedish, in gravy, with noodles, diet frozen meal",0,110.2,9.67,10.31,3.36,0.8,1.16,254
"Salisbury steak, baked, with tomato sauce, vegetable, diet frozen meal",0,107.6,9.06,5.05,5.69,0.9,2.25,259
"Beef with spaetzle or rice, vegetable, frozen meal",0,115.9,6.92,12.23,4.37,0.6,1.23,278
"Chicken dinner, NFS, frozen meal",0,126.5,8.75,13.25,4.28,1.0,1.23,467
"Chicken and noodles with vegetable, dessert, frozen meal",0,133.6,5.62,17.68,4.49,1.3,4.49,401
"Chicken, fried, with potatoes, vegetable, frozen meal",2,156.7,10.26,10.63,8.13,1.7,1.29,669
"Chicken patty, or nuggets, boneless, breaded, potatoes, vegetable, frozen meal",0,179.6,10.68,16.0,8.1,1.4,1.0,376
"Chicken patty or nuggets, boneless, breaded, with pasta and tomato sauce, fruit, dessert, frozen meal",5,181.1,5.1,23.57,7.38,1.4,10.04,441
"Chicken, fried, with potatoes, vegetable, dessert, frozen meal",5,163.4,9.74,13.33,7.9,1.6,3.66,634
"Chicken, fried, with potatoes, vegetable, dessert, frozen meal, large meat portion",5,204.9,10.87,18.04,9.92,1.3,6.03,551
"Teriyaki chicken with rice and vegetable, diet frozen meal",0,126.5,5.65,22.46,1.56,0.7,4.07,333
"Chicken with rice and vegetable, diet frozen meal",0,109.8,9.82,10.83,3.02,0.7,1.95,411
"Chicken and vegetables au gratin with rice, diet frozen entree",0,120.4,10.67,7.37,5.36,0.8,0.88,496
"Chicken and vegetable entree with rice, diet frozen meal",0,170.5,10.46,19.64,5.57,0.7,6.43,359
"Chicken chow mein with rice, diet frozen meal",0,89.9,6.03,12.11,1.93,0.7,1.66,373
"Chicken with noodles and cheese sauce, diet frozen meal",0,112.7,10.07,11.66,2.86,0.7,0.31,171
"Chicken and vegetable entree with noodles, frozen meal",0,101.7,7.19,13.6,2.06,1.2,3.66,267
"Chicken and vegetable entree with noodles, diet frozen meal",0,86.2,7.62,9.7,1.88,1.6,2.29,282
"Chicken in cream sauce with noodles and vegetable, frozen meal",0,126.5,8.75,13.25,4.28,1.0,1.23,467
"Chicken in butter sauce with potatoes and vegetable, diet frozen meal",2,109.3,17.13,4.64,2.47,0.8,0.83,239
"Chicken in mushroom sauce, white and wild rice, vegetable, frozen meal",0,107.1,7.6,11.05,3.61,1.2,1.26,423
"Chicken in soy-based sauce, rice and vegetables, frozen meal",0,105.8,6.56,17.87,0.9,0.9,1.6,335
"Chicken and vegetable entree with noodles and cream sauce, frozen meal",0,124.0,8.52,10.79,5.19,0.9,1.64,379
"Turkey dinner, NFS, frozen meal",0,128.2,6.97,16.32,3.89,1.3,4.82,326
"Turkey with gravy, dressing, vegetable and fruit, diet frozen meal",0,115.7,6.93,18.33,1.63,1.7,10.45,157
"Turkey with vegetable, stuffing, diet frozen meal",0,96.2,9.31,10.65,1.82,1.5,3.79,210
"Turkey with gravy, dressing, potatoes, vegetable, frozen meal",0,128.2,6.97,16.32,3.89,1.3,4.82,326
"Flounder with chopped broccoli, diet frozen meal",0,62.9,6.66,5.3,1.67,0.7,2.42,161
"Fish in lemon-butter sauce with starch item, vegetable, frozen meal",0,99.6,5.46,10.98,3.76,1.1,1.07,454
"Shrimp and clams in tomato-based sauce, with noodles, frozen meal",0,103.5,7.77,12.46,2.51,1.5,2.0,276
"Shrimp and vegetables in sauce with noodles, diet frozen meal",0,90.3,5.28,13.44,1.71,1.5,1.87,456
"Meat loaf dinner, NFS, frozen meal",0,133.6,6.65,10.1,7.4,1.2,3.1,393
"Meat loaf with potatoes, vegetable, frozen meal",0,133.6,6.65,10.1,7.4,1.2,3.1,393
"Beef, broth, bouillon, or consomme",0,6.7,1.14,0.04,0.22,0.0,0.0,372
Oxtail soup,0,82.7,8.4,1.35,4.86,0.3,0.42,138
"Beef broth, with tomato, home recipe",0,51.7,1.2,2.09,4.28,0.6,1.04,260
"Beef broth, without tomato, home recipe",0,13.5,1.97,1.2,0.09,0.0,0.54,198
"Meatball soup, home recipe, Mexican style",0,109.5,6.86,9.99,4.68,1.8,1.33,252
"Beef noodle soup, Puerto Rican style",0,59.4,5.88,6.16,1.25,0.9,0.86,425
Pho,0,86.6,6.15,10.41,2.26,0.6,0.77,403
"Beef and rice soup, Puerto Rican style",0,59.1,5.83,6.23,1.21,0.9,0.85,425
Pepperpot soup,0,48.7,3.48,3.1,2.49,0.3,0.79,174
"Menudo soup, home recipe",0,50.1,5.31,3.57,1.62,0.5,1.04,274
"Menudo soup, canned, prepared with water or ready-to-serve",0,42.7,3.36,4.19,1.39,1.6,0.52,482
"Beef vegetable soup with potato, pasta, or rice, chunky style, canned, or ready-to-serve",0,47.8,3.18,6.16,1.16,1.2,1.25,326
"Beef vegetable soup, home recipe, Mexican style",0,70.0,7.91,4.57,2.23,1.2,1.75,336
"Meat and corn hominy soup, home recipe, Mexican style",0,87.5,7.49,5.11,4.12,0.4,1.52,241
Italian Wedding Soup,0,69.7,4.86,6.53,2.68,0.8,1.53,389
"Beef stroganoff soup, chunky style, home recipe, canned or ready-to-serve",0,97.8,5.1,9.0,4.6,0.6,1.68,435
"Ham, noodle, and vegetable soup, Puerto Rican style",0,60.7,5.86,6.32,1.33,0.9,1.14,738
"Pork vegetable soup with potato, pasta, or rice, stew type, chunky style",0,55.1,5.2,3.85,2.1,0.8,1.01,267
"Pork with vegetable excluding carrots, broccoli and/or dark-green leafy; soup, Asian Style",0,57.6,6.04,2.78,2.48,0.8,1.13,321
"Bacon soup, cream of, prepared with water",0,45.7,1.21,3.63,2.93,0.0,0.27,358
"Lamb, pasta, and vegetable soup, Puerto Rican style",0,90.2,4.8,6.04,5.2,1.0,1.01,386
"Chicken or turkey broth, bouillon, or consomme",0,6.2,0.64,0.44,0.21,0.0,0.43,371
"Chicken or turkey broth, without tomato, home recipe",0,35.0,2.52,3.53,1.2,0.0,1.58,143
"Chicken or turkey broth, with tomato, home recipe",0,51.4,0.85,2.37,4.28,0.6,1.34,259
Mexican style chicken broth soup stock,0,50.6,2.34,7.37,1.31,1.5,2.96,259
"Beef broth, less or reduced sodium, canned or ready-to-serve",0,6.0,1.14,0.2,0.07,0.0,0.2,225
"Chicken or turkey broth, less or reduced sodium, canned or ready-to-serve",0,7.0,1.36,0.38,0.0,0.0,0.22,231
"Chicken rice soup, Puerto Rican style",0,77.6,7.24,8.61,1.58,0.9,0.49,432
"Chicken soup with noodles and potatoes, Puerto Rican style",0,74.7,6.76,8.66,1.45,0.9,0.56,431
"Chicken or turkey gumbo soup, home recipe, canned or ready-to-serve",0,23.3,1.08,3.43,0.59,0.8,1.02,391
"Chicken or turkey noodle soup, chunky style, canned or ready-to-serve",0,40.6,3.09,4.46,1.16,0.8,0.38,306
Sweet and sour soup,0,68.1,5.66,4.65,2.98,0.5,1.19,469
"Chicken or turkey soup with vegetables, broccoli, carrots, celery, potatoes and onions, Asian style",0,50.9,5.45,2.26,2.23,0.6,0.88,404
"Chicken or turkey corn soup with noodles, home recipe",0,64.3,4.67,7.34,1.81,0.6,1.34,338
"Chicken or turkey vegetable soup, canned, prepared with water or ready-to-serve",0,33.2,1.97,4.68,0.73,0.9,1.01,229
"Chicken or turkey vegetable soup, stew type",0,71.5,5.06,6.88,2.64,0.6,0.87,354
"Chicken or turkey vegetable soup with rice, stew type, chunky style",0,54.0,5.11,5.41,1.33,0.4,0.6,370
"Chicken or turkey vegetable soup with noodles, stew type, chunky style, canned or ready-to-serve",0,71.5,5.06,6.88,2.64,0.6,0.87,354
"Chicken or turkey vegetable soup, home recipe",0,49.9,4.52,4.14,1.7,0.8,1.31,305
"Chicken or turkey vegetable soup with rice, home recipe, Mexican style",0,77.9,6.85,7.65,2.21,1.2,2.37,269
"Chicken or turkey and corn hominy soup,  home recipe, Mexican style",0,74.0,7.89,5.11,2.45,0.4,1.52,293
"Chicken or turkey vegetable soup with potato and cheese, chunky style, canned or ready-to-serve",0,65.6,1.16,5.2,4.46,0.3,0.64,416
Bird's nest soup,0,45.1,5.39,3.03,1.27,0.0,0.29,733
Hot and sour soup,0,38.6,2.58,4.35,1.21,0.5,0.42,376
"Chicken or turkey soup with vegetables and fruit, Asian Style",0,40.0,5.07,2.17,1.23,0.2,1.87,569
"Chicken or turkey soup, cream of, canned, reduced sodium, NS as to made with milk or water",0,28.9,0.91,4.82,0.66,0.2,0.2,183
"Chicken or turkey soup, cream of, canned, reduced sodium, made with milk",0,53.9,2.57,7.19,1.65,0.2,2.64,198
"Chicken or turkey soup, cream of, canned, reduced sodium, made with water",0,28.9,0.91,4.82,0.66,0.2,0.2,183
"Chicken or turkey soup, cream of, NS as to prepared with milk or water",0,45.7,1.21,3.63,2.93,0.0,0.27,358
"Chicken or turkey soup, cream of, prepared with milk",0,70.4,2.86,6.02,3.88,0.0,2.72,370
"Chicken or turkey soup, cream of, prepared with water",0,45.7,1.21,3.63,2.93,0.0,0.27,358
"Chicken or turkey mushroom soup, cream of, prepared with milk",0,74.3,2.47,8.41,3.42,1.6,2.84,354
"Fish stock, home recipe",0,16.3,2.26,0.0,0.81,0.0,0.0,156
Fish chowder,0,112.6,8.07,6.1,6.21,0.8,0.92,139
"Crab soup, NS as to tomato-base or cream style",0,49.9,5.03,1.7,2.55,0.2,1.02,226
"Crab soup, tomato-base",0,36.9,4.21,4.22,0.35,1.2,1.31,221
"Clam chowder, NS as to Manhattan or New England style",0,61.6,3.26,7.56,2.03,0.3,2.66,275
"Clam chowder, Manhattan",0,56.1,3.02,7.84,1.41,1.2,1.67,417
Turtle and vegetable soup,0,42.4,4.75,3.71,0.95,0.8,0.98,262
"Fish and vegetable soup, no potatoes, Mexican style",0,37.9,5.15,1.47,1.27,0.3,0.71,199
"Fish soup with potatoes, Mexican style",0,44.4,5.47,2.64,1.33,0.3,0.4,183
"Codfish, rice, and vegetable soup, Puerto Rican style",0,66.8,5.29,7.59,1.7,0.4,0.62,270
"Codfish soup with noodles, Puerto Rican style",0,71.8,5.7,7.5,2.11,0.6,0.69,265
"Clam chowder, New England, NS as to prepared with water or milk",0,61.0,3.24,7.46,2.02,0.3,2.81,273
"Clam chowder, New England, prepared with milk",0,61.6,3.26,7.56,2.03,0.3,2.66,275
"Clam chowder, New England, prepared with water",0,35.5,1.55,5.05,1.01,0.3,0.19,254
"Clam chowder, New England, reduced sodium, canned or ready-to-serve",0,70.1,2.33,5.68,4.23,0.8,0.0,194
"Crab soup, cream of, prepared with milk",0,49.9,5.03,1.7,2.55,0.2,1.02,226
Lobster bisque,0,50.8,5.23,1.7,2.57,0.2,1.02,242
Lobster gumbo,0,59.0,6.19,4.61,1.76,0.9,1.78,289
Oyster stew,0,79.7,4.25,4.24,5.08,0.0,3.52,321
"Salmon soup, cream style",0,57.9,5.35,1.7,3.3,0.2,1.02,227
"Shrimp soup, cream of, NS as to prepared with milk or water",0,62.8,2.78,5.64,3.23,0.1,2.62,354
"Shrimp soup, cream of, prepared with milk",0,62.8,2.78,5.64,3.23,0.1,2.62,354
"Shrimp soup, cream of, prepared with water",0,36.2,1.11,3.27,2.07,0.1,0.24,391
Shrimp gumbo,0,61.4,6.52,4.61,1.87,0.9,1.78,378
"Seafood soup with potatoes and vegetables including carrots, broccoli, and/or dark-green leafy",0,44.9,4.41,4.07,1.22,0.8,1.07,158
"Seafood soup with potatoes, and vegetables excluding carrots, broccoli, and dark-green leafy",0,44.7,4.49,3.9,1.24,0.7,0.96,160
"Seafood soup with vegetables including carrots, broccoli, and/or dark-green leafy; no potatoes",0,41.8,4.54,3.02,1.29,0.7,1.08,168
"Seafood soup with vegetables excluding carrots, broccoli, and dark-green leafy; no potatoes",0,41.6,4.63,2.81,1.31,0.6,0.96,170
"Meat broth, Puerto Rican style",0,6.7,1.14,0.04,0.22,0.0,0.0,372
"Spanish vegetable soup, Puerto Rican style",0,104.3,7.76,5.24,5.81,1.2,1.38,471
"Gravy, poultry",0,47.6,0.71,5.29,2.62,0.1,0.3,389
"Gravy, beef",0,55.5,3.75,4.81,2.36,0.4,0.21,633
"Gravy, beef, fat free",0,55.5,3.75,4.81,2.36,0.4,0.21,633
"Gravy, poultry, fat free",0,47.6,0.71,5.29,2.62,0.1,0.3,389
"Gravy, made with soy sauce",0,45.2,0.82,9.82,0.29,0.1,3.81,981
"Gravy, NFS",0,55.5,3.75,4.81,2.36,0.4,0.21,633
Oyster sauce,2,51.3,1.35,10.92,0.25,0.3,0.0,2733
Mole sauce,0,81.4,0.98,10.77,3.82,1.0,7.1,493
"Egg, whole, raw",0,138.7,12.56,0.72,9.51,0.0,0.37,142
"Egg, whole, cooked, NS as to cooking method",2,171.6,11.99,0.69,13.43,0.0,0.35,208
"Egg, whole, boiled or poached",0,138.7,12.56,0.72,9.51,0.0,0.37,142
"Egg, whole, fried, NS as to fat",2,180.6,11.72,0.68,14.56,0.0,0.35,262
"Egg, whole, fried no added fat",2,138.3,12.52,0.72,9.48,0.0,0.37,257
"Egg, whole, fried with margarine",2,167.8,11.72,0.72,13.11,0.0,0.34,286
"Egg, whole, fried with oil",2,188.0,11.7,0.67,15.39,0.0,0.34,241
"Egg, whole, fried with butter",2,177.1,11.76,0.68,14.15,0.0,0.35,282
"Egg, whole, fried with animal fat or meat drippings",2,184.0,11.85,0.67,14.88,0.0,0.34,280
"Egg, whole, fried with cooking spray",2,144.7,12.4,0.92,10.16,0.0,0.36,255
"Egg, whole, fried, NS as to fat type",2,180.6,11.72,0.68,14.56,0.0,0.35,262
"Egg, whole, fried, from fast food / restaurant",2,188.0,11.7,0.67,15.39,0.0,0.34,241
"Egg, whole, baked, NS as to fat",2,180.6,11.72,0.68,14.56,0.0,0.35,262
"Egg, whole, baked, no added fat",2,138.3,12.52,0.72,9.48,0.0,0.37,257
"Egg, whole, baked, fat added",2,180.6,11.72,0.68,14.56,0.0,0.35,262
"Egg, whole, pickled",2,149.3,12.49,1.11,10.54,0.0,1.11,392
"Egg, white only, raw",0,48.1,10.9,0.73,0.17,0.0,0.71,166
"Egg, white, cooked, NS as to fat",0,96.2,10.18,0.69,5.86,0.0,0.66,285
"Egg, white, cooked, no added fat",0,47.9,10.87,0.73,0.17,0.0,0.71,281
"Egg, white, cooked, fat added",0,96.2,10.18,0.69,5.86,0.0,0.66,285
"Egg, yolk only, raw",2,316.7,15.86,3.59,26.54,0.0,0.56,48
"Egg, yolk only, cooked, NS as to fat",2,346.5,14.8,3.36,30.43,0.0,0.52,175
"Egg, yolk only, cooked, no added fat",2,315.7,15.81,3.58,26.46,0.0,0.56,164
"Egg, yolk only, cooked, fat added",2,346.5,14.8,3.36,30.43,0.0,0.52,175
"Duck egg, cooked",2,220.0,11.96,1.36,18.53,0.0,0.87,266
"Goose egg, cooked",2,219.5,12.94,1.27,18.07,0.0,0.88,258
"Quail egg, canned",2,153.2,13.01,0.41,11.06,0.0,0.4,256
"Egg, creamed",0,145.1,7.77,5.5,10.22,0.1,3.01,368
"Egg, Benedict",2,284.2,13.83,8.63,21.59,0.6,1.14,492
"Egg, deviled",2,193.5,11.52,1.07,15.9,0.0,1.07,430
"Egg salad, made with mayonnaise",2,253.3,10.26,1.01,23.14,0.0,1.01,378
"Egg salad, made with light mayonnaise",2,168.2,9.97,2.82,13.0,0.0,1.63,423
"Egg salad, made with mayonnaise-type salad dressing",2,171.5,10.07,3.93,12.83,0.0,2.95,385
"Egg salad, made with light mayonnaise-type salad dressing",2,168.2,9.97,2.82,13.0,0.0,1.63,423
"Egg salad, made with creamy dressing",2,208.3,10.17,2.12,17.68,0.0,1.86,439
"Egg salad, made with light creamy dressing",2,151.8,10.17,2.37,11.29,0.0,2.08,426
"Egg salad, made with Italian dressing",2,168.3,10.02,3.38,12.74,0.0,3.11,456
"Egg salad, made with light Italian dressing",2,160.8,10.16,2.19,12.38,0.0,1.27,462
"Egg Salad, made with any type of fat free dressing",0,135.7,9.8,4.29,8.82,0.4,3.14,420
Huevos rancheros,0,121.2,6.82,8.76,6.54,1.6,2.31,419
"Egg casserole with bread, cheese, milk and meat",2,173.0,11.47,10.18,9.6,0.4,2.81,427
"Egg foo yung, NFS",0,121.1,11.76,5.09,5.97,0.3,3.14,346
Chicken egg foo yung,2,134.8,12.86,4.68,7.18,0.3,3.13,407
Pork egg foo yung,2,144.7,13.36,4.68,8.06,0.3,3.13,331
Shrimp egg foo yung,0,121.1,11.76,5.09,5.97,0.3,3.14,346
Beef egg foo yung,2,145.2,13.89,4.68,7.88,0.3,3.13,326
"Ripe plantain omelet, Puerto Rican style",5,231.5,6.58,18.09,14.76,0.9,9.92,430
"Scrambled eggs with jerked beef, Puerto Rican style",2,259.8,21.4,2.97,18.04,0.2,2.01,1542
"Eggs a la Malaguena, Puerto Rican style",0,95.8,8.46,4.86,4.72,1.7,2.15,715
Shrimp-egg patty,2,481.4,28.36,11.77,35.65,0.6,1.23,832
"Egg omelet or scrambled egg, NS as to fat",2,180.6,11.72,0.68,14.56,0.0,0.35,262
"Egg omelet or scrambled egg, made with margarine",2,167.8,11.72,0.72,13.11,0.0,0.34,286
"Egg omelet or scrambled egg, made with oil",2,188.0,11.7,0.67,15.39,0.0,0.34,241
"Egg omelet or scrambled egg, made with butter",2,177.1,11.76,0.68,14.15,0.0,0.35,282
"Egg omelet or scrambled egg, made with animal fat or meat drippings",2,184.0,11.85,0.67,14.88,0.0,0.34,280
"Egg omelet or scrambled egg, made with cooking spray",2,144.7,12.4,0.92,10.16,0.0,0.36,255
"Egg omelet or scrambled egg, NS as to fat type",2,180.6,11.72,0.68,14.56,0.0,0.35,262
"Egg omelet or scrambled egg, no added fat",2,138.3,12.52,0.72,9.48,0.0,0.37,257
"Egg omelet or scrambled egg, from fast food / restaurant",2,188.0,11.7,0.67,15.39,0.0,0.34,241
"Egg omelet or scrambled egg, with cheese, made with margarine",2,191.4,12.82,1.16,15.05,0.0,0.59,381
"Egg omelet or scrambled egg, with cheese, made with oil",2,209.2,12.82,1.12,17.05,0.0,0.59,341
"Egg omelet or scrambled egg, with cheese, made with butter",2,199.7,12.86,1.12,15.97,0.0,0.6,378
"Egg omelet or scrambled egg, with cheese, made with animal fat or meat drippings",2,205.6,12.94,1.12,16.6,0.0,0.59,375
"Egg omelet or scrambled egg, with cheese, made with cooking spray",2,172.5,13.48,1.35,12.58,0.0,0.62,359
"Egg omelet or scrambled egg, with cheese, no added fat",2,167.2,13.59,1.19,12.01,0.0,0.63,362
"Egg omelet or scrambled egg, with meat, NS as to fat",2,189.3,12.84,0.8,14.97,0.0,0.41,365
"Egg omelet or scrambled egg, with meat, made with margarine",2,177.8,12.83,0.83,13.69,0.0,0.41,386
"Egg omelet or scrambled egg, with meat, made with oil",2,195.6,12.82,0.79,15.69,0.0,0.41,346
"Egg omelet or scrambled egg, with meat, made with butter",2,186.1,12.87,0.79,14.61,0.0,0.42,383
"Egg omelet or scrambled egg, with meat, made with animal fat or meat drippings",2,192.1,12.95,0.79,15.24,0.0,0.41,381
"Egg omelet or scrambled egg, with meat, made with cooking spray",2,158.4,13.49,1.0,11.16,0.0,0.43,365
"Egg omelet or scrambled egg, with meat, NS as to fat type",2,189.3,12.84,0.8,14.97,0.0,0.41,365
"Egg omelet or scrambled egg, with meat, no added fat",2,152.8,13.6,0.83,10.57,0.0,0.44,367
"Egg omelet or scrambled egg, with cheese and meat, NS as to fat",2,206.4,13.44,1.16,16.44,0.0,0.62,416
"Egg omelet or scrambled egg, with cheese and meat, made with margarine",2,195.9,13.43,1.2,15.26,0.0,0.62,435
"Egg omelet or scrambled egg, with cheese and meat, made with oil",2,212.3,13.42,1.16,17.11,0.0,0.62,398
"Egg omelet or scrambled egg, with cheese and meat, made with butter",2,203.5,13.46,1.16,16.11,0.0,0.62,432
"Egg omelet or scrambled egg, with cheese and meat, made with animal fat or meat drippings",2,209.1,13.54,1.16,16.7,0.0,0.62,430
"Egg omelet or scrambled egg, with cheese and meat, made with cooking spray",2,178.7,14.06,1.37,13.0,0.0,0.64,418
"Egg omelet or scrambled egg, with cheese and meat, NS as to fat type",2,206.4,13.44,1.16,16.44,0.0,0.62,416
"Egg omelet or scrambled egg, with cheese and meat, no added fat",2,173.9,14.17,1.22,12.48,0.0,0.65,421
"Egg omelet or scrambled egg, with tomatoes, fat added",0,162.0,10.42,1.27,12.8,0.2,0.72,231
"Egg omelet or scrambled egg, with tomatoes, no added fat",0,124.0,11.04,1.34,8.28,0.2,0.77,225
"Egg omelet or scrambled egg, with tomatoes, NS as to fat",0,162.0,10.42,1.27,12.8,0.2,0.72,231
"Egg omelet or scrambled egg, with dark-green vegetables, fat added",0,163.0,10.65,1.26,12.82,0.3,0.46,239
"Egg omelet or scrambled egg, with dark-green vegetables, no added fat",0,125.1,11.28,1.32,8.3,0.3,0.48,233
"Egg omelet or scrambled egg, with dark-green vegetables, NS as to fat",0,163.0,10.65,1.26,12.82,0.3,0.46,239
"Egg omelet or scrambled egg, with tomatoes and dark-green vegetables, fat added",0,161.5,10.47,1.3,12.71,0.3,0.6,233
"Egg omelet or scrambled egg, with tomatoes and dark-green vegetables, no fat added",0,123.8,11.08,1.37,8.22,0.3,0.64,227
"Egg omelet or scrambled egg, with tomatoes and dark-green vegetables, NS as to fat",0,161.5,10.47,1.3,12.71,0.3,0.6,233
"Egg omelet or scrambled egg, with vegetables other than dark green and/or tomatoes, fat added",0,163.0,10.71,1.19,12.82,0.2,0.64,231
"Egg omelet or scrambled egg, with vegetables other than dark green and/or tomatoes, no added fat",0,125.1,11.34,1.25,8.3,0.2,0.68,225
"Egg omelet or scrambled egg, with vegetables other than dark green and/or tomatoes, NS as to fat",0,163.0,10.71,1.19,12.82,0.2,0.64,231
"Egg omelet or scrambled egg, with cheese and tomatoes, fat added",2,183.6,11.55,1.6,14.56,0.2,0.9,321
"Egg omelet or scrambled egg, with cheese and tomatoes, no added fat",2,151.3,12.16,1.68,10.66,0.2,0.95,321
"Egg omelet or scrambled egg, with cheese and tomatoes, NS as to fat",2,183.6,11.55,1.6,14.56,0.2,0.9,321
"Egg omelet or scrambled egg, with cheese and dark-green vegetables, fat added",2,184.6,11.76,1.59,14.58,0.3,0.66,328
"Egg omelet or scrambled egg, with cheese and dark-green vegetables, no added fat",2,152.3,12.37,1.67,10.68,0.3,0.7,328
"Egg omelet or scrambled egg, with cheese and dark-green vegetables, NS as to fat",2,184.6,11.76,1.59,14.58,0.3,0.66,328
"Egg omelet or scrambled egg, with cheese, tomatoes, and dark-green vegetables, fat added",2,183.1,11.58,1.63,14.47,0.2,0.79,323
"Egg omelet or scrambled egg, with cheese, tomatoes, and dark-green vegetables, no added fat",2,150.9,12.19,1.7,10.59,0.2,0.84,322
"Egg omelet or scrambled egg, with cheese, tomatoes, and dark-green vegetables, NS as to fat",2,183.1,11.58,1.63,14.47,0.2,0.79,323
"Egg omelet or scrambled egg, with cheese and vegetables other than dark green and/or tomatoes, fat added",2,184.6,11.81,1.53,14.58,0.1,0.83,321
"Egg omelet or scrambled egg, with cheese and vegetables other than dark green and/or tomatoes, no added fat",2,152.2,12.43,1.6,10.67,0.2,0.87,321
"Egg omelet or scrambled egg, with cheese and vegetables other than dark green and/or tomatoes, NS as to fat",2,184.6,11.81,1.53,14.58,0.1,0.83,321
"Egg omelet or scrambled egg, with meat and tomatoes, fat added",2,168.8,11.21,1.3,13.19,0.2,0.74,297
"Egg omelet or scrambled egg, with meat and tomatoes, no added fat",0,134.1,11.82,1.36,9.04,0.2,0.78,295
"Egg omelet or scrambled egg, with meat and tomatoes, NS as to fat",2,168.8,11.21,1.3,13.19,0.2,0.74,297
"Egg omelet or scrambled egg, with meat and dark-green vegetables, fat added",2,169.6,11.42,1.28,13.2,0.3,0.49,304
"Egg omelet or scrambled egg, with meat and dark-green vegetables, no added fat",2,135.1,12.04,1.35,9.06,0.3,0.52,302
"Egg omelet or scrambled egg, with meat and dark-green vegetables, NS as to fat",2,169.6,11.42,1.28,13.2,0.3,0.49,304
"Egg omelet or scrambled egg, with meat, tomatoes, and dark-green vegetables, fat added",2,171.1,11.59,1.33,13.27,0.2,0.64,327
"Egg omelet or scrambled egg, with meat, tomatoes, and dark-green vegetables, no added fat",2,138.2,12.19,1.39,9.32,0.2,0.67,327
"Egg omelet or scrambled egg, with meat, tomatoes, and dark-green vegetables, NS as to fat",2,171.1,11.59,1.33,13.27,0.2,0.64,327
"Egg omelet or scrambled egg, with meat and vegetables other than dark-green and/or tomatoes, fat added",2,169.6,11.47,1.22,13.2,0.2,0.66,297
"Egg omelet or scrambled egg, with meat and vegetables other than dark-green and/or tomatoes, no added fat",2,135.1,12.1,1.28,9.06,0.2,0.69,295
"Egg omelet or scrambled egg, with meat and vegetables other than dark-green and/or tomatoes, NS as to fat",2,169.6,11.47,1.22,13.2,0.2,0.66,297
"Egg omelet or scrambled egg, with cheese, meat, and tomatoes, fat added",2,196.2,12.73,1.41,15.52,0.1,0.78,393
"Egg omelet or scrambled egg, with cheese, meat, and tomatoes, no added fat",2,165.1,13.39,1.48,11.74,0.1,0.82,396
"Egg omelet or scrambled egg, with cheese, meat, and tomatoes, NS as to fat",2,196.2,12.73,1.41,15.52,0.1,0.78,393
"Egg omelet or scrambled egg, with cheese, meat, and dark-green vegetables, fat added",2,196.6,12.84,1.4,15.52,0.1,0.65,396
"Egg omelet or scrambled egg, with cheese, meat, and dark-green vegetables, no added fat",2,165.6,13.5,1.47,11.75,0.2,0.68,400
"Egg omelet or scrambled egg, with cheese, meat, and dark-green vegetables, NS as to fat",2,196.6,12.84,1.4,15.52,0.1,0.65,396
"Egg omelet or scrambled egg, with cheese, meat, tomatoes, and dark-green vegetables, fat added",2,187.6,12.21,1.62,14.7,0.2,0.8,375
"Egg omelet or scrambled egg, with cheese, meat, tomatoes, and dark-green vegetables, no added fat",2,157.9,12.8,1.7,11.1,0.2,0.84,377
"Egg omelet or scrambled egg, with cheese, meat, tomatoes, and dark-green vegetables, NS as to fat",2,187.6,12.21,1.62,14.7,0.2,0.8,375
"Egg omelet or scrambled egg, with cheese, meat, and vegetables other than dark-green and/or tomatoes, fat added",2,196.6,12.87,1.37,15.52,0.1,0.74,393
"Egg omelet or scrambled egg, with cheese, meat, and vegetables other than dark-green and/or tomatoes, no added fat",2,165.6,13.53,1.44,11.75,0.1,0.77,396
"Egg omelet or scrambled egg, with cheese, meat, and vegetables other than dark-green and/or tomatoes, NS as to fat",2,196.6,12.87,1.37,15.52,0.1,0.74,393
"Egg omelet or scrambled egg, with potatoes and/or onions, fat added",0,168.4,10.54,2.78,12.79,0.3,0.6,231
"Egg omelet or scrambled egg, with potatoes and/or onions, no added fat",0,130.8,11.17,2.94,8.26,0.3,0.64,225
"Egg omelet or scrambled egg, with potatoes and/or onions, NS as to fat",0,168.4,10.54,2.78,12.79,0.3,0.6,231
"Egg, cheese, ham, and bacon on bun",2,246.0,14.48,17.25,13.23,0.6,2.78,762
"Egg, cheese, and ham on English muffin",2,228.2,13.64,21.67,9.66,0.4,2.13,617
"Egg, cheese, and ham on biscuit",2,254.8,12.1,14.77,16.37,0.4,1.98,1042
"Egg, cheese and ham on bagel",2,237.5,12.6,18.2,12.7,0.5,3.11,721
"Egg, cheese, and sausage on English muffin",2,286.2,13.38,17.44,18.1,0.2,1.49,548
"Egg, cheese, and sausage on bun",2,260.4,13.14,17.35,15.38,0.6,3.54,593
"Egg, cheese, and steak on bagel",2,282.4,15.95,22.99,14.07,0.2,2.97,642
"Egg, cheese, and sausage on biscuit",5,323.6,9.54,21.57,22.13,2.0,3.1,591
"Egg, cheese, and sausage griddle cake sandwich",5,290.8,10.77,22.04,17.73,0.6,7.9,652
Egg and sausage on biscuit,5,315.6,11.13,21.05,20.77,0.2,0.95,672
"Egg, cheese, and bacon on biscuit",5,303.1,12.01,24.44,17.48,0.2,1.74,816
"Egg, cheese, and bacon griddle cake sandwich",5,271.6,12.03,26.19,13.19,0.8,9.56,718
"Egg, cheese, and bacon on English muffin",2,228.2,13.64,21.67,9.66,0.4,2.13,617
"Egg, cheese and bacon on bagel",2,254.6,13.65,21.41,12.71,0.6,4.19,568
Egg and bacon on biscuit,5,308.1,11.33,19.06,20.73,0.5,2.19,844
Egg and ham on biscuit,2,234.8,10.64,16.37,14.08,0.4,2.2,1093
"Egg, cheese and sausage on bagel",5,295.2,12.98,22.64,16.97,0.2,2.87,550
Egg and steak on biscuit,5,309.5,11.68,24.58,18.27,1.4,2.28,804
Egg and cheese on biscuit,5,299.2,10.1,17.25,21.09,0.9,2.5,691
Egg salad sandwich,5,294.4,9.2,17.49,20.85,0.8,2.46,393
Scrambled egg sandwich,5,225.7,10.62,23.9,9.74,1.1,2.74,354
Egg drop soup,0,27.3,1.16,4.29,0.61,0.4,0.09,370
"Garlic egg soup, Puerto Rican style",0,81.6,3.85,5.52,4.9,0.2,0.99,404
"Egg white omelet, scrambled, or fried, NS as to fat",0,96.2,10.18,0.69,5.86,0.0,0.66,285
"Egg white omelet, scrambled, or fried, made with margarine",0,83.2,10.17,0.73,4.4,0.0,0.66,308
"Egg white omelet, scrambled, or fried, made with oil",0,103.5,10.16,0.68,6.68,0.0,0.66,263
"Egg white omelet, scrambled, or fried, made with butter",0,92.6,10.21,0.68,5.45,0.0,0.67,305
"Egg white omelet, scrambled, or fried, made with cooking spray",0,55.2,10.76,0.92,0.94,0.0,0.7,279
"Egg white omelet, scrambled, or fried, NS as to fat type",0,96.2,10.18,0.69,5.86,0.0,0.66,285
"Egg white omelet, scrambled, or fried, no added fat",0,47.9,10.87,0.73,0.17,0.0,0.71,281
"Egg white, omelet, scrambled, or fried, with cheese",2,128.7,11.48,1.14,8.69,0.0,0.87,379
"Egg white, omelet, scrambled, or fried, with meat",0,115.1,11.48,0.8,7.33,0.0,0.69,385
"Egg white, omelet, scrambled, or fried, with vegetables",0,88.9,9.29,1.27,5.19,0.3,0.73,258
"Egg white, omelet, scrambled, or fried, with cheese and meat",2,137.8,12.18,1.17,9.38,0.0,0.87,434
"Egg white, omelet, scrambled, or fried, with cheese and vegetables",0,118.6,10.55,1.6,7.78,0.3,0.91,346
"Egg white, omelet, scrambled, or fried, with meat and vegetables",0,101.1,10.16,1.29,6.14,0.3,0.75,322
"Egg white, omelet, scrambled, or fried, with cheese, meat, and vegetables",2,132.1,11.66,1.41,8.87,0.1,0.89,413
Meringues,1,327.6,7.31,74.24,0.16,0.0,73.06,113
"Egg substitute, omelet, scrambled, or fried, fat added",0,96.2,9.34,1.88,5.7,0.0,1.86,315
"Egg substitute, omelet, scrambled, or fried, no added fat",0,47.8,9.97,1.99,0.0,0.0,1.99,314
"Egg substitute, omelet, scrambled, or fried, with cheese",0,128.6,10.74,2.17,8.55,0.0,1.92,406
"Egg substitute, omelet, scrambled, or fried, with meat",0,115.1,10.75,1.84,7.19,0.0,1.75,412
"Egg substitute, omelet, scrambled, or fried, with vegetables",0,88.9,8.56,2.31,5.05,0.3,1.79,285
"Egg substitute, omelet, scrambled, or fried, with cheese and meat",2,137.8,11.5,2.13,9.25,0.0,1.85,459
"Egg substitute, omelet, scrambled, or fried, with cheese and vegetables",0,118.6,9.89,2.52,7.66,0.3,1.85,370
"Egg substitute, omelet, scrambled, or fried, with meat and vegetables",0,101.1,9.48,2.25,6.02,0.3,1.72,347
"Egg substitute, omelet, scrambled, or fried, with cheese, meat, and vegetables",2,132.1,11.01,2.32,8.75,0.1,1.81,437
"Beans, NFS",5,192.2,8.34,23.78,7.08,8.3,0.31,217
"Beans, from dried, NS as to type, fat added",5,192.2,8.34,23.78,7.08,8.3,0.31,217
"Beans, from dried, NS as to type, no added fat",5,143.0,8.92,25.44,0.62,8.9,0.33,232
"Beans, from canned, NS as to type, fat added",5,188.5,7.66,24.1,6.83,8.0,1.31,311
"Beans, from canned, NS as to type, no added fat",5,139.3,7.96,25.04,0.81,8.3,1.36,323
"Beans, from fast food / restaurant, NS as to type",5,209.4,8.77,22.6,9.32,5.7,0.31,354
"White beans, NFS",5,190.9,9.04,23.32,6.83,5.9,0.32,221
"White beans, from dried, fat added",5,190.9,9.04,23.32,6.83,5.9,0.32,221
"White beans, from dried, no added fat",0,141.6,9.67,24.94,0.35,6.3,0.34,237
"White beans, from canned, fat added",5,215.3,10.43,29.76,6.06,6.9,2.0,333
"White beans, from canned, no added fat",5,172.1,10.84,30.91,0.57,7.2,2.07,345
"White beans, from canned, reduced sodium",5,215.3,10.43,29.76,6.06,6.9,2.0,251
"Black beans, NFS",5,184.2,8.23,22.04,7.01,8.1,0.3,217
"Black beans, from dried, fat added",5,184.2,8.23,22.04,7.01,8.1,0.3,217
"Black beans, from dried, no added fat",5,134.4,8.81,23.57,0.54,8.6,0.32,232
"Black beans, from canned, fat added",4,181.2,8.54,23.43,5.92,9.8,0.33,335
"Black beans, from canned, no added fat",4,136.7,8.87,24.34,0.43,10.1,0.34,348
"Black beans, from canned, reduced sodium",4,181.2,8.54,23.43,5.92,9.8,0.33,195
"Black beans, from fast food / restaurant",5,202.8,7.98,21.36,9.49,7.8,0.29,350
Black beans with meat,5,180.0,10.61,19.06,6.81,7.0,0.36,275
"Fava beans, cooked",0,163.2,7.06,18.26,6.88,5.0,1.69,220
"Lima beans, NFS",5,168.3,7.25,19.4,6.86,6.5,2.7,218
"Lima beans, from dried",5,168.3,7.25,19.4,6.86,6.5,2.7,218
"Pink beans, cooked",5,200.1,8.42,25.94,6.96,4.9,0.34,218
"Pinto beans, NFS",5,195.0,8.37,24.37,7.11,8.4,0.32,217
"Pinto beans, from dried, fat added",5,195.0,8.37,24.37,7.11,8.4,0.32,217
"Pinto beans, from dried, no added fat",5,145.9,8.96,26.06,0.65,8.9,0.34,232
"Pinto beans, from canned, fat added",5,191.0,7.37,24.33,7.13,7.4,1.64,303
"Pinto beans, from canned, no added fat",5,140.1,7.66,25.27,0.93,7.7,1.7,315
"Pinto beans, from canned, reduced sodium",5,191.2,7.38,24.35,7.14,7.4,1.64,234
"Pinto beans, from fast food / restaurant",5,213.4,8.12,23.62,9.6,8.1,0.31,350
Pinto beans with meat,5,189.3,10.73,21.07,6.9,7.2,0.38,275
"Kidney beans, NFS",5,179.7,8.06,21.19,6.97,6.9,0.3,218
"Kidney beans, from dried, fat added",5,179.7,8.06,21.19,6.97,6.9,0.3,218
"Kidney beans, from dried, no added fat",0,129.6,8.62,22.66,0.5,7.4,0.32,233
"Kidney beans, from canned, fat added",5,190.0,8.37,23.79,6.82,7.7,2.97,299
"Kidney beans, from canned, no added fat",5,139.1,8.7,24.72,0.6,8.0,3.08,311
"Kidney beans, from canned, reduced sodium",5,190.0,8.37,23.79,6.82,8.5,2.97,188
"Kidney beans, from fast food / restaurant",5,198.5,7.81,20.54,9.46,6.7,0.29,350
Kidney beans with meat,5,176.2,10.46,18.33,6.78,5.9,0.36,275
"Peruvian beans, from dried",4,195.6,8.51,23.49,7.51,9.7,0.32,220
"Soybeans, cooked",5,232.3,16.92,7.77,14.84,5.6,2.79,217
"Mung beans, cooked",5,159.0,6.52,17.8,6.86,7.1,1.86,218
Baked beans,0,112.4,4.52,21.57,0.89,4.4,8.23,391
"Baked beans, vegetarian",0,106.9,4.75,21.14,0.37,4.1,7.96,343
Baked beans from fast food / restaurant,0,122.8,4.38,23.29,1.35,4.3,10.38,491
"Beans and tomatoes, no added fat",0,105.1,6.37,18.76,0.51,6.4,1.39,370
"Beans and tomatoes, fat added",0,145.8,6.05,17.84,5.58,6.1,1.32,351
Black bean salad,0,97.4,3.08,12.61,3.85,3.4,3.53,350
Refried beans,0,92.2,4.98,13.55,2.01,3.7,0.54,370
"Refried beans, from fast food / restaurant",5,177.2,6.7,16.28,9.48,7.8,0.76,402
Refried beans with meat,0,100.9,7.81,11.76,2.51,3.2,0.57,406
"Refried beans, from canned, reduced sodium",0,92.2,4.98,13.55,2.01,3.7,0.54,138
"Bean dip, made with refried beans",0,118.6,5.44,15.89,3.7,4.9,0.99,443
Layer dip,0,151.1,5.31,6.53,11.53,2.1,1.71,535
"Hummus, plain",5,272.2,8.18,19.86,17.78,5.9,2.91,481
"Hummus, flavored",5,270.2,8.1,19.62,17.7,5.9,2.93,471
Black bean sauce,5,170.6,6.28,17.36,8.45,2.6,9.26,5843
Beans and franks,0,143.1,6.74,17.29,5.22,3.3,6.17,438
Pork and beans,0,112.4,4.52,21.57,0.89,4.4,8.23,391
"Beans with meat, NS as to type",5,187.0,10.7,20.56,6.88,7.1,0.38,275
Falafel,3,519.4,8.24,29.01,41.16,4.8,4.52,499
Bean cake,5,412.2,5.63,49.58,21.26,3.0,20.37,186
"Baked beans, reduced sodium",0,104.1,4.77,20.35,0.4,5.5,7.73,270
"Chili with beans, without meat",0,45.3,2.39,8.19,0.33,2.7,2.59,400
"Blackeyed peas, NFS",5,168.9,7.18,19.29,7.0,6.0,3.07,220
"Blackeyed peas, from dried",5,168.9,7.18,19.29,7.0,6.0,3.07,220
"Chickpeas, NFS",5,215.0,8.23,25.48,8.91,7.1,4.46,222
"Chickpeas, from dried, fat added",5,215.0,8.23,25.48,8.91,7.1,4.46,222
"Chickpeas, from dried, no added fat",5,167.5,8.81,27.26,2.58,7.6,4.77,238
"Chickpeas, from canned, fat added",5,202.1,7.88,21.61,9.35,7.0,4.15,315
"Chickpeas, from canned, no added fat",5,151.7,8.19,22.45,3.24,7.3,4.31,327
"Chickpeas, from canned, reduced sodium",5,202.4,7.89,21.64,9.37,7.1,4.16,212
"Split peas, from dried, no added fat",0,120.6,8.29,20.97,0.39,8.2,2.88,233
"Split peas, from dried, fat added",5,171.3,7.75,19.61,6.87,7.7,2.7,218
Wasabi peas,5,432.2,14.11,62.2,14.11,3.8,14.11,300
"Lentils, NFS",5,170.1,8.38,18.71,6.86,7.3,1.67,218
"Lentils, from dried, fat added",5,170.1,8.38,18.71,6.86,7.3,1.67,218
"Lentils, from dried, no added fat",0,119.3,8.97,20.01,0.38,7.9,1.79,233
"Lentils, from canned",5,169.6,8.36,18.66,6.84,7.3,1.67,325
Bean chips,4,464.7,14.4,53.18,21.6,10.1,1.08,408
"Papad, grilled or broiled",4,371.0,25.56,59.87,3.25,18.6,0.0,1745
"Sambar, vegetable stew",0,88.9,4.32,11.8,2.71,4.0,2.08,207
Lentil curry,0,114.3,3.67,12.28,5.61,3.4,3.24,383
Lentil curry with rice,0,118.7,3.27,18.57,3.48,2.2,1.97,328
Soy nuts,4,503.7,38.55,30.22,25.4,17.7,4.2,163
Soy chips,5,384.8,26.5,53.15,7.35,3.5,1.8,842
Soybean curd,0,66.6,7.17,1.18,3.69,0.2,0.7,8
"Edamame, cooked",0,148.8,11.54,8.63,7.57,5.0,2.11,128
Soybean curd cheese,0,150.5,12.5,6.9,8.1,0.0,1.6,20
Miso sauce,3,438.7,3.43,13.99,41.0,1.2,12.79,1086
Miso,5,206.7,12.79,25.37,6.01,5.4,6.2,3728
Natto,5,227.3,19.4,12.68,11.0,5.4,4.89,7
Hoisin sauce,5,220.1,3.31,44.08,3.39,2.8,27.26,1615
Soy sauce,2,57.4,8.14,4.93,0.57,0.8,0.4,5493
"Soy sauce, reduced sodium",2,61.3,9.05,5.59,0.3,0.7,0.5,3598
"Yogurt, soy",0,94.0,3.5,15.96,1.8,0.2,1.24,35
Teriyaki sauce,2,86.1,5.93,15.56,0.02,0.1,14.1,3833
"Teriyaki sauce, reduced sodium",5,86.2,5.93,15.58,0.02,0.1,14.1,1778
Worcestershire sauce,0,76.7,0.0,19.17,0.0,0.0,10.03,1300
"Soybean curd, deep fried",2,292.3,18.82,8.86,20.18,3.9,2.72,16
"Soybean curd, breaded, fried",0,154.8,8.4,8.7,9.6,0.7,1.3,92
"Vermicelli, made from soybeans",0,126.2,0.04,31.42,0.04,1.5,6.66,3
"Textured vegetable protein, dry",4,352.5,51.46,33.92,1.22,17.5,16.42,20
"Frozen dessert, non-dairy",0,158.7,0.79,18.78,8.94,0.1,18.27,46
"Bean soup, NFS",0,68.8,3.08,8.89,2.32,3.1,1.57,354
"Bean with bacon or ham soup, canned or ready-to-serve",0,68.8,3.08,8.89,2.32,3.1,1.57,354
"Black bean soup, home recipe, canned or ready-to-serve",0,46.5,2.42,7.71,0.66,3.4,1.24,487
"Lima bean soup, home recipe, canned or ready-to-serve",0,58.8,4.48,8.5,0.77,2.7,1.64,242
"Soybean soup, miso broth",0,33.8,2.47,2.47,1.56,0.4,0.89,610
"Pinto bean soup, home recipe, canned or ready-to-serve",0,141.6,9.4,23.59,1.07,5.8,1.36,243
"Bean soup, with macaroni, home recipe, canned, or ready-to-serve",0,91.8,4.84,12.9,2.31,2.3,0.73,210
"Bean and ham soup, chunky style, canned or ready-to-serve",0,78.1,4.62,11.17,1.66,1.7,1.91,301
"Bean soup, mixed beans, home recipe, canned or ready-to-serve",0,64.0,4.74,9.49,0.79,2.8,0.92,246
"Bean soup, home recipe",0,66.1,5.08,9.72,0.77,2.4,0.74,248
"Bean and ham soup, canned, reduced sodium, prepared with water or ready-to-serve",0,80.7,4.19,13.66,1.03,4.0,3.17,187
"Bean and ham soup, home recipe",0,81.8,7.67,8.29,1.99,2.0,0.63,366
"Liquid from stewed kidney beans, Puerto Rican style",0,47.2,1.8,2.8,3.2,0.1,0.0,2
"Pea and ham soup, chunky style, canned or ready-to-serve",0,78.1,4.62,11.17,1.66,1.7,1.91,301
"Garbanzo bean or chickpea soup, home recipe, canned or ready-to-serve",0,72.2,4.66,10.02,1.5,2.7,2.19,255
Split pea and ham soup,0,78.1,4.62,11.17,1.66,1.7,1.91,301
Split pea soup,0,62.1,3.2,9.88,1.09,1.9,3.19,336
"Split pea soup, canned, reduced sodium, prepared with water or ready-to-serve",0,71.0,3.85,11.83,0.92,1.9,5.06,166
"Split pea and ham soup, canned, reduced sodium, prepared with water or ready-to-serve",0,67.9,4.0,11.4,0.7,1.9,1.57,196
"Lentil soup, home recipe, canned, or ready-to-serve",0,66.2,3.89,8.82,1.71,3.2,1.31,187
"Bacon strip, meatless",5,333.7,11.69,5.31,29.52,2.6,0.0,1465
Bacon bits,4,475.5,32.0,28.6,25.9,10.2,0.0,1770
"Breakfast link, pattie, or slice, meatless",2,276.9,20.28,8.09,18.16,2.8,0.0,888
"Chicken, meatless, NFS",2,223.7,23.64,3.64,12.73,3.6,0.0,709
"Chicken, meatless, breaded, fried",2,234.1,21.28,8.51,12.77,4.3,0.0,400
"Frankfurter or hot dog, meatless",2,232.8,19.61,7.7,13.73,3.9,0.0,471
"Luncheon slice, meatless-beef, chicken, salami or turkey",2,188.9,17.78,4.44,11.11,1.1,2.22,711
"Meatball, meatless",2,197.0,21.0,8.0,9.0,4.6,1.25,550
"Vegetarian burger or patty, meatless, no bun",5,176.6,15.7,14.27,6.3,4.9,1.07,569
"Swiss steak, with gravy, meatless",5,179.7,12.67,14.1,8.07,4.0,0.95,689
"Sandwich spread, meat substitute type",5,149.0,8.0,9.0,9.0,3.3,1.9,630
Vegetarian pot pie,5,225.1,7.69,17.13,13.98,2.2,1.7,347
"Vegetarian chili, made with meat substitute",0,111.7,7.44,13.89,2.93,4.4,2.55,248
"Tofu and vegetables including carrots, broccoli, and/or dark-green leafy; no potatoes, with soy-based sauce",0,96.2,4.14,4.81,6.71,1.2,1.69,216
"Tofu and vegetables excluding carrots, broccoli, and dark-green leafy; no potatoes, with soy-based sauce",0,96.7,4.12,4.45,6.94,0.9,1.77,211
"Vegetarian, fillet",2,290.0,23.0,9.0,18.0,6.1,0.8,490
Vegetarian stew,0,34.2,0.7,3.07,2.13,1.1,1.6,144
Vegetarian stroganoff,0,169.1,7.54,11.56,10.3,2.6,1.79,457
"Soyburger, meatless, with cheese on bun",5,207.6,12.29,24.76,6.6,3.1,5.04,643
"Nuts, NFS",3,645.1,19.59,21.04,53.62,7.6,4.53,313
"Almonds, NFS",3,640.7,20.96,21.01,52.54,10.9,4.86,3
"Almonds, unroasted",3,620.2,21.15,21.55,49.93,12.5,4.35,1
"Almonds, salted",3,642.1,20.13,20.18,53.43,10.5,4.67,386
"Almonds, lightly salted",3,645.3,20.23,20.28,53.7,10.5,4.69,195
"Almonds, unsalted",3,648.5,20.33,20.38,53.96,10.6,4.71,3
"Almonds, flavored",3,640.2,20.07,20.12,53.27,10.4,4.65,500
"Almonds, honey roasted",3,607.9,14.11,35.84,45.34,7.3,25.01,385
Brazil nuts,3,708.1,14.32,11.74,67.1,7.5,2.33,3
"Cashews, NFS",3,609.2,15.31,32.69,46.35,3.0,5.01,16
"Cashews, unroasted",3,609.2,15.31,32.69,46.35,3.0,5.01,16
"Cashews, salted",3,611.7,14.7,31.4,47.48,2.9,4.81,399
"Cashews, lightly salted",3,614.8,14.78,31.55,47.72,2.9,4.84,208
"Cashews, unsalted",3,617.9,14.85,31.71,47.96,2.9,4.86,16
"Cashews, honey roasted",3,586.7,10.31,43.7,41.18,2.0,25.11,394
Chestnuts,5,244.3,3.17,52.96,2.2,5.1,10.6,2
"Coconut, fresh",4,375.7,3.33,15.23,33.49,9.0,6.23,20
"Coconut, packaged",4,471.8,3.13,51.85,27.99,9.9,36.75,285
Hazelnuts,3,673.4,14.95,16.7,60.75,9.7,4.34,0
Macadamia nuts,3,767.2,7.79,12.83,76.08,8.0,4.14,353
"Mixed nuts, NFS",3,645.1,19.59,21.04,53.62,7.6,4.53,313
"Mixed nuts, unroasted",3,647.7,16.96,23.17,54.13,7.6,4.66,7
"Mixed nuts, with peanuts, salted",3,645.1,19.59,21.04,53.62,7.6,4.53,313
"Mixed nuts, with peanuts, lightly salted",3,647.7,19.66,21.12,53.84,7.6,4.55,160
"Mixed nuts, with peanuts, unsalted",3,650.2,19.74,21.21,54.05,7.6,4.57,6
"Mixed nuts, without peanuts, salted",3,650.2,16.31,22.28,55.09,7.3,4.48,320
"Mixed nuts, without peanuts, unsalted",3,655.5,16.44,22.46,55.54,7.4,4.52,7
"Mixed nuts, honey roasted",3,613.3,15.35,33.21,46.56,5.9,20.34,388
"Peanuts, NFS",3,629.4,24.35,21.26,49.66,8.4,4.9,410
"Peanuts, boiled",5,337.1,13.5,21.26,22.01,8.8,2.47,751
"Peanuts, unroasted",3,610.9,25.8,16.13,49.24,8.5,4.72,18
"Peanuts, roasted, salted",3,645.7,28.03,15.26,52.5,9.4,4.18,320
"Peanuts, roasted, unsalted",3,645.7,28.03,15.26,52.5,9.4,4.18,6
"Peanuts, dry roasted, salted",3,629.4,24.35,21.26,49.66,8.4,4.9,410
"Peanuts, dry roasted, lightly salted",3,626.2,24.23,21.15,49.41,8.4,4.88,199
"Peanuts, dry roasted, unsalted",3,629.4,24.35,21.26,49.66,8.4,4.9,6
"Peanuts, honey roasted",3,610.1,20.7,30.02,45.25,7.1,16.14,349
"Pecans, NFS",3,739.8,9.17,13.86,71.97,9.6,3.97,0
"Pecans, unroasted",3,739.8,9.17,13.86,71.97,9.6,3.97,0
"Pecans, salted",3,737.3,8.81,13.31,72.09,9.2,3.81,383
"Pecans, unsalted",3,744.6,8.9,13.44,72.81,9.3,3.85,0
"Pecans, honey roasted",3,674.7,6.17,31.03,58.43,6.5,24.41,383
Pine nuts,3,722.4,13.69,13.08,68.37,3.7,3.59,2
"Pistachio nuts, NFS",3,609.7,21.05,28.28,45.82,10.3,7.74,6
"Pistachio nuts, salted",3,612.3,20.22,27.16,46.98,9.9,7.43,389
"Pistachio nuts, lightly salted",3,615.4,20.32,27.3,47.21,9.9,7.47,198
"Pistachio nuts, unsalted",3,618.4,20.42,27.43,47.44,10.0,7.51,6
"Walnuts, excluding honey roasted",3,702.6,15.23,13.71,65.21,6.7,2.61,2
"Walnuts, honey roasted",3,649.6,10.25,30.93,53.87,4.5,23.5,385
Almond butter,3,658.6,20.96,18.82,55.5,10.3,6.27,227
"Almond butter, lower sodium",3,658.6,20.96,18.82,55.5,10.3,6.27,115
Almond paste,1,476.9,9.0,47.81,27.74,4.8,36.25,9
Cashew butter,3,647.0,12.12,30.3,53.03,3.0,9.09,295
Peanut butter,3,639.1,22.5,22.3,51.1,4.8,10.5,429
"Peanut butter, lower sodium",3,640.3,22.21,22.31,51.36,5.0,10.49,17
"Peanut butter, lower sodium and lower sugar",3,645.2,23.5,18.27,53.12,6.4,8.42,154
"Peanut butter, lower sugar",3,650.1,24.8,14.23,54.89,7.8,6.35,292
"Peanut butter, reduced fat",3,552.2,25.9,35.65,34.0,5.2,9.28,540
"Peanut butter, vitamin and mineral fortified",3,635.2,25.72,18.75,50.81,5.6,10.47,420
Peanut butter and jelly,1,459.8,11.32,46.12,25.56,2.9,30.86,230
Peanut butter and chocolate spread,1,527.4,11.8,42.75,34.35,2.8,34.1,306
Soy nut butter,3,658.6,20.96,18.82,55.5,10.3,6.27,227
Peanut sauce,5,257.5,6.31,22.02,16.02,1.8,17.07,1338
"Gravy, vegetarian",0,141.6,3.81,9.19,9.96,0.2,4.61,331
"Peanut butter sandwich, NFS",5,396.3,13.98,39.84,20.11,3.2,7.14,460
"Peanut butter sandwich, with regular peanut butter, on white bread",5,396.3,13.98,39.84,20.11,3.2,7.14,460
"Peanut butter sandwich, with regular peanut butter, on wheat bread",5,393.9,15.26,37.38,20.37,5.2,7.05,451
"Peanut butter sandwich, with regular peanut butter, on whole wheat bread",5,393.9,15.26,37.38,20.37,5.2,7.05,451
"Peanut butter sandwich, with reduced fat peanut butter, on white bread",5,366.1,15.16,44.49,14.17,3.3,6.71,499
"Peanut butter sandwich, with reduced fat peanut butter, on wheat bread",5,363.6,16.44,42.02,14.42,5.3,6.62,489
"Peanut butter sandwich, with reduced fat peanut butter, on whole wheat bread",5,363.6,16.44,42.02,14.42,5.3,6.62,489
"Peanut butter and jelly sandwich, NFS",5,375.7,11.51,45.22,16.53,2.8,15.01,383
"Peanut butter and jelly sandwich, with regular peanut butter, regular jelly, on white bread",5,375.7,11.51,45.22,16.53,2.8,15.01,383
"Peanut butter and jelly sandwich, with regular peanut butter, regular jelly, on wheat bread",5,373.6,12.56,43.2,16.73,4.4,14.93,376
"Peanut butter and jelly sandwich, with regular peanut butter, regular jelly, on whole wheat bread",5,373.6,12.56,43.2,16.73,4.4,14.93,376
"Peanut butter and jelly sandwich, with reduced fat peanut butter, regular jelly, on white bread",5,350.8,12.48,49.03,11.64,2.9,14.66,415
"Peanut butter and jelly sandwich, with reduced fat peanut butter, regular jelly, on wheat bread",5,348.8,13.53,47.01,11.85,4.6,14.59,407
"Peanut butter and jelly sandwich, with reduced fat peanut butter, regular jelly, on whole wheat bread",5,348.8,13.53,47.01,11.85,4.6,14.59,407
"Peanut butter and jelly sandwich, with regular peanut butter, reduced sugar jelly, on white bread",5,352.5,11.48,39.44,16.54,2.9,11.11,378
"Peanut butter and jelly sandwich, with regular peanut butter, reduced sugar jelly, on wheat bread",5,350.6,12.54,37.42,16.75,4.5,11.04,370
"Peanut butter and jelly sandwich, with regular peanut butter, reduced sugar jelly, on whole wheat bread",5,350.6,12.54,37.42,16.75,4.5,11.04,370
"Peanut butter and jelly sandwich, with reduced fat peanut butter, reduced sugar jelly, on white bread",5,327.8,12.45,43.26,11.66,3.0,10.76,410
"Peanut butter and jelly sandwich, with reduced fat peanut butter, reduced sugar jelly, on wheat bread",5,325.7,13.51,41.23,11.86,4.6,10.69,402
"Peanut butter and jelly sandwich, with reduced fat peanut butter, reduced sugar jelly, on whole wheat bread",5,325.7,13.51,41.23,11.86,4.6,10.69,402
"Peanut butter and jelly sandwich, frozen commercial product without crusts",5,375.7,11.51,45.22,16.53,2.8,15.01,383
"Coconut milk, used in cooking",0,245.9,2.29,5.54,23.84,2.2,3.34,15
"Yogurt, coconut milk",0,64.5,0.31,7.95,3.5,0.0,7.4,21
"Coconut cream, canned, sweetened",1,364.3,1.17,53.21,16.31,0.2,51.5,36
"Coconut water, unsweetened",0,17.8,0.22,4.24,0.0,0.0,3.92,26
"Coconut water, sweetened",0,37.3,0.21,9.07,0.02,0.0,8.78,25
"Trail mix, NFS",1,488.7,10.9,51.12,26.74,6.5,36.48,134
Trail mix with nuts,3,640.3,20.06,21.18,52.82,8.1,4.1,252
Trail mix with nuts and fruit,1,488.7,10.9,51.12,26.74,6.5,36.48,134
Trail mix with chocolate,1,529.4,11.65,48.32,32.17,6.0,34.85,146
"Trail mix with pretzels, cereal, or granola",5,503.2,13.09,50.65,27.58,6.1,19.32,444
"Pumpkin seeds, NFS",3,619.6,29.84,14.71,49.05,6.5,1.29,18
"Pumpkin seeds, salted",3,612.4,29.49,14.54,48.47,6.4,1.27,477
"Pumpkin seeds, unsalted",3,619.6,29.84,14.71,49.05,6.5,1.29,18
"Sunflower seeds, plain, unsalted",3,621.8,19.33,24.07,49.8,11.1,2.73,3
"Sunflower seeds, plain, salted",3,614.4,19.1,23.78,49.21,11.0,2.7,462
"Sunflower seeds, flavored",3,605.5,18.45,25.92,47.56,10.6,5.55,612
"Sunflower seeds, NFS",3,621.8,19.33,24.07,49.8,11.1,2.73,3
Sesame seeds,3,679.6,20.45,11.73,61.21,11.6,0.48,47
Tahini,3,636.6,17.0,21.19,53.76,9.3,0.49,115
Flax seeds,4,568.1,18.29,28.88,42.16,27.3,1.55,30
Mixed seeds,3,621.2,21.96,21.73,49.61,10.0,2.37,7
Chia seeds,4,568.1,18.29,28.88,42.16,27.3,1.55,30
Carob chips,1,540.0,8.15,56.29,31.36,3.8,34.11,107
"Bread, NS as to major flour",5,266.8,9.43,49.2,3.59,2.3,5.34,477
"Bread, NS as to major flour, toasted",5,293.2,10.36,54.07,3.94,2.5,5.87,524
"Bread, made from home recipe or purchased at a bakery, NS as to major flour",5,265.6,8.63,50.09,3.41,1.7,3.11,566
"Bread, made from home recipe or purchased at a bakery, toasted, NS as to major flour",5,291.9,9.49,55.05,3.75,1.9,3.41,622
"Roll, NS as to major flour",5,274.8,9.77,50.12,3.91,1.8,7.28,494
"Roll, hard, NS as to major flour",5,289.1,9.9,52.7,4.3,2.3,1.77,544
"Roll, bran, NS as to type of bran",5,270.8,9.6,44.6,6.0,3.8,6.25,458
"Bread, white",5,266.8,9.43,49.2,3.59,2.3,5.34,477
"Bread, white, toasted",5,293.2,10.36,54.07,3.94,2.5,5.87,524
"Bread, white, made from home recipe or purchased at a bakery",5,265.6,8.63,50.09,3.41,1.7,3.11,566
"Bread, white, made from home recipe or purchased at a bakery, toasted",5,291.9,9.49,55.05,3.75,1.9,3.41,622
"Bread, white with whole wheat swirl",5,260.2,10.86,46.15,3.57,4.2,4.88,464
"Bread, white with whole wheat swirl, toasted",5,300.4,12.45,53.39,4.12,4.7,5.65,535
"Bread, Cuban",5,272.3,10.75,51.88,2.42,2.2,4.62,602
"Bread, Cuban, toasted",5,299.2,11.81,57.01,2.66,2.4,5.08,662
"Bread, native, water, Puerto Rican style",5,272.3,8.78,51.97,3.26,1.8,1.79,544
"Bread, native, water, toasted, Puerto Rican style",5,299.3,9.65,57.11,3.58,2.0,1.96,597
"Bread, lard, Puerto Rican style",5,276.3,6.97,55.48,2.95,2.0,7.05,433
"Bread, lard, toasted, Puerto Rican style",5,307.0,7.74,61.64,3.28,2.2,7.83,482
"Bread, caressed, Puerto Rican style",5,269.6,7.76,49.33,4.58,1.8,3.65,526
"Bread, caressed, toasted, Puerto Rican style",5,296.2,8.53,54.21,5.03,2.0,4.01,579
"Bread, French or Vienna",5,272.3,10.75,51.88,2.42,2.2,4.62,602
"Bread, French or Vienna, toasted",5,299.2,11.81,57.01,2.66,2.4,5.08,662
"Focaccia, Italian flatbread, plain",5,249.4,8.77,35.82,7.89,1.8,1.75,561
"Naan, Indian flatbread",5,310.8,11.09,50.23,7.28,5.2,3.7,508
"Bread, Italian, Grecian, Armenian",5,255.0,9.49,48.11,2.73,2.1,4.69,618
"Bread, Italian, Grecian, Armenian, toasted",5,280.2,10.43,52.87,3.0,2.3,5.15,679
"Bread, pita",5,270.0,9.1,55.7,1.2,2.2,1.3,536
"Bread, pita, toasted",5,296.7,10.0,61.21,1.32,2.4,1.43,589
"Bread, pita with fruit",5,280.1,8.16,59.51,1.05,2.6,11.61,454
"Bread, pita with fruit, toasted",5,307.8,8.97,65.4,1.15,2.8,12.76,499
"Bread, cheese",5,408.5,10.42,44.83,20.83,2.1,2.08,750
"Bread, cheese, toasted",5,448.8,11.45,49.26,22.89,2.3,2.29,824
"Bread, cinnamon",5,253.3,7.05,44.38,5.29,3.5,14.11,388
"Bread, cinnamon, toasted",5,293.2,10.36,54.07,3.94,2.5,5.87,524
"Bread, cornmeal and molasses",5,281.5,6.74,55.11,3.79,1.6,14.94,318
"Bread, cornmeal and molasses, toasted",5,309.4,7.4,60.56,4.17,1.8,16.41,349
"Bread, egg, Challah",5,283.2,9.5,47.8,6.0,2.3,1.78,380
"Bread, egg, Challah, toasted",5,311.2,10.44,52.53,6.59,2.5,1.96,418
"Garlic bread, NFS",5,349.1,8.34,41.64,16.58,2.5,3.68,620
"Garlic bread, from fast food / restaurant",5,349.1,8.34,41.64,16.58,2.5,3.68,620
"Garlic bread, from frozen",5,349.8,8.36,41.72,16.61,2.5,3.69,544
"Garlic bread, with parmesan cheese, from fast food / restaurant",5,350.5,8.76,41.06,16.8,2.4,3.61,642
"Garlic bread, with parmesan cheese, from frozen",5,351.2,8.78,41.14,16.83,2.5,3.62,568
"Garlic bread, with melted cheese, from fast food / restaurant",5,338.5,11.41,34.21,17.34,2.0,3.31,636
"Garlic bread, with melted cheese, from frozen",5,342.8,10.36,36.86,17.1,2.2,3.44,564
"Bread, onion",5,233.1,7.53,44.17,2.92,1.7,3.33,483
"Bread, onion, toasted",5,256.2,8.28,48.54,3.21,1.9,3.66,530
"Bread, reduced calorie and/or high fiber, white or NFS",4,234.5,8.7,44.3,2.5,9.7,4.76,479
"Bread, reduced calorie and/or high fiber, white or NFS, toasted",4,257.7,9.56,48.68,2.75,10.7,5.23,526
"Bread, reduced calorie and/or high fiber, white or NFS, with fruit and/or nuts",4,250.4,7.83,49.95,2.14,8.9,14.51,406
"Bread, reduced calorie and/or high fiber, white or NFS, with fruit and/or nuts, toasted",4,275.1,8.6,54.89,2.35,9.7,15.94,446
"Bread, white, special formula, added fiber",4,237.6,10.66,43.91,2.15,9.2,5.0,478
"Bread, white, special formula, added fiber, toasted",4,261.1,11.71,48.25,2.36,10.1,5.5,525
"Bread, high protein",5,243.4,12.1,43.8,2.2,3.0,1.44,404
"Bread, high protein, toasted",5,267.5,13.3,48.13,2.42,3.3,1.58,444
"Bread, potato",5,266.4,12.5,47.07,3.13,6.3,9.38,375
"Bread, potato, toasted",5,292.8,13.74,51.72,3.44,6.9,10.31,412
"Bread, raisin",5,273.5,8.82,52.21,3.26,2.5,11.32,432
"Bread, raisin, toasted",5,300.5,9.69,57.38,3.58,2.8,12.44,475
"Bread, white, low sodium or no salt",5,263.6,8.2,49.6,3.6,2.3,4.31,298
"Bread, white, low sodium or no salt, toasted",5,289.7,9.01,54.5,3.96,2.5,4.74,327
"Bread, sour dough",5,272.3,10.75,51.88,2.42,2.2,4.62,602
"Bread, sour dough, toasted",5,299.2,11.81,57.01,2.66,2.4,5.08,662
"Bread, sweet potato",5,236.2,7.41,45.24,2.84,1.7,3.52,475
"Bread, sweet potato, toasted",5,259.5,8.14,49.72,3.12,1.9,3.87,522
"Bread, vegetable",5,253.3,8.27,47.79,3.23,1.9,3.54,532
"Bread, vegetable, toasted",5,278.4,9.09,52.52,3.55,2.1,3.89,584
Bruschetta,0,171.0,4.29,21.35,7.61,1.5,3.34,264
"Bread, dough, fried",5,380.6,8.04,44.83,18.79,1.5,3.55,176
"Roll, white, soft",5,274.8,9.77,50.12,3.91,1.8,7.28,494
"Roll, white, hard",5,289.1,9.9,52.7,4.3,2.3,1.77,544
"Roll, white, hot dog bun",5,274.8,9.77,50.12,3.91,1.8,7.28,494
"Roll, white, hamburger bun",5,274.8,9.77,50.12,3.91,1.8,7.28,494
"Roll, diet",5,272.3,10.75,51.88,2.42,2.2,4.62,602
"Roll, egg bread",5,283.2,9.5,47.8,6.0,2.3,1.78,380
"Roll, cheese",5,314.8,11.48,49.56,7.85,1.9,5.29,476
"Roll, French or Vienna",5,273.9,8.6,50.2,4.3,3.2,0.31,574
"Roll, garlic",5,309.1,10.84,51.95,6.44,2.0,5.53,465
"Roll, white, hoagie, submarine",5,274.8,9.77,50.12,3.91,1.8,7.28,494
"Roll, Mexican, bolillo",5,317.9,10.65,55.77,5.8,2.2,3.55,506
"Roll, sour dough",5,272.3,10.75,51.88,2.42,2.2,4.62,602
"Roll, sweet, no frosting",5,320.8,10.04,53.58,7.37,3.1,15.38,253
"Roll, sweet, cinnamon bun, no frosting",1,376.0,6.2,50.9,16.4,2.4,31.73,304
"Roll, sweet, cinnamon bun, frosted",1,451.7,4.45,48.6,26.61,1.2,25.7,305
"Pan Dulce, with fruit, no frosting",1,376.0,6.2,50.9,16.4,2.4,31.73,304
"Roll, sweet, with fruit, frosted",1,382.5,5.23,53.56,16.37,2.0,36.63,285
"Roll, sweet, with fruit, frosted, diet",1,451.7,4.45,48.6,26.61,1.2,25.7,305
"Roll, sweet, frosted",1,406.2,5.49,50.92,20.06,2.5,34.47,266
"Pan Dulce, no topping",5,367.4,9.42,56.38,11.58,2.3,12.5,228
"Pan Dulce, with sugar topping",5,375.7,8.73,56.35,12.82,2.1,15.68,235
"Pan Dulce, with raisins and icing",5,370.0,8.29,58.57,11.39,2.2,19.6,214
"Coffee cake, yeast type",1,376.0,6.2,50.9,16.4,2.4,31.73,304
Croissant,5,405.0,8.2,45.8,21.0,2.6,11.26,384
"Croissant, cheese",5,412.9,9.2,47.0,20.9,2.6,11.35,361
"Croissant, chocolate",5,432.3,7.4,49.4,22.79,3.3,19.87,310
"Croissant, fruit",5,396.6,7.75,47.04,19.72,3.0,14.1,366
Brioche,5,419.8,8.76,35.84,26.82,1.5,3.01,440
"Bread, Spanish coffee",5,341.8,7.6,58.23,8.72,1.9,12.12,16
Bagel,5,263.6,10.56,52.38,1.32,1.6,8.43,422
"Bagel, with raisins",5,270.5,9.83,55.07,1.21,1.9,14.1,382
"Bagel, with fruit other than raisins",5,242.9,9.55,48.36,1.25,1.7,8.43,380
Bread stuffing,0,176.0,3.14,21.71,8.51,0.9,2.35,471
Bread stuffing made with egg,0,191.4,3.32,17.75,11.9,0.8,1.94,459
"Breadsticks, NFS",5,341.9,12.18,44.39,12.85,2.4,1.11,615
"Breadsticks, hard, NFS",5,407.1,12.0,68.4,9.5,3.0,1.26,713
"Breadsticks, hard, reduced sodium",5,424.8,10.64,71.64,10.63,2.5,1.34,3
"Breadsticks, soft, NFS",5,341.9,12.18,44.39,12.85,2.4,1.11,615
"Breadsticks, soft, from fast food / restaurant",5,341.9,12.18,44.39,12.85,2.4,1.11,615
"Breadsticks, soft, from frozen",5,312.3,11.09,46.37,9.16,2.4,2.8,514
"Breadsticks, soft, with parmesan cheese, from fast food / restaurant",5,343.5,12.52,43.76,13.15,2.3,1.09,637
"Breadsticks, soft, with parmesan cheese, from frozen",5,312.3,11.09,46.37,9.16,2.4,2.8,514
"Breadsticks, soft, topped with melted cheese",5,332.8,14.48,36.41,14.36,1.9,1.25,632
"Breadsticks, soft, stuffed with melted cheese",5,332.8,14.48,36.41,14.36,1.9,1.25,632
Croutons,5,461.9,10.8,63.5,18.3,5.0,4.41,1333
"Muffin, English",5,227.4,8.87,44.17,1.69,3.5,3.53,425
"Muffin, English, with raisins",5,237.9,8.31,47.68,1.55,3.6,9.7,385
"Muffin, English, cheese",5,236.5,9.59,42.08,3.31,3.3,3.37,436
"Muffin, English, with fruit other than raisins",5,244.0,9.31,47.63,1.8,3.9,4.82,442
Melba toast,4,383.6,12.1,76.6,3.2,6.3,0.94,598
Anisette toast,5,424.5,10.1,74.2,9.7,2.5,12.5,227
Pannetone,5,323.8,8.66,53.74,8.24,2.3,17.75,332
Zwieback toast,5,424.5,10.1,74.2,9.7,2.5,12.5,227
"Bread, whole grain white",4,237.6,10.66,43.91,2.15,9.2,5.0,478
"Bread, whole grain white, toasted",4,261.1,11.71,48.25,2.36,10.1,5.5,525
"Bagel, whole grain white",5,250.1,10.2,48.89,1.53,4.1,6.12,439
"Bread, whole wheat",5,253.6,12.3,43.1,3.55,6.0,4.41,450
"Bread, whole wheat, toasted",5,278.6,13.52,47.36,3.9,6.6,4.85,495
"Bread, whole wheat, made from home recipe or purchased at bakery",5,263.3,9.22,47.44,4.07,6.8,3.37,608
"Bread, whole wheat, made from home recipe or purchased at bakery, toasted",5,289.4,10.14,52.13,4.48,7.5,3.7,668
"Bread, chappatti or roti, wheat",4,298.7,7.85,46.13,9.2,9.7,2.93,298
"Bread, puri, wheat",5,404.2,6.2,39.17,24.75,3.5,0.18,169
"Bread, paratha, wheat",4,325.6,6.36,45.35,13.2,9.6,4.15,452
"Bread, whole wheat, with raisins",5,293.6,7.73,56.72,3.98,6.6,19.48,482
"Bread, whole wheat, with raisins, toasted",4,322.7,8.5,62.33,4.38,7.2,21.4,530
"Bread, sprouted wheat",5,188.2,13.16,33.88,0.0,5.3,2.63,474
"Bread, sprouted wheat, toasted",5,206.8,14.46,37.23,0.0,5.8,2.89,521
"Bread, wheat or cracked wheat",5,273.6,10.67,47.54,4.53,4.0,5.73,473
"Bread, wheat or cracked wheat, toasted",5,300.7,11.72,52.24,4.98,4.4,6.3,520
"Bread, wheat or cracked wheat, made from home recipe or purchased at bakery",5,265.4,8.94,49.23,3.64,3.4,3.18,577
"Bread, wheat or cracked wheat, made from home recipe or purchased at bakery, toasted",5,291.7,9.82,54.1,4.0,3.8,3.5,634
"Bread, wheat or cracked wheat, with raisins",5,294.1,7.57,57.76,3.64,3.9,18.69,463
"Bread, wheat or cracked wheat, with raisins, toasted",5,323.2,8.32,63.48,4.0,4.3,20.54,509
"Bread, wheat or cracked wheat, reduced calorie and/or high fiber",4,238.2,8.91,44.91,2.55,10.7,4.63,465
"Bread, wheat or cracked wheat, reduced calorie and/or high fiber, toasted",4,261.8,9.79,49.35,2.8,11.8,5.09,511
"Bread, French or Vienna, whole wheat",5,239.1,8.33,49.1,1.04,4.2,0.0,375
"Bread, French or Vienna, whole wheat, toasted",5,262.7,9.15,53.96,1.14,4.6,0.0,412
"Bread, pita, whole wheat",5,278.2,9.8,55.89,1.71,6.1,2.87,421
"Bread, pita, whole wheat, toasted",5,305.7,10.77,61.42,1.88,6.7,3.15,463
"Bread, pita, wheat or cracked wheat",5,278.2,9.8,55.89,1.71,6.1,2.87,421
"Bread, pita, wheat or cracked wheat, toasted",5,305.7,10.77,61.42,1.88,6.7,3.15,463
"Bagel, wheat",5,250.1,10.2,48.89,1.53,4.1,6.12,439
"Bagel, whole wheat",5,250.1,10.2,48.89,1.53,4.1,6.12,439
"Bagel, wheat, with raisins",5,258.4,9.51,51.93,1.4,4.1,12.03,398
"Bagel, whole wheat, with raisins",5,258.4,9.51,51.93,1.4,4.1,12.03,398
"Bagel, wheat, with fruit and nuts",5,265.6,9.54,50.83,2.68,4.4,11.74,389
"Bagel, wheat bran",5,250.1,10.2,48.89,1.53,4.1,6.12,439
"Muffin, English, wheat bran",5,232.0,8.7,44.8,2.0,4.6,1.56,353
"Muffin, English, wheat bran, with raisins",5,242.0,8.16,48.25,1.82,4.6,7.92,320
"Muffin, English, wheat or cracked wheat",5,232.0,8.7,44.8,2.0,4.6,1.56,353
"Muffin, English, whole wheat",5,232.0,8.7,44.8,2.0,4.6,1.56,353
"Muffin, English, wheat or cracked wheat, with raisins",5,241.2,8.21,47.94,1.84,4.6,7.34,323
"Muffin, English, whole wheat, with raisins",5,241.2,8.21,47.94,1.84,4.6,7.34,323
"Muffin, English, whole grain white",5,232.0,8.7,44.8,2.0,4.6,1.56,353
"Breadsticks, hard, whole wheat",4,423.4,13.23,68.14,10.88,7.2,3.29,576
"Roll, wheat or cracked wheat",5,275.1,8.6,46.0,6.3,3.8,1.63,524
"Roll, wheat or cracked wheat, hot dog bun",5,268.5,11.69,47.31,3.61,4.2,6.9,463
"Roll, wheat or cracked wheat, hamburger bun",5,268.5,11.69,47.31,3.61,4.2,6.9,463
"Roll, whole wheat",5,275.1,8.6,46.0,6.3,3.8,1.63,524
"Roll, whole wheat, hot dog bun",5,268.7,12.38,44.93,4.38,6.1,5.92,477
"Roll, whole wheat, hamburger bun",5,268.7,12.38,44.93,4.38,6.1,5.92,477
"Roll, whole grain white",5,254.6,9.3,46.5,3.49,2.3,9.3,512
"Roll, whole grain white, hot dog bun",5,254.6,9.3,46.5,3.49,2.3,9.3,512
"Roll, whole grain white, hamburger bun",5,254.6,9.3,46.5,3.49,2.3,9.3,512
"Bread, rye",5,256.9,8.5,48.3,3.3,5.8,3.85,603
"Bread, rye, toasted",5,282.4,9.34,53.08,3.63,6.4,4.23,663
"Bread, marble rye and pumpernickel",5,256.9,8.5,48.3,3.3,5.8,3.85,603
"Bread, marble rye and pumpernickel, toasted",5,282.4,9.34,53.08,3.63,6.4,4.23,663
"Muffin, English, rye",5,256.9,8.5,48.3,3.3,5.8,3.85,603
"Bread, pumpernickel",5,252.7,8.7,47.5,3.1,6.5,0.53,596
"Bread, pumpernickel, toasted",5,277.7,9.56,52.2,3.41,7.1,0.58,655
"Bagel, pumpernickel",5,250.1,10.2,48.89,1.53,4.1,6.12,439
"Muffin, English, pumpernickel",5,252.7,8.7,47.5,3.1,6.5,0.53,596
"Bread, black",5,252.7,8.7,47.5,3.1,6.5,0.53,596
"Bread, black, toasted",5,277.7,9.56,52.2,3.41,7.1,0.58,655
"Roll, rye",5,256.9,8.5,48.3,3.3,5.8,3.85,603
"Roll, pumpernickel",5,275.9,10.8,51.87,2.8,5.4,0.4,492
"Bread, oatmeal",5,267.2,8.4,48.5,4.4,4.0,8.14,447
"Bread, oatmeal, toasted",5,293.7,9.23,53.3,4.84,4.4,8.94,491
"Bread, oat bran",5,296.9,9.33,53.89,4.89,4.4,9.04,497
"Bread, oat bran, toasted",5,293.7,9.23,53.3,4.84,4.4,8.94,491
"Bagel, oat bran",5,250.1,10.2,48.89,1.53,4.1,6.12,439
"Roll, oatmeal",5,267.2,8.4,48.5,4.4,4.0,8.14,447
"Muffin, English, oat bran",5,267.2,8.4,48.5,4.4,4.0,8.14,447
"Muffin, English, oat bran, with raisins",5,273.7,7.89,51.58,3.98,4.0,13.84,405
"Bread, multigrain, toasted",4,291.1,14.68,47.63,4.65,8.1,7.02,419
"Bread, multigrain",5,264.9,13.36,43.34,4.23,7.4,6.39,381
"Bread, multigrain, with raisins",5,271.6,12.35,46.94,3.83,7.1,12.27,346
"Bread, multigrain, with raisins, toasted",4,298.5,13.58,51.58,4.21,7.8,13.48,380
"Bread, multigrain, reduced calorie and/or high fiber",4,238.2,8.91,44.91,2.55,10.7,4.63,465
"Bread, multigrain, reduced calorie and/or high fiber, toasted",4,261.8,9.79,49.35,2.8,11.8,5.09,511
"Roll, multigrain",5,270.8,9.6,44.6,6.0,3.8,6.25,458
"Roll, multigrain, hot dog bun",5,270.8,9.6,44.6,6.0,3.8,6.25,458
"Roll, multigrain, hamburger bun",5,270.8,9.6,44.6,6.0,3.8,6.25,458
"Bagel, multigrain",5,250.1,10.2,48.89,1.53,4.1,6.12,439
"Bagel, multigrain, with raisins",5,258.4,9.51,51.93,1.4,4.1,12.03,398
"Muffin, English, multigrain",5,232.0,8.7,44.8,2.0,4.6,1.56,353
"Bread, barley",5,273.6,10.67,47.54,4.53,4.0,5.73,473
"Bread, barley, toasted",5,300.7,11.72,52.24,4.98,4.4,6.3,520
"Bread, soy",5,260.7,15.42,42.01,3.44,4.4,6.0,593
"Bread, soy, toasted",5,286.4,16.94,46.16,3.78,4.8,6.6,652
"Bread, sunflower meal",5,304.3,9.8,47.83,8.2,2.7,3.09,513
"Bread, sunflower meal, toasted",5,334.4,10.77,52.56,9.01,2.9,3.4,563
"Bread, rice",5,247.5,4.31,45.78,5.24,4.3,3.53,447
"Bread, rice, toasted",5,272.0,4.74,50.31,5.76,4.7,3.88,491
"Injera, Ethiopian bread",0,94.6,3.48,18.29,0.84,2.7,1.03,229
"Bread, gluten free",5,247.5,4.31,45.78,5.24,4.3,3.53,447
"Bread, gluten free, toasted",5,272.0,4.74,50.31,5.76,4.7,3.88,491
"Breadsticks, hard, gluten free",4,452.8,11.25,66.3,15.84,10.2,0.86,438
"Roll, gluten free",5,239.1,3.34,50.47,2.65,5.1,6.87,593
"Biscuit, NFS",5,369.9,7.08,42.82,18.92,2.5,3.88,979
Crumpet,5,227.4,8.87,44.17,1.69,3.5,3.53,425
"Biscuit, from refrigerated dough",5,324.3,6.79,49.05,11.22,2.8,8.19,1002
"Biscuit, from fast food / restaurant",5,369.9,7.08,42.82,18.92,2.5,3.88,979
"Biscuit, home recipe",5,343.7,6.74,44.4,15.46,1.4,4.48,801
"Biscuit, wheat",5,369.3,7.5,43.9,18.19,4.5,3.71,930
"Biscuit, cheese",5,373.8,8.7,38.78,20.43,2.2,3.52,946
Biscuit with fruit,5,366.1,6.7,46.47,17.05,2.7,10.01,884
Scone,5,376.8,6.43,47.63,17.84,1.2,13.31,447
"Scone, with fruit",5,372.4,6.12,50.8,16.08,1.5,18.5,404
"Cornbread, prepared from mix",5,330.4,6.59,54.46,9.58,2.3,16.05,599
"Cornbread, made from home recipe",5,282.8,6.44,42.65,9.6,1.5,6.87,486
Cornbread stuffing,5,178.4,2.9,21.9,8.8,2.9,0.0,526
"Cornbread muffin, stick, round",5,303.2,5.9,51.0,8.4,3.4,17.78,385
"Cornbread muffin, stick, round, made from home recipe",5,302.9,6.9,45.7,10.28,1.6,7.36,521
"Corn flour patty or tart, fried",5,222.4,3.98,41.18,4.64,3.0,5.91,483
"Corn pone, baked",5,211.5,3.5,39.68,4.31,1.9,0.79,437
"Corn pone, fried",5,252.5,3.34,37.79,9.78,1.8,0.76,417
"Gordita/sope shell, plain, no filling",5,309.0,4.18,36.65,16.19,2.7,0.66,330
Hush puppy,5,304.7,6.16,40.21,13.25,2.9,3.8,813
Johnnycake,5,273.1,7.89,43.77,7.38,1.8,8.67,918
Spoonbread,0,162.5,6.72,18.54,6.83,0.7,4.88,385
"Tortilla, NFS",5,264.6,6.95,47.01,5.42,4.9,2.3,390
"Tortilla, corn",5,227.0,5.7,44.64,2.85,6.3,0.88,45
"Tortilla, flour",5,302.2,8.2,49.38,7.99,3.5,3.71,736
"Tortilla, whole wheat",4,310.4,9.76,45.89,9.76,9.8,2.44,617
"Taco shell, corn",4,475.7,6.41,63.49,21.79,6.7,1.5,324
"Taco shell, flour",5,509.8,8.83,53.2,29.07,3.8,4.0,794
Arepa Dominicana,5,270.0,5.68,30.45,13.94,2.4,3.27,401
"Muffin, NFS",1,374.6,4.49,53.0,16.07,1.1,31.47,336
"Muffin, fruit",1,374.6,4.49,53.0,16.07,1.1,31.47,336
"Muffin, fruit, low fat",5,255.1,4.23,50.05,4.22,4.2,27.05,413
"Muffin, chocolate chip",1,412.4,5.64,55.12,18.82,1.8,32.94,307
"Muffin, chocolate",1,394.6,6.39,50.63,18.5,1.9,26.0,341
"Muffin, whole wheat",5,370.0,7.2,44.24,18.25,3.5,20.11,394
"Muffin, wheat",5,368.6,6.61,45.54,17.78,1.8,19.93,391
"Muffin, whole grain",5,368.6,6.61,45.54,17.78,1.8,19.93,391
"Muffin, wheat bran",5,233.3,6.24,38.98,5.82,2.4,14.74,215
"Muffin, bran with fruit, lowfat",5,195.6,5.34,40.21,1.49,2.8,19.87,444
"Muffin, oatmeal",5,368.5,6.33,43.74,18.69,1.5,20.68,405
"Muffin, oat bran",5,287.8,7.0,48.3,7.4,4.6,8.22,393
"Muffin, plain",1,373.4,5.78,51.69,15.95,0.8,27.5,360
"Muffin, cheese",5,363.0,9.54,30.13,22.7,1.0,1.91,493
"Muffin, pumpkin",5,305.7,4.85,42.95,12.72,1.4,22.61,286
"Muffin, zucchini",5,305.7,4.93,42.38,12.94,0.9,22.74,292
"Muffin, carrot",5,312.3,4.88,44.0,12.98,1.3,23.33,307
Popover,5,261.0,10.88,34.83,8.69,1.1,4.08,293
"Bread, Boston Brown",5,273.6,10.67,47.54,4.53,4.0,5.73,473
"Bread, nut",1,400.1,6.49,49.55,19.55,1.3,26.03,338
"Bread, pumpkin",5,305.7,4.85,42.95,12.72,1.4,22.61,286
"Bread, fruit",1,371.2,5.96,47.22,17.61,1.4,24.84,304
"Bread, zucchini",5,305.7,4.93,42.38,12.94,0.9,22.74,292
"Bread, Irish soda",5,305.9,6.26,50.72,8.66,2.3,21.68,471
"Cake batter, raw, chocolate",5,302.1,4.34,40.46,13.66,1.2,19.95,410
"Cake batter, raw, not chocolate",5,282.9,3.89,41.35,11.33,0.6,21.85,390
"Cake or cupcake, NS as to type",1,405.7,3.48,52.84,20.05,2.2,39.96,348
"Cake, angel food, without icing or filling",1,261.9,6.1,58.7,0.3,0.2,30.51,511
"Cake, angel food, with icing or filling",1,340.0,4.1,65.34,6.91,0.1,46.19,392
"Cake, angel food, with fruit and icing or filling",5,214.7,4.35,42.5,3.03,0.7,23.8,315
"Cake or cupcake, applesauce, without icing or filling",1,420.0,4.91,44.55,24.68,1.7,27.76,204
"Cake or cupcake, applesauce, with icing or filling",1,435.6,3.86,46.37,26.07,1.1,35.2,217
"Cake or cupcake, banana, without icing or filling",1,438.0,5.31,46.79,25.51,2.1,27.47,210
"Cake or cupcake, banana, with icing or filling",1,447.4,4.09,47.84,26.63,1.3,35.2,221
"Cake or cupcake, Black Forest",1,274.1,2.4,38.0,12.5,0.5,32.94,164
"Cake, Boston cream pie",1,257.7,2.4,42.9,8.5,1.4,36.11,254
"Cake or cupcake, carrot, without icing or filling",1,425.4,5.29,43.41,25.62,2.1,25.57,229
"Cake or cupcake, carrot, with icing or filling",1,439.6,4.07,45.74,26.71,1.3,34.04,233
"Cake, carrot, diet",4,412.3,3.71,74.3,11.14,14.9,29.71,316
"Cake or cupcake, coconut, with icing or filling",1,363.1,4.4,63.2,10.3,1.0,57.39,284
Cheesecake,5,326.5,5.5,25.5,22.5,0.4,21.8,438
Cheesecake with fruit,5,214.3,3.63,18.62,13.92,1.0,15.27,269
"Cheesecake, chocolate",5,386.5,5.97,32.55,25.82,1.0,27.81,440
"Cake or cupcake, chocolate, devil's food or fudge, with icing or filling",1,405.7,3.48,52.84,20.05,2.2,39.96,348
"Cake or cupcake, chocolate, devil's food or fudge, without icing or filling",5,339.5,4.88,45.46,15.35,1.3,22.42,461
"Cake or cupcake, German chocolate, with icing or filling",1,418.6,3.85,51.49,21.92,2.7,38.57,334
"Cake, chocolate, with icing, diet",4,409.3,3.71,69.37,13.0,14.9,33.42,483
"Cake, cream, without icing or topping",5,373.2,4.86,45.84,18.93,0.4,25.48,500
"Snack cake, chocolate, with icing or filling",1,399.1,3.63,60.31,15.93,3.2,37.76,332
"Snack cake, chocolate, with icing or filling, reduced fat and calories",4,409.3,3.71,69.37,13.0,14.9,33.42,483
"Snack cake, not chocolate, with icing or filling",1,373.9,3.47,64.03,11.54,1.0,37.3,470
"Snack cake, not chocolate, with icing or filling, reduced fat and calories",4,412.3,3.71,74.3,11.14,14.9,29.71,316
"Cake, Dobos Torte",1,398.4,3.58,55.51,18.01,0.6,39.26,427
"Cake, fruit cake, light or dark, holiday type cake",1,339.9,2.9,61.6,9.1,3.7,27.42,101
"Cake or cupcake, gingerbread",1,310.2,4.02,50.68,10.15,1.2,31.66,459
Ice cream cake,1,302.7,3.24,39.9,14.46,0.5,31.5,174
"Cake, jelly roll",1,367.8,4.01,56.21,14.1,0.6,33.64,451
"Cake or cupcake, lemon, without icing or filling",5,346.2,4.54,45.37,16.29,0.4,25.07,513
"Cake or cupcake, lemon, with icing or filling",1,391.0,3.43,54.97,17.49,0.3,39.45,425
"Cake or cupcake, marble, without icing or filling",5,342.9,4.71,45.42,15.82,0.8,23.74,487
"Cake or cupcake, marble, with icing or filling",1,401.9,3.24,54.52,18.98,1.2,40.88,308
"Cake or cupcake, nut, without icing or filling",1,434.3,6.53,46.01,24.9,1.3,24.73,499
"Cake or cupcake, nut, with icing or filling",1,414.3,4.15,53.7,20.32,0.9,37.64,409
"Cake or cupcake, oatmeal",1,379.8,3.25,63.22,12.66,1.5,45.69,264
"Cake or cupcake, peanut butter",1,425.9,5.17,53.64,21.18,1.0,38.35,416
"Cake, pound, without icing or filling",1,360.2,5.0,53.64,13.96,0.6,33.36,377
"Cake, pound, with icing or filling",1,407.9,3.59,62.78,15.82,0.4,46.52,336
"Cake, pound, chocolate",1,431.8,5.42,61.38,18.29,1.6,40.73,355
"Cake, pound, Puerto Rican style",1,470.4,6.96,45.16,29.1,0.6,27.84,252
"Cake, pound, reduced fat, cholesterol free",1,276.4,5.4,61.0,1.2,1.1,34.34,341
"Cake or cupcake, pumpkin, without icing or filling",1,399.6,5.07,40.82,24.0,2.2,23.8,199
"Cake or cupcake, pumpkin, with icing or filling",1,421.9,3.98,43.92,25.59,1.4,32.51,213
"Cake or cupcake, raisin-nut",1,424.8,6.11,52.19,21.29,1.9,31.73,430
"Cake, Ravani",1,278.8,3.83,48.86,7.56,0.7,33.55,249
"Cake, rice flour, without icing or filling",5,266.7,4.46,44.21,8.0,1.2,14.7,296
"Cake, Quezadilla, El Salvadorian style",5,367.4,9.42,56.38,11.58,2.3,12.5,228
"Cake or cupcake, spice, without icing or filling",1,420.0,4.91,44.55,24.68,1.7,27.76,204
"Cake or cupcake, spice, with icing or filling",1,435.6,3.86,46.37,26.07,1.1,35.2,217
"Cake, sponge, without icing or filling",1,289.9,5.4,61.0,2.7,0.5,36.66,623
"Cake, sponge, with icing or filling",1,361.8,3.69,68.29,8.21,0.3,49.79,498
"Cake, sponge, chocolate",1,361.0,4.12,66.45,8.75,0.7,47.67,497
"Rum cake, without icing",1,360.2,5.0,53.64,13.96,0.6,33.36,377
"Cake, torte",5,286.4,3.67,37.07,13.72,0.8,21.69,361
"Cake, tres leche",1,271.4,6.35,41.86,8.73,0.3,33.14,160
"Cake, pineapple, upside down",1,336.9,3.51,43.55,16.52,0.9,33.09,165
"Cake or cupcake, white, with icing or filling",1,398.0,2.99,56.2,17.91,0.3,41.79,269
"Cake or cupcake, white, without icing or filling",1,331.7,3.79,49.55,13.15,0.4,30.02,429
"Cake or cupcake, yellow, with icing or filling",1,393.8,3.16,55.36,17.75,1.5,39.22,310
"Cake or cupcake, yellow, without icing or filling",5,346.2,4.54,45.37,16.29,0.4,25.07,513
"Cake, shortcake, biscuit type, with whipped cream and fruit",5,220.8,4.04,27.86,10.35,1.4,6.77,363
"Cake, shortcake, biscuit type, with fruit",5,218.7,4.26,30.98,8.64,1.6,6.71,428
"Cake, shortcake, sponge type, with whipped cream and fruit",1,244.3,4.21,47.31,4.25,0.9,29.42,428
"Cake, shortcake, sponge type, with fruit",1,248.3,4.44,52.64,2.22,1.0,32.71,489
"Cake, shortcake, with whipped topping and fruit, diet",5,219.2,3.62,40.5,4.75,1.0,25.7,338
"Cake or cupcake, zucchini",1,448.4,4.24,45.98,27.5,1.1,34.66,230
"Cookie, batter or dough, raw",1,435.9,4.8,54.13,22.24,0.9,29.26,535
"Cookie, NFS",1,504.3,5.1,65.36,24.72,2.0,32.9,311
"Cookie, almond",1,512.6,5.37,63.78,26.22,1.3,21.65,353
"Cookie, applesauce",1,462.5,6.2,68.7,18.1,2.8,24.66,520
"Cookie, biscotti",1,367.8,7.38,66.36,8.09,1.4,28.46,263
"Cookie, brownie, NS as to icing",1,421.5,4.8,63.9,16.3,2.1,36.61,286
"Cookie, brownie, without icing",1,421.5,4.8,63.9,16.3,2.1,36.61,286
"Cookie, brownie, with icing or filling",1,418.5,2.94,63.55,16.95,1.5,47.22,234
"Cookie, brownie, reduced fat, NS as to icing",4,344.5,2.77,61.58,9.68,11.1,38.73,290
"Cookie, brownie, fat free, NS as to icing",4,344.5,2.77,61.58,9.68,11.1,38.73,290
"Cookie, butterscotch, brownie",1,421.5,4.8,63.9,16.3,2.1,36.61,286
"Cookie, bar, with chocolate",1,504.3,5.1,65.36,24.72,2.0,32.9,311
"Cookie, chocolate chip",1,504.3,5.1,65.36,24.72,2.0,32.9,311
"Cookie, chocolate chip, made from home recipe or purchased at a bakery",1,513.8,5.81,59.38,28.12,2.7,41.14,280
"Cookie, chocolate chip, reduced fat",1,455.0,5.97,67.49,17.91,3.0,32.84,418
"Cookie, chocolate chip sandwich",1,424.7,2.94,63.52,17.65,0.0,38.24,279
"Cookie, chocolate, made with rice cereal",1,440.1,3.23,63.26,19.35,1.6,40.32,210
"Cookie, chocolate, made with oatmeal and coconut, no bake",1,462.5,6.2,68.7,18.1,2.8,24.66,520
"Cookie, chocolate or fudge",1,445.0,6.6,72.7,14.2,3.4,37.43,580
"Cookie, chocolate or fudge, reduced fat",1,455.0,5.97,67.49,17.91,3.0,32.84,418
"Cookie, chocolate, with chocolate filling or coating, fat free",1,455.0,5.97,67.49,17.91,3.0,32.84,418
"Cookie, marshmallow, chocolate-covered",1,438.9,4.0,67.7,16.9,2.0,44.8,188
"Cookie, marshmallow pie, chocolate covered",1,438.9,4.0,67.7,16.9,2.0,44.8,188
"Cookie, chocolate, with icing or coating",1,507.3,4.5,67.87,24.2,2.3,32.0,380
"Cookie, sugar wafer, chocolate-covered",1,526.1,3.45,65.99,27.59,3.4,51.72,138
"Cookie, chocolate sandwich",1,477.1,5.21,71.0,19.14,2.9,40.67,388
"Cookie, chocolate sandwich, reduced fat",1,435.6,2.94,76.17,13.24,2.9,41.18,471
"Cookie, chocolate, sandwich, with extra filling",1,510.8,4.33,68.2,24.52,2.7,46.0,351
"Cookie, chocolate and vanilla sandwich",1,477.1,5.21,71.0,19.14,2.9,40.67,388
"Cookie, chocolate wafer",1,445.0,6.6,72.7,14.2,3.4,37.43,580
"Cookie, graham cracker with chocolate and marshmallow",1,468.4,6.36,68.97,18.57,2.8,43.87,221
"Cookie bar, with chocolate, nuts, and graham crackers",1,504.3,5.1,65.36,24.72,2.0,32.9,311
"Cookie, coconut",1,459.9,3.02,61.22,22.55,5.1,45.16,241
"Cookie, fruit-filled bar",1,364.1,3.7,70.9,7.3,4.6,46.36,350
"Cookie, fruit-filled bar, fat free",1,364.1,3.7,70.9,7.3,4.6,46.36,350
"Cookie, fig bar",1,364.1,3.7,70.9,7.3,4.6,46.36,350
"Cookie, fig bar, fat free",1,364.1,3.7,70.9,7.3,4.6,46.36,350
"Cookie, fortune",1,377.1,4.2,84.0,2.7,1.6,45.42,31
"Cookie, cone shell, ice cream type, wafer or cake",5,410.5,8.1,79.0,6.9,3.0,6.0,256
"Cookie, gingersnaps",1,418.2,5.6,76.9,9.8,2.2,19.92,555
"Cookie, granola",1,464.4,9.8,66.7,17.6,3.1,27.52,251
"Cookie, ladyfinger",1,363.1,10.6,59.7,9.1,1.0,25.39,147
"Cookie, lemon bar",1,438.0,5.01,62.35,18.73,0.8,42.1,226
"Cookie, macaroon",1,459.9,3.02,61.22,22.55,5.1,45.16,241
"Cookie, marshmallow, with coconut",1,438.9,4.0,67.7,16.9,2.0,44.8,188
"Cookie, marshmallow, with rice cereal, no bake",1,416.6,3.4,80.5,9.0,0.0,19.36,351
"Cookie, marshmallow, with rice cereal and chocolate chips",1,434.9,4.55,63.26,18.18,0.0,40.91,341
"Cookie, marshmallow and peanut butter, with oat cereal, no bake",1,416.6,3.4,80.5,9.0,0.0,19.36,351
"Cookie, meringue",1,347.8,5.75,80.44,0.34,0.0,80.35,243
"Cookie, molasses",1,432.8,5.6,73.8,12.8,1.0,17.6,459
"Cookie, Lebkuchen",1,432.8,5.6,73.8,12.8,1.0,17.6,459
"Cookie, multigrain, high fiber",1,464.4,9.8,66.7,17.6,3.1,27.52,251
"Cookie, oatmeal",1,462.5,6.2,68.7,18.1,2.8,24.66,520
"Cookie, oatmeal, with raisins",1,462.5,6.2,68.7,18.1,2.8,24.66,520
"Cookie, oatmeal, reduced fat, NS as to raisins",4,364.9,4.02,64.62,10.04,16.1,32.14,562
"Cookie, oatmeal sandwich, with creme filling",1,397.5,2.61,55.62,18.29,2.6,31.36,500
"Cookie, oatmeal, with chocolate chips",1,481.4,5.72,67.56,20.92,3.5,31.74,399
"Cookie, oatmeal sandwich, with peanut butter and jelly filling",1,397.5,2.61,55.62,18.29,2.6,31.36,500
"Cookie, oatmeal, with chocolate and peanut butter, no bake",1,462.5,6.2,68.7,18.1,2.8,24.66,520
"Cookie, peanut butter",1,482.7,8.92,58.15,23.82,2.1,28.58,463
"Cookie, peanut butter, with chocolate",1,496.8,7.8,59.51,25.29,3.0,34.73,356
"Cookie, peanut butter with rice cereal, no bake",1,416.6,3.4,80.5,9.0,0.0,19.36,351
"Cookie, peanut butter sandwich",1,487.5,8.8,65.6,21.1,1.9,35.44,368
"Cookie, with peanut butter filling, chocolate-coated",1,561.7,8.1,52.9,35.3,3.5,30.9,371
"Cookie, Pfeffernusse",1,512.6,5.37,63.78,26.22,1.3,21.65,353
"Cookie, Pizzelle",5,410.5,8.1,79.0,6.9,3.0,6.0,256
"Cookie, pumpkin",1,462.5,6.2,68.7,18.1,2.8,24.66,520
"Cookie, raisin",1,410.8,4.1,68.0,13.6,1.2,47.56,418
"Cookie, raisin sandwich, cream-filled",1,397.5,2.61,55.62,18.29,2.6,31.36,500
"Cookie, rum ball, no bake",1,512.6,5.37,63.78,26.22,1.3,21.65,353
"Cookie, sandwich-type, not chocolate or vanilla",1,486.4,4.5,72.1,20.0,1.5,39.3,388
"Cookie, shortbread",1,512.6,5.37,63.78,26.22,1.3,21.65,353
"Cookie, shortbread, reduced fat",1,451.4,5.37,75.99,14.0,1.3,21.65,571
"Cookie, shortbread, with icing or filling",1,525.4,5.05,62.6,28.31,2.1,27.34,283
Pocky,1,446.8,10.0,51.08,22.5,5.0,25.0,213
"Cookie, animal",1,448.2,6.9,74.1,13.8,1.1,23.3,335
"Cookie, animal, with frosting or icing",1,509.3,3.0,70.09,24.1,0.9,41.1,257
"Cookie, butter or sugar",1,466.7,5.35,67.34,19.55,1.3,27.31,385
Marie biscuit,1,405.6,7.05,70.54,10.58,3.5,21.16,370
"Cookie, butter or sugar, with fruit and/or nuts",1,473.8,6.58,65.26,20.71,1.8,23.97,227
"Cookie, sugar wafer",1,507.1,3.84,70.64,23.24,1.6,42.95,103
"Cookie, toffee bar",1,504.3,5.1,65.36,24.72,2.0,32.9,311
"Cookie, vanilla sandwich",1,486.4,4.5,72.1,20.0,1.5,39.3,388
"Cookie, vanilla sandwich, extra filling",1,510.8,4.33,68.2,24.52,2.7,46.0,351
"Cookie, vanilla sandwich, reduced fat",1,423.1,4.17,78.16,10.42,2.1,37.5,354
"Cookie, butter or sugar, with chocolate icing or filling",1,503.2,4.1,68.83,23.5,1.9,33.8,301
"Cookie, butter or sugar, with icing or filling other than chocolate",1,438.7,3.38,72.7,14.93,0.4,45.92,204
"Cookie, tea, Japanese",1,377.1,4.2,84.0,2.7,1.6,45.42,31
"Cookie, vanilla wafer",1,457.7,4.9,72.6,16.41,1.6,35.07,325
"Cookie, vanilla wafer, reduced fat",1,451.2,5.0,73.6,15.2,1.9,37.5,388
"Cookie, vanilla with caramel, coconut, and chocolate coating",1,502.6,3.5,64.1,25.8,4.4,35.8,182
"Cookie, rugelach",1,364.1,3.7,70.9,7.3,4.6,46.36,350
"Cookie, chocolate chip, sugar free",1,460.4,3.9,73.4,16.8,1.6,39.81,244
"Cookie, oatmeal, sugar free",1,460.8,4.8,69.9,18.0,2.9,31.65,273
"Cookie, sandwich, sugar free",1,488.9,4.5,68.0,22.1,4.1,19.73,342
"Cookie, sugar or plain, sugar free",5,522.7,10.34,50.52,31.03,3.4,0.0,448
"Cookie, sugar wafer, sugar free",4,536.4,3.57,66.26,28.57,14.3,0.0,71
"Cookie, peanut butter, sugar free",5,522.7,10.34,50.52,31.03,3.4,0.0,448
"Cookie, gluten free",1,473.9,2.19,76.03,17.89,2.5,49.0,275
"Cookies, Puerto Rican style",1,499.6,5.99,67.37,22.91,1.6,23.31,271
"Pie, NFS",5,242.6,1.9,34.0,11.0,1.6,15.65,201
"Pie, individual size or tart, NFS",5,327.3,3.0,42.6,16.1,2.6,21.4,333
"Pie, fried, NFS",5,327.3,3.0,42.6,16.1,2.6,21.4,333
"Pie, apple, two crust",5,242.6,1.9,34.0,11.0,1.6,15.65,201
"Pie, apple, individual size or tart",5,327.3,3.0,42.6,16.1,2.6,21.4,333
"Pie, apple, fried pie",5,327.3,3.0,42.6,16.1,2.6,21.4,333
"Pie, apple, one crust",5,246.9,1.8,38.94,9.33,1.1,24.15,197
"Pie, apricot, two crust",5,282.0,3.16,39.07,12.57,1.7,18.35,221
"Pie, apricot, individual size or tart",5,327.3,3.0,42.6,16.1,2.6,21.4,333
"Pie, apricot, fried pie",5,327.3,3.0,42.6,16.1,2.6,21.4,333
"Pie, blackberry, two crust",5,263.3,2.81,35.21,12.36,3.2,16.09,205
"Pie, blackberry, individual size or tart",5,284.2,3.11,36.44,14.0,3.1,15.0,279
"Pie, berry, not blackberry, blueberry, boysenberry, huckleberry, raspberry, or strawberry; two crust",5,293.1,2.6,39.56,13.83,2.1,17.32,233
"Pie, berry, not blackberry, blueberry, boysenberry, huckleberry, raspberry, or strawberry; one crust",5,255.0,1.76,38.66,10.37,2.5,21.59,177
"Pie, berry, not blackberry, blueberry, boysenberry, huckleberry, raspberry, or strawberry, individual size or tart",5,314.3,2.96,40.61,15.56,2.1,16.0,315
"Pie, blueberry, two crust",5,236.8,1.8,34.9,10.0,1.0,9.89,287
"Pie, blueberry, individual size or tart",5,291.2,2.81,38.67,13.92,1.8,17.32,279
"Pie, cherry, two crust",5,266.2,2.0,39.8,11.0,0.8,14.29,246
"Pie, cherry, one crust",5,232.5,2.08,36.66,8.62,1.2,22.08,186
"Pie, cherry, individual size or tart",5,266.2,2.0,39.8,11.0,0.8,14.29,246
"Pie, cherry, fried pie",5,327.3,3.0,42.6,16.1,2.6,21.4,333
"Pie, lemon, not cream or meringue",1,389.0,5.06,57.07,15.61,0.9,36.22,254
"Pie, lemon, not cream or meringue, individual size or tart",1,399.5,5.25,56.7,16.85,1.0,32.92,276
"Pie, lemon, fried pie",5,327.3,3.0,42.6,16.1,2.6,21.4,333
"Pie, mince, two crust",1,299.6,2.6,48.0,10.8,2.6,28.31,254
"Pie, peach, two crust",5,229.2,1.9,32.9,10.0,0.8,16.23,217
"Pie, peach, one crust",5,239.1,2.22,38.8,8.34,1.4,23.47,154
"Pie, peach, individual size or tart",5,298.2,3.21,39.28,14.25,1.4,16.36,308
"Pie, peach, fried pie",5,327.3,3.0,42.6,16.1,2.6,21.4,333
"Pie, pear, two crust",5,271.1,2.47,37.94,12.16,2.0,17.7,236
"Pie, pear, individual size or tart",5,294.4,2.82,39.02,14.12,2.0,16.38,309
"Pie, pineapple, two crust",5,258.1,2.56,34.73,12.1,1.0,15.56,219
"Pie, pineapple, individual size or tart",5,327.3,3.0,42.6,16.1,2.6,21.4,333
"Pie, raisin, two crust",5,257.0,2.66,36.92,10.96,1.3,18.27,225
"Pie, raisin, individual size or tart",5,296.2,3.16,40.44,13.53,1.4,18.08,223
"Pie, raspberry, one crust",5,229.2,2.06,35.42,8.81,4.3,19.64,136
"Pie, raspberry, two crust",5,268.1,2.71,36.35,12.43,3.8,15.86,205
"Pie, rhubarb, two crust",5,298.4,3.39,36.53,15.41,1.5,10.76,276
"Pie, strawberry, one crust",5,234.0,2.29,34.55,9.63,1.8,17.5,169
"Pie, strawberry-rhubarb, two crust",5,283.9,3.17,35.5,14.36,1.6,11.81,255
"Pie, strawberry, individual size or tart",5,269.2,2.82,36.26,12.54,1.7,15.34,221
"Pie, apple-sour cream",0,210.4,1.85,29.87,9.28,1.3,17.11,158
"Pie, cherry, made with cream cheese and sour cream",1,289.0,3.13,39.66,13.09,0.6,31.57,80
"Pie, banana cream",5,271.6,4.4,32.9,13.6,0.7,12.06,240
"Pie, banana cream, individual size or tart",5,239.6,4.52,31.01,10.83,1.1,13.92,191
"Pie, buttermilk",1,386.7,4.14,51.48,18.25,0.4,40.44,172
"Pie, chess",1,415.6,5.31,53.34,20.11,0.9,41.51,235
"Pie, chocolate cream",1,372.0,4.15,38.44,22.41,0.8,27.39,266
"Pie, chocolate cream, individual size or tart",5,290.9,5.3,36.08,13.93,1.5,17.79,259
"Pie, coconut cream",5,307.0,2.1,37.3,16.6,1.3,18.52,204
"Pie, coconut cream, individual size or tart",5,225.8,5.45,25.37,11.39,0.8,11.13,229
"Pie, custard",5,209.6,5.5,20.8,11.6,1.6,11.58,275
"Pie, custard, individual size or tart",0,171.4,5.74,26.41,4.75,0.5,11.68,381
Mixed fruit tart filled with custard or cream cheese,0,175.4,3.54,20.7,8.72,1.4,11.07,116
Dessert pizza,0,204.8,1.87,32.31,7.56,1.7,15.75,130
"Pie, lemon cream",5,271.0,4.61,38.51,10.95,0.4,27.84,236
"Pie, lemon cream, individual size or tart",5,286.4,4.68,38.6,12.59,0.5,24.99,261
"Pie, peanut butter cream",5,298.6,7.73,34.04,14.61,1.1,18.52,310
"Pie, pineapple cream",0,199.8,3.77,28.9,7.68,0.5,17.67,135
"Pie, pumpkin",5,242.7,3.9,34.83,9.75,1.8,18.88,239
"Pie, pumpkin, individual size or tart",5,242.7,3.9,34.83,9.75,1.8,18.88,239
"Pie, sour cream, raisin",5,360.4,5.06,34.12,22.63,1.5,14.02,255
"Pie, squash",0,194.6,4.0,26.64,8.01,1.3,15.62,166
"Pie, strawberry cream",0,208.5,1.65,26.27,10.76,1.1,16.98,82
"Pie, strawberry cream, individual size or tart",5,243.9,2.23,28.7,13.35,1.1,14.81,77
"Pie, sweet potato",5,264.9,3.26,29.03,15.08,1.9,16.59,191
"Pie, vanilla cream",5,279.2,4.8,32.6,14.4,0.6,12.68,260
"Pie, chiffon, not chocolate",5,293.5,6.66,40.09,11.83,0.5,26.71,203
"Pie, chiffon, chocolate",5,326.6,6.39,41.34,15.07,1.4,24.0,202
"Pie, black bottom",5,311.7,5.48,37.44,15.56,1.2,21.05,214
"Pie, lemon meringue",5,273.1,1.5,47.2,8.7,1.2,23.86,172
"Pie, lemon meringue, individual size or tart",5,273.1,1.5,47.2,8.7,1.2,23.86,172
"Pie, chocolate-marshmallow",1,393.3,4.61,47.26,20.65,1.6,35.32,186
"Pie, pecan",1,406.6,4.5,59.61,16.69,2.1,25.18,275
"Pie, pecan, individual size or tart",1,406.6,4.5,59.61,16.69,2.1,25.18,275
"Pie, oatmeal",1,402.5,5.12,59.91,15.82,1.4,41.84,242
"Pie, pudding, flavors other than chocolate",5,236.6,2.85,29.85,11.75,0.5,12.64,288
"Pie, Toll house chocolate chip",1,555.4,5.86,44.68,39.25,2.3,26.98,309
"Pie, shoo-fly",1,358.0,3.93,60.6,11.1,0.9,38.51,211
"Pie, tofu with fruit",0,216.5,4.78,22.06,12.13,0.8,16.71,169
Pie shell,5,508.3,6.5,56.24,28.59,3.3,4.23,467
"Pie shell, graham cracker",1,501.1,5.1,64.3,24.83,1.9,18.13,471
"Pie shell, chocolate wafer",1,484.0,6.08,64.48,22.42,2.7,26.31,503
Vanilla wafer dessert base,5,541.4,3.7,50.2,36.2,0.1,7.33,515
"Blintz, cheese-filled",0,185.4,9.06,20.09,7.65,0.4,9.51,430
"Blintz, fruit-filled",0,177.3,5.57,24.74,6.23,0.7,16.39,190
"Cobbler, apple",0,199.3,2.31,36.38,4.95,0.9,23.13,198
"Cobbler, apricot",0,193.3,2.64,35.71,4.43,1.8,22.42,140
"Cobbler, berry",5,234.7,2.76,42.78,5.84,1.8,23.6,199
"Cobbler, cherry",0,198.5,2.36,35.62,5.18,1.1,21.37,201
"Cobbler, peach",5,206.4,2.48,38.42,4.75,1.4,23.63,169
"Cobbler, pear",5,221.2,2.15,42.06,4.93,2.4,24.68,163
"Cobbler, plum",0,205.3,2.28,38.28,4.78,1.3,24.09,154
"Cobbler, rhubarb",1,256.6,2.37,46.74,6.68,1.3,33.11,223
"Crisp, apple, apple dessert",0,162.9,2.09,30.68,3.54,1.5,19.91,167
"Fritter, apple",5,385.0,6.46,34.75,24.46,1.3,14.01,44
"Fritter, banana",5,349.9,5.05,34.42,21.34,2.1,14.25,46
"Fritter, berry",5,345.5,5.62,31.37,21.95,1.8,12.88,54
"Crisp, blueberry",1,262.2,1.87,40.87,10.14,1.9,27.76,154
"Crisp, cherry",1,256.8,1.68,45.65,7.5,0.9,29.73,343
"Crisp, peach",5,221.4,1.71,38.17,6.88,1.3,28.9,330
"Cream puff, eclair, custard or cream filled, NS as to icing",5,279.3,4.5,10.52,24.36,0.3,2.36,137
"Cream puff, eclair, custard or cream filled, not iced",5,261.8,4.92,12.49,21.35,0.4,2.22,165
"Cream puff, eclair, custard or cream filled, iced",5,334.0,4.41,37.43,18.52,0.9,22.05,265
"Cream puff, eclair, custard or cream filled, iced, reduced fat",1,245.0,3.46,41.72,7.14,1.0,33.44,262
"Cream puff, no filling or icing",5,360.3,9.0,22.8,25.9,0.8,0.25,483
"Air filled fritter or fried puff, without syrup, Puerto Rican style",1,440.4,6.46,50.21,23.75,0.6,33.95,587
"Wheat flour fritter, without syrup",3,479.6,7.64,19.5,41.23,0.7,0.22,230
"Sopaipilla, without syrup or honey",5,364.9,5.49,40.93,19.91,1.4,0.14,898
Sopaipilla with syrup or honey,5,366.4,4.16,51.31,16.06,1.1,20.88,670
"Crepe, NS as to filling",0,186.3,4.56,26.37,6.95,1.2,16.25,179
"Crepe, chocolate filled",0,167.9,4.85,22.8,6.37,0.2,12.28,221
"Crepe, fruit filled",0,186.3,4.56,26.38,6.95,1.2,16.25,179
"Tamale, sweet",5,264.4,2.22,35.61,12.57,2.3,15.44,265
"Tamale, sweet, with fruit",0,204.7,1.79,30.26,8.5,2.1,14.7,179
"Strudel, apple",5,278.4,3.3,41.1,11.2,2.2,25.75,135
"Strudel, berry",1,254.7,3.46,46.11,6.27,2.5,26.95,150
"Strudel, cherry",1,280.0,4.23,43.14,10.06,1.8,27.66,136
"Strudel, cheese",5,296.8,8.0,39.9,11.69,0.7,21.12,192
"Strudel, peach",5,211.5,3.14,38.0,5.22,1.9,23.2,133
"Strudel, cheese and fruit",0,216.7,5.51,31.27,7.73,0.9,18.46,126
Baklava,5,421.9,5.62,38.58,27.23,2.1,13.14,354
Basbousa,1,269.0,4.15,44.07,8.46,0.5,30.4,83
"Turnover or dumpling, apple",5,351.5,3.64,43.55,18.08,1.3,15.81,324
"Turnover or dumpling, berry",5,355.8,3.77,45.37,17.69,1.9,16.18,314
"Turnover or dumpling, cherry",5,309.0,3.27,39.97,15.11,1.3,16.45,278
"Turnover or dumpling, lemon",5,302.9,3.47,37.0,15.67,0.7,14.11,284
"Turnover or dumpling, peach",5,338.7,3.95,43.34,16.61,1.6,14.94,336
"Turnover, guava",5,312.2,3.98,37.44,16.28,3.3,14.85,136
"Turnover, pumpkin",5,253.5,5.56,25.5,14.36,1.6,8.35,140
"Pastry, fruit-filled",1,409.7,4.57,54.3,19.36,4.4,25.93,8
"Pastry, made with bean or lotus seed paste filling, baked",1,335.9,6.8,67.71,4.21,2.7,36.51,88
"Pastry, made with bean paste and salted egg yolk filling, baked",1,334.2,8.38,57.1,8.03,2.2,30.56,547
"Pastry, Chinese, made with rice flour",5,244.8,2.46,45.16,6.04,1.1,19.09,8
"Pastry, cookie type, fried",5,392.0,5.79,35.42,25.24,1.0,12.84,77
"Pastry, Italian, with cheese",5,266.2,7.38,34.86,10.81,0.8,13.08,67
"Pastry, puff",3,558.9,7.4,45.7,38.5,1.5,0.75,253
"Pastry, puff, custard or cream filled, iced or not iced",5,411.0,5.86,29.89,29.78,0.8,4.7,166
Cheese pastry puffs,5,263.4,9.27,13.03,19.36,0.4,0.25,557
"Pastry, mainly flour and water, fried",5,431.0,7.75,59.25,18.11,3.7,15.68,693
"Empanada, Mexican turnover, fruit-filled",5,333.7,4.7,42.17,16.25,2.2,6.96,418
"Empanada,  Mexican turnover, pumpkin",5,289.8,4.57,41.7,11.63,2.1,8.78,401
"Breakfast pastry, NFS",1,379.3,5.4,47.8,18.5,1.9,27.53,445
"Danish pastry, plain or spice",5,408.0,7.0,44.6,22.4,1.3,19.78,414
"Danish pastry, with fruit",1,379.3,5.4,47.8,18.5,1.9,27.53,445
"Danish pastry, with cheese",5,377.9,8.0,37.2,21.9,1.0,6.95,417
"Doughnut, NFS",1,425.9,5.52,49.52,22.86,1.8,23.51,378
"Doughnut, cake type, plain",5,433.8,5.31,47.06,24.93,1.7,18.15,477
"Doughnut, chocolate",1,430.6,5.2,51.95,22.44,3.7,26.05,388
"Doughnut, cake type, powdered sugar",1,431.2,4.9,51.12,23.01,1.6,24.28,440
"Doughnut, cake type, with icing",1,430.6,4.25,51.23,23.19,1.4,27.14,418
"Doughnut, cake type, chocolate icing",1,430.2,4.47,50.29,23.46,1.5,26.06,418
"Doughnut, chocolate, with chocolate icing",1,430.2,5.42,51.01,22.72,3.9,24.97,388
Doughnut holes,1,425.9,5.52,49.52,22.86,1.8,23.51,378
Churros,1,419.6,6.05,48.87,22.21,2.6,23.38,309
Beignet,1,418.2,5.46,53.69,20.18,1.9,31.09,281
"Doughnut, yeast type",1,420.6,6.14,47.93,22.7,2.1,22.75,316
"Doughnut, yeast type, with chocolate icing",1,419.6,5.13,50.98,21.68,1.9,29.74,289
"Doughnut, jelly",1,392.5,4.94,52.33,18.16,1.9,28.44,259
"Doughnut, custard-filled",5,362.5,5.2,42.86,18.92,1.7,21.59,287
"Doughnut, custard-filled, with icing",1,371.4,4.52,46.25,18.7,1.6,27.61,270
Breakfast tart,1,384.5,4.01,71.83,9.02,1.8,31.0,311
"Breakfast tart, lowfat",5,377.1,3.99,76.8,5.99,1.5,4.87,361
"Coffee cake, crumb or quick-bread type",1,389.5,6.39,51.23,17.67,1.5,26.55,336
"Coffee cake, crumb or quick-bread type, with fruit",1,318.9,4.13,50.14,11.31,1.3,33.79,213
"Coffee cake, crumb or quick-bread type, cheese-filled",5,359.1,6.72,45.02,16.9,1.3,22.81,304
Cereal or granola bar (General Mills Fiber One Chewy Bar),4,389.3,5.0,69.82,10.0,22.5,25.0,237
Cereal or granola bar (Kellogg's Nutri-Grain Cereal Bar),1,365.4,4.22,67.61,8.67,3.0,28.98,354
Cereal or granola bar (Kellogg's Nutri-Grain Yogurt Bar),1,365.4,4.22,67.61,8.67,3.0,28.98,354
Cereal or granola bar (Kellogg's Nutri-Grain Fruit and Nut Bar),1,402.8,9.38,66.72,10.93,7.5,32.45,195
Milk 'n Cereal bar,1,412.9,6.47,72.05,10.98,0.4,45.97,319
Cereal or granola bar (Kellogg's Special K bar),1,409.1,9.09,72.73,9.09,1.8,31.8,428
Cereal or granola bar (Kashi Chewy),1,389.6,16.67,63.42,7.69,7.7,42.31,321
Cereal or granola bar (Kashi Crunchy),4,428.7,18.57,53.26,15.71,11.4,17.14,293
Cereal or granola bar (KIND Fruit and Nut Bar),1,519.0,13.69,44.3,31.89,6.6,22.56,45
Cereal or granola bar (General Mills Nature Valley Chewy Trail Mix),1,414.8,5.71,72.27,11.43,3.8,42.86,185
"Cereal or granola bar, with yogurt coating (General Mills Nature Valley Chewy Granola Bar)",1,422.9,5.71,74.29,11.43,4.4,40.0,271
Cereal or granola bar (General Mills Nature Valley Sweet and Salty Granola Bar),1,486.9,9.14,61.14,22.86,2.9,33.14,414
Cereal or granola bar (General Mills Nature Valley Crunchy Granola Bar),1,476.2,10.1,64.4,19.8,5.3,28.57,294
Cereal or granola bar (Quaker Chewy Granola Bar),1,452.5,5.65,70.2,16.57,3.8,28.92,291
Cereal or granola bar (Quaker Chewy 90 Calorie Granola Bar),1,408.3,4.17,79.17,8.33,4.2,29.17,313
Cereal or granola bar (Quaker Chewy 25% Less Sugar Granola Bar),1,412.3,5.55,69.4,12.5,3.1,20.8,312
Cereal or granola bar (Quaker Chewy Dipps Granola Bar),1,473.7,7.52,64.96,20.42,3.2,37.61,269
Cereal or granola bar (Quaker Granola Bites),1,451.3,7.17,66.27,17.5,5.7,30.0,167
"Snack bar, oatmeal",1,388.6,6.67,75.47,6.67,4.6,31.54,367
"Cereal or Granola bar, NFS",1,476.2,10.1,64.4,19.8,5.3,28.57,294
"Cereal or granola bar, lowfat, NFS",1,408.3,4.17,79.17,8.33,4.2,29.17,313
"Cereal or granola bar, nonfat",1,342.1,5.9,77.6,0.9,7.4,45.24,16
"Cereal or granola bar, reduced sugar, NFS",1,412.3,5.55,69.4,12.5,3.1,20.8,312
"Cereal or granola bar, fruit and nut",1,519.0,13.69,44.3,31.89,6.6,22.56,45
"Cereal or granola bar, peanuts , oats, sugar, wheat germ",1,476.2,10.1,64.4,19.8,5.3,28.57,294
"Cereal or granola bar, chocolate coated, NFS",1,473.7,7.52,64.96,20.42,3.2,37.61,269
"Cereal or granola bar, with coconut, chocolate coated",1,531.4,5.2,55.2,32.2,6.2,34.27,152
"Cereal or granola bar with nuts, chocolate coated",1,535.6,9.6,54.1,31.2,3.8,23.63,193
"Cereal or granola bar, oats, nuts, coated with non-chocolate coating",1,454.9,8.6,60.13,20.0,4.3,34.0,486
"Cereal or granola bar, coated with non-chocolate coating",1,534.3,10.2,53.4,31.1,2.8,23.74,193
"Cereal or granola bar, high fiber, coated with non-chocolate yogurt coating",4,389.3,5.0,69.82,10.0,22.5,25.0,237
"Cereal or granola bar, with rice cereal",1,416.6,3.4,80.5,9.0,0.0,19.36,351
"Breakfast bar, NFS",1,376.3,4.4,72.8,7.5,2.1,35.1,337
"Breakfast bar, date, with yogurt coating",1,364.1,3.7,70.9,7.3,4.6,46.36,350
"Breakfast bar, cereal crust with fruit filling, lowfat",1,376.3,4.4,72.8,7.5,2.1,35.1,337
Nutrition bar (Balance Original Bar),1,414.9,28.0,48.73,12.0,3.1,34.89,253
Nutrition bar (Clif Bar),4,373.5,14.71,65.44,5.88,7.4,31.62,195
Nutrition bar (Clif Kids Organic Zbar),4,408.6,5.55,74.72,9.72,8.3,30.56,375
Nutrition bar (PowerBar),1,363.1,14.15,69.63,3.11,5.7,30.07,308
Nutrition bar (Slim Fast Original Meal Bar),1,385.9,16.19,60.21,8.92,5.1,25.0,253
Nutrition bar (Snickers Marathon Protein Bar),4,414.5,25.0,50.5,12.5,12.5,28.75,238
Nutrition bar (South Beach Living Meal Bar),1,385.9,16.19,60.21,8.92,5.1,25.0,253
Nutrition bar (South Beach Living High Protein Bar),4,411.5,30.34,38.4,15.17,7.3,15.17,436
Nutrition bar (Tiger's Milk),1,421.6,16.8,56.46,14.29,2.3,36.4,168
Nutrition bar (Zone Perfect Classic Crunch),5,426.0,30.0,45.0,14.0,2.0,27.0,444
"Nutrition bar or meal replacement bar, NFS",5,426.0,30.0,45.0,14.0,2.0,27.0,444
"Cereal bar with fruit filling, baby food",1,343.9,5.43,68.63,5.3,1.7,42.0,157
"Cookie, fruit, baby food",1,435.4,6.8,73.7,12.6,3.4,24.2,9
"Cookie, baby food",1,434.4,11.8,67.1,13.2,0.2,24.2,300
"Cookie, teething, baby",5,386.2,10.7,76.4,4.2,1.4,12.65,285
"Cookie, rice, baby",5,390.7,12.5,83.21,0.87,0.0,12.5,313
"Crackers, NFS",5,509.6,6.64,61.3,26.43,2.3,8.18,726
Graham crackers,1,432.8,6.69,77.66,10.6,3.4,24.85,516
Graham crackers (Teddy Grahams),1,432.8,6.69,77.66,10.6,3.4,24.85,516
"Graham crackers, chocolate covered",1,515.3,4.0,66.78,25.8,2.2,37.3,265
"Crackers, oatmeal",4,459.7,7.3,70.73,16.4,6.9,15.48,699
"Crackers, Cuban",1,432.8,5.6,73.8,12.8,1.0,17.6,459
"Graham crackers, reduced fat",1,386.1,5.71,77.96,5.71,5.7,22.86,629
"Graham crackers, sandwich, with filling",1,486.4,4.5,72.1,20.0,1.5,39.3,388
"Crackers, breakfast biscuit",4,448.1,7.12,70.99,15.07,7.3,22.83,430
"Crackers, butter, reduced sodium",4,464.4,8.8,68.6,17.2,10.5,0.37,186
"Crackers, matzo, reduced sodium",5,387.4,10.0,83.7,1.4,3.0,0.29,0
"Crackers, saltine, reduced sodium",5,410.2,9.39,73.48,8.75,2.9,2.19,646
"Crackers, wheat, reduced sodium",4,464.4,8.8,68.6,17.2,10.5,0.37,186
"Crackers, woven wheat, reduced sodium",4,464.4,8.8,68.6,17.2,10.5,0.37,186
"Crackers, butter, plain",5,509.6,6.64,61.3,26.43,2.3,8.18,726
"Crackers, butter, flavored",5,509.6,6.64,61.3,26.43,2.3,8.18,726
"Crackers, butter (Ritz)",5,509.6,6.64,61.3,26.43,2.3,8.18,726
"Crackers, butter, reduced fat",5,443.8,9.34,71.52,13.37,3.4,15.01,776
"Crackers, cheese",5,486.1,10.93,59.42,22.74,2.3,4.53,973
"Crackers, cheese (Cheez-It)",5,486.1,10.93,59.42,22.74,2.3,4.53,973
"Crackers, cheese (Goldfish)",5,486.1,10.93,59.42,22.74,2.3,4.53,973
"Crackers, cheese, reduced fat",5,417.8,10.0,68.19,11.67,3.3,0.0,1167
"Crackers, cheese, reduced sodium",5,500.9,10.1,58.2,25.3,2.4,0.28,458
"Crackers, cheese, whole grain",5,411.9,9.62,57.29,16.03,6.4,0.0,706
"Crackers, crispbread",4,372.1,7.9,82.2,1.3,16.5,1.07,410
"Crackers, flatbread",4,414.6,9.85,75.23,8.25,10.2,2.92,632
"Crackers, matzo",5,387.4,10.0,83.7,1.4,3.0,0.29,0
"Crackers, milk",5,441.2,7.6,71.73,13.77,3.4,10.32,687
"Crackers, oyster",5,411.8,9.46,74.05,8.64,2.8,1.29,941
"Chips, rice",5,384.0,8.2,81.5,2.8,4.2,0.6,326
Rice cake,5,391.5,7.1,81.1,4.3,4.2,0.88,71
"Crackers, rice",5,415.6,10.0,82.64,5.0,0.0,0.0,233
"Crackers, rice and nuts",5,432.4,10.78,77.41,8.85,0.8,0.37,360
Popcorn cake,5,387.1,9.7,80.1,3.1,2.9,0.72,288
Rice paper,5,321.3,5.07,72.54,1.21,2.1,0.27,310
"Crackers, saltine",5,411.8,9.46,74.05,8.64,2.8,1.29,941
"Crackers, saltine, reduced fat",5,385.6,10.5,82.3,1.6,2.7,0.38,849
"Crackers, saltine, multigrain",5,398.0,7.14,68.25,10.71,6.7,0.0,1214
"Crackers, multigrain",5,482.4,7.1,67.6,20.4,3.5,12.0,883
"Crackers, sandwich",5,500.3,11.47,58.38,24.54,2.3,10.5,801
"Crackers, sandwich, peanut butter filled",5,500.3,11.47,58.38,24.54,2.3,10.5,801
"Crackers, sandwich, peanut butter filled (Ritz)",5,483.6,7.5,57.14,25.0,2.5,10.0,575
"Crackers, sandwich, reduced fat, peanut butter filled",5,437.3,8.33,63.49,16.67,2.8,11.11,639
"Crackers, whole grain, sandwich, peanut butter filled",4,465.5,14.12,54.59,21.18,9.4,9.41,635
"Crackers, sandwich, cheese filled",5,473.9,9.3,61.7,21.1,1.9,3.18,978
"Crackers, sandwich, cheese filled (Ritz)",5,480.6,7.66,56.05,25.09,2.5,9.92,595
"Crackers, water",4,384.1,7.14,72.81,7.14,7.1,0.0,571
"Crackers, wonton",5,534.4,10.33,51.9,31.72,1.9,0.25,378
"Crackers, woven wheat",4,453.7,8.94,70.14,15.26,8.6,8.34,750
"Crackers, woven wheat, plain (Triscuit)",4,453.7,8.94,70.14,15.26,8.6,8.34,750
"Crackers, woven wheat, flavored (Triscuit)",4,453.7,8.94,70.14,15.26,8.6,8.34,750
"Crackers, woven wheat, reduced fat",4,415.8,11.34,75.52,7.59,10.9,1.22,745
"Crackers, wheat",4,453.7,8.94,70.14,15.26,8.6,8.34,750
"Crackers, wheat, plain (Wheat Thins)",4,453.7,8.94,70.14,15.26,8.6,8.34,750
"Crackers, wheat, flavored (Wheat Thins)",4,453.7,8.94,70.14,15.26,8.6,8.34,750
"Crackers, wheat, reduced fat",5,443.8,9.34,71.52,13.37,3.4,15.01,776
"Crackers, corn",4,459.7,7.3,70.73,16.4,6.9,15.48,699
"Crackers, gluten free, plain",4,452.8,11.25,66.3,15.84,10.2,0.86,438
"Crackers, gluten free, flavored",4,452.8,11.25,66.3,15.84,10.2,0.86,438
"Crackers, baby food",5,477.4,8.4,66.85,19.6,4.0,13.0,633
"Gerber Finger Foods, Puffs, baby food",1,421.4,6.4,76.68,9.9,2.3,28.0,0
"Finger Foods, Puffs, baby food",1,388.6,6.19,85.79,2.3,3.8,17.84,13
"Crunchy snacks, corn based, baby food",5,503.5,0.0,61.59,28.57,0.0,0.0,500
Corn nuts,4,462.2,8.5,71.86,15.64,6.9,0.61,564
"Corn chips, plain",5,549.7,6.12,56.82,33.1,4.0,0.27,817
"Corn chips, flavored",5,557.4,6.11,56.7,34.02,4.0,0.27,509
"Corn chips, plain (Fritos)",5,554.0,6.17,57.27,33.36,4.0,0.27,514
"Corn chips, flavored (Fritos)",5,551.2,6.14,56.98,33.19,4.0,0.27,704
Cheese flavored corn snacks,5,561.6,5.85,53.53,36.01,1.4,3.19,942
"Cheese flavored corn snacks, reduced fat",5,432.3,8.5,72.35,12.1,3.6,7.29,842
"Tortilla chips, plain",5,485.6,7.1,67.78,20.68,5.4,0.78,328
Cheese flavored corn snacks (Cheetos),5,561.6,5.85,53.53,36.01,1.4,3.19,942
"Tortilla chips, flavored",5,519.5,7.36,60.81,27.42,5.1,2.59,691
"Corn chips, reduced sodium",5,557.0,6.84,56.75,33.63,3.9,0.41,295
"Tortilla chips, popped",5,438.2,10.19,74.18,11.19,4.9,0.79,586
"Tortilla chips, nacho cheese flavor (Doritos)",5,519.5,7.36,60.81,27.42,5.1,2.59,691
"Tortilla chips, cool ranch flavor (Doritos)",5,483.2,7.06,67.44,20.58,5.4,0.78,519
"Tortilla chips, other flavors (Doritos)",5,519.5,7.36,60.81,27.42,5.1,2.59,691
"Tortilla chips, reduced fat, plain",5,410.4,10.86,79.07,5.63,5.2,0.84,511
"Tortilla chips, reduced fat, flavored",5,410.4,10.86,79.07,5.63,5.2,0.84,511
"Tortilla chips, low fat, unsalted",5,415.7,11.0,80.1,5.7,5.3,0.85,15
"Tortilla chips, reduced sodium",5,488.3,9.35,68.08,19.84,4.5,0.72,13
Snack mix,5,509.5,7.0,62.76,25.61,3.3,1.77,757
"Potato chips, restructured, multigrain",5,505.2,5.3,65.34,24.74,2.7,4.08,544
Pita chips,5,457.0,11.79,68.26,15.2,3.8,4.76,854
"Popcorn, NFS",4,538.4,8.69,55.99,31.07,10.1,0.3,763
"Popcorn, movie theater, with added butter",3,675.5,4.96,31.65,58.78,5.4,0.29,756
"Popcorn, movie theater, unbuttered",3,622.5,6.18,39.87,48.7,6.9,0.37,762
"Popcorn, air-popped, unbuttered",4,402.1,12.89,77.47,4.52,14.4,0.87,162
"Popcorn, air-popped, with added butter or margarine",4,443.8,11.02,65.75,15.19,12.2,0.74,238
"Popcorn, popped in oil, unbuttered",4,519.2,8.96,57.87,27.99,10.0,0.54,157
"Popcorn, popped in oil, with added butter or margarine",4,543.1,7.69,49.13,35.09,8.4,0.46,234
"Popcorn, microwave, NFS",4,538.4,8.69,55.99,31.07,10.1,0.3,763
"Popcorn, microwave, plain",4,538.4,8.69,55.99,31.07,10.1,0.3,763
"Popcorn, microwave, plain, light",4,420.9,12.51,71.5,9.43,14.1,0.91,894
"Popcorn, microwave, low sodium",4,517.2,8.93,57.64,27.88,9.9,0.54,310
"Popcorn, microwave, unsalted",4,517.2,8.93,57.64,27.88,9.9,0.54,310
"Popcorn, microwave, butter flavored",4,538.4,8.69,55.99,31.07,10.1,0.3,763
"Popcorn, microwave, butter flavored, light",4,420.9,12.51,71.5,9.43,14.1,0.91,894
"Popcorn, microwave, cheese flavored",4,536.2,8.65,55.77,30.95,10.1,0.3,914
"Popcorn, microwave, kettle corn",4,516.1,9.88,58.26,27.06,11.1,2.3,493
"Popcorn, microwave, kettle corn, light",4,422.7,12.35,72.38,9.31,13.9,2.48,617
"Popcorn, microwave, other flavored",4,536.2,8.65,55.77,30.95,10.1,0.3,914
"Popcorn, ready-to-eat packaged, NFS",4,541.8,8.88,53.38,32.53,10.0,0.6,764
"Popcorn, ready-to-eat packaged, plain",4,495.1,10.19,61.24,23.26,11.4,0.68,616
"Popcorn, ready-to-eat packaged, plain, light",4,451.9,11.33,68.08,14.92,12.7,0.76,600
"Popcorn, ready-to-eat packaged, low sodium",4,499.0,10.27,61.73,23.44,11.5,0.69,313
"Popcorn, ready-to-eat packaged, unsalted",4,499.0,10.27,61.73,23.44,11.5,0.69,313
"Popcorn, ready-to-eat packaged, butter flavored",4,541.8,8.88,53.38,32.53,10.0,0.6,764
"Popcorn, ready-to-eat packaged, butter flavored, light",4,449.9,11.28,67.78,14.85,12.6,0.76,766
"Popcorn, ready-to-eat packaged, cheese flavored",4,542.4,9.3,51.6,33.2,9.9,0.79,889
"Popcorn, ready-to-eat packaged, cheese flavored, light",4,449.9,11.28,67.78,14.85,12.6,0.76,766
"Popcorn, ready-to-eat-packaged, kettle corn",1,537.9,5.48,61.01,30.22,6.1,28.52,495
"Popcorn, ready-to-eat packaged, kettle corn, light",4,447.0,8.94,73.41,13.07,10.0,20.3,502
"Popcorn, ready-to-eat packaged, other flavored",4,542.4,9.3,51.6,33.2,9.9,0.79,889
"Popcorn, caramel coated",1,443.3,3.77,78.47,12.7,5.2,52.77,512
"Popcorn, caramel coated, with nuts",1,415.3,6.35,80.06,7.74,3.8,45.0,483
"Popcorn, chocolate coated",1,442.0,5.34,76.37,12.79,8.3,47.66,493
"Popcorn chips, plain",5,438.2,10.19,74.18,11.19,4.9,0.79,586
"Popcorn chips, other flavors",5,438.2,10.19,74.18,11.19,4.9,0.79,586
"Popcorn chips, sweet flavors",5,455.0,8.75,74.59,13.51,4.2,11.59,243
Onion flavored rings,5,494.6,7.7,65.1,22.6,3.9,4.83,950
Shrimp chips,5,425.7,7.14,59.09,17.86,5.6,21.43,571
"Pretzels, NFS",5,388.1,10.04,80.39,2.93,3.4,2.21,1240
"Pretzels, hard, NFS",5,388.1,10.04,80.39,2.93,3.4,2.21,1240
"Pretzels, hard, plain, salted",5,388.1,10.04,80.39,2.93,3.4,2.21,1240
"Pretzels, hard, plain, lightly salted",5,386.5,9.57,79.8,3.22,3.1,2.21,745
"Pretzels, hard, plain, unsalted",5,384.7,9.1,79.2,3.5,2.8,2.21,250
"Pretzels, hard, flavored",5,392.4,9.92,79.44,3.88,3.4,2.18,1302
"Pretzels, hard, multigrain",5,387.6,10.15,80.08,2.96,4.2,2.17,1216
"Pretzels, hard, plain, gluten free",5,388.6,3.52,78.62,6.67,3.3,4.22,1567
"Pretzels, hard, flavored, gluten free",5,392.9,3.48,77.69,7.58,3.3,4.17,1625
"Pretzel, baby food",5,390.0,10.8,82.2,2.0,2.3,3.08,269
"Pretzel chips, hard, plain",5,378.7,9.8,78.43,2.86,3.3,2.16,2154
"Pretzel chips, hard, flavored",5,374.2,9.68,77.52,2.82,3.3,2.13,2577
"Pretzel chips, hard, gluten free",5,379.1,3.43,76.7,6.51,3.2,4.12,2473
"Pretzels, hard, coated, NFS",1,467.2,7.05,70.07,17.64,3.5,38.8,494
"Pretzels, hard, chocolate coated",1,467.2,7.05,70.07,17.64,3.5,38.8,494
"Pretzels, hard, white chocolate coated",1,450.3,5.94,74.7,14.19,1.2,44.09,442
"Pretzels, hard, yogurt coated",1,439.5,5.94,76.56,12.17,1.1,45.42,441
"Pretzels, hard, coated, gluten free",1,455.4,3.76,75.06,15.57,1.4,45.25,663
"Pretzels, hard, filled, NFS",5,457.7,9.85,66.5,16.92,3.6,17.6,1117
"Pretzels, hard, cheese filled",5,457.7,9.85,66.5,16.92,3.6,17.6,1117
"Pretzels, hard, peanut butter filled",5,469.9,14.14,60.78,18.91,3.9,4.95,1120
"Pretzels, soft, NFS",5,345.6,8.01,69.38,4.0,1.7,0.24,775
"Pretzels, soft, ready-to-eat, NFS",5,345.6,8.01,69.38,4.0,1.7,0.24,775
"Pretzels, soft, ready-to-eat, salted, buttered",5,345.6,8.01,69.38,4.0,1.7,0.24,775
"Pretzels, soft, ready-to-eat, unsalted, buttered",5,350.3,8.12,70.34,4.05,1.7,0.25,250
"Pretzels, soft, ready-to-eat, salted, no butter",5,340.1,8.09,70.06,3.06,1.7,0.25,783
"Pretzels, soft, ready-to-eat, unsalted, no butter",5,344.9,8.2,71.04,3.1,1.7,0.25,252
"Pretzels, soft, ready-to-eat, cinnamon sugar coated",1,376.1,6.22,73.99,6.14,2.1,19.74,248
"Pretzels, soft, ready-to-eat, coated or flavored",5,365.4,7.89,66.02,7.75,1.6,0.23,896
"Pretzels, soft, ready-to-eat, topped with meat",5,348.7,11.48,53.36,9.93,1.3,0.49,438
"Pretzels, soft, ready-to-eat, topped with cheese",5,338.5,10.22,62.35,5.36,1.5,0.45,310
"Pretzels, soft, from frozen, NFS",5,345.6,8.01,69.38,4.0,1.7,0.24,775
"Pretzels, soft, from frozen, salted",5,340.1,8.09,70.06,3.06,1.7,0.25,783
"Pretzels, soft, from frozen, unsalted",5,344.9,8.2,71.04,3.1,1.7,0.25,252
"Pretzels, soft, from frozen, cinnamon sugar coated",1,376.1,6.22,73.99,6.14,2.1,19.74,248
"Pretzels, soft, from frozen, coated or flavored",5,365.4,7.89,66.02,7.75,1.6,0.23,896
"Pretzels, soft, from frozen, topped with meat",5,348.7,11.48,53.36,9.93,1.3,0.49,438
"Pretzels, soft, from frozen, topped with cheese",5,338.5,10.22,62.35,5.36,1.5,0.45,310
"Pretzels, soft, filled with cheese",5,338.5,10.22,62.35,5.36,1.5,0.45,310
"Pretzels, soft, from school lunch",5,345.6,8.55,70.73,3.16,3.7,0.26,240
"Pretzels, soft, multigrain",5,343.2,8.49,70.26,3.13,3.6,0.26,495
"Pretzels, soft, gluten free",5,296.9,4.03,57.27,5.74,4.0,3.77,839
"Pretzels, soft, gluten free, cinnamon sugar coated",5,340.7,3.1,63.75,8.14,3.8,22.41,631
"Pretzels, soft, gluten free, coated or flavored",5,326.3,4.1,54.15,10.37,3.7,3.56,808
Multigrain chips (Sun Chips),4,490.8,7.95,67.26,21.11,8.8,7.2,423
"Snack mix, plain (Chex Mix)",5,428.1,8.83,75.69,10.0,5.8,7.35,696
Bagel chips,5,451.1,12.34,66.36,15.14,4.1,6.02,233
Cracker chips,4,490.8,7.95,67.26,21.11,8.8,7.2,423
"Pancakes, NFS",5,278.2,7.43,35.31,11.92,2.1,7.07,512
"Pancakes, plain, from frozen",5,233.4,5.23,37.75,6.83,1.0,8.32,461
"Pancakes, plain, reduced fat, from fozen",5,261.0,7.6,36.09,9.58,2.2,7.23,523
"Pancakes, with fruit, from frozen",5,224.5,4.99,36.47,6.52,1.1,8.33,438
"Pancakes, with chocolate, from frozen",5,248.4,5.35,38.83,7.97,1.1,10.48,442
"Pancakes, whole grain, from frozen",5,237.1,5.54,38.55,6.75,2.3,8.08,447
"Pancakes, whole grain, reduced fat, from frozen",5,237.1,5.54,38.55,6.75,2.3,8.08,447
"Pancakes, gluten free, from frozen",5,215.5,3.31,40.32,4.55,1.5,4.06,331
"Pancakes, plain, from fast food / restaurant",5,303.2,7.18,34.12,15.33,2.1,6.83,548
"Pancakes, with fruit, from fast food / restaurant",5,251.6,5.73,29.81,12.16,2.3,7.51,429
"Pancakes, with chocolate, from fast food / restaurant",5,356.9,7.48,40.01,18.55,2.4,15.68,473
"Pancakes, whole grain, from fast food / restaurant",5,298.3,7.62,31.74,15.65,3.1,6.67,755
"Pancakes, whole grain and nuts, from fast food / restaurant",5,359.3,7.95,30.1,23.01,4.0,6.46,674
"Pancakes, from school, NFS",5,245.9,6.26,40.43,6.57,5.2,7.53,415
"Pancakes, plain",5,278.2,7.43,35.31,11.92,2.1,7.07,512
"Pancakes, plain, reduced fat",5,261.0,7.6,36.09,9.58,2.2,7.23,523
"Pancakes, with fruit",5,230.8,5.88,30.62,9.42,2.4,7.71,398
"Pancakes, pumpkin",5,238.9,6.39,30.94,9.95,2.3,6.53,426
"Pancakes, with chocolate",5,337.7,7.7,41.16,15.81,2.4,16.13,441
"Pancakes, buckwheat",5,273.3,8.04,31.74,12.69,3.5,5.56,339
"Pancakes, cornmeal",5,200.3,4.77,32.0,5.91,1.3,3.76,653
"Pancakes, whole grain",5,272.2,7.89,32.88,12.13,3.2,6.91,726
"Pancakes, whole grain, reduced fat",5,254.4,8.07,33.63,9.73,3.3,7.07,742
"Pancakes, gluten free",5,215.5,3.31,40.32,4.55,1.5,4.06,331
"Waffle, NFS",5,308.6,7.42,48.39,9.49,2.6,4.41,530
"Waffle, plain, from frozen",5,308.6,7.42,48.39,9.49,2.6,4.41,530
"Waffle, plain, reduced fat, from frozen",5,284.8,9.42,46.2,6.92,1.5,3.7,507
"Waffle, fruit, from frozen",5,296.0,7.07,46.58,9.05,2.6,4.61,504
"Waffle, chocolate, from frozen",5,320.0,7.43,48.94,10.5,2.6,6.76,507
"Waffle, whole grain, from frozen",5,289.4,6.78,46.7,8.39,4.1,4.08,529
"Waffle, whole grain, reduced fat, from frozen",5,257.3,7.14,49.16,3.57,4.3,4.29,557
"Waffle, whole grain, fruit, from frozen",5,278.3,6.48,45.06,8.02,4.0,4.28,504
"Waffle, gluten free, from frozen",5,262.6,2.72,43.05,8.84,1.4,1.73,505
"Waffle, plain, from fast food / restaurant",5,424.1,8.19,38.91,26.19,2.4,7.79,624
"Waffle, chocolate, from fast food / restaurant",5,477.2,8.62,46.08,28.71,2.7,18.06,545
"Waffle, fruit, from fast food / restaurant",5,352.8,6.62,34.45,20.95,2.7,8.68,495
"Waffle, whole grain, from fast food / restaurant",5,420.1,8.67,36.13,26.77,3.5,7.59,859
"Waffle, from school, NFS",5,257.3,7.14,49.16,3.57,4.3,4.29,557
"Waffle, plain",5,368.6,8.73,41.48,18.64,2.5,8.31,602
"Waffle, fruit",5,305.8,6.96,36.23,14.78,2.8,9.13,471
"Waffle, chocolate",5,433.9,9.1,48.63,22.55,2.9,19.06,521
"Waffle, cinnamon",5,368.9,8.73,41.65,18.6,2.7,8.3,600
"Waffle, cornmeal",5,264.9,6.83,32.97,11.74,1.2,5.7,451
"Waffle, whole grain",5,362.6,9.26,38.59,19.02,3.8,8.11,852
"Waffle, gluten free",5,262.6,2.72,43.05,8.84,1.4,1.73,505
"Waffle, plain, reduced fat",5,337.9,9.03,42.88,14.47,2.6,8.59,622
"Waffle, whole grain, reduced fat",5,330.6,9.58,39.93,14.73,3.9,8.39,881
"French toast, NFS",5,271.0,10.42,32.24,11.15,1.2,10.14,323
"French toast, plain, from frozen",0,181.9,7.27,29.86,3.71,1.1,9.04,258
"French toast, whole grain, from frozen",0,180.1,8.2,28.07,3.89,2.6,8.98,251
"French toast, gluten free, from frozen",0,172.7,4.84,28.24,4.49,2.0,8.18,244
"French toast, plain, from fast food / restaurant",5,308.9,9.89,35.64,14.09,1.3,10.1,383
"French toast, whole grain, from fast food / restaurant",5,306.7,11.03,33.45,14.31,3.1,10.03,375
"French toast, from school, NFS",0,160.6,9.18,22.61,3.71,2.9,3.5,257
"French toast, plain",5,271.0,10.42,32.24,11.15,1.2,10.14,323
"French toast, plain, reduced fat",5,236.8,10.95,33.91,6.37,1.2,10.67,319
"French toast, whole grain",5,269.2,11.41,30.35,11.35,2.7,10.07,315
"French toast, whole grain, reduced fat",5,234.8,11.99,31.92,6.57,2.8,10.6,312
"French toast, gluten free",5,261.4,7.86,30.53,11.98,2.2,9.24,308
"French toast sticks, NFS",5,274.7,7.53,40.62,9.12,1.3,12.87,536
"French toast sticks, plain, from frozen",5,274.7,7.53,40.62,9.12,1.3,12.87,536
"French toast sticks, plain, from fast food / restaurant",5,410.0,7.06,48.48,20.87,1.6,11.64,471
"French toast sticks, from school, NFS",0,160.6,9.18,22.61,3.71,2.9,3.5,257
"French toast sticks, plain",5,348.5,6.0,41.21,17.74,1.4,9.89,400
"French toast sticks, whole grain",5,269.2,11.41,30.35,11.35,2.7,10.07,315
"Fried bread, Puerto Rican style",1,261.5,5.03,41.73,8.27,0.5,31.28,276
"Crepe, NFS",5,220.4,8.78,21.73,10.93,0.6,4.55,283
"Crepe, plain",5,220.4,8.78,21.73,10.93,0.6,4.55,283
Chinese pancake,0,201.1,4.05,45.38,0.38,0.7,0.07,5
"Dumpling, plain",0,123.2,3.31,20.26,3.21,0.7,1.23,428
Cake made with glutinous rice,1,282.5,2.22,53.66,6.55,1.2,31.12,35
Cake or pancake made with rice flour and/or dried beans,0,128.5,6.36,24.98,0.35,5.8,1.85,252
"Dosa (Indian), plain",5,207.4,5.7,37.04,4.05,1.8,0.3,309
Cake made with glutinous rice and dried beans,5,185.6,8.29,37.34,0.34,3.2,1.58,972
Funnel cake with sugar,5,349.4,7.7,43.14,16.23,1.0,15.9,280
Funnel cake with sugar and fruit,1,381.6,5.72,54.92,15.45,0.9,21.28,213
"Pasta, vegetable, cooked",0,125.3,4.52,26.55,0.11,4.3,1.15,99
"Noodles, cooked",0,136.6,4.51,25.01,2.06,1.2,0.4,236
"Noodles, whole grain, cooked",0,158.8,5.96,29.91,1.7,3.9,0.75,210
"Noodles, vegetable, cooked",0,130.5,5.01,24.1,1.56,2.3,0.71,243
"Noodles, chow mein",5,534.4,10.33,51.9,31.72,1.9,0.25,378
"Long rice noodles, made from mung beans, cooked",0,82.9,0.04,20.66,0.01,0.1,0.0,5
"Rice noodles, cooked",0,104.4,1.78,23.87,0.2,1.0,0.03,250
"Pasta, cooked",0,154.0,5.76,30.68,0.92,1.8,0.56,232
"Pasta, whole grain, cooked",0,158.7,5.95,29.89,1.7,3.9,0.75,235
"Pasta, gluten free",0,174.0,3.2,38.05,1.0,1.4,0.0,4
"Cereal, cooked, NFS",0,64.1,2.21,11.36,1.09,1.7,0.17,70
"Barley, NS as to fat",0,125.3,2.25,28.09,0.44,3.8,0.28,187
"Barley, no added fat",0,125.3,2.25,28.09,0.44,3.8,0.28,187
"Barley, fat added",0,142.2,2.2,27.23,2.72,3.7,0.27,202
"Buckwheat groats, NS as to fat",0,98.5,3.37,19.86,0.62,2.7,0.9,150
"Buckwheat groats, no added fat",0,98.5,3.37,19.86,0.62,2.7,0.9,150
"Buckwheat groats, fat added",0,118.9,3.22,18.99,3.34,2.6,0.86,174
"Grits, NS as to regular, quick, or instant, NS as to fat",0,69.9,1.19,12.2,1.82,0.7,0.09,82
"Grits, NS as to regular, quick, or instant, no added fat",0,57.0,1.2,12.41,0.28,0.7,0.09,70
"Grits, NS as to regular, quick, or instant, fat added",0,69.9,1.19,12.2,1.82,0.7,0.09,82
"Grits, regular or quick, made with water, NS as to fat",0,69.9,1.19,12.2,1.82,0.7,0.09,82
"Grits, regular or quick, made with water, no added fat",0,57.0,1.2,12.41,0.28,0.7,0.09,70
"Grits, regular or quick, made with water, fat added",0,69.9,1.19,12.2,1.82,0.7,0.09,82
"Grits, regular or quick, made with milk, NS as to fat",0,120.8,4.53,17.07,3.82,0.7,4.98,117
"Grits, regular or quick, made with milk, no added fat",0,108.6,4.6,17.37,2.3,0.7,5.07,105
"Grits, regular or quick, made with milk, fat added",0,120.8,4.53,17.07,3.82,0.7,4.98,117
"Grits, regular or quick, made with non-dairy milk, NS as to fat",0,99.7,2.23,15.95,3.0,0.9,3.12,139
"Grits, regular or quick, made with non-dairy milk, no added fat",0,87.2,2.26,16.23,1.47,0.9,3.18,127
"Grits, regular or quick, made with non-dairy milk, fat added",0,99.7,2.23,15.95,3.0,0.9,3.12,139
"Grits, with cheese, NS as to fat",0,107.1,3.56,11.36,5.27,0.6,0.12,144
"Grits, with cheese, no added fat",0,95.8,3.6,11.54,3.92,0.7,0.12,134
"Grits, with cheese, fat added",0,107.1,3.56,11.36,5.27,0.6,0.12,144
"Grits, instant, made with water, no added fat",0,68.5,1.38,14.84,0.4,0.8,0.29,215
"Grits, instant, made with water, fat added",0,88.4,1.36,14.36,2.83,0.8,0.28,230
"Grits, instant, made with water, NS as to fat",0,88.4,1.36,14.36,2.83,0.8,0.28,230
"Grits, instant, made with milk, fat added",0,128.2,3.98,18.18,4.39,0.8,4.11,257
"Grits, instant, made with milk, no added fat",0,109.7,4.09,18.79,2.02,0.8,4.25,244
"Grits, instant, made with milk, NS as to fat",0,128.2,3.98,18.18,4.39,0.8,4.11,257
"Grits, instant, made with non-dairy milk, NS as to fat",0,111.6,2.17,17.3,3.75,0.9,2.66,274
"Grits, instant, made with non-dairy milk, no added fat",0,92.7,2.23,17.88,1.36,0.9,2.74,261
"Grits, instant, made with non-dairy milk, fat added",0,111.6,2.17,17.3,3.75,0.9,2.66,274
"Cornmeal mush, NS as to fat",0,69.8,1.11,12.25,1.82,0.6,0.25,83
"Cornmeal mush, no added fat",0,56.9,1.12,12.47,0.28,0.6,0.25,71
"Cornmeal mush, fat added",0,69.8,1.11,12.25,1.82,0.6,0.25,83
"Cornmeal, Puerto Rican Style",0,148.4,4.11,28.12,2.16,0.5,17.75,151
Cornmeal dumpling,0,164.9,5.33,25.39,4.67,1.1,1.55,351
"Masa harina, cooked",0,99.9,2.26,20.5,0.99,1.7,0.43,283
"Millet, NS as to fat",0,117.3,3.5,23.57,1.0,1.3,0.13,168
"Millet, no added fat",0,117.3,3.5,23.57,1.0,1.3,0.13,168
"Millet, fat added",0,139.3,3.32,22.39,4.05,1.2,0.12,194
"Oatmeal, from fast food, plain",0,80.9,2.6,11.9,2.54,1.7,0.69,93
"Oatmeal, from fast food, maple flavored",0,111.9,2.4,20.34,2.33,1.6,9.95,163
"Oatmeal, from fast food, fruit flavored",0,126.6,2.28,24.56,2.14,1.9,14.22,147
"Oatmeal, from fast food, other flavors",0,111.9,2.4,20.34,2.33,1.6,9.95,163
"Oatmeal, NS as to regular, quick, or instant, NS as to fat",0,76.9,2.18,11.17,2.61,1.7,0.16,82
"Oatmeal, NS as to regular, quick, or instant, no added fat",0,64.1,2.21,11.36,1.09,1.7,0.17,70
"Oatmeal, NS as to regular, quick, or instant, fat added",0,76.9,2.18,11.17,2.61,1.7,0.16,82
"Oatmeal, regular or quick, made with water, NS as to fat",0,76.9,2.18,11.17,2.61,1.7,0.16,82
"Oatmeal, regular or quick, made with water, no added fat",0,64.1,2.21,11.36,1.09,1.7,0.17,70
"Oatmeal, regular or quick, made with water, fat added",0,76.9,2.18,11.17,2.61,1.7,0.16,82
"Oatmeal, regular or quick, made with milk, NS as to fat",0,127.2,5.48,15.99,4.59,1.7,5.0,117
"Oatmeal, regular or quick, made with milk, no added fat",0,115.3,5.57,16.27,3.1,1.7,5.09,105
"Oatmeal, regular or quick, made with milk, fat added",0,127.2,5.48,15.99,4.59,1.7,5.0,117
"Oatmeal, regular or quick, made with non-dairy milk, NS as to fat",0,106.3,3.21,14.88,3.77,1.8,3.16,138
"Oatmeal, regular or quick, made with non-dairy milk, no added fat",0,94.0,3.26,15.14,2.27,1.9,3.22,127
"Oatmeal, regular or quick, made with non-dairy milk, fat added",0,106.3,3.21,14.88,3.77,1.8,3.16,138
"Oatmeal, instant, plain, made with water, NS as to fat",0,93.1,2.2,12.74,3.7,1.8,0.28,65
"Oatmeal, instant, plain, made with water, no added fat",0,73.3,2.26,13.15,1.3,1.9,0.28,45
"Oatmeal, instant, plain, made with water, fat added",0,93.1,2.2,12.74,3.7,1.8,0.28,65
"Oatmeal, instant, plain, made with milk, NS as to fat",0,133.0,4.82,16.56,5.27,1.8,4.11,92
"Oatmeal, instant, plain, made with milk, no added fat",0,114.5,4.96,17.1,2.92,1.9,4.25,73
"Oatmeal,  instant, plain, made with milk, fat added",0,133.0,4.82,16.56,5.27,1.8,4.11,92
"Oatmeal, instant, plain, made with non-dairy milk, NS as to fat",0,116.3,3.02,15.67,4.62,2.0,2.65,109
"Oatmeal, instant, plain, made with non-dairy milk, no added fat",0,97.5,3.1,16.19,2.26,2.0,2.74,91
"Oatmeal, instant, plain, made with non-dairy milk, fat added",0,116.3,3.02,15.67,4.62,2.0,2.65,109
"Oatmeal, instant, maple flavored, NS as to fat",0,119.0,2.38,19.64,3.43,1.8,7.75,152
"Oatmeal, instant, maple flavored, no added fat",0,101.9,2.44,20.23,1.25,1.9,7.99,136
"Oatmeal, instant, maple flavored, fat added",0,119.0,2.38,19.64,3.43,1.8,7.75,152
"Oatmeal, instant, fruit flavored, NS as to fat",0,117.6,2.29,19.51,3.38,1.9,8.07,147
"Oatmeal, instant, fruit flavored, no added fat",0,100.4,2.34,20.09,1.19,1.9,8.32,131
"Oatmeal, instant, fruit flavored, fat added",0,117.6,2.29,19.51,3.38,1.9,8.07,147
"Oatmeal, instant, other flavors, NS as to fat",0,119.0,2.38,19.64,3.43,1.8,7.75,152
"Oatmeal, instant, other flavors, no added fat",0,101.9,2.44,20.23,1.25,1.9,7.99,136
"Oatmeal, instant, other flavors, fat added",0,119.0,2.38,19.64,3.43,1.8,7.75,152
"Oatmeal, reduced sugar, plain, NS as to fat",0,105.7,2.29,16.11,3.57,1.8,3.93,107
"Oatmeal, reduced sugar, plain, no added fat",0,87.4,2.35,16.62,1.28,1.9,4.05,90
"Oatmeal, reduced sugar, plain, fat added",0,105.7,2.29,16.11,3.57,1.8,3.93,107
"Oatmeal, made with milk and sugar, Puerto Rican style",0,147.4,4.63,26.33,2.62,1.4,17.09,233
"Oatmeal, reduced sugar, flavored, NS as to fat",0,105.7,2.29,16.11,3.57,1.8,3.93,107
"Oatmeal, reduced sugar, flavored, no added fat",0,87.4,2.35,16.62,1.28,1.9,4.05,90
"Oatmeal, reduced sugar, flavored, fat added",0,105.7,2.29,16.11,3.57,1.8,3.93,107
"Oatmeal, multigrain, NS as to fat",0,74.2,2.1,11.98,1.99,2.0,0.41,83
"Oatmeal, multigrain, no added fat",0,61.4,2.12,12.19,0.46,2.0,0.41,70
"Oatmeal, multigrain, fat added",0,74.2,2.1,11.98,1.99,2.0,0.41,83
"Quinoa, NS as to fat",0,140.4,4.18,20.22,4.75,2.7,0.82,188
"Quinoa, no added fat",0,119.6,4.38,21.21,1.91,2.8,0.87,163
"Quinoa, fat added",0,140.4,4.18,20.22,4.75,2.7,0.82,188
"Rice, cooked, NFS",0,125.2,2.67,27.99,0.28,0.4,0.05,245
"Rice, white, cooked, NS as to fat",0,125.2,2.67,27.99,0.28,0.4,0.05,244
"Rice, white, cooked, made with oil",0,147.2,2.6,27.19,3.12,0.4,0.05,238
"Rice, white, cooked, made with butter",0,142.5,2.62,27.2,2.58,0.4,0.05,256
"Rice, white, cooked, made with margarine",0,138.4,2.6,27.22,2.12,0.4,0.05,258
"Rice, white, cooked, fat added, NS as to fat type",0,144.0,2.6,27.2,2.76,0.4,0.05,247
"Rice, white, cooked, no added fat",0,125.2,2.67,27.99,0.28,0.4,0.05,245
"Rice, brown, cooked, NS as to fat",0,121.4,2.73,25.45,0.96,1.6,0.24,201
"Rice, brown, cooked, fat added, made with oil",0,139.5,2.66,24.86,3.27,1.6,0.23,197
"Rice, brown, cooked, made with butter",0,135.6,2.68,24.86,2.83,1.6,0.24,212
"Rice, brown, cooked, made with margarine",0,132.3,2.67,24.88,2.46,1.6,0.23,213
"Rice, brown, cooked, fat added, NS as to fat type",0,136.8,2.67,24.86,2.97,1.6,0.23,204
"Rice, brown, cooked, no added fat",0,121.4,2.73,25.45,0.96,1.6,0.24,202
"Rice, cream of, cooked, no added fat",0,66.6,1.17,15.28,0.09,0.1,0.06,69
"Rice, cooked, with milk",0,140.2,5.14,25.05,2.16,0.3,4.92,357
"Rice, sweet, cooked with honey",0,136.9,2.52,31.12,0.26,0.4,4.89,344
"Rice, creamed, made with milk and sugar, Puerto Rican style",0,87.4,2.22,17.46,0.96,0.1,8.76,122
"Rice, cream of, cooked, fat added",0,79.2,1.16,15.03,1.6,0.1,0.06,81
"Rice, cream of, cooked, NS as to fat",0,79.2,1.16,15.03,1.6,0.1,0.06,81
"Rice, cream of, cooked, made with milk",0,128.5,4.41,19.76,3.54,0.1,4.81,115
Congee,0,32.0,0.68,7.16,0.07,0.1,0.01,253
"Yellow rice, cooked, NS as to fat",0,87.6,1.8,19.1,0.45,0.5,0.45,340
"Yellow rice, cooked, no added fat",0,87.6,1.8,19.1,0.45,0.5,0.45,340
"Yellow rice, cooked, fat added",0,103.7,1.76,18.7,2.43,0.4,0.44,351
"Rice, white, cooked, glutinous",0,93.6,2.01,20.97,0.19,1.0,0.05,227
"Rice, wild, 100%, cooked, NS as to fat",0,125.7,3.86,20.63,3.08,1.7,0.71,231
"Rice, wild, 100%, cooked, no added fat",0,103.8,3.97,21.21,0.34,1.8,0.73,238
"Rice, wild, 100%, cooked, fat added",0,125.7,3.86,20.63,3.08,1.7,0.71,231
"Rice, white and wild, cooked, no added fat",0,77.6,1.82,17.22,0.16,0.5,0.11,401
"Rice, brown and wild, cooked, no added fat",0,119.1,2.89,24.9,0.88,1.6,0.3,206
"Rice, white and wild, cooked, fat added",0,110.4,2.17,20.62,2.14,0.5,0.13,510
"Rice, white and wild, cooked, NS as to fat",0,110.4,2.17,20.62,2.14,0.5,0.13,510
"Rice, brown and wild, cooked, fat added",0,137.7,2.82,24.31,3.24,1.6,0.3,202
"Rice, brown and wild, cooked, NS as to fat",0,112.5,2.26,19.81,2.69,1.0,0.25,510
"Rice, white, cooked with fat, Puerto Rican style",5,195.7,2.84,31.9,6.3,0.5,0.05,506
"Cream of wheat, NS as to regular, quick, or instant, NS as to fat",0,63.4,1.44,10.39,1.79,0.5,0.03,85
"Cream of wheat, NS as to regular, quick, or instant, no added fat",0,50.0,1.45,10.57,0.21,0.5,0.03,72
"Cream of wheat, NS as to regular, quick, or instant, fat added",0,63.4,1.44,10.39,1.79,0.5,0.03,85
"Cream of wheat, regular or quick, made with water, NS as to fat",0,63.4,1.44,10.39,1.79,0.5,0.03,85
"Cream of wheat, regular or quick, made with water, no added fat",0,50.0,1.45,10.57,0.21,0.5,0.03,72
"Cream of wheat, regular or quick, made with water, fat added",0,63.4,1.44,10.39,1.79,0.5,0.03,85
"Cream of wheat, regular or quick, made with milk, NS as to fat",0,115.1,4.84,15.35,3.82,0.5,5.01,120
"Cream of wheat, regular or quick, made with milk, no added fat",0,102.6,4.91,15.62,2.27,0.5,5.1,108
"Cream of wheat, regular or quick, made with milk, fat added",0,115.1,4.84,15.35,3.82,0.5,5.01,120
"Cream of wheat, regular or quick, made with non-dairy milk, NS as to fat",0,93.6,2.5,14.2,2.98,0.7,3.11,142
"Cream of wheat, regular or quick, made with non-dairy milk, no added fat",0,80.7,2.53,14.46,1.42,0.7,3.17,130
"Cream of wheat, regular or quick, made with non-dairy milk, fat added",0,93.6,2.5,14.2,2.98,0.7,3.11,142
"Cream of wheat, instant, made with water, no added fat",0,65.6,1.52,14.42,0.21,0.5,3.64,85
"Wheat, cream of, cooked, made with milk and sugar, Puerto Rican style",0,108.8,4.01,18.84,1.93,0.4,11.08,140
"Cream of wheat, instant, made with water, fat added",0,80.9,1.5,14.06,2.07,0.5,3.55,100
"Cream of wheat, instant, made with water, NS as to fat",0,80.9,1.5,14.06,2.07,0.5,3.55,100
"Cream of wheat, instant, made with milk, fat added",0,121.6,4.17,17.96,3.67,0.5,7.46,128
"Cream of wheat, instant, made with milk, no added fat",0,107.3,4.26,18.41,1.85,0.5,7.65,114
"Cream of wheat, instant, made with milk, NS as to fat",0,121.6,4.17,17.96,3.67,0.5,7.46,128
"Cream of wheat, instant, made with non-dairy milk, NS as to fat",0,104.6,2.33,17.06,3.01,0.6,5.98,145
"Cream of wheat, instant, made with non-dairy milk, no added fat",0,90.0,2.38,17.49,1.17,0.6,6.13,132
"Cream of wheat, instant, made with non-dairy milk, fat added",0,104.6,2.33,17.06,3.01,0.6,5.98,145
"Bulgur, no added fat",0,88.3,3.06,18.48,0.24,4.5,0.1,219
"Bulgur, fat added",0,118.3,2.87,17.32,4.17,4.2,0.09,249
"Bulgur, NS as to fat",0,88.3,3.06,18.48,0.24,4.5,0.1,219
"Couscous, plain, cooked",0,109.0,3.77,23.11,0.16,1.4,0.1,189
"Whole wheat cereal, cooked, NS as to fat",0,63.7,1.53,10.21,1.86,1.3,0.06,84
"Whole wheat cereal, cooked, no added fat",0,50.3,1.55,10.39,0.28,1.3,0.06,71
"Whole wheat cereal, cooked, fat added",0,63.7,1.53,10.21,1.86,1.3,0.06,84
"Wheat cereal, chocolate flavored, cooked",0,55.2,1.79,10.96,0.47,1.8,0.08,337
"Oat bran cereal, cooked, no added fat",0,73.7,3.21,12.28,1.3,2.9,0.27,69
"Oat bran cereal, cooked, fat added",0,86.1,3.17,12.08,2.79,2.8,0.26,81
"Oat bran cereal, cooked, NS as to fat",0,86.1,3.17,12.08,2.79,2.8,0.26,81
Cream of rye,0,42.2,1.28,8.86,0.18,1.4,0.13,139
"Cereal, nestum",0,64.1,2.21,11.36,1.09,1.7,0.17,70
"Cereal, oat, NFS",4,401.8,12.4,73.2,6.6,10.1,4.5,497
"Cereal, ready-to-eat, NFS",4,397.4,9.05,79.47,4.81,7.1,22.17,514
Cereal (Kellogg's All-Bran),4,393.6,13.14,74.24,4.9,29.3,15.69,258
Cereal (Post Alpha-Bits),4,402.6,10.0,80.3,4.6,7.1,21.0,592
Cereal (General Mills Cheerios Apple Cinnamon),1,407.6,8.3,79.9,6.09,7.3,34.2,390
Cereal (Kellogg's Apple Jacks),4,403.8,5.1,88.2,3.4,9.3,43.7,466
Cereal (Post Great Grains Banana Nut Crunch),4,402.0,9.8,70.9,8.8,11.2,17.5,238
Cereal (General Mills Cheerios Banana Nut),1,396.8,5.5,84.69,4.0,6.1,33.09,533
Cereal (General Mills Cheerios Berry Burst),4,397.7,8.8,80.5,4.5,7.6,27.0,639
Cereal (Quaker Cap'n Crunch),1,405.7,4.39,85.51,5.12,2.5,44.32,754
Cereal (Quaker Christmas Crunch),1,404.9,4.44,85.92,4.83,2.6,44.31,724
Cereal (Quaker Cap'n Crunch's Crunchberries),1,405.0,4.45,85.93,4.83,2.6,44.2,725
Cereal (Quaker Cap'n Crunch's Peanut Butter Crunch),1,426.1,7.1,78.65,9.23,2.7,33.36,742
Cereal (General Mills Cheerios),4,401.8,12.4,73.2,6.6,10.1,4.5,497
Cereal (General Mills Chex Chocolate),1,419.1,4.8,81.09,8.39,2.0,26.2,629
Cereal (General Mills Chex Cinnamon),1,408.9,5.0,82.4,6.59,2.4,26.1,605
Cereal (General Mills Cheerios Chocolate),1,403.0,5.8,83.5,5.09,6.2,34.09,556
"Cereal, chocolate flavored, frosted, puffed corn",1,393.7,3.34,87.2,3.5,3.8,43.7,534
Cereal (General Mills Lucky Charms Chocolate),1,399.6,5.59,84.4,4.4,5.3,36.79,539
Cereal (General Mills Cinnamon Toast Crunch),1,426.0,5.45,77.99,10.25,6.8,30.3,567
Cereal (General Mills 25% Less Sugar Cinnamon Toast Crunch),4,422.1,5.09,78.19,9.89,11.2,21.39,565
Cereal (General Mills Honey Nut Clusters),1,389.6,7.7,85.2,2.0,6.3,24.8,515
Cereal (Kellogg's Cocoa Krispies),1,394.3,4.6,87.9,2.7,1.4,38.6,424
Cereal (Post Cocoa Pebbles),1,398.9,4.8,85.7,4.1,1.6,35.8,594
Cereal (General Mills Cocoa Puffs),1,404.0,5.6,83.7,5.2,5.7,37.2,564
Cereal (General Mills Cookie Crisp),1,398.4,5.2,84.5,4.4,5.1,34.8,457
Cereal (General Mills Chex Corn),5,387.2,6.4,85.0,2.4,4.7,11.1,719
"Cereal, corn flakes",5,370.0,7.5,84.1,0.4,3.3,9.5,729
Cereal (Kellogg's Corn Flakes),5,370.0,7.5,84.1,0.4,3.3,9.5,729
"Cereal, corn puffs",4,393.2,7.69,82.82,3.46,8.8,9.76,596
Cereal (General Mills Count Chocula),1,401.8,5.4,84.5,4.69,5.0,33.09,488
Cereal (Kellogg's Cracklin' Oat Bran),4,444.9,9.2,70.3,14.1,12.7,28.0,280
"Cereal (Post Great Grains, Cranberry Almond Crunch)",4,395.1,8.9,76.6,5.9,11.1,25.5,214
Cereal (Kellogg's Crispix),5,382.3,6.59,87.19,0.8,1.0,12.8,660
"Cereal, crispy rice",5,383.0,6.69,86.22,1.26,0.7,12.12,545
Cereal (General Mills Fiber One),4,384.2,6.59,84.3,2.29,46.2,1.0,356
Cereal (General Mills Fiber One Honey Clusters),4,389.7,7.69,83.9,2.59,19.0,17.79,394
Cereal (General Mills Fiber One Raisin Bran Clusters),4,379.4,6.3,83.4,2.29,17.9,25.6,337
"Cereal, bran flakes",4,389.7,9.65,81.25,2.9,14.2,16.9,505
Cereal (Kellogg's All-Bran Complete Wheat Flakes),4,389.7,10.2,81.6,2.5,17.3,18.8,718
Cereal (Post Bran Flakes),4,380.5,9.9,80.5,2.1,18.3,18.6,540
Cereal (General Mills Frankenberry),1,402.3,5.5,85.4,4.3,4.2,27.29,458
Cereal (Kellogg's Froot Loops),4,403.8,5.3,88.0,3.4,9.3,34.5,469
Cereal (Kellogg's Froot Loops Marshmallow),1,400.7,4.59,89.3,2.79,7.4,49.9,393
Cereal (General Mills Cheerios Frosted),4,397.4,9.0,79.8,4.69,7.5,32.0,553
Cereal (Kellogg's Frosted Mini-Wheats),4,384.8,9.2,83.4,1.6,10.8,20.3,2
"Cereal, frosted rice",1,386.0,4.3,91.3,0.4,0.5,40.2,371
"Cereal, fruit rings",1,391.3,4.69,85.94,3.2,2.2,45.31,453
Cereal (General Mills Cheerios Fruity),1,401.3,5.8,84.19,4.59,5.9,32.2,501
Cereal (Post Fruity Pebbles),1,399.1,4.62,86.1,4.02,0.8,34.28,531
Cereal (General Mills Golden Grahams),1,390.4,5.3,85.1,3.2,5.6,35.0,772
"Cereal, granola",4,438.0,9.96,73.75,11.46,9.4,22.2,103
"Granola, homemade",4,489.0,13.67,53.88,24.31,8.9,19.8,26
Cereal (Kellogg's Low Fat Granola),4,438.0,9.96,73.75,11.46,9.4,22.2,103
Cereal (Post Grape-Nuts),4,383.1,11.22,80.49,1.81,13.0,8.86,465
"Cereal (Post Great Grains Raisins, Dates, and Pecans)",4,392.7,7.9,74.3,7.1,9.3,24.1,247
Cereal (Post Honey Bunches of Oats Honey Roasted),1,402.4,7.12,81.19,5.46,4.2,19.79,454
Cereal (Post Honey Bunches of Oats with Vanilla Bunches),4,404.7,7.9,81.8,5.1,7.8,20.7,267
Cereal (Post Honey Bunches of Oats with Almonds),1,414.9,7.7,79.6,7.3,5.5,20.0,417
Cereal (Post Honeycomb),1,396.9,6.01,86.63,2.93,3.2,31.51,553
Cereal (General Mills Chex Honey Nut),1,389.9,6.3,86.67,2.0,3.9,28.1,600
Cereal (General Mills Cheerios Honey Nut),1,399.2,8.85,79.69,5.0,7.1,32.89,566
Cereal (Post Shredded Wheat Honey Nut),4,394.5,8.5,83.6,2.9,10.7,20.7,102
Cereal (Kellogg's Honey Smacks),1,396.6,5.7,88.5,2.2,5.0,56.2,142
Cereal (Kashi 7 Whole Grain Puffs),4,387.1,13.0,78.6,2.3,8.0,0.93,9
Cereal (Kashi Autumn Wheat),4,376.6,12.0,79.0,1.4,11.2,12.4,4
Cereal (Kashi GOLEAN),4,388.1,24.89,67.19,2.2,20.1,16.5,177
Cereal (Kashi GOLEAN Crunch),4,405.5,16.7,71.4,5.9,14.5,24.0,186
Cereal (Kashi GOLEAN Crunch Honey Almond Flax),4,423.9,16.79,66.9,9.9,15.0,22.2,268
Cereal (Kashi Heart to Heart Honey Toasted Oat),4,405.3,11.39,78.69,5.0,13.7,15.5,267
Cereal (General Mills Kix),4,393.2,7.69,82.82,3.46,8.8,9.76,596
Cereal (General Mills Honey Kix),4,392.7,6.4,83.0,3.9,8.3,18.2,582
Cereal (Kellogg's Krave),4,415.8,6.19,82.08,6.97,10.1,33.23,554
Cereal (Quaker Life),4,390.8,9.98,77.74,4.43,6.6,19.43,501
Cereal (General Mills Lucky Charms),1,399.4,7.67,80.89,5.02,5.0,36.13,648
"Cereal, frosted oat cereal with marshmallows",1,397.2,7.1,84.7,3.33,4.3,36.13,533
Cereal (Malt-O-Meal Blueberry Muffin Tops),4,381.1,9.09,81.81,1.94,10.9,20.0,18
Cereal (Malt-O-Meal Cinnamon Toasters),1,435.1,3.32,78.33,12.06,5.0,32.86,473
Cereal (Malt-O-Meal Coco-Roos),1,402.1,3.41,86.75,4.61,3.3,48.11,350
Cereal (Malt-O-Meal Colossal Crunch),1,388.4,3.64,81.59,5.28,1.7,42.5,806
Cereal (Malt-O-Meal Cocoa Dyno-Bites),1,399.2,4.15,87.93,3.43,1.1,43.15,534
Cereal (Malt-O-Meal Corn Bursts),1,378.8,3.32,90.59,0.35,1.9,46.88,855
Cereal (Malt-O-Meal Frosted Flakes),1,385.6,4.25,90.2,0.87,1.2,39.27,451
Cereal (Malt-O-Meal Fruity Dyno-Bites),1,404.4,3.9,90.1,3.15,1.0,42.6,630
Cereal (Malt-O-Meal Honey Graham Squares),1,390.4,5.3,85.1,3.2,5.6,35.0,772
Cereal (Malt-O-Meal Honey Nut Toasty O's),1,399.2,8.85,79.69,5.0,7.1,32.89,566
Cereal (Malt-O-Meal Marshmallow Mateys),1,390.6,6.94,82.77,3.53,4.9,40.91,667
Cereal (Malt-O-Meal Golden Puffs),1,396.6,5.7,88.5,2.2,5.0,56.2,142
Cereal (Malt-O-Meal Toasted Oat Cereal),4,401.8,12.4,73.2,6.6,10.1,4.5,497
Cereal (Malt-O-Meal Tootie Fruities),1,391.3,4.69,85.94,3.2,2.2,45.31,453
"Cereal, muesli",4,382.6,8.6,74.9,5.4,7.7,25.1,239
Cereal (General Mills Cheerios Multigrain),4,395.6,8.3,81.4,4.09,8.7,21.2,401
Cereal (Nature Valley Granola),4,438.0,9.96,73.75,11.46,9.4,22.2,103
Cereal (General Mills Cheerios Oat Cluster Crunch),4,398.2,8.5,80.7,4.6,7.0,27.9,489
Cereal (General Mills Cheerios Protein),4,399.7,12.39,76.13,5.07,7.3,29.48,477
Cereal (General Mills Oatmeal Crisp with Almonds),4,412.1,9.89,78.09,6.69,8.2,22.89,212
Cereal (Quaker Honey Graham Oh's),1,419.0,3.92,83.65,7.63,2.1,43.23,679
"Cereal (Quaker Granola with Oats, Honey, and Raisins)",4,438.0,9.96,73.75,11.46,9.4,22.2,103
Cereal (Nature's Path Organic Flax Plus),4,397.9,11.91,75.27,5.46,16.6,12.25,458
Cereal (Barbara's Puffins),4,398.9,7.41,84.0,3.7,18.5,18.52,704
Cereal (Quaker Toasted Oat Bran),4,395.1,12.38,74.9,5.11,10.2,16.34,365
Cereal (Quaker Oatmeal Squares),4,400.1,11.38,77.77,4.83,8.3,16.69,347
"Cereal, raisin bran",4,364.7,7.62,79.64,1.74,12.0,32.97,424
Cereal (Kellogg's Raisin Bran),4,364.5,7.72,77.29,2.72,11.4,31.3,356
Cereal (Kellogg's Raisin Bran Crunch),1,382.1,6.59,84.9,1.79,8.0,35.2,358
Cereal (Post Raisin Bran),4,360.4,7.6,78.9,1.6,13.7,32.9,382
Cereal (General Mills Raisin Nut Bran),4,400.5,8.19,80.0,5.3,12.2,28.5,440
Cereal (General Mills Reese's Puffs),1,429.5,6.8,75.6,11.1,4.7,35.3,555
Cereal (General Mills Chex Rice),5,383.0,6.4,85.09,1.89,2.0,8.0,809
"Cereal, rice flakes",5,383.0,6.69,86.22,1.26,0.7,12.12,545
Cereal (Kellogg's Rice Krispies),5,385.6,6.75,85.05,2.05,0.4,9.87,527
Cereal (Kellogg's Rice Krispies Treats Cereal),1,397.3,4.3,85.59,4.19,0.4,29.6,567
"Cereal, puffed rice",5,387.3,7.01,87.78,0.9,1.4,0.0,5
Cereal (Kellogg's Smart Start Strong),1,390.7,7.5,86.8,1.5,5.4,27.79,398
Cereal (Kellogg's Smorz),1,393.7,3.34,87.2,3.5,3.8,43.7,534
Cereal (Kellogg's Special K),5,380.9,17.79,73.4,1.79,1.4,12.69,667
Cereal (Kellogg's Special K Blueberry),4,386.3,6.9,86.3,1.5,8.6,26.7,481
Cereal (Kellogg's Special K Chocolatey Delight),4,416.5,6.5,81.2,7.3,10.6,29.9,582
Cereal (Kellogg's Special K Red Berries),4,385.2,6.3,87.09,1.29,8.5,29.7,619
Cereal (Kellogg's Special K Fruit & Yogurt),4,395.7,7.1,85.3,2.9,8.1,32.1,452
Cereal (Kellogg's Special K Vanilla Almond),4,399.2,7.8,83.0,4.0,9.6,29.2,559
Cereal (Kellogg's Special K Cinnamon Pecan),4,408.8,7.5,81.2,6.0,10.3,24.0,650
Cereal (Kellogg's Corn Pops),4,389.7,4.8,89.7,1.3,8.4,31.3,357
"Cereal, frosted corn flakes",1,385.6,4.25,90.2,0.87,1.2,39.27,451
Cereal (Kellogg's Frosted Flakes),1,387.8,3.96,89.2,1.68,2.2,35.43,468
Cereal (Post Golden Crisp),1,397.7,5.5,90.1,1.7,5.0,53.6,95
"Cereal, toasted oat",4,394.9,10.71,75.96,5.36,10.7,3.57,571
Cereal (General Mills Trix),1,398.5,4.9,86.19,3.79,3.9,32.0,500
Cereal (Uncle Sam),4,431.4,15.98,65.78,11.6,20.3,1.56,206
Cereal (General Mills Chex Wheat),4,384.2,9.8,82.2,1.8,12.2,10.3,570
"Wheat germ, plain",4,411.1,29.1,49.6,10.7,15.1,7.8,4
"Cereal, puffed wheat, plain",4,390.0,16.26,76.39,2.15,9.4,1.37,5
"Cereal, puffed wheat, sweetened",1,396.6,5.7,88.5,2.2,5.0,56.2,142
Cereal (Post Shredded Wheat),4,385.6,11.58,80.18,2.06,12.4,0.92,2
Cereal (General Mills Wheaties),4,387.1,8.3,83.3,2.3,10.1,15.2,732
"Wheat bran, unprocessed",4,358.5,15.55,64.51,4.25,42.8,0.41,2
"Oats, raw",4,382.1,13.15,67.7,6.52,10.1,0.99,6
"Oat bran, uncooked",4,397.3,17.3,66.22,7.03,15.4,1.45,4
"Barley cereal, baby food, dry, instant",4,389.8,13.2,69.4,6.6,6.6,13.2,33
"Mixed cereal, baby food, dry, instant",1,399.4,6.66,78.21,6.66,6.7,26.66,33
"Oatmeal cereal, baby food, dry, instant",4,395.1,10.99,73.48,6.36,7.3,11.67,21
"Rice cereal, baby food, dry, instant",5,378.9,6.65,83.14,2.19,1.3,4.85,32
"Rice cereal with apples, baby food, dry, instant",5,396.0,6.7,86.89,2.4,3.0,3.22,16
"Rice cereal with mixed fruits, baby food, dry, instant",5,388.5,6.6,88.5,0.9,2.6,1.35,2
"Rice cereal with bananas, baby food, dry, instant",1,392.2,8.7,79.9,4.2,1.0,16.7,0
"Brown rice cereal, baby food, dry, instant",4,405.7,8.7,85.98,3.0,6.5,0.72,12
"Mixed cereal with bananas, baby food, dry, instant",4,392.6,10.7,77.1,4.6,7.8,6.68,0
"Multigrain, whole grain cereal, baby food, dry, instant",1,407.0,6.67,80.06,6.67,6.7,26.67,33
"Oatmeal cereal with bananas, baby food, dry, instant",1,399.0,6.67,78.07,6.67,5.2,26.66,33
"Oatmeal cereal with fruit, baby food, dry, instant, toddler",4,401.8,10.5,74.1,7.05,7.8,11.09,0
"Whole wheat cereal with apples, baby food, dry, instant",1,402.4,6.6,83.2,4.8,6.7,26.66,66
"Cereal, baby food, jarred, NFS",0,74.9,0.89,15.82,0.89,0.9,8.85,4
"Rice cereal, baby food, jarred, NFS",0,76.8,1.2,17.1,0.4,1.0,2.24,4
"Mixed cereal with applesauce and bananas, baby food, jarred",0,81.8,0.71,18.58,0.51,1.0,11.1,5
"Oatmeal with applesauce and bananas, baby food, jarred",0,74.9,0.89,15.82,0.89,0.9,8.85,4
"Rice cereal with applesauce and bananas, baby food, jarred",0,76.8,1.2,17.1,0.4,1.0,2.24,4
"Rice cereal with mixed fruit, baby food, jarred",0,76.8,1.2,17.1,0.4,1.0,2.24,4
"Gerber Graduates Finger Snacks Cereal, baby food",1,421.4,6.4,76.68,9.9,2.3,28.0,0
"Burrito, taco, or quesadilla with egg",5,231.4,10.52,19.15,12.52,1.4,1.88,484
"Burrito, taco, or quesadilla with egg and potato",5,239.0,9.26,20.7,13.24,1.6,1.67,497
"Burrito, taco, or quesadilla with egg and breakfast meat",5,244.0,11.6,16.76,14.51,1.2,1.77,528
"Burrito, taco, or quesadilla with egg and breakfast meat, from fast food",5,277.0,11.1,22.97,15.63,1.2,2.57,744
"Burrito, taco, or quesadilla with egg, potato, and breakfast meat",5,249.0,10.33,18.46,14.87,1.4,1.6,534
"Burrito, taco, or quesadilla with egg, potato, and breakfast meat, from fast food",5,241.0,11.15,17.74,13.94,1.3,2.18,594
"Burrito, taco, or quesadilla with egg, beans, and breakfast meat",5,216.7,10.41,16.18,12.26,1.7,1.55,500
Burrito with meat,2,240.2,13.02,14.45,14.48,1.2,1.69,490
Burrito with meat and beans,5,215.7,11.06,16.85,11.56,2.0,1.68,514
"Burrito with meat and beans, from fast food",5,182.8,7.03,23.37,6.8,3.7,2.1,451
Burrito with meat and sour cream,2,234.9,11.51,13.05,15.18,1.1,1.94,425
"Burrito with meat, beans, and sour cream",5,213.8,9.86,15.16,12.64,1.7,1.92,447
"Burrito with meat, beans, and sour cream, from fast food",5,212.1,8.56,26.78,7.86,3.6,1.7,513
"Burrito with meat, beans, and rice",5,209.8,10.5,17.6,10.82,1.9,1.57,480
"Burrito with meat, beans, rice, and sour cream",5,208.8,9.45,15.9,11.93,1.6,1.81,421
Burrito with chicken,2,242.1,16.89,16.59,12.02,1.3,1.81,574
Burrito with chicken and beans,5,214.4,12.59,18.0,10.23,2.1,1.73,553
Burrito with chicken and sour cream,2,235.5,14.5,14.6,13.23,1.1,2.08,484
"Burrito with chicken, beans, and sour cream",5,212.7,11.08,16.01,11.59,1.8,1.98,475
"Burrito with chicken, beans, and rice",5,208.1,11.88,18.72,9.52,2.0,1.61,514
"Burrito with chicken, beans, rice, and sour cream",5,207.4,10.57,16.75,10.9,1.7,1.86,446
"Burrito with beans and rice, meatless",5,188.5,8.8,19.68,8.29,2.6,1.56,502
"Burrito with beans, meatless",5,192.8,9.22,19.1,8.83,2.7,1.66,536
"Burrito with beans, meatless, from fast food",5,208.8,7.35,31.23,6.05,4.2,1.73,563
"Burrito with beans, rice, and sour cream, meatless",5,190.2,7.99,17.76,9.69,2.2,1.8,442
"Chilaquiles, tortilla casserole with salsa, cheese, and egg",5,287.8,8.63,24.15,17.41,2.9,2.42,365
"Chilaquiles, tortilla casserole with salsa and cheese, no egg",5,299.8,7.71,28.34,17.29,3.5,2.78,380
"Enchilada, no sauce",0,144.1,9.15,10.59,7.24,2.4,2.05,261
"Enchilada with meat and beans, red-chile or enchilada sauce",0,127.7,6.57,12.17,5.86,2.8,1.99,271
"Enchilada with meat and beans, green-chile or enchilada sauce",0,150.4,6.93,13.67,7.56,2.6,1.98,222
"Enchilada with meat, red-chile or enchilada sauce",0,144.1,9.15,10.59,7.24,2.4,2.05,261
"Enchilada with meat, green-chile or enchilada sauce",0,170.0,9.73,12.11,9.18,2.1,2.04,207
"Enchilada with chicken and beans, red-chile or enchilada sauce",0,120.8,6.22,12.16,5.25,2.8,1.99,267
"Enchilada with chicken and beans, green-chile or enchilada sauce",0,143.0,6.56,13.66,6.9,2.6,1.98,217
"Enchilada with chicken, red-chile or enchilada sauce",0,129.1,8.4,10.58,5.91,2.4,2.05,252
"Enchilada with chicken, green-chile or enchilada sauce",0,153.8,8.93,12.09,7.75,2.1,2.04,197
"Enchilada with beans, meatless, red-chile or enchilada sauce",0,113.6,4.34,13.53,4.68,3.2,1.94,279
"Enchilada with beans, green-chile or enchilada sauce",0,133.7,4.54,15.0,6.17,3.1,1.92,234
"Enchilada, just cheese, meatless, no beans, red-chile or enchilada sauce",0,165.6,7.27,11.15,10.21,2.4,2.18,295
"Enchilada, just cheese, meatless, no beans, green-chile or enchilada sauce",0,193.9,7.73,12.75,12.44,2.2,2.17,242
Taco or tostada with meat,5,248.6,10.47,19.23,14.42,2.7,2.27,536
"Taco or tostada with meat, from fast food",5,229.1,8.86,19.85,12.7,3.9,0.9,397
Taco or tostada with meat and sour cream,5,245.4,9.42,17.33,15.38,2.3,2.48,469
Soft taco with meat,5,221.6,10.69,20.38,10.81,2.1,2.96,658
"Soft taco with meat, from fast food",5,205.7,9.25,20.23,9.75,2.9,1.57,560
Soft taco with meat and sour cream,5,222.0,9.73,18.54,12.1,1.9,3.06,582
"Soft taco with meat and sour cream, from fast food",5,199.6,8.73,19.04,9.83,2.6,1.45,517
Soft taco with chicken,5,222.2,12.52,21.24,9.69,2.0,2.32,648
"Soft taco with chicken, from fast food",2,189.1,13.3,19.69,6.35,1.2,1.3,613
Soft taco with chicken and sour cream,5,219.4,11.03,18.79,11.12,1.7,2.48,557
Taco or tostada with chicken,5,257.7,12.75,20.39,13.9,2.6,1.45,516
Taco or tostada with chicken and sour cream,5,248.3,11.01,17.73,14.82,2.2,1.78,434
Taco or tostada with fish,5,230.3,10.09,20.39,12.04,2.6,1.47,447
Soft taco with fish,5,199.0,10.24,21.23,8.12,2.0,2.33,589
Soft taco with beans,5,156.6,6.29,21.33,5.12,3.1,1.83,507
Soft taco with beans and sour cream,0,161.5,5.88,19.55,6.64,2.8,2.0,456
Soft taco with meat and beans,5,185.7,8.25,20.99,7.64,2.7,2.34,575
Soft taco with chicken and beans,5,183.3,8.82,21.29,6.98,2.6,2.03,564
"Soft taco with meat, beans, and sour cream",5,188.8,7.6,19.16,9.08,2.4,2.48,514
"Soft taco with chicken, beans, and sour cream",5,185.6,8.03,19.23,8.51,2.3,2.2,498
Taco or tostada with beans,5,172.4,5.74,20.79,7.36,3.7,1.21,405
Taco or tostada with beans and sour cream,0,176.0,5.36,18.9,8.77,3.2,1.47,361
Taco or tostada with meat and beans,5,206.2,7.82,20.2,10.46,3.2,1.68,464
"Taco or tostada with meat and beans, from fast food",5,216.7,8.51,19.28,11.73,3.9,0.87,395
Taco or tostada with chicken and beans,5,206.1,8.51,20.63,9.95,3.2,1.31,448
"Taco or tostada with meat, beans, and sour cream",5,207.0,7.16,18.27,11.7,2.8,1.92,409
"Taco or tostada with chicken, beans, and sour cream",5,205.6,7.67,18.42,11.25,2.8,1.6,391
Ground beef with tomato sauce and taco seasonings on a cornbread crust,5,193.3,9.57,20.49,8.12,2.6,7.02,542
"Mexican casserole made with ground beef, beans, tomato sauce, cheese, taco seasonings, and corn chips",5,237.0,13.3,17.44,12.67,3.1,1.13,328
"Mexican casserole made with ground beef, tomato sauce, cheese, taco seasonings, and corn chips",2,270.8,14.64,14.56,17.11,1.6,1.41,447
Taco or tostada salad with meat,0,179.6,7.49,16.4,9.34,2.9,1.8,328
Taco or tostada salad with chicken,0,168.6,7.86,16.21,8.04,2.8,1.78,322
"Taco or tostada salad, meatless",0,164.4,5.31,19.21,7.37,3.7,1.84,275
Taco or tostada salad with meat and sour cream,0,182.5,6.86,14.93,10.59,2.5,2.0,291
Taco or tostada salad with chicken and sour cream,0,172.8,7.19,14.78,9.44,2.5,1.98,286
"Taco or tostada salad, meatless with sour cream",0,169.3,4.95,17.37,8.89,3.3,2.04,244
Tamale with meat,5,216.9,8.63,14.8,13.69,1.2,0.4,462
Tamale with chicken,5,216.9,8.63,14.8,13.69,1.2,0.4,462
"Tamale, meatless, with sauce, Puerto Rican or Caribbean style",3,443.1,1.5,9.45,44.37,1.4,2.58,1116
"Tamale, plain, meatless, no sauce, Mexican style",5,185.5,3.48,26.68,7.21,3.2,7.42,277
Tamale casserole with meat,0,158.9,6.33,15.47,7.97,1.7,2.03,360
Nachos with cheese and sour cream,5,228.7,8.43,21.75,12.0,3.9,1.66,339
Nachos with cheese,5,350.4,4.32,34.91,21.5,3.2,2.17,313
Nachos with meat and cheese,5,237.9,13.52,17.8,12.51,3.3,1.05,385
Nachos with chicken and cheese,5,213.3,14.17,17.36,9.69,3.2,1.02,371
Nachos with chili,5,260.5,10.14,22.98,14.22,3.0,1.16,453
"Nachos with meat, cheese, and sour cream",5,215.0,5.96,20.09,12.31,3.4,1.5,324
"Nachos with chicken, cheese, and sour cream",5,212.3,13.11,16.2,10.56,2.9,1.24,340
"Gordita, sope, or chalupa with beans",5,187.9,6.03,23.62,7.7,3.4,1.66,434
"Gordita, sope, or chalupa with beans and sour cream",5,189.2,5.7,21.88,8.77,3.1,1.82,397
"Gordita, sope, or chalupa with meat and sour cream",5,249.7,9.0,21.93,14.0,2.5,2.7,496
"Gordita, sope, or chalupa with meat",5,252.5,9.71,23.84,13.14,2.7,2.58,549
"Gordita, sope, or chalupa with chicken and sour cream",5,245.0,9.83,21.99,13.08,2.3,2.15,460
"Gordita, sope, or chalupa with chicken",5,250.8,10.84,24.36,12.22,2.6,1.98,519
Chimichanga with meat,5,245.9,8.82,26.66,11.55,2.9,2.64,636
"Chimichanga, meatless",5,201.0,6.58,24.92,8.33,3.1,2.03,535
Chimichanga with chicken,5,256.1,9.74,28.28,11.56,3.0,2.48,653
Chimichanga with meat and sour cream,5,282.4,8.95,27.12,15.35,2.3,3.34,621
"Chimichanga, meatless, with sour cream",5,201.1,6.19,23.02,9.36,2.8,2.16,488
Chimichanga with chicken and sour cream,5,252.6,8.98,25.79,12.61,2.7,2.62,615
"Quesadilla, just cheese, meatless",5,343.1,12.74,32.48,18.02,2.3,2.56,680
"Quesadilla, just cheese, from fast food",5,345.6,13.4,29.74,19.23,2.1,2.4,669
Quesadilla with meat,5,325.4,14.49,29.02,16.82,2.0,2.29,649
Quesadilla with chicken,5,323.9,14.24,29.0,16.77,2.0,2.28,645
"Quesadilla with chicken, from fast food",5,293.6,15.05,24.04,15.25,1.7,1.88,745
Quesadilla with vegetables,5,307.0,11.42,29.37,15.98,2.2,2.67,603
Quesadilla with vegetables and meat,5,316.0,12.94,29.18,16.39,2.1,2.48,626
Quesadilla with vegetables and chicken,5,315.2,12.82,29.17,16.36,2.1,2.48,623
Taquito or flauta with cheese,5,276.8,10.52,33.09,11.37,4.6,0.73,212
Taquito or flauta with meat,5,286.5,9.4,33.46,12.79,2.8,1.66,456
Taquito or flauta with meat and cheese,5,286.5,9.4,33.46,12.79,2.8,1.66,456
Taquito or flauta with chicken,5,284.2,9.21,33.63,12.54,2.9,1.3,453
Taquito or flauta with chicken and cheese,5,284.2,9.21,33.63,12.54,2.9,1.3,453
Taquito or flauta with egg,5,265.4,10.61,27.02,12.77,2.0,2.33,576
Taquito or flauta with egg and breakfast meat,5,276.2,11.9,25.62,14.01,1.8,2.2,637
Fajita with chicken and vegetables,0,162.7,9.67,14.73,7.23,1.5,2.76,426
Fajita with meat and vegetables,0,164.2,10.36,14.73,7.09,1.5,2.76,351
Fajita with vegetables,0,163.5,5.44,15.84,8.71,1.8,3.43,401
"Pupusa, cheese-filled",5,255.7,11.72,22.39,13.25,2.9,1.2,400
"Pupusa, bean-filled",0,170.3,5.55,28.44,3.82,3.0,0.74,204
"Pupusa, meat-filled",5,232.0,11.51,23.02,10.43,2.6,1.45,426
"Pizza, cheese, from frozen, thin crust",5,262.5,11.91,28.8,11.07,3.0,3.71,471
"Pizza, cheese, from frozen, thick crust",5,260.1,12.37,32.91,8.78,2.5,5.09,556
"Pizza, cheese, from restaurant or fast food, NS as to type of crust",5,266.1,11.39,33.33,9.69,2.3,3.58,598
"Pizza, cheese, from restaurant or fast food, thin crust",5,301.8,12.85,31.2,13.95,2.5,3.61,742
"Pizza, cheese, from restaurant or fast food, medium crust",5,266.1,11.39,33.33,9.69,2.3,3.58,598
"Pizza, cheese, from restaurant or fast food, thick crust",5,270.8,10.81,33.17,10.54,2.2,3.34,597
"Pizza, cheese, stuffed crust",5,273.6,12.23,30.0,11.63,1.7,2.9,615
"Pizza, cheese, from school lunch, medium crust",5,250.8,13.67,29.7,8.59,3.4,6.07,421
"Pizza, cheese, from school lunch, thin crust",5,247.3,12.72,31.31,7.91,4.0,7.12,421
"Pizza, cheese, from school lunch, thick crust",5,254.2,14.62,28.08,9.27,2.9,5.02,421
"Pizza, extra cheese, thin crust",5,301.4,13.46,29.7,14.31,2.4,3.51,740
"Pizza, extra cheese, thick crust",5,272.0,11.41,31.83,11.0,2.1,3.27,602
"Pizza, cheese, with vegetables, from frozen, thin crust",5,240.3,9.24,26.51,10.81,2.1,3.62,393
"Pizza, cheese with vegetables, from frozen, thick crust",5,245.8,11.64,31.31,8.22,2.4,5.02,520
"Pizza, cheese, with vegetables, from restaurant or fast food, thin crust",5,265.2,11.22,28.02,12.03,2.3,3.66,639
"Pizza, cheese, with vegetables, from restaurant or fast food, medium crust",5,242.3,10.31,30.71,8.69,2.2,3.62,535
"Pizza, cheese, with vegetables, from restaurant or fast food, thick crust",5,245.2,9.74,30.43,9.39,2.1,3.41,531
"Pizza with cheese and extra vegetables, thin crust",5,234.2,9.63,24.45,10.87,2.2,3.32,586
"Pizza with cheese and extra vegetables, medium crust",5,221.4,9.21,27.63,8.23,2.1,3.36,509
"Pizza with cheese and extra vegetables, thick crust",5,240.8,9.46,29.45,9.46,2.1,3.23,538
"Pizza, cheese, with fruit, thin crust",5,259.3,10.73,28.08,11.56,2.3,4.69,614
"Pizza, cheese, with fruit, medium crust",5,238.6,9.97,30.68,8.44,2.2,4.4,520
"Pizza, cheese, with fruit, thick crust",5,245.0,9.58,30.77,9.29,2.1,4.12,526
"Pizza with pepperoni, from frozen, thin crust",5,273.5,12.25,27.52,12.71,2.9,3.54,523
"Pizza with pepperoni, from frozen, medium crust",5,270.9,12.43,29.68,11.38,2.6,4.23,557
"Pizza with pepperoni, from frozen, thick crust",5,268.2,12.6,31.83,10.05,2.4,4.92,591
"Pizza with pepperoni, from restaurant or fast food, NS as to type of crust",5,282.1,11.74,31.98,11.91,2.3,3.26,685
"Pizza with pepperoni, from restaurant or fast food, thin crust",5,330.5,14.01,29.0,17.61,2.3,3.22,875
"Pizza with pepperoni, from restaurant or fast food,  medium crust",5,282.1,11.74,31.98,11.91,2.3,3.26,685
"Pizza with pepperoni, from restaurant or fast food, thick crust",5,286.5,11.49,31.84,12.58,2.2,2.93,684
"Pizza with pepperoni, stuffed crust",5,295.5,12.92,27.19,15.01,1.5,2.62,709
"Pizza with pepperoni, from school lunch, thin crust",5,253.7,12.78,31.24,8.62,4.3,7.62,495
"Pizza, with pepperoni, from school lunch, medium crust",5,256.3,13.56,29.77,9.22,4.3,5.82,484
"Pizza with pepperoni, from school lunch, thick crust",5,259.0,14.35,28.3,9.82,4.3,4.03,474
"Pizza with meat other than pepperoni, from frozen, thin crust",5,266.2,12.34,26.98,12.1,2.8,3.56,491
"Pizza with meat other than pepperoni, from frozen, medium crust",5,264.6,12.5,29.18,10.88,2.6,4.23,529
"Pizza with meat other than pepperoni, from frozen, thick crust",5,263.0,12.66,31.37,9.65,2.4,4.91,566
"Pizza with meat other than pepperoni, from restaurant or fast food, NS as to type of crust",5,279.6,11.5,30.62,12.35,2.3,3.32,633
"Pizza with meat other than pepperoni, from restaurant or fast food, thin crust",5,320.8,13.36,27.0,17.71,2.5,3.02,782
"Pizza with meat other than pepperoni, from restaurant or fast food, medium crust",5,279.6,11.5,30.62,12.35,2.3,3.32,633
"Pizza with meat other than pepperoni, from restaurant or fast food, thick crust",5,282.1,11.06,30.36,12.94,2.3,2.82,637
"Pizza, with meat other than pepperoni, stuffed crust",5,277.8,12.81,27.28,13.05,1.5,2.76,630
"Pizza, with meat other than pepperoni, from school lunch, medium crust",5,253.4,12.94,31.41,8.45,4.0,5.62,445
"Pizza, with meat other than pepperoni, from school lunch, thin crust",5,250.0,12.63,32.24,7.83,3.9,7.53,457
"Pizza, with meat other than pepperoni, from school lunch, thick crust",5,257.0,13.26,30.58,9.07,4.0,3.72,433
"Pizza with extra meat, thin crust",5,301.8,15.77,22.71,16.43,1.8,2.7,728
"Pizza with extra meat, medium crust",5,273.5,13.85,26.62,12.4,1.8,2.92,617
"Pizza with extra meat, thick crust",5,277.1,13.33,26.64,13.02,1.8,2.74,616
"Pizza with meat and vegetables, from frozen, thin crust",5,275.6,11.28,25.14,14.43,2.2,4.85,555
"Pizza with meat and vegetables, from frozen, medium crust",5,275.6,11.28,25.14,14.43,2.2,4.85,555
"Pizza with meat and vegetables, from frozen, thick crust",5,271.4,12.63,28.78,11.75,2.3,7.26,640
"Pizza with meat and vegetables, from restaurant or fast food, thin crust",5,268.8,12.66,24.99,13.13,2.1,3.31,618
"Pizza with meat and vegetables, from restaurant or fast food, medium crust",5,243.7,11.02,25.38,10.9,2.2,3.73,589
"Pizza with meat and vegetables, from restaurant or fast food, thick crust",5,259.0,10.94,30.11,10.53,2.0,3.23,556
"Pizza with extra meat and extra vegetables, thin crust",5,246.5,12.42,22.19,12.01,2.0,2.96,587
"Pizza with extra meat and extra vegetables, thick crust",5,239.2,10.98,26.38,9.97,1.9,2.94,522
"Pizza with extra meat and extra vegetables, medium crust",5,233.1,11.43,25.94,9.29,2.0,3.09,517
"Pizza with meat and fruit, thin crust",5,252.7,11.98,25.29,11.51,2.0,3.94,716
"Pizza with meat and fruit, medium crust",5,233.6,10.98,28.11,8.58,2.0,3.85,606
"Pizza with meat and fruit, thick crust",5,244.3,10.58,29.06,9.53,2.0,3.6,604
"Pizza with beans and vegetables, thin crust",5,228.2,10.27,25.45,9.48,3.3,2.99,536
"Pizza with beans and vegetables, thick crust",5,226.0,9.46,28.64,8.18,2.8,2.97,485
"Pizza, no cheese, thin crust",5,273.8,7.3,30.68,13.54,1.8,5.03,551
"Pizza, no cheese, thick crust",5,289.6,7.36,37.88,12.07,1.9,5.47,514
"White pizza, cheese, thin crust",5,283.2,12.4,27.63,13.67,1.1,2.97,521
"White pizza, cheese, thick crust",5,277.3,11.8,31.86,11.41,1.3,3.32,541
"White pizza, cheese, with vegetables, thin crust",5,240.2,10.13,23.63,11.69,1.2,2.9,466
"White pizza, cheese, with vegetables, thick crust",5,242.7,10.02,27.85,10.14,1.3,3.21,492
"White pizza, cheese, with meat, thin crust",5,301.7,13.55,22.81,17.36,0.9,2.59,622
"White pizza, cheese, with meat, thick crust",5,293.6,12.84,27.24,14.81,1.1,2.95,621
"White pizza, cheese, with meat and vegetables, thin crust",5,270.6,12.07,21.1,15.32,1.0,2.75,548
"White pizza, cheese, with meat and vegetables, thick crust",5,268.1,11.66,25.34,13.34,1.1,3.06,559
"Calzone, with cheese, meatless",5,387.2,17.41,29.15,22.33,1.3,0.37,672
"Calzone, with meat and cheese",5,339.7,14.64,30.93,17.49,1.4,0.6,435
Pizza rolls,5,344.8,9.19,53.39,10.5,1.3,3.94,631
"Pizza, cheese, whole wheat thin crust",5,273.0,11.77,28.62,12.38,3.5,3.59,543
"Pizza, cheese, whole wheat thick crust",5,271.0,11.4,32.96,10.4,3.9,3.75,548
"Pizza, with meat, whole wheat thin crust",5,293.7,13.05,23.58,16.35,2.9,3.09,641
"Pizza, with meat, whole wheat thick crust",5,288.4,12.51,28.13,13.98,3.3,3.31,628
"Pizza, cheese and vegetables, whole wheat thin crust",5,231.8,9.61,24.39,10.64,3.1,3.4,483
"Pizza, cheese and vegetables, whole wheat thick crust",5,237.2,9.67,28.74,9.29,3.5,3.56,498
"Pizza, cheese, gluten-free thin crust",5,263.6,8.73,26.53,13.62,2.5,3.2,485
"Pizza, cheese, gluten-free thick crust",5,260.3,7.81,30.54,11.88,2.9,3.27,477
"Pizza, with meat, gluten-free thin crust",5,286.1,10.58,21.88,17.36,2.1,2.78,594
"Pizza, with meat, gluten-free thick crust",5,279.4,9.48,26.09,15.23,2.5,2.91,568
"Pizza, cheese and vegetables, gluten-free thin crust",5,224.4,7.18,22.72,11.64,2.3,3.09,437
"Pizza, cheese and vegetables, gluten-free thick crust",5,228.3,6.68,26.72,10.52,2.7,3.17,439
Breakfast pizza with egg,5,288.6,14.05,25.6,14.44,1.1,2.88,596
"Egg roll, meatless",5,269.8,5.62,30.02,14.14,2.3,5.63,463
"Egg roll, with shrimp",5,269.8,5.62,30.02,14.14,2.3,5.63,463
"Egg roll, with beef and/or pork",5,278.0,9.39,27.87,14.33,2.0,5.03,385
"Egg roll, with chicken or turkey",5,253.7,9.86,26.96,11.82,2.3,5.26,452
"Roll with meat and/or shrimp, vegetables and rice paper, not fried",0,114.3,5.53,17.12,2.63,2.1,3.91,389
"Wonton, fried, filled with meat, poultry, or seafood,",5,191.4,8.76,14.05,11.13,1.5,2.92,467
"Wonton, fried, meatless",5,191.4,8.76,14.05,11.13,1.5,2.92,467
"Wonton, fried, filled with meat, poultry, or seafood, and vegetable",5,191.4,8.76,14.05,11.13,1.5,2.92,467
"Puffs, fried, crab meat and cream cheese filled",5,314.5,9.32,35.05,15.22,1.2,3.56,823
"Dumpling, steamed, filled with meat, poultry, or seafood",0,113.3,6.9,11.07,4.6,1.2,2.3,368
"Tamale casserole, Puerto Rican style",0,159.0,6.91,10.83,9.78,1.5,2.03,274
"Tamal in a leaf, Puerto Rican style",0,157.6,9.41,11.46,8.24,1.5,5.51,289
"Taco with crab meat, Puerto Rican style",2,218.2,12.06,16.54,11.53,1.2,1.17,718
"Meat turnover, Puerto Rican style",5,254.4,11.89,21.62,13.37,1.1,1.62,354
"Empanada, Mexican turnover, filled with cheese and vegetables",5,321.9,8.61,34.67,16.53,1.6,5.53,501
"Empanada, Mexican turnover, filled with meat and vegetables",5,335.3,11.31,31.19,18.37,2.0,1.84,440
"Empanada, Mexican turnover, filled with chicken and vegetables",5,287.0,9.64,33.49,12.72,1.6,5.21,458
"Meat pie, Puerto Rican style",5,464.2,15.81,25.54,33.2,1.1,0.52,1159
"Cheese turnover, Puerto Rican style",5,414.1,9.84,36.92,25.23,1.3,0.2,762
"Cornmeal fritter, Puerto Rican style",5,267.2,6.76,20.76,17.46,1.0,0.52,563
"Cornmeal stick, Puerto Rican style",5,409.9,6.92,48.38,20.97,2.4,1.03,414
"Kibby, Puerto Rican style",5,171.8,8.76,17.99,7.2,3.1,0.8,558
"Codfish fritter, Puerto Rican style",5,273.7,15.3,35.98,7.62,1.3,0.14,190
"Hayacas, Puerto Rican style",0,158.2,5.83,9.36,10.83,1.1,3.38,176
"Cornmeal coconut dessert, Puerto Rican style",5,306.8,2.82,27.66,20.54,2.3,16.3,219
"Crepe, filled with meat, poultry, or seafood, with sauce",2,171.6,12.85,7.67,9.95,0.3,1.62,385
"Crepe, filled with meat, poultry, or seafood, no sauce",2,199.1,13.78,11.12,11.06,0.8,2.05,410
"Dumpling, meat-filled",5,355.3,12.49,25.26,22.7,0.9,0.13,452
"Dumpling, potato- or cheese-filled",5,194.9,5.26,29.64,6.14,0.9,1.75,474
"Dumpling, vegetable",0,162.1,5.15,26.75,3.83,1.5,0.63,471
"Gnocchi, cheese",0,177.7,8.48,9.27,11.86,0.2,0.16,265
"Gnocchi, potato",0,133.3,2.37,17.08,6.17,1.0,0.95,288
"Kishke, stuffed derma",5,456.5,4.72,35.1,33.02,1.6,1.1,401
"Knish, potato",5,348.5,7.59,33.81,20.32,1.5,0.62,365
"Knish, cheese",5,340.2,10.16,31.11,19.46,1.1,1.02,437
"Knish, meat",5,346.6,13.12,25.65,21.28,1.1,0.74,421
"Sweet bread dough, filled with meat, steamed",5,267.7,10.94,39.38,7.38,1.2,5.86,354
"Sweet bread dough, filled with bean paste, meatless, steamed",5,267.3,6.56,53.98,2.79,3.4,22.28,268
"Pastry, cheese-filled",5,271.2,8.28,14.93,19.82,0.4,1.72,563
"Pastry, egg and cheese filled",5,342.6,8.1,43.37,15.19,1.6,6.12,229
"Pastry, meat / poultry-filled",5,337.3,11.27,30.63,18.86,1.1,4.59,407
Spanakopitta,5,209.4,7.51,10.5,15.26,1.3,0.4,405
"Pastry, filled with potatoes and peas, fried",5,305.4,4.66,30.84,18.16,1.8,1.32,807
"Quiche with meat, poultry or fish",2,386.5,15.8,11.76,30.7,0.7,1.94,575
"Spinach quiche, meatless",5,300.4,10.55,11.61,23.53,1.2,1.91,313
"Cheese quiche, meatless",5,366.2,12.26,13.33,29.32,0.8,2.25,366
Turnover filled with ground beef and cabbage,5,234.7,10.29,29.83,8.25,1.8,1.06,262
"Turnover, meat-filled, no gravy",5,367.1,12.83,26.07,23.5,1.0,0.12,445
"Turnover, meat-filled, with gravy",5,246.0,9.3,17.81,15.29,0.7,0.16,518
"Turnover, meat- and cheese-filled, no gravy",5,241.1,9.16,30.55,9.14,1.5,7.6,386
"Turnover, meat- and bean-filled, no gravy",5,343.7,12.45,25.83,21.17,1.6,0.14,400
"Turnover, meat- and cheese-filled, tomato-based sauce",5,252.1,9.32,30.68,10.23,2.2,7.73,378
"Turnover, cheese-filled, tomato-based sauce",5,270.3,11.77,31.37,10.86,1.8,9.05,687
"Turnover filled with meat and vegetable, no potatoes, no gravy",5,303.0,10.66,22.85,18.77,1.3,0.93,362
"Turnover, meat-, potato-, and vegetable-filled, no gravy",5,290.2,9.96,22.81,17.68,1.2,0.92,339
"Turnover, chicken- or turkey-, and cheese-filled, no gravy",5,234.6,8.9,30.4,8.6,1.1,7.6,346
"Turnover, chicken- or turkey-, and vegetable-filled, lower in fat",0,168.0,7.87,21.74,5.51,3.1,3.94,276
"Turnover, meat- and cheese-filled, lower in fat",5,230.0,10.28,32.52,6.53,1.7,7.6,423
"Turnover, meat- and cheese-filled, tomato-based sauce, lower in fat",5,215.0,9.45,31.89,5.51,0.8,3.94,378
"Turnover, filled with egg, meat and cheese",5,227.6,7.87,20.67,12.6,0.8,7.87,378
"Turnover, filled with egg, meat, and cheese, lower in fat",5,230.0,10.28,32.52,6.53,1.7,7.6,423
Vegetables in pastry,5,317.1,6.55,21.1,22.94,3.1,2.63,139
Vegetables and cheese in pastry,5,324.5,7.89,19.61,23.83,2.8,2.45,180
"Croissant sandwich, filled with broccoli and cheese",5,270.0,7.1,25.92,15.32,1.2,4.58,453
"Croissant sandwich, filled with ham and cheese",5,294.0,11.64,23.44,17.07,0.7,3.88,737
Croissant sandwich with sausage and egg,5,328.8,12.66,21.29,21.44,1.2,5.75,451
Croissant sandwich with bacon and egg,5,326.4,13.46,22.09,20.47,1.2,5.87,442
"Croissant sandwich with ham, egg, and cheese",5,260.3,12.45,18.98,14.95,0.9,5.42,711
"Croissant sandwich with sausage, egg, and cheese",5,308.0,12.09,15.9,21.78,1.8,3.12,577
"Croissant sandwich with bacon, egg, and cheese",5,289.3,12.92,22.5,16.4,1.0,4.8,602
"Vegetable submarine sandwich, with fat free spread",0,125.2,3.88,22.98,1.97,1.5,5.37,386
"Vegetable submarine sandwich, with spread",0,186.4,3.78,18.96,10.61,1.3,3.71,361
Biscuit with gravy,5,224.8,6.17,17.02,14.67,0.8,3.88,451
Chicken cornbread,2,165.9,13.81,9.34,8.14,0.4,0.27,460
Cornmeal dressing with chicken or turkey and vegetables,5,236.2,7.58,19.15,14.36,1.2,3.48,560
Dressing with oysters,5,190.1,4.96,18.37,10.75,1.2,2.62,510
Dressing with chicken or turkey and vegetables,5,217.2,8.22,20.94,11.17,1.4,2.72,518
Dressing with meat and vegetables,5,244.2,7.96,20.33,14.56,1.3,2.96,643
Lasagna with meat,0,139.2,7.45,16.17,4.97,1.6,3.33,390
"Lasagna with meat, canned",0,96.7,3.24,13.26,3.41,1.5,1.97,283
"Lasagna with meat, from restaurant",2,185.0,10.83,11.36,10.69,1.5,3.15,466
"Lasagna with meat, home recipe",2,205.1,13.63,13.1,10.91,1.1,1.48,418
"Lasagna with meat, frozen",0,123.9,6.63,14.39,4.42,1.4,2.96,347
Lasagna with meat and spinach,2,205.4,13.33,13.8,10.77,1.1,2.16,413
Lasagna with chicken or turkey,2,204.3,13.74,14.02,10.36,1.0,2.2,387
"Lasagna, with chicken or turkey, and spinach",2,200.4,13.51,13.8,10.13,1.1,2.16,381
"Lasagna, meatless",0,129.5,6.54,13.84,5.33,1.7,4.23,284
"Lasagna, meatless, with vegetables",2,187.2,11.17,14.56,9.36,1.2,2.43,383
"Ravioli, NS as to filling, no sauce",0,180.2,10.18,19.66,6.76,0.7,0.24,288
"Ravioli, NS as to filling, with tomato sauce",0,137.1,6.85,14.47,5.76,0.9,1.48,396
"Ravioli, NS as to filling, with cream sauce",0,166.0,8.04,15.04,8.19,0.5,1.71,237
"Ravioli, meat-filled, no sauce",2,184.8,12.49,17.44,7.23,0.6,0.23,777
"Ravioli, meat-filled, with tomato sauce or meat sauce",0,147.0,8.68,14.29,6.13,1.0,1.75,598
"Ravioli, meat-filled, with tomato sauce or meat sauce, canned",0,96.7,3.24,13.26,3.41,1.5,1.97,283
"Ravioli, meat-filled, with cream sauce",2,172.1,10.08,13.52,8.63,0.4,1.61,581
"Ravioli, cheese-filled, no sauce",5,169.3,7.26,21.55,6.01,0.7,0.24,648
"Ravioli, cheese-filled, with tomato sauce",0,97.5,3.98,15.22,2.3,1.2,3.6,246
"Ravioli, cheese-filled, with tomato sauce, canned",0,77.5,2.48,13.64,1.45,1.3,3.72,306
"Ravioli, cheese-filled, with meat sauce",0,136.0,6.29,14.21,6.0,0.8,1.39,600
"Ravioli, cheese-filled, with cream sauce",0,157.6,5.97,16.1,7.7,0.5,1.75,476
"Ravioli, cheese and spinach-filled, no sauce",0,147.4,6.48,20.85,4.23,1.1,0.28,523
"Ravioli, cheese and spinach-filled, with cream sauce",0,143.1,5.46,15.7,6.5,0.8,1.76,395
"Ravioli, cheese and spinach filled, with tomato sauce",0,116.2,5.09,16.84,3.16,1.3,1.35,532
"Manicotti, cheese-filled, no sauce",5,204.0,10.3,20.17,9.13,0.6,0.52,445
"Manicotti, cheese-filled, with tomato sauce, meatless",0,152.6,7.56,16.03,6.47,0.9,1.67,437
"Manicotti, cheese-filled, with meat sauce",0,159.3,8.76,14.96,7.16,0.8,1.55,434
"Manicotti, vegetable- and cheese-filled, with tomato sauce, meatless",0,134.0,6.35,15.82,5.04,1.1,1.64,393
"Stuffed shells, cheese-filled, no sauce",5,201.9,9.82,21.94,8.32,0.7,0.55,431
"Stuffed shells, cheese-filled, with tomato sauce, meatless",0,145.2,6.93,16.7,5.63,0.9,1.78,423
"Stuffed shells, cheese-filled, with meat sauce",0,157.2,8.39,16.47,6.42,1.0,1.99,303
"Stuffed shells, cheese- and spinach- filled, no sauce",5,184.4,9.43,22.29,6.39,1.1,0.35,435
"Stuffed shells, with chicken, with tomato sauce",0,136.3,10.68,16.12,3.23,1.1,2.09,279
"Stuffed shells, with fish and/or shellfish, with tomato sauce",0,115.2,8.72,16.0,1.81,1.1,2.08,329
"Tortellini, meat-filled, with tomato sauce",0,133.9,6.43,15.83,4.98,1.0,1.27,618
"Tortellini, meat-filled, with tomato sauce, canned",0,90.9,3.24,15.82,1.63,1.4,2.36,298
"Tortellini, cheese-filled, meatless, with tomato sauce",0,149.6,6.18,23.0,3.65,1.6,2.96,279
"Tortellini, cheese-filled, meatless, with tomato sauce, canned",0,91.3,3.48,15.98,1.5,0.8,1.74,305
"Tortellini, cheese-filled, meatless, with vinaigrette dressing",5,191.1,6.12,18.6,10.25,0.6,0.58,640
"Tortellini, meat-filled, no sauce",2,187.0,12.02,17.78,7.53,0.6,0.21,436
"Tortellini, cheese-filled, with cream sauce",0,149.9,5.73,16.54,6.76,0.5,1.64,579
"Tortellini, cheese-filled, no sauce",5,236.2,10.38,36.15,5.56,1.5,0.73,156
"Tortellini, spinach-filled, with tomato sauce",0,121.9,4.49,16.21,4.34,1.2,1.31,593
"Tortellini, spinach-filled, no sauce",0,184.5,8.82,21.19,7.16,0.9,0.29,201
"Cannelloni, cheese- and spinach-filled, no sauce",0,155.5,6.2,18.42,6.34,1.2,0.76,612
Chow fun noodles with meat and vegetables,0,99.1,7.09,11.51,2.74,0.9,1.1,162
"Chow fun noodles with vegetables, meatless",0,72.8,1.56,14.46,0.97,1.1,1.39,189
"Lo mein, NFS",0,120.9,4.77,20.16,2.35,1.3,2.63,430
"Lo mein, meatless",0,120.9,4.77,20.16,2.35,1.3,2.63,430
"Lo mein, with shrimp",0,119.1,8.56,16.24,2.21,1.0,2.08,363
"Lo mein, with pork",0,136.8,9.48,16.18,3.79,1.0,2.11,357
"Lo mein, with beef",0,128.6,9.73,16.18,2.77,1.0,2.11,358
"Lo mein, with chicken",0,129.5,9.15,16.15,3.15,1.0,2.11,413
"Pad Thai, NFS",0,157.3,8.14,14.37,7.47,1.2,4.08,385
"Pad Thai, meatless",0,171.2,5.8,16.36,9.17,1.8,4.66,345
Pad Thai with chicken,0,157.3,8.14,14.37,7.47,1.2,4.08,385
Pad Thai with seafood,0,148.6,6.84,15.06,6.78,1.2,4.21,350
Pad Thai with meat,0,162.7,8.19,14.74,7.89,1.2,4.18,337
"Adobo, with noodles",2,169.1,16.89,8.16,7.66,0.4,0.03,510
"Spaghetti with corned beef, Puerto Rican style",2,251.3,12.88,17.22,14.54,1.1,0.85,433
"Macaroni with tuna, Puerto Rican style",0,145.3,7.7,18.12,4.67,0.9,2.15,359
Macaroni or noodles with cheese,5,220.7,8.68,23.08,10.41,1.2,2.43,362
"Macaroni or noodles with cheese, from restaurant",0,151.4,5.42,18.8,6.06,1.1,3.09,361
"Macaroni or noodles with cheese, made from packaged mix",0,179.0,4.64,22.17,7.97,1.0,3.42,167
"Macaroni or noodles with cheese, canned",0,81.7,3.38,11.52,2.46,0.5,0.5,302
"Macaroni or noodles with cheese, Easy Mac type",0,110.2,3.26,20.1,1.86,0.5,2.33,259
"Macaroni or noodles with cheese, made from reduced fat packaged mix",0,130.3,4.57,17.28,4.77,0.6,2.1,175
Macaroni or noodles with cheese and tuna,0,163.9,7.59,18.23,6.73,0.8,2.81,181
Macaroni or noodles with cheese and meat,2,207.8,11.79,15.14,11.12,0.7,2.34,248
"Macaroni or noodles with cheese and meat, prepared from Hamburger Helper mix",0,141.9,8.24,10.29,7.53,0.3,2.33,284
Macaroni or noodles with cheese and tomato,0,149.0,3.94,18.73,6.48,1.1,3.33,136
Macaroni or noodles with cheese and frankfurters or hot dogs,5,212.5,6.29,18.74,12.49,0.8,3.07,313
Macaroni or noodles with cheese and egg,0,184.1,5.94,18.96,9.39,0.8,2.97,183
Macaroni or noodles with cheese and chicken or turkey,0,177.4,12.53,14.82,7.56,0.7,2.29,233
"Macaroni or noodles with cheese, whole grain",5,223.0,8.77,22.7,10.79,2.2,2.52,363
"Pasta with tomato-based sauce, cheese and meat",0,145.9,7.54,13.25,6.97,0.8,1.3,328
Pasta with tomato-based sauce and cheese,0,118.4,3.74,14.98,4.83,1.7,3.54,403
"Pasta with vegetables, no sauce or dressing",0,142.4,4.49,23.14,3.54,2.3,1.27,148
"Pasta with sauce, NFS",0,123.3,5.86,19.15,2.58,1.6,2.44,200
"Pasta with sauce, meatless, school lunch",0,107.3,3.78,19.44,1.6,2.9,3.03,88
"Pasta with tomato-based sauce, restaurant",0,159.0,3.41,18.41,7.97,1.7,2.72,387
"Pasta with tomato-based sauce, home recipe",0,105.1,3.69,19.88,1.2,1.8,2.94,202
"Pasta with tomato-based sauce, ready-to-heat",0,119.0,3.61,19.44,2.98,1.8,2.88,338
"Pasta with tomato-based sauce, and added vegetables, restaurant",0,156.8,3.42,18.13,7.85,1.7,2.48,343
"Pasta with tomato-based sauce, and added vegetables, home recipe",0,102.7,3.69,19.58,1.07,1.8,2.67,155
"Pasta with tomato-based sauce, and added vegetables, ready-to-heat",0,116.8,3.61,19.15,2.86,1.8,2.62,292
"Pasta with sauce and meat, from school lunch",0,121.9,5.95,17.5,3.12,2.6,2.73,119
"Pasta with tomato-based sauce and meat, restaurant",0,175.9,5.43,17.74,9.25,1.5,2.26,385
"Pasta with tomato-based sauce and meat, home recipe",0,123.3,5.86,19.15,2.58,1.6,2.44,200
"Pasta with tomato-based sauce and meat, ready-to-heat",0,137.0,5.74,18.74,4.34,1.6,2.39,336
"Pasta with tomato-based sauce, meat, and added vegetables, restaurant",0,174.2,5.44,17.51,9.15,1.5,2.06,349
"Pasta with tomato-based sauce, meat, and added vegetables, home recipe",0,121.4,5.87,18.91,2.48,1.6,2.23,162
"Pasta with tomato-based sauce, meat, and added vegetables, ready-to-heat",0,135.0,5.74,18.5,4.23,1.6,2.18,299
"Pasta with tomato-based sauce and poultry, restaurant",0,169.1,5.6,17.74,8.42,1.5,2.26,382
"Pasta with tomato-based sauce and poultry, home recipe",0,116.0,6.05,19.15,1.69,1.6,2.44,197
"Pasta with tomato-based sauce and poultry, ready-to-heat",0,129.8,5.92,18.74,3.46,1.6,2.39,333
"Pasta with tomato-based sauce, poultry, and added vegetables, restaurant",0,167.4,5.61,17.51,8.33,1.5,2.06,346
"Pasta with tomato-based sauce, poultry, and added vegetables, home recipe",0,114.1,6.05,18.91,1.58,1.6,2.23,159
"Pasta with tomato-based sauce, poultry, and added vegetables, ready-to-heat",0,127.9,5.92,18.5,3.36,1.6,2.18,296
"Pasta with tomato-based sauce and seafood, restaurant",0,164.3,5.16,17.98,7.97,1.5,2.26,393
"Pasta with tomato-based sauce and seafood, home recipe",0,110.7,5.58,19.42,1.19,1.6,2.44,209
"Pasta with tomato-based sauce and seafood, ready-to-heat",0,124.6,5.45,19.0,2.98,1.6,2.39,344
"Pasta with tomato-based sauce, seafood, and added vegetables, restaurant",0,162.6,5.17,17.76,7.87,1.5,2.06,357
"Pasta with tomato-based sauce, seafood, and added vegetables, home recipe",0,108.8,5.58,19.17,1.09,1.6,2.23,171
"Pasta with tomato-based sauce, seafood, and added vegetables, ready-to-heat",0,122.8,5.46,18.76,2.88,1.6,2.18,307
"Pasta with cream sauce, restaurant",5,203.0,3.83,15.43,14.0,0.9,0.66,579
"Pasta with cream sauce, home recipe",0,153.3,4.15,16.71,7.76,0.9,0.72,269
"Pasta with cream sauce, ready-to-heat",0,166.2,4.06,16.35,9.4,0.9,0.7,404
"Pasta with cream sauce and added vegetables, restaurant",5,190.5,3.79,15.8,12.46,1.0,0.9,521
"Pasta with cream sauce and added vegetables, from home recipe",0,139.7,4.11,17.12,6.09,1.1,0.98,207
"Pasta with cream sauce and added vegetables, ready-to-heat",0,153.0,4.02,16.74,7.77,1.1,0.96,342
"Pasta with cream sauce and meat, restaurant",5,211.5,5.76,15.3,14.14,0.9,0.59,566
"Pasta with cream sauce and meat, home recipe",0,162.6,6.24,16.58,7.92,0.9,0.64,255
"Pasta with cream sauce and meat, ready-to-heat",0,175.3,6.1,16.22,9.56,0.9,0.62,389
"Pasta with cream sauce, meat, and added vegetables, restaurant",5,201.4,5.73,15.61,12.89,1.0,0.78,519
"Pasta with cream sauce, meat, and added vegetables, home recipe",0,151.5,6.2,16.91,6.56,1.1,0.85,204
"Pasta with cream sauce, meat, and added vegetables, ready-to-heat",0,164.4,6.07,16.54,8.22,1.0,0.83,339
"Pasta with cream sauce and poultry, restaurant",5,204.8,5.93,15.3,13.32,0.9,0.59,563
"Pasta with cream sauce and poultry, home recipe",0,155.2,6.43,16.58,7.02,0.9,0.64,252
"Pasta with cream sauce and poultry, ready-to-heat",0,168.2,6.29,16.22,8.68,0.9,0.62,386
"Pasta with cream sauce, poultry, and added vegetables, restaurant",5,194.6,5.9,15.61,12.06,1.0,0.78,516
"Pasta with cream sauce, poultry, and added vegetables, home recipe",0,144.1,6.39,16.91,5.66,1.1,0.85,201
"Pasta with cream sauce, poultry, and added vegetables, ready-to-heat",0,157.3,6.25,16.54,7.35,1.0,0.83,337
"Pasta with cream sauce and seafood, restaurant",5,200.0,5.49,15.55,12.87,0.9,0.59,574
"Pasta with cream sauce and seafood, home recipe",0,150.0,5.95,16.85,6.53,0.9,0.64,263
"Pasta with cream sauce and seafood, ready-to-heat",0,163.0,5.82,16.48,8.2,0.9,0.62,398
"Pasta with cream sauce, seafood, and added vegetables, restaurant",5,189.7,5.46,15.85,11.61,1.0,0.78,527
"Pasta with cream sauce, seafood, and added vegetables, home recipe",0,138.9,5.92,17.17,5.17,1.1,0.85,212
"Pasta with cream sauce, seafood, and added vegetables, ready-to-heat",0,152.2,5.79,16.8,6.87,1.0,0.83,348
"Pasta, whole grain, with tomato-based sauce, restaurant",0,161.2,3.51,18.03,8.34,2.7,2.81,388
"Pasta, whole grain, with tomato-based sauce, home recipe",0,107.4,3.78,19.47,1.6,2.9,3.04,204
"Pasta, whole grain, with tomato-based sauce, ready-to-heat",0,121.4,3.7,19.05,3.38,2.8,2.97,340
"Pasta, whole grain, with tomato-based sauce and added vegetables, restaurant",0,159.1,3.51,17.76,8.22,2.7,2.57,344
"Pasta, whole grain, with tomato-based sauce and added vegetables, home recipe",0,105.1,3.79,19.17,1.47,2.9,2.77,157
"Pasta, whole grain, with tomato-based sauce and added vegetables, ready-to-heat",0,119.1,3.71,18.75,3.25,2.8,2.71,294
"Pasta, whole grain, with tomato-based sauce and meat, restaurant",0,178.1,5.52,17.36,9.62,2.5,2.35,386
"Pasta, whole grain, with tomato-based sauce and meat, home recipe",0,125.6,5.96,18.74,2.98,2.7,2.54,202
"Pasta, whole grain, with tomato-based sauce and meat, ready-to-heat",0,139.2,5.83,18.33,4.73,2.7,2.48,338
"Pasta, whole grain, with tomato-based sauce, meat, and added vegetables, restaurant",0,176.4,5.53,17.13,9.53,2.5,2.15,351
"Pasta, whole grain, with tomato-based sauce, meat, and added vegetables, home recipe",0,123.8,5.97,18.5,2.88,2.7,2.33,164
"Pasta, whole grain, with tomato-based sauce, meat, and added vegetables, ready-to-heat",0,137.4,5.84,18.1,4.63,2.7,2.28,300
"Pasta, whole grain, with tomato-based sauce and poultry, restaurant",0,171.4,5.7,17.36,8.8,2.5,2.35,383
"Pasta, whole grain, with tomato-based sauce and poultry, home recipe",0,118.4,6.15,18.74,2.09,2.7,2.54,199
"Pasta, whole grain, with tomato-based sauce and poultry, ready-to-heat",0,132.1,6.02,18.33,3.86,2.7,2.48,335
"Pasta, whole grain, with tomato-based sauce, poultry, and added vegetables, restaurant",0,169.6,5.7,17.13,8.7,2.5,2.15,348
"Pasta, whole grain, with tomato-based sauce, poultry, and added vegetables, home recipe",0,116.5,6.15,18.5,1.99,2.7,2.33,161
"Pasta, whole grain, with tomato-based sauce, poultry, and added vegetables, ready-to-heat",0,130.3,6.02,18.1,3.76,2.7,2.28,297
"Pasta, whole grain, with tomato-based sauce and seafood, restaurant",0,166.5,5.26,17.61,8.34,2.5,2.35,394
"Pasta, whole grain, with tomato-based sauce and seafood, home recipe",0,113.1,5.67,19.01,1.6,2.7,2.54,210
"Pasta, whole grain, with tomato-based sauce and seafood, ready-to-heat",0,127.0,5.55,18.59,3.38,2.7,2.48,346
"Pasta, whole grain, with tomato-based sauce, seafood, and added vegetables, restaurant",0,164.8,5.26,17.38,8.25,2.5,2.15,359
"Pasta, whole grain, with tomato-based sauce, seafood, and added vegetables, home recipe",0,111.3,5.68,18.76,1.5,2.7,2.33,172
"Pasta, whole grain, with tomato-based sauce, seafood, and added vegetables, ready-to-heat",0,125.1,5.56,18.36,3.27,2.7,2.28,309
"Pasta, whole grain, with cream sauce, restaurant",5,205.3,3.92,15.05,14.38,1.9,0.75,581
"Pasta, whole grain, with cream sauce, home recipe",0,155.7,4.25,16.3,8.17,2.0,0.82,271
"Pasta, whole grain, with cream sauce, ready-to-heat",0,168.6,4.16,15.95,9.8,2.0,0.8,405
"Pasta, whole grain, with cream sauce, and added vegetables, restaurant",5,192.7,3.88,15.42,12.83,2.0,1.0,523
"Pasta, whole grain, with cream sauce, and added vegetables, home recipe",0,142.0,4.2,16.71,6.49,2.2,1.08,208
"Pasta, whole grain, with cream sauce, and added vegetables, ready-to-heat",0,155.2,4.11,16.34,8.16,2.1,1.05,344
"Pasta, whole grain, with cream sauce and meat, restaurant",5,213.8,5.85,14.93,14.52,1.9,0.68,567
"Pasta, whole grain, with cream sauce and meat, home recipe",0,164.9,6.34,16.17,8.32,2.0,0.74,256
"Pasta, whole grain, with cream sauce and meat, ready-to-heat",0,177.6,6.2,15.82,9.95,2.0,0.72,391
"Pasta, whole grain, with cream sauce, meat, and added vegetables, restaurant",5,203.5,5.82,15.23,13.26,2.0,0.88,520
"Pasta, whole grain, with cream sauce, meat, and added vegetables, home recipe",0,153.8,6.3,16.5,6.96,2.2,0.95,205
"Pasta, whole grain, with cream sauce, meat, and added vegetables, ready-to-heat",0,166.8,6.17,16.14,8.62,2.1,0.93,341
"Pasta, whole grain, with cream sauce and poultry, restaurant",5,207.1,6.02,14.93,13.7,1.9,0.68,565
"Pasta, whole grain, with cream sauce and poultry, home recipe",0,157.6,6.52,16.17,7.43,2.0,0.74,253
"Pasta, whole grain, with cream sauce and poultry, ready-to-heat",0,170.5,6.38,15.82,9.08,2.0,0.72,388
"Pasta, whole grain, with cream sauce, poultry, and added vegetables, restaurant",5,196.8,5.99,15.23,12.44,2.0,0.88,518
"Pasta, whole grain, with cream sauce, poultry, and added vegetables, home recipe",0,146.6,6.49,16.5,6.07,2.2,0.95,202
"Pasta, whole grain, with cream sauce, poultry, and added vegetables, ready-to-heat",0,159.7,6.35,16.14,7.75,2.1,0.93,338
"Pasta, whole grain, with cream sauce and seafood, restaurant",5,202.2,5.58,15.17,13.24,1.9,0.68,575
"Pasta, whole grain, with cream sauce and seafood, home recipe",0,152.4,6.05,16.44,6.94,2.0,0.74,265
"Pasta, whole grain, with cream sauce and seafood, ready-to-heat",0,165.4,5.92,16.08,8.6,2.0,0.72,399
"Pasta, whole grain, with cream sauce, seafood, and added vegetables, restaurant",5,191.9,5.55,15.47,11.98,2.0,0.88,528
"Pasta, whole grain, with cream sauce, seafood, and added vegetables, home recipe",0,141.2,6.02,16.76,5.57,2.2,0.95,214
"Pasta, whole grain, with cream sauce, seafood, and added vegetables, ready-to-heat",0,154.5,5.88,16.4,7.26,2.1,0.93,349
Pasta with tomato-based sauce and beans or lentils,0,125.2,5.23,20.94,2.28,3.0,2.2,250
"Macaroni or noodles, creamed, with cheese",0,156.7,4.8,21.94,5.53,1.3,0.68,262
"Macaroni or noodles, creamed, with cheese and tuna",0,141.7,7.91,17.28,4.55,1.0,0.53,253
Flavored pasta,0,87.6,2.47,14.45,2.21,0.4,0.99,174
"Yat Ga Mein with meat, fish, or poultry",0,136.2,10.36,11.16,5.57,1.5,1.54,354
"Macaroni or pasta salad, made with mayonnaise",5,220.1,4.46,24.64,11.52,1.4,1.85,203
"Macaroni or pasta salad, made with light mayonnaise",0,157.4,4.32,25.68,4.16,1.4,2.3,239
"Macaroni or pasta salad, made with mayonnaise-type salad dressing",0,159.9,4.38,26.58,4.01,1.4,3.28,210
"Macaroni or pasta salad, made with light mayonnaise-type salad dressing",0,157.4,4.32,25.68,4.16,1.4,2.3,239
"Macaroni or pasta salad, made with Italian dressing",0,131.6,3.7,20.86,3.71,1.6,2.38,225
"Macaroni or pasta salad, made with light Italian dressing",0,115.0,3.69,20.58,1.99,1.6,2.21,214
"Macaroni or pasta salad, made with creamy dressing",0,155.0,3.81,20.08,6.61,1.6,1.66,216
"Macaroni or pasta salad, made with light creamy dressing",0,122.2,3.82,20.18,2.91,1.6,1.79,209
"Macaroni or pasta salad, made with any type of fat free dressing",0,133.5,4.26,26.54,1.14,1.7,3.42,238
Macaroni or pasta salad with egg,0,213.8,5.19,22.53,11.44,1.3,1.79,196
Macaroni or pasta salad with tuna,0,199.3,6.69,20.87,9.9,1.2,1.57,206
Macaroni or pasta salad with crab meat,0,198.7,6.48,20.93,9.9,1.2,1.57,232
Macaroni or pasta salad with shrimp,0,202.0,6.76,21.1,10.06,1.2,1.58,299
Macaroni or pasta salad with tuna and egg,0,195.6,7.14,19.35,9.96,1.1,1.53,199
Macaroni or pasta salad with chicken,0,211.8,7.82,20.93,10.75,1.2,1.57,225
Macaroni or pasta salad with cheese,5,244.6,6.9,21.77,14.43,1.3,1.66,262
Macaroni or pasta salad with meat,5,209.2,7.66,20.82,10.59,1.2,1.56,378
Noodle pudding,0,213.6,5.96,30.98,7.32,1.6,11.11,71
"Bibimbap, Korean",0,82.2,5.47,8.61,2.88,1.1,1.59,424
"Rice, fried, meatless",0,174.1,3.84,32.5,3.19,1.1,0.62,361
"Rice, fried, NFS",0,174.1,3.84,32.5,3.19,1.1,0.62,361
"Rice, fried, with chicken",0,172.5,7.28,27.62,3.66,0.9,0.53,359
"Rice, fried, with pork",0,178.2,7.56,27.62,4.16,0.9,0.53,316
"Rice, fried, with beef",0,178.5,7.86,27.62,4.06,0.9,0.53,313
"Rice, fried, with shrimp",0,164.8,6.68,27.85,2.97,0.9,0.53,324
"Dukboki or Tteokbokki, Korean",0,132.0,3.92,19.91,4.07,1.0,1.59,197
"Adobo, with rice",2,177.7,17.68,8.88,7.94,0.2,0.03,522
"Sushi, NFS",0,91.4,2.92,18.41,0.67,1.0,2.13,428
"Sushi roll, avocado",0,91.3,1.81,17.71,1.47,1.4,1.21,361
"Sushi roll, California",0,91.4,2.92,18.41,0.67,1.0,2.13,428
"Sushi roll, eel",0,123.0,7.1,15.3,3.71,0.7,0.92,424
"Sushi roll, salmon",0,100.2,6.88,15.3,1.28,0.7,0.92,350
"Sushi roll, shrimp",0,95.7,7.01,15.67,0.55,0.7,0.92,358
Sushi roll tuna,0,93.1,7.4,15.3,0.26,0.7,0.92,342
"Sushi roll, vegetable",0,91.3,1.81,17.71,1.47,1.4,1.21,361
"Sushi, topped with crab",0,92.2,3.85,18.58,0.28,0.8,2.97,474
"Sushi, topped with eel",0,137.3,9.24,13.39,5.2,0.6,0.8,422
"Sushi, topped with salmon",0,104.9,8.92,13.39,1.74,0.6,0.8,317
"Sushi, topped with shrimp",0,98.3,9.1,13.91,0.7,0.6,0.8,329
"Sushi, topped with tuna",0,94.8,9.66,13.39,0.29,0.6,0.8,306
"Sushi, topped with egg",0,115.2,7.41,10.13,5.0,0.4,0.78,344
"Rice with chicken, Puerto Rican style",5,293.5,10.13,31.43,14.14,0.8,0.46,728
"Paella with meat, Valenciana style",2,263.4,21.44,16.75,12.29,0.5,0.69,877
"Seafood paella, Puerto Rican style",0,144.1,7.6,15.71,5.65,0.9,0.85,231
"Soupy rice with chicken, Puerto Rican style",2,150.7,12.08,16.49,4.05,1.4,1.17,754
"Soupy rice mixture with chicken and potatoes, Puerto Rican style",0,112.0,6.34,12.06,4.27,0.9,0.59,290
"Rice meal fritter, Puerto Rican style",5,308.5,8.98,36.58,14.03,1.0,2.78,468
"Stewed rice, Puerto Rican style",5,219.8,3.96,33.43,7.8,0.7,0.34,654
"Rice with squid, Puerto Rican style",5,258.9,8.88,29.26,11.82,1.0,1.1,559
"Fried rice, Puerto Rican style",2,115.2,12.78,8.53,3.33,0.6,0.87,832
"Rice with vienna sausage, Puerto Rican style",5,264.5,6.46,33.55,11.61,0.8,0.43,953
"Rice with Spanish sausage, Puerto Rican style",5,285.5,8.39,32.4,13.59,0.8,0.42,937
"Rice with onions, Puerto Rican style",0,177.1,3.48,18.85,9.75,1.3,2.58,456
"Rice with stewed beans, Puerto Rican style",0,135.8,3.66,23.02,3.23,1.5,0.1,464
"Congee, with meat, poultry, and/or seafood",0,52.2,4.81,6.12,0.94,0.1,0.01,245
"Congee, with meat, poultry, and/or seafood, and vegetables",0,51.2,4.62,6.1,0.92,0.3,0.18,252
"Congee, with vegetables",0,34.7,0.76,7.7,0.1,0.3,0.3,233
Biryani with vegetables,0,107.7,1.93,17.88,3.16,1.2,1.16,181
"Beans and rice, from fast food / restaurant",5,185.7,6.29,24.41,6.99,3.6,0.2,299
"Kidney beans and rice, from fast food / restaurant",5,179.2,5.72,23.17,7.07,4.2,0.19,296
"Black beans and rice, from fast food / restaurant",5,181.7,5.82,23.66,7.09,4.9,0.19,296
"Pinto beans and rice, from fast food / restaurant",5,188.0,5.9,25.02,7.15,5.0,0.2,296
Beans and white rice,0,164.6,6.5,25.19,4.21,3.7,0.21,231
"Beans and rice, with tomatoes",0,137.5,4.7,21.9,3.46,3.8,0.81,309
"Beans and rice, with meat",0,162.3,7.49,23.54,4.24,4.4,0.25,263
Kidney beans and white rice,0,157.9,5.9,23.91,4.29,4.3,0.2,229
Black beans and white rice,0,160.6,6.01,24.42,4.32,5.0,0.2,228
Pinto beans and white rice,0,167.1,6.09,25.82,4.38,5.2,0.21,228
"Rice, white, with corn, NS as to fat",0,133.7,2.58,25.21,2.5,0.9,0.81,178
"Rice, white, with corn, no added fat",0,117.0,2.64,25.76,0.38,0.9,0.83,182
"Rice, white, with corn, fat added",0,133.7,2.58,25.21,2.5,0.9,0.81,178
"Rice, white, with peas, NS as to fat",0,130.8,3.22,24.03,2.42,1.4,1.11,197
"Rice, white, with peas, no added fat",0,113.9,3.29,24.56,0.28,1.4,1.14,202
"Rice, white, with peas, fat added",0,130.8,3.22,24.03,2.42,1.4,1.11,197
"Rice, white, with carrots, NS as to fat",0,121.0,2.16,22.64,2.42,1.0,0.86,195
"Rice, white, with carrots, no added fat",0,103.6,2.2,23.14,0.25,1.0,0.88,199
"Rice, white, with carrots, fat added",0,121.0,2.16,22.64,2.42,1.0,0.86,195
"Rice, white, with peas and carrots, NS as to fat",0,125.8,2.66,23.22,2.47,1.2,1.07,224
"Rice, white, with peas and carrots, no added fat",0,108.8,2.72,23.74,0.33,1.3,1.09,229
"Rice, white, with peas and carrots, fat added",0,125.8,2.66,23.22,2.47,1.2,1.07,224
"Rice, white, with tomatoes and/or tomato-based sauce, NS as to fat",0,105.3,2.0,19.41,2.18,0.9,0.87,198
"Rice, white, with tomatoes and/or tomato-based sauce, no added fat",0,89.8,2.04,19.79,0.27,0.9,0.89,201
"Rice, white, with tomatoes and/or tomato-based sauce, fat added",0,105.3,2.0,19.41,2.18,0.9,0.87,198
"Rice, white, with dark green vegetables, NS as to fat",0,122.1,2.68,22.3,2.46,0.9,0.46,189
"Rice, white, with dark green vegetables, no added fat",0,104.9,2.74,22.8,0.3,1.0,0.47,193
"Rice, white, with dark green vegetables, fat added",0,122.1,2.68,22.3,2.46,0.9,0.46,189
"Rice, white, with carrots and tomatoes and/or tomato-based sauce, NS as to fat",0,112.5,2.07,20.91,2.29,0.9,0.87,196
"Rice, white, with carrots and tomatoes and/or tomato-based sauce, no added fat",0,96.2,2.12,21.34,0.26,1.0,0.89,200
"Rice, white, with carrots and tomatoes and/or tomato-based sauce, fat added",0,112.5,2.07,20.91,2.29,0.9,0.87,196
"Rice, white, with dark green vegetables and tomatoes and/or tomato-based sauce, NS as to fat",0,113.4,2.32,20.82,2.32,0.9,0.68,194
"Rice, white, with dark green vegetables and tomatoes and/or tomato-based sauce, no added fat",0,97.0,2.37,21.26,0.28,0.9,0.69,198
"Rice, white, with dark green vegetables and tomatoes and/or tomato-based sauce, fat added",0,113.4,2.32,20.82,2.32,0.9,0.68,194
"Rice, white, with carrots and dark green vegetables, NS as to fat",0,121.8,2.41,22.54,2.45,1.0,0.66,192
"Rice, white, with carrots and dark green vegetables, no added fat",0,104.6,2.47,23.04,0.28,1.0,0.68,197
"Rice, white, with carrots and dark green vegetables, fat added",0,121.8,2.41,22.54,2.45,1.0,0.66,192
"Rice, white, with carrots, dark green vegetables, and tomatoes and/or tomato-based sauce, NS as to fat",0,113.2,2.29,20.89,2.28,1.0,0.77,189
"Rice, white, with carrots, dark green vegetables, and tomatoes and/or tomato-based sauce, no added fat",0,99.2,2.32,21.84,0.28,1.0,0.75,198
"Rice, white, with carrots, dark green vegetables, and tomatoes and/or tomato-based sauce, fat added",0,115.8,2.27,21.38,2.35,0.9,0.74,194
"Rice, white, with other vegetables, NS as to fat",0,121.4,2.3,22.64,2.41,0.8,0.97,182
"Rice, white, with other vegetables, no added fat",0,104.3,2.35,23.13,0.26,0.7,1.01,185
"Rice, white, with other vegetables, fat added",0,121.4,2.3,22.64,2.41,0.8,0.97,182
"Rice, white, with lentils, NS as to fat",0,151.3,5.5,21.45,4.83,4.1,1.29,189
"Rice, white, with lentils, fat added",0,151.3,5.5,21.45,4.83,4.1,1.29,189
"Rice, white, with lentils, no added fat",0,115.9,5.76,22.47,0.33,4.3,1.35,198
"Rice, cooked with coconut milk",5,275.6,3.57,26.55,17.23,1.9,3.34,182
Beans and brown rice,0,163.2,6.52,24.17,4.49,4.2,0.28,214
Kidney beans and brown rice,0,156.4,5.92,22.89,4.57,4.8,0.27,211
Black beans and brown rice,0,159.0,6.03,23.4,4.59,5.5,0.27,211
Pinto beans and brown rice,0,165.5,6.12,24.8,4.65,5.7,0.28,211
"Rice, brown, with corn, NS as to fat",0,129.6,2.64,23.66,2.71,1.7,0.84,155
"Rice, brown, with corn, no added fat",0,115.3,2.69,24.1,0.9,1.8,0.86,158
"Rice, brown, with corn, fat added",0,129.6,2.64,23.66,2.71,1.7,0.84,155
"Rice, brown, with peas, NS as to fat",0,127.0,3.18,22.64,2.64,2.2,1.1,171
"Rice, brown, with peas, no added fat",0,112.6,3.24,23.07,0.82,2.2,1.12,174
"Rice, brown, with peas, fat added",0,127.0,3.18,22.64,2.64,2.2,1.1,171
"Rice, brown, with carrots, NS as to fat",0,118.5,2.27,21.43,2.63,1.9,0.9,168
"Rice, brown, with carrots, no added fat",0,103.8,2.31,21.84,0.8,1.9,0.91,172
"Rice, brown, with carrots, fat added",0,118.5,2.27,21.43,2.63,1.9,0.9,168
"Rice, brown, with peas and carrots, NS as to fat",0,122.7,2.7,21.95,2.68,2.0,1.07,194
"Rice, brown, with peas and carrots, no added fat",0,108.2,2.75,22.37,0.86,2.1,1.09,197
"Rice, brown, with peas and carrots, fat added",0,122.7,2.7,21.95,2.68,2.0,1.07,194
"Rice, brown, with tomatoes and/or tomato based sauce, NS as to fat",0,105.3,2.13,18.77,2.41,1.7,0.89,174
"Rice, brown, with tomatoes and/or tomato based sauce, no added fat",0,91.8,2.16,19.08,0.76,1.7,0.91,177
"Rice, brown, with tomatoes and/or tomato based sauce, fat added",0,105.3,2.13,18.77,2.41,1.7,0.89,174
"Rice, brown, with dark green vegetables, NS as to fat",0,119.6,2.72,21.16,2.68,1.8,0.55,164
"Rice, brown, with dark green vegetables, no added fat",0,104.9,2.77,21.56,0.84,1.8,0.56,167
"Rice, brown, with dark green vegetables, fat added",0,119.6,2.72,21.16,2.68,1.8,0.55,164
"Rice, brown, with carrots and tomatoes and/or tomato-based sauce, NS as to fat",0,111.5,2.2,20.02,2.51,1.7,0.9,171
"Rice, brown, with carrots and tomatoes and/or tomato-based sauce, no added fat",0,97.5,2.24,20.38,0.78,1.8,0.91,174
"Rice, brown, with carrots and tomatoes and/or tomato-based sauce, fat added",0,111.5,2.2,20.02,2.51,1.7,0.9,171
"Rice, brown, with dark green vegetables and tomatoes and/or tomato-based sauce, NS as to fat",0,112.3,2.41,19.94,2.54,1.7,0.73,169
"Rice, brown, with dark green vegetables and tomatoes and/or tomato-based sauce, no added fat",0,98.2,2.45,20.3,0.8,1.7,0.74,172
"Rice, brown, with dark green vegetables and tomatoes and/or tomato-based sauce, fat added",0,109.7,2.42,19.47,2.46,1.8,0.76,165
"Rice, brown, with carrots and dark green vegetables, NS as to fat",0,119.3,2.49,21.36,2.66,1.8,0.72,167
"Rice, brown, with carrots and dark green vegetables, no added fat",0,104.6,2.54,21.76,0.82,1.9,0.73,170
"Rice, brown, with carrots and dark green vegetables, fat added",0,119.3,2.49,21.36,2.66,1.8,0.72,167
Grape leaves stuffed with rice,0,172.2,2.28,13.88,11.95,3.1,2.78,166
"Rice, brown, with carrots, dark green vegetables, and tomatoes and/or tomato-based sauce, NS as to fat",0,114.2,2.36,20.41,2.57,1.8,0.78,169
"Rice, brown, with carrots, dark green vegetables, and tomatoes and/or tomato-based sauce, no added fat",0,100.0,2.41,20.78,0.8,1.8,0.8,172
"Rice, brown, with carrots, dark green vegetables, and tomatoes and/or tomato-based sauce, fat added",0,114.2,2.36,20.41,2.57,1.8,0.78,169
"Rice, brown, with other vegetables, NS as to fat",0,119.1,2.4,21.45,2.63,1.6,1.0,157
"Rice, brown, with other vegetables, no added fat",0,104.4,2.44,21.85,0.8,1.6,1.02,160
"Rice, brown, with other vegetables, fat added",0,119.1,2.4,21.45,2.63,1.6,1.0,157
Rice croquette,0,152.3,3.41,19.97,6.53,0.9,0.64,414
"Stuffed pepper, with meat",0,196.8,9.29,4.13,15.9,1.1,1.59,293
"Stuffed pepper, with rice and meat",0,175.8,7.89,9.85,11.65,1.0,2.24,324
"Stuffed pepper, with rice, meatless",0,164.9,3.84,11.93,11.31,1.2,1.51,188
"Stuffed tomato, with rice and meat",0,99.3,4.75,9.86,4.54,1.0,2.05,185
"Stuffed tomato, with rice, meatless",0,78.0,1.6,13.04,2.16,1.2,2.27,124
Rice pilaf,0,136.8,3.29,24.08,3.03,0.4,0.48,414
Dirty rice,0,109.9,5.13,17.28,2.25,0.6,0.87,316
Flavored rice mixture,0,125.1,1.87,19.83,4.26,0.4,0.56,296
Flavored rice mixture with cheese,0,123.6,2.99,25.22,1.2,0.6,1.8,389
"Flavored rice, brown and wild",0,107.4,2.76,19.27,2.14,1.2,0.38,293
Flavored rice and pasta mixture,0,118.6,2.68,19.11,3.49,0.3,0.18,255
"Flavored rice and pasta mixture, reduced sodium",0,110.3,2.59,17.29,3.42,0.6,0.76,157
"Spanish rice, from restaurant",5,185.4,3.28,31.16,5.29,1.2,1.3,528
"Spanish rice, fat added",0,113.6,2.88,19.65,2.61,1.2,1.55,310
"Spanish rice, no added fat",0,100.5,2.92,19.92,1.01,1.2,1.57,315
"Spanish rice, NS as to fat",0,113.6,2.88,19.65,2.61,1.2,1.55,311
Spanish rice with ground beef,0,160.1,9.69,14.79,6.91,0.9,1.17,350
Rice dressing,0,108.4,2.0,17.68,3.3,0.6,0.71,597
Rice with raisins,0,162.3,2.65,32.13,2.58,0.8,6.49,447
Rice dessert or salad with fruit,0,154.8,1.6,20.67,7.3,0.8,10.7,10
"Rice, white, with cheese and/or cream based sauce, NS as to fat",0,164.0,5.16,20.01,7.03,0.3,0.1,322
"Rice, white, with cheese and/or cream based sauce, no added fat",0,149.6,5.26,20.4,5.22,0.3,0.1,328
"Rice, white, with cheese and/or cream based sauce, fat added",0,164.0,5.16,20.01,7.03,0.3,0.1,322
"Rice, white, with gravy, NS as to fat",0,114.6,1.98,20.01,2.96,0.3,0.13,287
"Rice, white, with gravy, no added fat",0,99.2,2.02,20.4,1.06,0.3,0.13,293
"Rice, white, with gravy, fat added",0,114.6,1.98,20.01,2.96,0.3,0.13,287
"Rice, white, with soy-based sauce, NS as to fat",0,113.8,2.01,21.5,2.19,0.3,1.28,482
"Rice, white, with soy-based sauce, no added fat",0,98.4,2.05,21.92,0.28,0.3,1.31,491
"Rice, white, with soy-based sauce, fat added",0,113.8,2.01,21.5,2.19,0.3,1.28,482
"Rice, brown, with cheese and/or cream based sauce, NS as to fat",0,156.2,4.87,19.29,6.62,1.1,0.22,282
"Rice, brown, with cheese and/or cream based sauce, no added fat",0,143.6,4.95,19.61,5.04,1.2,0.22,287
"Rice, brown, with cheese and/or cream based sauce, fat added",0,156.2,4.87,19.29,6.62,1.1,0.22,282
"Rice, brown, with gravy, NS as to fat",0,113.3,2.11,19.28,3.08,1.1,0.25,252
"Rice, brown, with gravy, no added fat",0,100.0,2.14,19.61,1.44,1.2,0.26,256
"Rice, brown, with gravy, fat added",0,113.3,2.11,19.28,3.08,1.1,0.25,252
"Rice, brown, with soy-based sauce, NS as to fat",0,112.7,2.14,20.58,2.42,1.1,1.25,420
"Rice, brown, with soy-based sauce, no added fat",0,99.3,2.17,20.92,0.77,1.2,1.27,428
"Rice, brown, with soy-based sauce, fat added",0,112.7,2.14,20.58,2.42,1.1,1.25,420
"Rice, white, with vegetables, cheese and/or cream based sauce, NS as to fat",0,144.3,4.7,18.63,5.66,1.1,0.7,265
"Rice, white, with vegetables, cheese and/or cream based sauce, no added fat",0,132.6,4.77,18.92,4.2,1.1,0.71,269
"Rice, white, with vegetables, cheese and/or cream based sauce, fat added",0,144.3,4.7,18.63,5.66,1.1,0.7,265
"Rice, white, with vegetables and gravy, NS as to fat",0,104.7,2.15,18.63,2.4,1.1,0.73,237
"Rice, white, with vegetables and gravy, no added fat",0,92.4,2.19,18.92,0.88,1.1,0.74,241
"Rice, white, with vegetables and gravy, fat added",0,104.7,2.15,18.63,2.4,1.1,0.73,237
"Rice, white, with vegetables, soy-based sauce, NS as to fat",0,104.1,2.18,19.82,1.79,1.1,1.65,393
"Rice, white, with vegetables, soy-based sauce, no added fat",0,91.7,2.22,20.13,0.26,1.1,1.67,399
"Rice, white, with vegetables, soy-based sauce, fat added",0,104.1,2.18,19.82,1.79,1.1,1.65,393
"Rice, brown, with vegetables, cheese and/or cream based sauce, NS as to fat",0,140.0,4.51,18.19,5.47,1.7,0.74,238
"Rice, brown, with vegetables, cheese and/or cream based sauce, no added fat",0,129.6,4.57,18.44,4.17,1.7,0.74,241
"Rice, brown, with vegetables, cheese and/or cream based sauce, fat added",0,140.0,4.51,18.19,5.47,1.7,0.74,238
"Rice, brown, with vegetables and gravy, NS as to fat",0,104.7,2.24,18.18,2.56,1.7,0.76,213
"Rice, brown, with vegetables and gravy, no added fat",0,93.7,2.27,18.43,1.21,1.7,0.77,216
"Rice, brown, with vegetables and gravy, fat added",0,104.7,2.24,18.18,2.56,1.7,0.76,213
"Rice, brown, with vegetables, soy-based sauce, NS as to fat",0,104.2,2.27,19.24,2.02,1.7,1.58,352
"Rice, brown, with vegetables, soy-based sauce, no added fat",0,93.2,2.3,19.51,0.66,1.7,1.6,357
"Rice, brown, with vegetables, soy-based sauce, fat added",0,104.2,2.27,19.24,2.02,1.7,1.58,352
"Upma, Indian breakfast dish",0,86.9,1.98,13.81,2.64,1.3,1.61,98
"Dosa (Indian), with filling",0,183.5,5.46,30.8,4.27,2.2,1.1,330
"Vada, fried dumpling",5,271.6,12.75,33.25,9.73,5.8,1.31,315
Tabbouleh,0,132.1,1.64,9.65,9.66,1.8,1.34,495
"Wrap sandwich, filled with vegetables",0,125.8,3.2,13.96,6.35,1.7,3.05,201
"Jelly sandwich, regular jelly, NFS",5,272.3,5.72,57.5,2.16,1.8,23.69,298
"Jelly sandwich, regular jelly, on white bread",5,272.3,5.72,57.5,2.16,1.8,23.69,298
"Jelly sandwich, regular jelly, on wheat bread",5,270.0,6.9,55.23,2.39,3.6,23.61,290
"Jelly sandwich, regular jelly, on whole wheat bread",5,270.0,6.9,55.23,2.39,3.6,23.61,290
"Jelly sandwich, reduced sugar jelly, on white bread",5,220.6,5.66,44.56,2.19,2.0,14.97,286
"Jelly sandwich, reduced sugar jelly, on wheat bread",5,218.4,6.84,42.29,2.43,3.8,14.89,278
"Jelly sandwich, reduced sugar jelly, on whole wheat bread",5,218.4,6.84,42.29,2.43,3.8,14.89,278
"Lasagna with cheese and meat sauce, diet frozen meal",0,118.0,7.6,12.37,4.23,1.1,2.41,243
"Vegetable lasagna, frozen meal",0,148.8,5.01,14.83,7.71,1.6,1.75,307
"Zucchini lasagna, diet frozen meal",0,104.0,5.42,13.13,3.31,1.6,3.23,311
"Macaroni and cheese, diet frozen meal",0,129.1,6.02,17.11,4.06,0.8,1.62,252
"Beef and noodles with meat sauce and cheese, diet frozen meal",0,133.0,9.22,13.16,4.83,1.2,1.91,340
"Noodles with vegetables in tomato-based sauce, diet frozen meal",0,70.8,3.36,10.84,1.56,1.7,2.68,133
"Spaghetti and meatballs dinner, NFS, frozen meal",0,113.1,5.58,15.06,3.39,1.5,2.88,295
"Spaghetti with meat and mushroom sauce, diet frozen meal",0,116.7,6.13,16.68,2.83,1.6,2.82,411
"Spaghetti with meat sauce, diet frozen meal",0,113.1,5.58,15.06,3.39,1.5,2.88,295
"Ravioli, cheese-filled, with tomato sauce, diet frozen meal",0,123.8,7.29,12.39,5.01,1.1,2.49,391
"Linguini with vegetables and seafood in white wine sauce, diet frozen meal",0,114.5,8.03,11.71,3.95,1.1,1.22,318
"Pasta with vegetable and cheese sauce, diet frozen meal",0,110.3,4.91,16.32,2.82,1.4,1.05,227
"Beef enchilada dinner, NFS, frozen meal",0,124.3,5.04,16.73,4.14,2.2,0.48,426
"Beef enchilada, chili gravy, rice, refried beans, frozen meal",0,124.3,5.04,16.73,4.14,2.2,0.48,426
"Cheese enchilada, frozen meal",5,178.9,8.04,19.55,7.61,3.0,5.06,695
"Sausage and french toast, frozen meal",5,223.2,11.89,18.7,11.21,0.7,5.81,433
"Pancakes and sausage, frozen meal",5,269.8,8.86,27.69,13.73,0.6,9.61,574
"Soup, NFS",0,24.1,1.2,3.07,0.78,0.5,0.0,346
"Noodle soup, NFS",0,67.0,1.55,9.17,2.68,0.4,0.3,286
"Rice soup, NFS",0,33.9,0.92,5.8,0.78,0.5,0.12,326
"Barley soup, home recipe, canned, or ready-to-serve",0,51.6,2.81,7.94,0.96,0.9,1.22,297
"Barley soup, sweet, with or without nuts, Asian Style",0,65.7,1.02,11.87,1.57,0.9,9.22,4
"Beef noodle soup, canned or ready-to-serve",0,33.6,1.95,3.63,1.25,0.3,1.04,333
"Beef dumpling soup, home recipe, canned or ready-to-serve",0,66.2,3.97,10.08,1.11,0.6,0.67,338
"Beef rice soup, home recipe, canned or ready-to-serve",0,66.2,3.97,10.08,1.11,0.6,0.67,338
"Beef noodle soup, home recipe",0,68.5,7.17,4.6,2.38,0.4,0.57,325
"Chicken or turkey noodle soup, canned or ready-to-serve",0,24.1,1.2,3.07,0.78,0.5,0.0,346
"Chicken or turkey noodle soup, home recipe",0,61.9,5.56,4.93,2.22,0.4,0.93,369
"Chicken or turkey noodle soup, cream of, home recipe, canned, or ready-to-serve",0,49.2,2.86,5.47,1.77,0.4,2.45,359
"Chicken or turkey noodle soup, reduced sodium, canned or ready-to-serve",0,40.6,3.29,3.84,1.34,0.8,0.34,186
"Noodle and potato soup, Puerto Rican style",0,30.4,0.86,6.48,0.12,0.8,1.17,180
"Chicken or turkey rice soup, canned, or ready-to-serve",0,33.9,0.92,5.8,0.78,0.5,0.12,325
"Chicken or turkey rice soup, home recipe",0,61.8,5.22,5.66,2.03,0.3,0.84,367
"Chicken or turkey rice soup, reduced sodium, canned, prepared with water or ready-to-serve",0,23.0,0.8,3.61,0.6,0.4,0.4,165
"Chicken or turkey rice soup, reduced sodium, canned, prepared with milk",0,48.4,2.48,6.02,1.6,0.4,2.87,180
"Rice and potato soup, Puerto Rican style",0,74.8,1.39,12.62,2.09,0.5,0.36,276
Matzo ball soup,0,59.8,2.61,7.74,2.05,0.5,0.91,345
"Chicken or turkey soup with dumplings and potatoes, home recipe, canned, or ready-to-serve",0,40.6,3.09,4.46,1.16,0.8,0.38,306
"Chicken or turkey soup with dumplings, home recipe, canned or ready-to-serve",0,40.6,3.09,4.46,1.16,0.8,0.38,306
"Instant soup, noodle",0,24.8,1.03,4.17,0.44,0.2,0.13,215
"Soup, mostly noodles",0,67.0,1.55,9.17,2.68,0.4,0.3,286
"Soup, mostly noodles, reduced sodium",0,53.2,1.66,10.79,0.38,0.4,0.13,186
"Instant soup, noodle with egg, shrimp or chicken",0,67.0,1.55,9.17,2.68,0.4,0.3,286
Wonton soup,0,31.7,2.08,5.25,0.26,0.2,0.34,406
"Noodle soup with vegetables, Asian style",0,73.9,1.91,13.83,1.22,1.4,1.37,192
"Noodle soup, with fish ball, shrimp, and dark green leafy vegetable",0,74.1,4.46,10.23,1.7,0.7,0.24,184
"Sopa seca, Mexican style, NFS",0,141.4,2.66,18.26,6.41,1.1,2.02,413
"Sopa Seca de Fideo, Mexican style, made with dry noodles, home recipe",0,140.7,3.12,16.58,6.88,1.3,2.24,422
"Sopa de Fideo Aguada, Mexican style noodle soup, home recipe",0,79.9,3.3,8.76,3.52,0.4,2.16,132
"Sopa seca de arroz, home recipe, Mexican style",0,150.1,2.32,20.78,6.41,1.0,1.7,400
"Sopa de tortilla, Mexican style tortilla soup, home recipe",0,117.8,4.86,7.52,7.59,0.7,2.15,277
"Macaroni, tomatoes, and beef, baby food, NS as to strained or junior",0,59.0,2.43,9.43,1.28,1.2,2.26,36
"Macaroni, tomatoes, and beef, baby food, strained",0,60.5,2.36,9.45,1.47,1.2,2.09,38
"Macaroni, tomatoes, and beef, baby food, junior",0,57.5,2.5,9.4,1.1,1.1,2.43,35
"Macaroni with beef and tomato sauce, baby food, toddler",0,80.6,4.34,11.53,1.9,1.1,0.37,35
"Macaroni and cheese, baby food, strained",0,64.3,2.87,8.57,2.06,0.5,1.3,136
"Macaroni and cheese, baby food, toddler",0,82.2,3.5,11.2,2.6,0.5,0.79,264
"Spaghetti, tomato sauce, and beef, baby food, junior",0,68.3,2.57,11.42,1.37,1.1,2.72,30
"Ravioli, cheese-filled, with tomato sauce, baby food, toddler",0,99.4,3.6,16.3,2.2,0.1,0.59,282
"Macaroni with vegetables, baby food, strained",0,59.3,1.7,8.4,2.1,1.5,1.2,11
"Meat substitute, cereal- and vegetable protein-based, fried",4,356.0,11.28,61.87,7.04,9.0,0.5,282
"Clementine, raw",0,59.4,0.81,13.34,0.31,1.8,10.58,2
"Grapefruit, raw",0,47.0,0.77,10.66,0.14,1.6,6.89,0
"Grapefruit, canned",0,39.8,0.58,9.15,0.1,0.4,8.75,2
"Kumquat, raw",0,78.9,1.88,15.9,0.86,6.5,9.36,10
"Lemon, raw",0,44.4,1.1,9.32,0.3,2.8,2.5,2
Lemon pie filling,1,354.8,4.72,68.78,6.76,0.4,62.22,77
"Lime, raw",0,46.8,0.7,10.54,0.2,2.8,1.69,2
"Orange, raw",0,51.8,0.94,11.75,0.12,2.4,9.35,0
"Orange, canned, NFS",0,50.0,0.6,11.82,0.04,0.7,11.14,5
"Orange, canned, juice pack",0,41.0,0.62,9.57,0.03,0.7,8.87,5
"Orange, canned, in syrup",0,59.0,0.59,14.07,0.04,0.7,13.42,5
"Tangerine, raw",0,59.4,0.81,13.34,0.31,1.8,10.58,2
"Grapefruit juice, 100%, freshly squeezed",0,39.7,0.5,9.2,0.1,0.1,9.1,1
"Grapefruit juice, 100%, NS as to form",0,38.9,0.55,7.59,0.7,0.2,7.72,1
"Grapefruit juice, 100%, canned, bottled or in a carton",0,38.9,0.55,7.59,0.7,0.2,7.72,1
"Grapefruit juice, 100%, with calcium added",0,39.1,0.51,7.74,0.68,0.3,7.96,2
"Grapefruit juice,100%, frozen, reconstituted",0,42.0,0.55,9.66,0.13,0.1,9.55,4
"Lemon juice, 100%, NS as to form",0,31.2,0.35,6.9,0.24,0.3,2.52,1
"Lemon juice, 100%, freshly squeezed",0,31.2,0.35,6.9,0.24,0.3,2.52,1
"Lemon juice, 100%, canned or bottled",0,24.9,0.45,5.62,0.07,0.7,1.53,24
"Lime juice, 100%, NS as to form",0,36.0,0.42,8.42,0.07,0.4,1.69,2
"Lime juice, 100%, freshly squeezed",0,36.0,0.42,8.42,0.07,0.4,1.69,2
"Lime juice, 100%, canned or bottled",0,29.8,0.25,6.69,0.23,0.4,1.37,16
"Orange juice, 100%, NFS",0,49.6,0.68,11.45,0.12,0.3,8.31,2
"Orange juice, 100%,  freshly squeezed",0,46.2,0.7,10.4,0.2,0.2,8.4,1
"Orange juice, 100%, canned, bottled or in a carton",0,50.0,0.68,11.54,0.12,0.3,8.31,2
"Orange juice, 100%, with calcium added, canned, bottled or in a carton",0,48.9,0.68,11.27,0.12,0.3,8.31,2
"Orange juice, 100%, frozen, reconstituted",0,43.5,0.68,10.04,0.07,0.3,8.47,5
"Orange juice, 100%, frozen, not reconstituted",0,152.6,2.4,35.19,0.25,1.0,29.68,7
"Orange juice, 100%, with calcium added, frozen, reconstituted",0,42.0,0.68,9.67,0.07,0.3,8.48,5
"Tangerine juice, 100%",0,44.2,0.5,10.1,0.2,0.2,9.9,1
"Fruit juice blend, citrus, 100% juice",0,51.2,0.41,12.2,0.08,0.2,10.57,4
"Fruit juice blend, citrus, 100% juice, with calcium added",0,48.9,0.68,11.27,0.12,0.3,8.31,2
"Fruit mixture, dried",1,329.2,2.28,78.62,0.62,4.8,66.33,32
"Apple, dried",1,270.2,0.93,65.89,0.32,8.7,57.19,87
"Apricot, dried",1,268.7,3.39,62.64,0.51,7.3,53.44,10
"Blueberries, dried",1,352.5,2.5,80.0,2.5,7.5,67.5,3
"Cherries, dried",1,333.4,1.25,80.45,0.73,2.5,67.15,13
Banana chips,1,545.2,2.3,58.4,33.6,7.7,35.34,6
"Currants, dried",1,323.6,3.43,76.98,0.22,4.4,62.28,43
"Cranberries, dried",1,341.7,0.17,82.8,1.09,5.3,72.56,5
Date,1,313.4,2.45,75.03,0.39,8.0,63.35,2
"Fig, dried",1,277.1,3.3,63.9,0.92,9.8,47.9,10
"Mango, dried",1,334.7,2.45,78.58,1.18,2.4,66.27,162
"Papaya, dried",1,314.3,1.25,75.43,0.84,4.5,67.55,22
"Peach, dried",1,266.6,3.61,61.33,0.76,8.2,41.74,7
"Pear, dried",1,292.0,1.87,69.7,0.63,7.5,62.2,6
"Persimmon, dried",1,396.4,1.54,96.07,0.66,9.6,80.06,3
"Pineapple, dried",1,336.1,1.43,81.54,0.47,3.7,72.94,3
"Prune, dried",1,267.7,2.18,63.88,0.38,7.1,38.13,2
Raisins,1,332.7,3.3,79.32,0.25,4.5,65.18,26
"Tamarind, dried",1,280.0,2.52,66.21,0.57,4.6,44.9,25
"Fruit, NFS",0,69.0,0.76,15.96,0.23,2.1,10.77,1
"Fruit, pickled",0,65.7,0.56,15.32,0.24,1.4,13.68,957
"Apple, raw",0,57.8,0.26,13.81,0.17,2.4,10.39,1
"Applesauce, regular",0,72.1,0.16,17.49,0.17,1.2,14.67,2
"Applesauce, unsweetened",0,46.7,0.17,11.27,0.1,1.1,9.39,2
"Applesauce, flavored",0,72.1,0.16,17.49,0.17,1.2,14.67,2
Apple pie filling,0,105.7,0.1,26.1,0.1,1.0,13.8,47
"Apple, baked",0,119.4,0.32,22.7,3.04,2.5,18.99,4
"Apricot, raw",0,53.6,1.4,11.12,0.39,2.0,9.24,1
"Apricot, canned",0,59.5,0.65,13.85,0.17,1.5,12.39,3
"Avocado, raw",0,174.1,2.0,8.53,14.66,6.7,0.66,7
"Banana, raw",0,98.7,1.09,22.84,0.33,2.6,12.23,1
"Banana, fried",0,162.7,1.19,32.26,3.21,2.8,20.94,4
"Cantaloupe, raw",0,37.5,0.82,8.16,0.18,0.8,7.88,30
"Starfruit, raw",0,34.1,1.04,6.73,0.33,2.8,3.98,2
"Cassaba melon, raw",0,31.7,1.11,6.58,0.1,0.9,5.69,9
"Cherries, maraschino",1,170.6,0.22,41.97,0.21,3.2,38.77,4
Cherry pie filling,0,125.0,0.6,28.59,0.91,0.9,24.96,52
"Cherries, raw",0,70.1,1.06,16.01,0.2,2.1,12.82,0
"Cherries, canned",0,79.3,0.71,18.79,0.14,1.4,17.42,1
"Cherries, frozen",0,70.1,1.06,16.01,0.2,2.1,12.82,0
"Fig, raw",0,82.4,0.75,19.18,0.3,2.9,16.26,1
"Fig, canned",0,81.8,0.56,19.36,0.24,2.2,17.18,1
"Grapes, raw",0,76.7,0.72,18.1,0.16,0.9,15.48,2
"Guava, raw",0,76.0,2.55,14.32,0.95,5.4,8.92,2
"Kiwi fruit, raw",0,64.2,1.06,14.0,0.44,3.0,8.99,5
Lychee,0,73.4,0.83,16.53,0.44,1.3,15.23,1
"Honeydew melon, raw",0,39.8,0.54,9.09,0.14,0.8,8.12,18
"Mango, raw",0,66.6,0.82,14.98,0.38,1.6,13.66,1
"Mango, canned",0,70.1,0.62,16.22,0.3,1.2,15.24,1
"Mango, frozen",0,66.6,0.82,14.98,0.38,1.6,13.66,1
"Nectarine, raw",0,43.5,1.06,9.18,0.28,1.5,7.89,13
"Papaya, raw",0,47.5,0.47,10.82,0.26,1.7,7.82,8
"Papaya, canned",0,55.7,0.35,13.1,0.21,1.3,10.86,7
"Passion fruit, raw",4,108.6,2.2,23.38,0.7,10.4,11.2,28
"Peach, raw",0,46.5,0.91,10.1,0.27,1.5,8.39,13
"Peach, canned, NFS",0,50.3,0.43,11.94,0.09,1.2,10.65,4
"Peach, canned, in syrup",0,56.7,0.4,13.59,0.08,1.2,12.41,3
"Peach, canned, juice pack",0,43.9,0.45,10.3,0.1,1.2,8.89,6
"Peach, frozen",0,46.5,0.91,10.1,0.27,1.5,8.39,13
"Pear, raw",0,63.6,0.36,15.23,0.14,3.1,9.75,1
"Pear, Asian, raw",0,46.7,0.5,10.65,0.23,3.6,7.05,0
"Pear, canned, NFS",0,55.2,0.2,13.47,0.06,1.5,11.81,3
"Pear, canned, in syrup",0,61.8,0.18,15.15,0.05,1.5,13.6,2
"Pear, canned, juice pack",0,48.7,0.23,11.79,0.07,1.5,10.03,5
"Persimmon, raw",0,78.4,0.58,18.59,0.19,3.6,12.53,1
"Pineapple, raw",0,55.7,0.54,13.12,0.12,1.4,9.85,1
"Pineapple, canned, NFS",0,58.4,0.42,13.91,0.12,0.7,13.07,2
"Pineapple, canned, in syrup",0,65.0,0.4,15.6,0.11,0.7,14.88,1
"Pineapple, canned, juice pack",0,51.7,0.44,12.22,0.12,0.8,11.26,4
"Pineapple, frozen",0,55.7,0.54,13.12,0.12,1.4,9.85,1
"Plum, raw",0,51.0,0.7,11.42,0.28,1.4,9.92,0
"Plum, canned",0,58.3,0.52,13.54,0.23,1.0,12.43,1
"Pomegranate, raw",0,92.0,1.67,18.7,1.17,4.0,13.67,3
Rhubarb,0,75.0,0.81,17.45,0.22,1.6,14.4,4
Tamarind,1,266.6,2.8,62.5,0.6,5.1,38.8,28
"Watermelon, raw",0,34.0,0.61,7.55,0.15,0.4,6.2,1
"Berries, NFS",0,44.4,0.69,9.72,0.31,2.1,6.41,1
"Blackberries, raw",0,48.4,1.39,9.61,0.49,5.3,4.88,1
"Blackberries, frozen",0,71.3,1.18,15.67,0.43,5.0,10.67,1
"Blueberries, raw",0,63.9,0.74,14.49,0.33,2.4,9.96,1
"Bluberries, canned",0,98.4,1.04,22.66,0.4,2.6,17.45,3
"Blueberries, frozen",0,56.1,0.42,12.17,0.64,2.7,8.45,1
Blueberry pie filling,1,181.0,0.41,44.38,0.2,2.6,37.75,12
"Cranberries, raw",0,50.9,0.46,11.97,0.13,3.6,4.27,2
Cranberry sauce,0,166.5,0.9,40.4,0.15,1.1,31.75,5
"Raspberries, raw",0,58.4,1.2,11.94,0.65,6.5,4.42,1
"Raspberries, frozen",0,58.4,1.2,11.94,0.65,6.5,4.42,1
"Strawberries, raw",0,36.1,0.67,7.68,0.3,2.0,4.89,1
"Strawberries, canned",0,98.7,0.56,23.53,0.26,1.7,21.83,4
"Strawberries, frozen",0,39.2,0.43,9.13,0.11,2.1,4.56,2
Ambrosia,0,76.9,0.9,16.16,0.96,2.3,11.62,1
"Fruit salad, fresh or raw,  excluding citrus fruits, no dressing",0,59.5,0.7,13.66,0.23,1.7,9.49,4
"Fruit salad, fresh or raw, including citrus fruits, no dressing",0,58.0,0.76,13.26,0.21,1.9,9.46,4
"Fruit cocktail, canned, NFS",0,58.8,0.41,14.1,0.08,0.9,13.08,5
"Fruit cocktail, canned, in syrup",0,65.4,0.39,15.8,0.07,0.9,14.89,4
"Fruit cocktail, canned, juice pack",0,52.2,0.43,12.41,0.09,0.9,11.27,7
"Fruit mixture, frozen",0,49.1,0.7,11.1,0.21,1.5,8.87,9
Apple salad with dressing,0,179.8,1.48,12.15,13.92,2.1,8.89,86
"Apple, candied",0,143.2,1.34,29.61,2.15,1.8,24.17,62
"Fruit, chocolate covered",0,146.2,1.44,19.9,6.76,2.8,15.68,3
"Fruit salad, excluding citrus fruits, with salad dressing or mayonnaise",5,243.9,1.9,13.39,20.3,1.9,8.7,127
"Fruit salad, excluding citrus fruits, with whipped cream",0,161.0,2.22,14.94,10.26,2.1,9.78,4
"Fruit salad, excluding citrus fruits, with nondairy whipped topping",0,150.6,2.07,17.07,8.23,2.2,11.67,3
"Fruit salad, excluding citrus fruits, with marshmallows",5,249.2,1.9,17.37,19.12,1.8,11.56,124
"Fruit salad, including citrus fruits, with pudding",0,132.2,2.05,17.52,5.99,2.1,11.97,39
"Fruit salad, excluding citrus fruits, with pudding",0,134.6,1.98,17.93,6.11,1.8,12.13,40
"Fruit salad, including citrus fruits, with salad dressing or mayonnaise",5,239.2,1.97,13.06,19.9,2.1,8.6,124
"Fruit salad, including citrus fruit, with whipped cream",0,157.7,2.29,14.54,10.04,2.3,9.65,4
"Fruit salad, including citrus fruits, with nondairy whipped topping",0,147.3,2.14,16.6,8.04,2.4,11.49,3
"Fruit salad, including citrus fruits, with marshmallows",5,244.6,1.96,16.98,18.76,2.0,11.42,122
Lime souffle,1,325.9,8.82,39.83,14.59,1.3,37.42,87
"Guacamole, NFS",5,169.2,1.95,8.45,14.18,6.5,0.72,344
Guacamole with tomatoes,0,157.6,1.87,8.09,13.09,6.1,0.87,317
Chutney,1,244.3,0.33,60.6,0.06,1.0,42.68,802
Pineapple salad with dressing,0,101.3,0.58,11.9,5.71,1.3,8.94,49
"Soup, fruit",0,31.4,0.55,7.0,0.13,0.8,5.87,8
Frozen fruit juice bar,0,105.4,0.81,25.4,0.06,0.5,22.6,6
"Frozen fruit juice bar, no sugar added",0,30.0,0.12,7.35,0.01,0.1,3.12,9
Sorbet,0,112.1,0.79,27.12,0.05,0.5,25.78,13
"Fruit juice, NFS",0,51.6,0.16,12.46,0.12,0.2,10.92,7
"Fruit juice blend, 100% juice",0,51.6,0.16,12.46,0.12,0.2,10.92,7
"Cranberry juice blend, 100% juice",0,51.6,0.16,12.46,0.12,0.2,10.92,7
"Cranberry juice blend, 100% juice, with calcium added",0,45.8,0.27,10.91,0.12,0.1,9.8,6
Apple cider,0,46.8,0.1,11.3,0.13,0.2,9.62,4
"Apple juice, 100%",0,46.8,0.1,11.3,0.13,0.2,9.62,4
"Apple juice, 100%, with calcium added",0,48.0,0.12,11.49,0.17,0.3,9.47,5
"Blackberry juice, 100%",0,37.8,0.3,7.8,0.6,0.1,7.7,1
Blueberry juice,0,41.5,0.48,9.42,0.21,1.6,6.47,2
"Cranberry juice, 100%, not a blend",0,51.5,0.39,12.2,0.13,0.1,12.1,2
"Grape juice, 100%",0,61.7,0.37,14.77,0.13,0.2,14.2,5
"Grape juice, 100%, with calcium added",0,61.7,0.37,14.77,0.13,0.2,14.2,5
"Papaya juice, 100%",0,60.1,0.17,14.51,0.15,0.6,13.91,5
"Passion fruit juice, 100%",0,56.4,0.39,13.6,0.05,0.2,13.4,6
"Pineapple juice, 100%",0,54.0,0.36,12.87,0.12,0.2,9.98,2
"Pomegranate juice, 100%",0,55.7,0.15,13.13,0.29,0.1,12.65,9
"Prune juice, 100%",0,72.5,0.61,17.45,0.03,1.0,16.45,4
"Strawberry juice, 100%",0,37.8,0.3,7.8,0.6,0.1,7.7,1
"Watermelon juice, 100%",0,34.0,0.61,7.55,0.15,0.4,6.2,1
"Fruit smoothie, with whole fruit, no dairy",0,57.4,0.64,13.11,0.27,1.7,8.2,2
"Fruit smoothie, with whole fruit, no dairy, added protein",0,78.8,6.26,12.62,0.37,1.8,7.6,13
"Fruit smoothie, with whole fruit, non-dairy",0,61.4,1.47,11.73,0.95,1.3,4.97,26
"Fruit smoothie juice drink, no dairy",0,53.5,0.63,12.4,0.15,1.2,7.67,2
"Fruit smoothie, light",0,54.9,2.65,9.69,0.62,1.1,7.01,31
"Fruit smoothie, bottled",0,51.0,0.48,11.66,0.27,0.6,10.05,2
"Fruit nectar, NFS",0,53.5,0.11,13.12,0.06,0.3,12.45,5
Apricot nectar,0,59.2,0.17,13.63,0.45,0.1,12.79,8
Banana nectar,0,74.7,0.38,17.95,0.15,0.9,14.26,2
Cantaloupe nectar,0,64.9,0.33,15.64,0.11,0.3,15.55,13
Guava nectar,0,55.0,0.3,13.3,0.07,1.2,10.15,6
Mango nectar,0,53.5,0.11,13.12,0.06,0.3,12.45,5
Peach nectar,0,52.0,0.1,11.61,0.57,0.1,12.08,11
Papaya nectar,0,60.1,0.17,14.51,0.15,0.6,13.91,5
Passion fruit nectar,0,70.7,0.16,17.39,0.06,0.1,17.34,4
Pear nectar,0,63.6,0.11,15.76,0.01,0.6,15.16,4
"Soursop, nectar",0,61.7,0.11,14.93,0.17,0.1,13.07,8
Vinegar,0,3.7,0.0,0.93,0.0,0.0,0.4,5
"Fruit, baby food, NFS",0,45.8,0.2,10.8,0.2,1.7,9.87,0
"Fruit bar, with added vitamin C, baby food, toddler",1,329.9,0.82,76.61,2.24,2.0,68.65,14
"Tropical fruit medley, baby food, strained",0,51.4,0.31,12.22,0.14,1.3,9.78,0
"Apples, baby food, toddler",0,50.2,0.19,11.56,0.36,1.9,10.48,2
"Apple-raspberry, baby food, NS as to strained or junior",0,66.5,0.2,15.98,0.2,2.0,12.17,0
"Apple-raspberry, baby food, strained",0,65.0,0.2,15.6,0.2,2.1,12.96,0
"Apple-raspberry, baby food, junior",0,66.6,0.2,16.0,0.2,2.0,10.9,0
"Applesauce, baby food, NS as to strained or junior",0,43.5,0.1,10.55,0.1,1.7,9.18,0
"Applesauce, baby food, strained",0,45.8,0.2,10.8,0.2,1.7,9.87,0
"Applesauce, baby food, junior",0,41.2,0.0,10.3,0.0,1.7,8.48,1
"Applesauce and apricots, baby food, NS as to strained or junior",0,50.7,0.2,12.02,0.2,1.8,8.98,0
"Applesauce and apricots, baby food, strained",0,49.2,0.2,11.64,0.2,1.8,9.25,0
"Applesauce and apricots, baby food, junior",0,52.2,0.2,12.4,0.2,1.8,8.72,0
"Applesauce with bananas, baby food, NS as to strained or junior",0,67.0,0.37,16.16,0.1,1.6,4.35,3
"Applesauce with bananas, baby food, strained",0,67.0,0.37,16.16,0.1,1.6,4.35,3
"Applesauce with bananas, baby food, junior",0,67.0,0.37,16.16,0.1,1.6,4.35,3
"Applesauce with cherries, baby food, strained",0,56.4,0.0,14.1,0.0,1.1,10.81,1
"Applesauce with cherries, baby food, junior",0,56.4,0.0,14.1,0.0,1.1,10.61,1
"Applesauce with cherries, baby food, NS as to strained or junior",0,56.4,0.0,14.1,0.0,1.1,10.71,1
"Bananas, baby food, strained",0,91.2,1.0,21.34,0.2,1.6,11.36,2
"Bananas with apples and pears, baby food, strained",0,82.8,0.9,19.31,0.22,1.4,12.76,2
"Bananas with orange, baby food, strained",0,85.9,1.06,20.41,0.0,2.1,14.27,10
"Banana with mixed berries, baby food, strained",0,92.5,1.01,21.31,0.36,1.0,15.0,0
"Peaches, baby food, NS as to strained or junior",0,64.6,0.94,14.48,0.33,1.3,11.5,4
"Peaches, baby food, strained",0,64.6,0.94,14.48,0.33,1.3,11.5,4
"Peaches, baby food, junior",0,64.6,0.94,14.48,0.33,1.3,11.5,4
"Peaches, baby food, toddler",0,51.0,0.5,11.8,0.2,0.8,9.49,9
"Pears, baby food, NS as to strained or junior",0,47.4,0.3,11.2,0.15,2.8,7.16,1
"Pears, baby food, strained",0,46.2,0.3,10.8,0.2,2.8,6.98,1
"Pears, baby food, junior",0,48.5,0.3,11.6,0.1,2.8,7.34,1
"Pears, baby food, toddler",0,56.5,0.3,13.6,0.1,1.2,8.66,6
"Prunes, baby food, strained",0,99.9,1.0,23.52,0.2,2.7,14.28,1
"Apples and pears, baby food, NS as to strained or junior",0,45.4,0.2,10.88,0.12,2.2,8.17,1
"Apples and pears, baby food, strained",0,46.0,0.25,10.8,0.2,2.2,8.43,0
"Apples and pears, baby food, junior",0,44.8,0.15,10.95,0.05,2.2,7.91,1
"Pears and pineapple, baby food, NS as to strained or junior",0,47.2,0.3,11.15,0.15,2.6,7.58,0
"Pears and pineapple, baby food, strained",0,45.7,0.3,10.9,0.1,2.6,7.79,0
"Pears and pineapple, baby food, junior",0,48.6,0.3,11.4,0.2,2.6,7.36,0
"Apple juice, baby food",0,47.7,0.0,11.7,0.1,0.1,10.7,8
"Apple juice, with added calcium, baby food",0,45.5,0.06,11.1,0.1,0.4,9.0,3
"Apple-fruit juice blend, baby food",0,74.1,0.2,18.1,0.1,0.1,10.58,8
"Apple-banana juice, baby food",0,50.9,0.2,12.3,0.1,0.2,11.0,4
"Apple-cherry juice, baby food",0,46.5,0.2,11.2,0.1,0.3,10.5,4
"Apple-grape juice, baby food",0,47.6,0.1,11.34,0.2,0.1,10.9,0
"Apple-peach juice, baby food",0,43.7,0.2,10.5,0.1,0.1,9.59,0
"Apple-prune juice, baby food",0,74.1,0.2,18.1,0.1,0.1,10.58,8
"Grape juice, baby food",0,61.5,0.0,15.38,0.0,0.0,15.3,10
"Mixed fruit juice, not citrus, baby food",0,48.1,0.1,11.7,0.1,0.1,8.46,8
"Mixed fruit juice, not citrus, with added calcium, baby food",0,52.5,0.2,12.7,0.1,0.4,10.6,4
"Orange juice, baby food",0,45.9,0.6,10.2,0.3,0.1,8.26,0
"Orange-apple-banana juice, baby food",0,48.5,0.4,11.5,0.1,0.1,10.03,0
"Pear juice, baby food",0,47.4,0.0,11.86,0.0,0.1,7.28,8
"Apple-sweet potato juice, baby food",0,47.7,0.3,11.4,0.1,0.5,9.6,5
"Orange-carrot juice, baby food",0,42.5,0.5,9.9,0.1,0.4,8.4,10
"Banana juice with lowfat yogurt, baby food",0,87.4,2.5,17.54,0.8,0.4,13.28,37
"Mixed fruit juice with lowfat yogurt, baby food",0,75.5,2.4,14.68,0.8,0.4,10.8,36
"Fruit juice and water drink, with high vitamin C and added calcium, baby food",0,29.4,0.0,7.35,0.0,0.0,6.12,11
"Plums, baby food, NS as to strained or junior",0,80.8,0.1,20.1,0.0,1.2,13.49,0
"Plums, baby food, strained",0,79.2,0.1,19.7,0.0,1.2,13.34,0
"Plums, baby food, junior",0,82.4,0.1,20.5,0.0,1.2,13.64,0
"Plums, bananas, and rice, baby food strained",0,57.9,1.1,12.7,0.3,1.3,9.3,0
"Prunes with oatmeal, baby food, strained",0,77.3,0.6,18.5,0.1,2.7,10.97,5
"Apricots, baby food, NS as to strained or junior",0,68.4,0.3,16.8,0.0,1.5,1.4,0
"Apricots, baby food, strained",0,66.4,0.3,16.3,0.0,1.5,1.41,0
"Apricots, baby food, junior",0,70.4,0.3,17.3,0.0,1.5,1.4,0
"Bananas, baby food, NS as to strained or junior",0,69.1,0.4,16.55,0.15,1.6,3.74,0
"Bananas, baby food, junior",0,74.6,0.4,17.8,0.2,1.6,7.1,0
"Bananas and pineapple, baby food, NS as to strained or junior",0,73.6,0.2,18.1,0.05,1.6,9.57,0
"Bananas and pineapple, baby food, strained",0,72.0,0.2,17.8,0.0,1.6,10.73,0
"Bananas and pineapple, baby food, junior",0,75.3,0.2,18.4,0.1,1.6,8.41,0
"Bananas and strawberry, baby food, junior",0,109.3,0.71,25.78,0.37,1.4,19.29,1
"Fruit dessert, baby food, NS as to strained or junior",0,67.6,0.3,16.6,0.0,0.6,12.3,0
"Fruit dessert, baby food, strained",0,65.2,0.3,16.0,0.0,0.6,12.6,0
"Fruit dessert, baby food, junior",0,70.0,0.3,17.2,0.0,0.6,12.0,0
"Fruit Supreme dessert, baby food",0,72.5,0.5,17.18,0.2,2.0,14.87,1
"Apple yogurt dessert, baby food, strained",0,95.6,0.8,19.5,1.6,0.5,12.02,20
"Banana apple dessert, baby food, strained",0,68.2,0.3,16.3,0.2,1.0,14.66,7
"Blueberry yogurt dessert, baby food, strained",0,76.5,0.5,17.05,0.7,0.4,13.62,14
"Mixed fruit yogurt dessert, baby food, strained",0,75.3,0.8,16.23,0.8,0.4,11.74,16
"Cherry cobbler, baby food, junior",0,78.9,0.3,19.2,0.1,0.2,10.39,0
"Peach cobbler, baby food, NS as to strained or junior",0,73.4,0.3,18.05,0.0,0.7,11.26,4
"Peach cobbler, baby food, strained",0,72.4,0.3,17.8,0.0,0.7,10.62,7
"Peach cobbler, baby food, junior",0,74.4,0.3,18.3,0.0,0.7,11.89,0
"Banana pudding, baby food, strained",0,67.8,1.0,14.14,0.8,0.8,10.55,54
"Banana yogurt dessert, baby food, strained",0,78.5,1.1,17.35,0.52,0.5,12.2,14
"Cherry vanilla pudding, baby food, strained",0,75.4,0.2,18.1,0.25,0.3,13.06,0
"Dutch apple dessert, baby food, NS as to strained or junior",0,81.2,0.2,19.46,0.28,1.4,17.89,2
"Dutch apple dessert, baby food, strained",0,83.4,0.2,19.74,0.4,1.4,17.89,0
"Dutch apple dessert, baby food, junior",0,79.0,0.2,19.18,0.16,1.4,17.89,3
"Peach yogurt dessert, baby food, strained",0,75.6,0.9,17.6,0.18,0.4,11.11,14
"Pineapple dessert, baby food, strained",0,89.1,1.3,20.3,0.3,0.7,10.28,0
"Mango dessert, baby food",0,79.0,0.3,19.0,0.2,1.1,13.0,4
"Tutti-fruitti pudding, baby food, NS as to strained or junior",0,67.7,0.4,15.74,0.35,0.5,9.35,21
"Tutti-fruitti pudding, baby food, strained",0,66.2,0.4,15.48,0.3,0.6,9.29,25
"Tutti-fruitti pudding, baby food, junior",0,69.2,0.4,16.0,0.4,0.4,9.41,17
"Fruit flavored snack, baby food",1,346.9,0.0,86.68,0.02,0.0,57.4,89
"Yogurt and fruit snack, baby food",1,380.4,14.29,71.82,4.0,2.3,57.14,286
"Apples and chicken, baby food, strained",0,64.6,2.16,10.88,1.38,1.8,6.06,12
"Apples with ham, baby food, strained",0,62.1,2.6,10.9,0.9,1.8,7.98,9
"Apples and sweet potatoes, baby food, strained",0,64.4,0.3,15.3,0.22,1.4,11.6,3
"Potato, NFS",0,127.4,1.87,20.45,4.24,1.4,1.61,167
"Potato, baked, NFS",0,94.5,1.95,21.45,0.1,1.5,1.69,181
"Potato, baked, peel not eaten",0,94.5,1.95,21.45,0.1,1.5,1.69,181
"Potato, boiled, NFS",0,127.4,1.87,20.45,4.24,1.4,1.61,167
"Potato, boiled, ready-to-heat",0,127.4,1.87,20.45,4.24,1.4,1.61,167
"Potato, boiled, from fresh, peel not eaten, NS as to fat",0,127.4,1.87,20.45,4.24,1.4,1.61,167
"Potato, boiled, from fresh, peel not eaten, no added fat",0,94.5,1.95,21.46,0.1,1.5,1.69,159
"Potato, boiled, from fresh, peel not eaten, fat added, NS as to fat type",0,127.4,1.87,20.45,4.24,1.4,1.61,167
"Potato, boiled, from fresh, peel not eaten, made with oil",0,132.8,1.86,20.45,4.84,1.4,1.61,152
"Potato, boiled, from fresh, peel not eaten, made with butter",0,124.9,1.9,20.45,3.94,1.4,1.62,182
"Potato, boiled, from fresh, peel not eaten, made with margarine",0,118.0,1.87,20.48,3.18,1.4,1.61,185
"Potato, boiled, from fresh, peel eaten, NS as to fat",0,128.3,2.39,20.08,4.27,2.1,1.12,172
"Potato, boiled, from fresh, peel eaten, fat added, NS as to fat type",0,128.3,2.39,20.08,4.27,2.1,1.12,172
"Potato, boiled, from fresh,  peel eaten, no addded fat",0,95.4,2.49,21.07,0.13,2.2,1.18,164
"Potato, boiled, from fresh, peel eaten, made with oil",0,133.6,2.37,20.07,4.87,2.1,1.12,156
"Potato, boiled, from fresh, peel eaten, made with butter",0,125.6,2.41,20.07,3.97,2.1,1.12,187
"Potato, boiled, from fresh, peel eaten, made with margarine",0,118.8,2.38,20.1,3.21,2.1,1.12,189
"Potato, canned, NS as to fat",0,96.0,1.34,12.91,4.33,2.3,0.56,167
"Potato, canned, fat added, NS as to fat type",0,96.0,1.34,12.91,4.33,2.3,0.56,167
"Potato, canned, no added fat",0,61.6,1.39,13.55,0.2,2.4,0.59,159
"Potato, roasted, NFS",0,127.4,1.87,20.45,4.24,1.4,1.61,167
"Potato, roasted, from fresh, peel eaten, NS as to fat",0,128.3,2.39,20.08,4.27,2.1,1.12,172
"Potato, roasted, from fresh, peel eaten, no added fat",0,95.4,2.49,21.07,0.13,2.2,1.18,164
"Potato, roasted, from fresh, peel eaten, fat added, NS as to fat type",0,128.3,2.39,20.08,4.27,2.1,1.12,172
"Potato, roasted, from fresh, peel eaten, made with oil",0,133.6,2.37,20.07,4.87,2.1,1.12,156
"Potato, roasted, from fresh, peel eaten, made with butter",0,125.6,2.41,20.07,3.97,2.1,1.12,187
"Potato, roasted, from fresh, peel eaten, made with margarine",0,118.8,2.38,20.1,3.21,2.1,1.12,189
"Potato, roasted, from fresh, peel not eaten, NS as to fat",0,127.4,1.87,20.45,4.24,1.4,1.61,167
"Potato, roasted, from fresh, peel not eaten, fat added, NS as to fat type",0,127.4,1.87,20.45,4.24,1.4,1.61,167
"Potato, roasted, from fresh, peel not eaten, no added fat",0,94.5,1.95,21.46,0.1,1.5,1.69,159
"Potato, roasted, from fresh, peel not eaten, made with oil",0,132.8,1.86,20.45,4.84,1.4,1.61,152
"Potato, roasted, from fresh, peel not eaten, made with butter",0,124.9,1.9,20.45,3.94,1.4,1.62,182
"Potato, roasted, from fresh, peel not eaten, made with margarine",0,118.0,1.87,20.48,3.18,1.4,1.61,185
"Potato, roasted, ready-to-heat",0,127.4,1.87,20.45,4.24,1.4,1.61,167
"Stewed potatoes, Puerto Rican style",0,116.9,2.1,18.76,3.72,1.9,1.24,299
"Potato only from Puerto Rican mixed dishes, gravy and other components reported separately",0,87.3,1.7,19.89,0.1,1.8,0.88,242
"Potato from Puerto Rican style stuffed pot roast, with gravy",0,76.0,2.46,14.45,0.93,1.3,0.64,235
"Potato from Puerto Rican beef stew, with gravy",0,76.0,2.46,14.45,0.93,1.3,0.64,235
"Potato from Puerto Rican chicken fricassee, with sauce",0,73.0,1.34,14.62,1.02,1.2,0.67,145
"Potato chips, NFS",5,546.7,6.39,53.83,33.98,3.1,0.33,527
"Potato chips, plain",5,546.7,6.39,53.83,33.98,3.1,0.33,527
"Potato chips, barbecue flavored",5,529.3,6.51,55.92,31.06,3.8,5.47,545
"Potato chips, sour cream and onion flavored",5,529.3,6.51,55.92,31.06,3.8,5.47,545
"Potato chips, cheese flavored",5,529.3,6.51,55.92,31.06,3.8,5.47,545
"Potato chips, other flavored",5,529.3,6.51,55.92,31.06,3.8,5.47,545
"Potato chips, ruffled, plain",5,546.7,6.39,53.83,33.98,3.1,0.33,527
"Potato chips, ruffled, barbecue flavored",5,529.3,6.51,55.92,31.06,3.8,5.47,545
"Potato chips, ruffled, sour cream and onion flavored",5,529.3,6.51,55.92,31.06,3.8,5.47,545
"Potato chips, ruffled, cheese flavored",5,529.3,6.51,55.92,31.06,3.8,5.47,545
"Potato chips, ruffled, other flavored",5,529.3,6.51,55.92,31.06,3.8,5.47,545
"Potato chips, restructured, plain",5,555.8,4.61,55.21,35.17,2.9,0.76,643
"Potato chips, restructured, flavored",5,554.2,4.59,55.05,35.07,2.9,0.76,757
"Potato chips, baked, plain",5,469.4,5.0,71.4,18.2,4.8,5.01,536
"Potato chips, baked, flavored",5,467.0,4.97,71.04,18.11,4.8,4.99,726
"Potato chips, reduced fat",5,482.0,7.03,67.13,20.59,6.0,0.22,391
"Potato chips, fat free",5,482.0,7.03,67.13,20.59,6.0,0.22,391
"Potato chips, restructured, reduced fat, lightly salted",5,512.5,4.56,64.76,26.14,3.2,0.63,450
"Potato chips, restructured, fat free",5,512.5,4.56,64.76,26.14,3.2,0.63,450
"Potato chips, unsalted",5,536.3,6.25,59.66,30.3,5.4,0.19,7
"Potato chips, reduced fat, unsalted",4,486.8,7.1,67.8,20.8,6.1,0.22,8
"Potato chips, lightly salted",3,558.4,6.71,53.43,35.32,4.2,0.34,264
"Potato chips, restructured, lightly salted",3,558.4,6.71,53.43,35.32,4.2,0.34,264
"Potato chips, popped, plain",5,469.4,5.0,71.4,18.2,4.8,5.01,536
"Potato chips, popped, flavored",5,467.0,4.97,71.04,18.11,4.8,4.99,726
"Potato chips, popped, NFS",5,469.4,5.0,71.4,18.2,4.8,5.01,536
"Potato sticks, plain",5,549.6,6.7,53.3,34.4,3.4,0.22,633
"Potato sticks, flavored",5,544.1,6.63,52.77,34.06,3.4,0.22,1010
"Potato sticks, fry shaped",5,544.1,6.63,52.77,34.06,3.4,0.22,1010
Vegetable chips,4,494.7,4.72,59.2,26.56,7.8,6.9,329
"Potato, scalloped, NFS",0,168.6,7.12,13.5,9.57,0.8,2.12,323
"Potato, scalloped, from fast food or restaurant",5,207.1,6.65,12.97,14.29,0.7,1.94,413
"Potato, scalloped, from fresh",0,168.6,7.12,13.5,9.57,0.8,2.12,323
"Potato, scalloped, from fresh, with meat",0,173.8,7.44,12.87,10.29,0.7,2.07,360
"Potato, scalloped, from dry mix",0,169.2,6.9,13.53,9.72,0.8,2.21,416
"Potato, scalloped, from dry mix, with meat",0,167.3,7.29,13.1,9.53,0.7,2.18,444
"Potato, scalloped, ready-to-heat",0,178.5,6.79,13.3,10.9,0.7,2.17,403
"Potato, scalloped, ready-to-heat, with meat",0,182.7,7.09,12.72,11.5,0.7,2.12,434
"Potato, french fries, NFS",5,229.6,2.5,23.23,14.07,1.8,0.34,295
"Potato, french fries, NS as to fresh or frozen",5,229.6,2.5,23.23,14.07,1.8,0.34,295
"Potato, french fries, from fresh, fried",0,199.6,1.93,18.5,13.1,1.6,1.25,141
"Potato, french fries, from fresh, baked",0,167.9,2.02,19.34,9.16,1.7,1.3,147
"Potato, french fries, from frozen, baked",0,162.5,2.75,25.55,5.48,2.0,0.37,324
"Potato, french fries, fast food",5,312.0,3.43,41.44,14.73,3.8,0.3,210
"Potato, french fries, restaurant",5,289.1,3.49,37.2,14.04,3.9,0.28,357
"Potato, french fries, from frozen, fried",5,229.6,2.5,23.23,14.07,1.8,0.34,295
"Potato, french fries, school",0,167.9,2.02,19.34,9.16,1.7,1.3,147
"Potato, french fries, with cheese, fast food / restaurant",5,259.4,3.36,29.69,14.13,2.6,0.3,363
"Potato, french fries, with cheese, school",0,181.5,4.55,17.67,10.29,1.5,1.2,195
"Potato, french fries, with chili, fast food / restaurant",5,240.6,4.25,31.58,10.81,3.6,0.85,293
"Potato, french fries, with chili and cheese, fast food / restaurant",5,220.0,3.99,25.41,11.38,2.8,0.7,385
"Potato, french fries, with cheese",5,259.4,3.36,29.69,14.13,2.6,0.3,363
"Potato, french fries, with chili and cheese",5,220.0,3.99,25.41,11.38,2.8,0.7,385
"Potato, french fries, with chili",5,240.6,4.25,31.58,10.81,3.6,0.85,293
"Potato, home fries, NFS",0,198.6,1.92,18.4,13.03,1.6,1.24,340
"Potato, home fries, from restaurant / fast food",5,215.9,1.87,17.91,15.2,1.6,1.21,396
"Potato, home fries, from fresh",0,186.6,1.96,18.76,11.52,1.6,1.26,279
"Potato, home fries, ready-to-heat",0,198.6,1.92,18.4,13.03,1.6,1.24,340
"Potato, home fries, with vegetables",0,175.2,1.73,15.6,11.77,1.6,1.84,382
"Potato, hash brown, NFS",5,226.7,2.62,28.23,11.48,3.2,0.27,398
"Potato, hash brown, from fast food",5,279.2,2.58,28.88,17.04,2.7,0.56,566
"Potato, hash brown, from fast food, with cheese",5,300.8,6.03,24.47,19.87,2.2,0.52,581
"Potato, hash brown, from restaurant",5,279.2,2.58,28.88,17.04,2.7,0.56,566
"Potato, hash brown, from restaurant, with cheese",5,300.8,6.03,24.47,19.87,2.2,0.52,581
"Potato, hash brown, from school lunch",5,228.0,2.64,28.4,11.54,3.2,0.27,169
"Potato, hash brown, from fresh",0,192.5,1.94,18.57,12.27,1.6,1.25,343
"Potato, hash brown, from fresh, with cheese",5,224.5,5.1,16.18,15.49,1.4,1.12,389
"Potato, hash brown, from dry mix",5,226.7,2.62,28.23,11.48,3.2,0.27,398
"Potato, hash brown, ready-to-heat",5,226.7,2.62,28.23,11.48,3.2,0.27,398
"Potato, hash brown, ready-to-heat, with cheese",5,256.8,6.04,23.96,15.2,2.6,0.28,440
Potato skins without topping,0,153.6,2.12,19.53,7.45,1.8,1.25,363
"Potato skins, with cheese",5,201.2,6.07,16.34,12.4,1.5,1.08,417
"Potato skins, with cheese and bacon",5,215.8,7.64,15.52,13.68,1.4,1.02,488
"Potato skins, NFS",5,201.2,6.07,16.34,12.4,1.5,1.08,417
"Potato, mashed, NFS",0,115.5,2.15,17.6,4.06,1.2,2.13,212
"Potato, mashed, from fast food",0,90.6,1.65,14.65,2.82,1.3,0.5,306
"Potato, mashed, from fast food, with gravy",0,82.0,1.46,12.78,2.78,1.1,0.46,323
"Potato, mashed, ready-to-heat",0,106.1,1.97,13.29,5.01,1.9,1.76,298
"Potato, mashed, from fresh, made with milk",0,115.5,2.15,17.6,4.06,1.2,2.13,212
"Potato, mashed, from fresh, made with milk, with cheese",0,146.9,4.41,15.98,7.26,1.0,1.93,259
"Potato, mashed, from fresh, made with milk, with gravy",0,101.9,1.86,15.14,3.77,1.0,1.76,247
"Potato, mashed, from fresh, NFS",0,115.5,2.15,17.6,4.06,1.2,2.13,212
"Potato, mashed, from restaurant",0,140.0,2.07,16.77,7.18,1.1,2.02,374
"Potato, mashed, from restaurant, with gravy",0,121.6,1.8,14.48,6.27,0.9,1.68,377
"Potato, mashed, from school lunch",0,78.4,2.14,13.2,1.89,1.0,1.85,201
"Potato, mashed, from dry mix, NFS",0,118.7,2.05,12.63,6.66,0.9,1.59,256
"Potato, mashed, from dry mix, made with milk",0,118.7,2.05,12.63,6.66,0.9,1.59,256
"Potato, mashed, from dry mix, made with milk, with cheese",0,149.8,4.32,11.54,9.59,0.8,1.45,298
"Potato, mashed, from dry mix, made with milk, with gravy",0,104.5,1.78,11.16,5.86,0.8,1.33,282
"Potato, mashed, ready-to-heat, NFS",0,106.1,1.97,13.29,5.01,1.9,1.76,298
"Potato, mashed, ready-to-heat, with cheese",0,138.6,4.26,12.13,8.12,1.7,1.61,336
"Potato, mashed, ready-to-heat, with gravy",0,94.4,1.72,11.69,4.53,1.5,1.47,316
Potato patty,0,170.1,3.89,13.4,11.22,1.5,1.51,221
"Potato tots, NFS",5,244.3,1.9,24.4,15.46,2.3,0.28,421
"Potato tots, fast food / restaurant",5,243.4,1.89,24.31,15.4,2.3,0.27,571
"Potato tots, school",0,167.9,2.02,19.34,9.16,1.7,1.3,147
"Potato tots, from fresh, fried or baked",5,244.3,1.9,24.4,15.46,2.3,0.28,421
"Potato tots, frozen, baked",5,195.0,2.03,26.1,9.17,2.4,0.3,451
"Potato tots, frozen, fried",5,244.3,1.9,24.4,15.46,2.3,0.28,421
"Potato tots, frozen, NS as to fried or baked",5,244.3,1.9,24.4,15.46,2.3,0.28,421
"Potato, baked, peel not eaten, with butter",0,126.3,1.9,20.39,4.13,1.4,1.61,204
"Potato, baked, peel not eaten, with sour cream",0,133.2,1.95,18.96,5.51,1.3,1.77,188
"Potato, baked, peel not eaten, with cheese",0,154.7,3.61,17.67,7.73,1.2,1.66,224
"Potato, baked, peel not eaten, with meat",0,161.3,4.27,17.32,8.33,1.2,1.62,256
"Potato, baked, peel not eaten, with chili",0,143.7,4.04,17.97,6.18,1.6,1.56,274
"Potato, baked, peel not eaten, with vegetables",0,143.8,3.68,18.09,6.3,1.4,1.5,229
"Potato, baked, peel eaten",0,95.3,2.49,21.05,0.13,2.2,1.18,186
"Potato, baked, peel eaten, with butter",0,127.1,2.41,20.01,4.16,2.1,1.12,208
"Potato, baked, peel eaten, with sour cream",0,134.0,2.41,18.62,5.54,1.9,1.33,192
"Potato, baked, peel eaten, with cheese",0,155.4,4.04,17.36,7.76,1.7,1.25,228
"Potato, baked, peel eaten, with meat",0,162.0,4.69,17.02,8.35,1.7,1.22,260
"Potato, baked, peel eaten, with chili",0,144.2,4.43,17.68,6.2,2.1,1.18,278
"Potato, baked, peel eaten, with vegetables",0,144.4,4.12,17.76,6.32,2.0,1.08,233
"Potato salad with egg, from restaurant",0,175.8,3.04,15.36,11.35,1.1,1.8,333
"Potato salad with egg, made with mayonnaise",0,157.2,1.96,16.18,9.4,1.3,4.95,329
"Potato salad with egg, made with light mayonnaise",0,111.5,2.72,15.12,4.46,1.3,1.68,204
"Potato salad with egg, made with mayonnaise-type salad dressing",0,113.6,2.77,15.9,4.32,1.3,2.56,178
"Potato salad with egg, made with light mayonnaise-type salad dressing",0,111.5,2.72,15.12,4.46,1.3,1.68,204
"Potato salad with egg, made with creamy dressing",0,142.5,2.94,14.88,7.91,1.3,1.54,201
"Potato salad with egg, made with light creamy dressing",0,103.0,2.96,15.01,3.46,1.3,1.7,193
"Potato salad with egg, made with Italian dressing",0,114.2,2.81,15.8,4.42,1.3,2.41,212
"Potato salad with egg, made with light Italian dressing",0,94.3,2.8,15.48,2.35,1.3,2.2,199
"Potato salad with egg, made with any type of fat free dressing",0,90.3,2.67,15.99,1.74,1.6,2.69,204
"Potato salad, German style",0,109.3,2.92,17.16,3.22,1.9,1.46,180
"Potato salad, from restaurant",0,179.2,1.73,17.32,11.45,1.3,1.9,361
"Potato salad, made with mayonnaise",0,169.5,1.52,15.8,11.14,1.5,1.29,178
"Potato salad, made with light mayonnaise",0,106.4,1.42,16.96,3.65,1.5,1.75,215
"Potato salad, made with mayonnaise-type salad dressing",0,108.7,1.47,17.85,3.49,1.5,2.75,185
"Potato salad, made with light mayonnaise-type salad dressing",0,106.4,1.42,16.96,3.65,1.5,1.75,215
"Potato salad, made with creamy dressing",0,141.3,1.59,16.79,7.53,1.5,1.6,212
"Potato salad, made with light creamy dressing",0,96.5,1.62,16.94,2.47,1.5,1.78,202
"Potato salad, made with Italian dressing",0,109.2,1.44,17.85,3.56,1.5,2.59,224
"Potato salad, made with light Italian dressing",0,86.5,1.44,17.48,1.2,1.5,2.35,210
"Potato salad, made with any type of fat free dressing",0,82.5,1.38,17.93,0.58,1.8,2.9,214
Potato pancake,5,196.6,4.48,20.56,10.71,2.2,1.14,404
Lefse (Norwegian),5,216.8,4.22,36.12,6.16,2.0,2.29,176
Stewed potatoes,0,116.0,1.84,19.91,3.22,1.4,1.88,149
Stewed potatoes with tomatoes,0,96.6,1.61,15.4,3.17,1.4,2.31,147
"Potato soup, NS as to made with milk or water",0,50.1,1.6,7.67,1.45,0.7,1.96,315
"Potato soup, cream of, prepared with milk",0,62.5,2.42,8.83,1.94,0.6,3.17,321
"Potato soup, prepared with water",0,37.6,0.77,6.49,0.95,0.7,0.73,308
Potato and cheese soup,0,75.4,2.74,8.54,3.36,1.0,1.54,309
Potato chowder,0,91.2,3.92,8.59,4.57,0.6,4.13,312
"Plantain soup, Puerto Rican style",0,42.2,2.33,7.15,0.47,0.4,3.89,665
"Plantain, cooked, no added fat",0,135.6,1.3,31.8,0.35,1.7,17.46,120
"Plantain, cooked with oil",0,157.7,1.26,30.87,3.24,1.6,16.95,116
"Ripe plantain, raw",0,135.9,1.3,31.89,0.35,1.7,17.51,4
"Plantain, cooked, fat added, NS as to fat type",0,154.5,1.27,30.88,2.88,1.6,16.95,126
"Plantain, cooked with butter or margarine",0,151.2,1.27,30.88,2.51,1.6,16.95,136
Plantain chips,5,530.8,2.28,63.84,29.59,3.5,0.92,202
"Green banana, cooked in salt water",0,135.6,1.3,31.8,0.35,1.7,17.46,120
"Green banana, fried",0,157.7,1.26,30.87,3.24,1.6,16.95,116
"Cassava, cooked",0,191.3,1.42,39.62,3.02,1.9,1.77,146
Yuca fries,5,269.3,1.24,34.72,13.94,1.6,1.55,154
"Casabe, cassava bread",5,299.7,2.54,71.22,0.52,3.4,3.18,1185
"Yam, cooked, Puerto Rican",0,116.8,1.49,27.4,0.14,3.9,0.49,124
Yam buns; Puerto Rican style,5,304.0,3.47,29.77,19.0,3.5,0.73,274
"Tannier, cooked",0,142.9,1.57,27.55,2.94,4.3,0.42,143
"Celeriac, cooked",0,72.0,1.57,9.58,3.04,1.9,1.67,235
"Dasheen, cooked",0,142.9,1.57,27.55,2.94,4.3,0.42,143
"Taro, cooked",0,142.9,1.57,27.55,2.94,4.3,0.42,143
Fufu,0,167.2,1.5,33.59,2.98,3.1,1.09,144
Poi,0,122.2,1.61,28.45,0.22,4.4,0.43,12
Taro chips,4,505.7,2.3,68.1,24.9,7.2,3.82,342
"Beet greens, raw",0,27.3,2.2,4.33,0.13,3.7,0.5,226
"Beet greens, cooked",0,53.0,2.3,4.51,2.86,3.9,0.52,366
"Broccoli raab, raw",0,28.5,3.17,2.85,0.49,2.7,0.38,33
"Broccoli raab, cooked",0,52.6,3.2,2.88,3.14,2.7,0.38,160
"Chard, raw",0,24.0,1.8,3.74,0.2,1.6,1.1,213
"Chard, cooked",0,49.6,1.88,3.9,2.94,1.7,1.15,353
"Collards, raw",0,39.2,3.02,5.42,0.61,4.0,0.46,17
"Collards, fresh, cooked, no added fat",0,42.1,3.24,5.81,0.65,4.3,0.49,143
"Collards, frozen, cooked, no added fat",0,43.8,2.96,7.08,0.41,2.8,0.57,166
"Collards, canned, cooked, no added fat",0,19.3,1.35,2.79,0.3,1.3,0.42,336
"Collards, NS as to form, cooked",0,65.4,3.15,5.65,3.36,4.2,0.48,149
"Collards, fresh, cooked, fat added, NS as to fat type",0,65.4,3.15,5.65,3.36,4.2,0.48,149
"Collards, frozen, cooked, fat added, NS as to fat type",0,65.4,2.88,6.88,2.93,2.7,0.55,170
"Collards, canned, cooked, fat added, NS as to fat type",0,41.4,1.32,2.71,2.81,1.3,0.4,336
"Collards, fresh, cooked with oil",0,69.0,3.14,5.64,3.76,4.2,0.48,139
"Collards, fresh, cooked with butter or margarine",0,62.0,3.16,5.65,2.97,4.2,0.48,159
"Collards, frozen, cooked with oil",0,68.7,2.88,6.87,3.3,2.7,0.55,161
"Collards, frozen, cooked with butter or margarine",0,62.2,2.89,6.88,2.57,2.7,0.55,180
"Collards, canned, cooked with oil",0,44.7,1.31,2.71,3.18,1.3,0.4,326
"Collards, canned, cooked with butter or margarine",0,38.2,1.33,2.72,2.45,1.3,0.41,345
"Cress, raw",0,38.7,2.6,5.5,0.7,1.1,4.4,14
"Cress, cooked",0,64.9,2.72,5.73,3.46,1.1,4.58,146
"Dandelion greens, raw",0,53.9,2.7,9.2,0.7,3.5,0.71,76
"Dandelion greens, cooked",0,80.7,2.82,9.58,3.46,3.6,0.74,210
"Romaine lettuce, raw",0,18.3,1.36,2.87,0.15,1.3,0.78,28
"Caesar salad, with romaine, no dressing",0,76.2,4.23,6.78,3.57,1.8,1.23,225
"Escarole, cooked",0,40.8,1.12,2.98,2.71,2.7,0.22,140
"Greens, fresh, cooked, no added fat",0,41.2,2.97,5.16,0.97,4.2,0.74,159
"Greens, frozen, cooked, no added fat",0,41.1,2.92,5.75,0.71,2.7,0.78,146
"Greens, canned, cooked, no added fat",0,19.3,1.35,2.79,0.3,1.3,0.42,336
"Greens, NS as to form, cooked",0,62.2,2.89,5.02,3.4,4.1,0.72,164
"Greens, fresh, cooked, fat added",0,62.2,2.89,5.02,3.4,4.1,0.72,164
"Greens, frozen, cooked, fat added",0,62.8,2.84,5.59,3.23,2.6,0.76,151
"Greens, canned, cooked, fat added",0,41.4,1.32,2.71,2.81,1.3,0.4,336
"Kale, raw",0,42.8,2.92,4.42,1.49,4.1,0.8,53
"Kale, fresh, cooked, no added fat",0,45.9,3.13,4.74,1.6,4.4,0.86,181
"Kale, frozen, cooked, no added fat",0,43.7,2.93,5.28,1.21,2.3,1.12,132
"Kale, canned, cooked, no added fat",0,19.3,1.35,2.79,0.3,1.3,0.42,336
"Kale, NS as to form, cooked",0,69.2,3.05,4.61,4.28,4.3,0.83,186
"Kale, fresh, cooked, fat added",0,69.2,3.05,4.61,4.28,4.3,0.83,186
"Kale, frozen, cooked, fat added",0,65.4,2.85,5.14,3.71,2.2,1.08,138
"Kale, canned, cooked, fat added",0,41.4,1.32,2.71,2.81,1.3,0.4,336
"Lambsquarter, cooked",0,60.7,3.11,4.85,3.21,2.0,0.6,150
"Mustard cabbage, cooked",0,41.9,1.57,2.28,2.94,1.0,1.23,199
"Mustard greens, raw",0,33.9,2.86,4.67,0.42,3.2,1.32,20
"Mustard greens, fresh, cooked, no added fat",0,36.4,3.07,5.01,0.45,3.4,1.42,146
"Mustard greens, frozen, cooked, no added fat",0,23.7,2.26,3.1,0.25,2.8,0.32,141
"Mustard greens, canned, cooked, no added fat",0,19.3,1.35,2.79,0.3,1.3,0.42,336
"Mustard greens, NS as to form, cooked",0,59.9,2.99,4.87,3.16,3.3,1.38,152
"Mustard greens, fresh, cooked, fat added",0,59.9,2.99,4.87,3.16,3.3,1.38,152
"Mustard greens, frozen, cooked, fat added",0,45.9,2.21,3.02,2.78,2.7,0.31,146
"Mustard greens, canned, cooked, fat added",0,41.4,1.32,2.71,2.81,1.3,0.4,336
"Poke greens, cooked",0,47.3,2.24,3.01,2.92,1.5,1.55,139
"Radicchio, raw",0,25.9,1.43,4.48,0.25,0.9,0.6,22
"Spinach, raw",0,29.5,2.86,3.63,0.39,2.2,0.42,79
"Spinach, fresh, cooked, no added fat",0,34.6,3.36,4.26,0.46,2.6,0.49,229
"Spinach, frozen, cooked, no added fat",0,43.0,4.0,4.79,0.87,3.7,0.51,212
"Spinach, canned, cooked, no added fat",0,29.3,2.81,3.4,0.5,2.4,0.4,322
"Spinach, fresh, cooked with oil",0,64.3,3.26,4.13,3.86,2.5,0.48,222
"Spinach, fresh, cooked with butter or margarine",0,56.7,3.28,4.15,3.0,2.5,0.48,245
"Spinach, NS as to form, cooked",0,60.5,3.27,4.14,3.43,2.5,0.48,234
"Spinach, fresh, cooked, fat added, NS as to fat type",0,60.5,3.27,4.14,3.43,2.5,0.48,234
"Spinach, frozen, cooked, fat added, NS as to fat type",0,64.6,3.89,4.65,3.38,3.6,0.49,216
"Spinach, canned, cooked, fat added, NS as to fat type",0,51.5,2.74,3.31,3.03,2.3,0.39,322
"Spinach, frozen, cooked with oil",0,67.9,3.88,4.65,3.75,3.6,0.49,206
"Spinach, frozen, cooked with butter or margarine",0,61.3,3.9,4.66,3.01,3.6,0.5,226
"Spinach, canned, cooked with oil",0,54.7,2.73,3.3,3.4,2.3,0.39,313
"Spinach, canned, cooked with butter or margarine",0,48.1,2.74,3.31,2.66,2.3,0.39,332
"Spinach, creamed",0,90.8,2.48,6.65,6.03,1.6,0.76,431
Spinach souffle,0,127.6,5.7,7.1,8.49,1.1,2.45,168
Spinach and cheese casserole,0,134.7,7.02,9.91,7.44,2.8,1.05,308
Palak Paneer,0,101.0,5.22,4.31,6.99,1.2,1.89,221
Channa Saag,0,92.0,4.07,9.54,4.17,3.4,1.81,250
"Taro leaves, cooked",0,80.2,5.19,6.98,3.5,3.9,3.13,134
"Thistle leaves, cooked",0,64.9,2.72,5.73,3.46,1.1,4.58,146
"Turnip greens, fresh, cooked, no added fat",0,24.0,1.14,4.35,0.23,3.5,0.53,145
"Turnip greens, frozen, cooked, no added fat",0,37.0,3.34,4.96,0.42,3.4,0.75,131
"Turnip greens, canned, cooked, no added fat",0,19.3,1.35,2.79,0.3,1.3,0.42,336
"Turrnip greens, NS as to form, cooked",0,46.2,1.11,4.23,2.76,3.4,0.51,150
"Turnip greens, fresh, cooked, fat added",0,46.2,1.11,4.23,2.76,3.4,0.51,150
"Turnip greens, frozen, cooked, fat added",0,58.8,3.25,4.83,2.94,3.3,0.73,137
"Turnip greens, canned, cooked, fat added",0,41.4,1.32,2.71,2.81,1.3,0.4,336
"Turnip greens, canned, reduced sodium, cooked, no added fat",0,19.4,1.36,2.81,0.3,1.3,0.42,29
"Turnip greens, canned, reduced sodium, cooked, fat added",0,41.8,1.33,2.73,2.84,1.3,0.41,38
"Watercress, raw",0,15.3,2.3,1.29,0.1,0.5,0.2,41
"Watercress, cooked",0,40.5,2.4,1.35,2.83,0.5,0.21,174
"Bitter melon, horseradish, jute, or radish leaves, cooked",0,64.4,3.49,6.47,2.73,1.8,1.01,135
"Sweet potato, squash, pumpkin, chrysanthemum, or bean leaves, cooked",0,62.9,2.12,7.15,2.87,1.8,5.3,129
"Broccoli, raw",0,41.2,2.82,6.64,0.37,2.6,1.7,33
"Broccoli, cooked, from restaurant",0,79.6,2.8,6.56,4.68,2.6,1.68,240
"Broccoli, fresh, cooked, no added fat",0,42.7,2.93,6.9,0.38,2.7,1.77,155
"Broccoli, frozen, cooked, no added fat",0,34.8,3.09,5.33,0.12,3.0,1.47,127
"Broccoli, NS as to form, cooked",0,65.4,2.85,6.7,3.02,2.6,1.72,160
"Broccoli, fresh, cooked, fat added, NS as to fat type",0,65.4,2.85,6.7,3.02,2.6,1.72,160
"Broccoli, frozen, cooked, fat added, NS as to fat type",0,56.6,3.01,5.18,2.65,2.9,1.42,133
"Broccoli, fresh, cooked with oil",0,68.8,2.84,6.7,3.4,2.6,1.71,150
"Broccoli, fresh, cooked with butter or margarine",0,62.0,2.86,6.71,2.63,2.6,1.72,170
"Broccoli, frozen, cooked with oil",0,59.9,3.0,5.18,3.02,2.9,1.42,123
"Broccoli, frozen, cooked with butter or margarine",0,53.4,3.02,5.19,2.28,2.9,1.42,142
Broccoli casserole with noodles,0,113.1,3.72,16.02,3.79,2.0,1.49,186
Broccoli casserole with rice,0,108.4,4.13,15.09,3.5,1.9,1.22,186
Fried broccoli,5,221.4,4.25,22.34,12.78,1.8,1.01,328
"Broccoli, chinese, raw",0,30.3,1.2,4.67,0.76,2.6,0.88,7
"Broccoli, Chinese, cooked",0,54.4,1.22,4.72,3.41,2.6,0.89,134
"Broccoli soup, prepared with milk, home recipe, canned or ready-to-serve",0,68.8,2.72,6.28,3.65,0.9,3.51,350
"Broccoli soup, prepared with water, home recipe, canned, or ready-to-serve",0,44.1,1.06,3.91,2.69,0.9,1.08,337
"Broccoli cheese soup, prepared with milk, home recipe, canned, or ready-to-serve",0,68.8,2.72,6.28,3.65,0.9,3.51,350
Watercress broth with shrimp,0,47.3,6.25,1.38,1.86,0.1,0.17,261
Spinach soup,0,32.0,2.92,2.88,0.98,0.8,1.68,182
"Dark-green leafy vegetable soup with meat, Asian style",0,78.0,6.46,5.56,3.32,1.0,0.85,270
"Dark-green leafy vegetable soup, meatless, Asian style",0,50.3,1.57,6.56,1.98,1.2,1.01,308
"Carrots, raw",0,44.2,0.93,9.58,0.24,2.8,4.74,69
"Carrots, raw, salad",0,214.8,1.25,17.19,15.67,2.4,12.04,178
"Carrots, raw, salad with apples",0,179.5,0.84,8.16,15.95,2.1,4.47,178
"Carrots, cooked, from restaurant",0,82.6,0.93,9.47,4.55,2.8,4.68,276
"Carrots, fresh, cooked, no added fat",0,45.9,0.97,9.95,0.25,2.9,4.92,192
"Carrots, frozen, cooked, no added fat",0,39.3,0.58,7.71,0.68,3.3,4.07,175
"Carrots, canned, cooked, no added fat",0,26.4,0.64,5.54,0.19,1.5,2.48,242
"Carrots, fresh, cooked with oil",0,71.8,0.94,9.66,3.27,2.8,4.78,187
"Carrots, fresh, cooked with butter or margarine",0,65.0,0.96,9.67,2.5,2.8,4.78,207
"Carrots, NS as to form, cooked",0,68.4,0.95,9.67,2.88,2.8,4.78,197
"Carrots, fresh, cooked, fat added, NS as to fat type",0,68.4,0.95,9.67,2.88,2.8,4.78,197
"Carrots, frozen, cooked, fat added, NS as to fat type",0,61.0,0.57,7.49,3.2,3.2,3.95,179
"Carrots, canned, cooked, fat added, NS as to fat type",0,48.6,0.63,5.38,2.73,1.5,2.41,245
"Carrots, frozen, cooked with oil",0,64.2,0.56,7.48,3.56,3.2,3.95,170
"Carrots, frozen, cooked with butter or margarine",0,57.8,0.58,7.49,2.83,3.2,3.95,189
"Carrots, canned, cooked with oil",0,51.9,0.62,5.38,3.1,1.5,2.41,235
"Carrots, canned, cooked with butter or margarine",0,45.4,0.64,5.39,2.36,1.5,2.41,254
"Carrots, glazed, cooked",0,94.2,0.9,16.68,2.65,2.6,12.12,201
"Carrots, canned, reduced sodium, cooked, no added fat",0,25.1,0.59,5.36,0.14,1.8,2.46,34
"Carrots, canned, reduced sodium, cooked, fat added, NS as to fat type",0,47.3,0.58,5.21,2.68,1.7,2.39,43
"Carrots, canned, reduced sodium, cooked with oil",0,50.5,0.57,5.2,3.05,1.7,2.39,33
"Carrots, canned, reduced sodium, cooked with butter or margarine",0,44.0,0.59,5.21,2.31,1.7,2.39,52
Beet juice,0,27.1,0.72,5.91,0.06,1.1,4.84,19
"Carrot juice, 100%",0,42.3,0.95,9.28,0.15,0.8,3.91,66
"Peas and carrots, fresh, cooked, no added fat",0,66.1,3.3,12.48,0.33,4.4,5.41,159
"Peas and carrots, frozen, cooked, no added fat",0,59.5,2.86,10.96,0.47,3.9,4.23,181
"Peas and carrots, canned, cooked, no added fat",0,48.5,2.56,8.45,0.5,3.2,2.74,258
"Peas and carrots, cooked, NS as to form",0,88.0,3.21,12.12,2.96,4.3,5.25,164
"Peas and carrots, fresh, cooked, fat added",0,88.0,3.21,12.12,2.96,4.3,5.25,164
"Peas and carrots, frozen, cooked, fat added",0,80.7,2.78,10.65,3.0,3.8,4.11,185
"Peas and carrots, canned, cooked, fat added",0,70.0,2.49,8.21,3.02,3.1,2.66,260
"Pumpkin, canned, cooked",0,61.1,1.08,7.86,2.82,2.8,3.2,15
"Pumpkin, cooked",0,56.8,1.05,6.77,2.83,0.5,2.87,132
"Calabaza, cooked",0,56.8,1.05,6.77,2.83,0.5,2.87,132
"Sweet potato and pumpkin casserole, Puerto Rican style",5,234.6,2.99,39.82,7.04,2.2,27.63,204
"Winter squash, raw",0,30.9,1.0,6.5,0.1,0.5,2.76,1
"Winter squash, cooked, no added fat",0,42.0,0.89,8.82,0.35,2.8,3.29,117
"Winter squash, cooked, fat added",0,63.7,0.87,8.57,2.88,2.7,3.2,123
Squash fritter or cake,5,362.0,6.96,35.66,21.28,2.8,3.1,353
"Squash, winter, souffle",0,81.3,3.41,12.07,2.15,2.1,5.8,166
"Sweet potato, NFS",0,111.0,1.31,16.82,4.28,2.4,5.45,188
"Sweet potato, baked, peel eaten, NS as to fat",0,128.4,2.03,20.85,4.1,3.3,5.93,189
"Sweet potato, baked, peel eaten, no added fat",0,97.1,2.11,21.83,0.15,3.5,6.21,182
"Sweet potato, baked, peel eaten, fat added, NS as to fat type",0,128.4,2.03,20.85,4.1,3.3,5.93,189
"Sweet potato, baked, peel eaten, made with oil",0,133.5,2.02,20.84,4.67,3.3,5.93,174
"Sweet potato, baked, peel eaten, made with butter",0,125.9,2.05,20.85,3.81,3.3,5.94,203
"Sweet potato, baked, peel eaten, made with margarine",0,119.4,2.02,20.88,3.09,3.3,5.93,205
"Sweet potato, baked, peel not eaten, NS as to fat",0,124.9,1.92,19.66,4.29,3.1,6.15,197
"Sweet potato, baked, peel not eaten, no added fat",0,91.9,2.0,20.63,0.15,3.3,6.45,190
"Sweet potato, baked, peel not eaten, fat added, NS as to fat type",0,124.9,1.92,19.66,4.29,3.1,6.15,197
"Sweet potato, baked, peel not eaten, made with oil",0,130.2,1.91,19.65,4.89,3.1,6.15,181
"Sweet potato, baked, peel not eaten, made with butter",0,122.3,1.95,19.65,3.99,3.1,6.15,212
"Sweet potato, baked, peel not eaten, made with margarine",0,115.5,1.92,19.69,3.23,3.1,6.15,214
"Sweet potato, boiled, NS as to fat",0,111.0,1.31,16.82,4.28,2.4,5.45,188
"Sweet potato, boiled, no added fat",0,77.3,1.36,17.65,0.14,2.5,5.72,181
"Sweet potato, boiled, fat added, NS as to fat type",0,111.0,1.31,16.82,4.28,2.4,5.45,188
"Sweet potato, boiled, made with oil",0,116.4,1.3,16.81,4.88,2.4,5.45,173
"Sweet potato, boiled, made with butter",0,108.5,1.34,16.82,3.98,2.4,5.45,203
"Sweet potato, boiled, made with margarine",0,101.6,1.31,16.85,3.22,2.4,5.45,205
"Sweet potato, candied",0,183.4,0.99,37.46,3.29,1.8,28.97,142
"Sweet potato, canned, NS as to fat",0,125.5,1.58,20.05,4.33,1.7,4.74,213
"Sweet potato, canned, no added fat",0,92.5,1.64,21.04,0.2,1.8,4.98,207
"Sweet potato, canned, fat added",0,125.5,1.58,20.05,4.33,1.7,4.74,213
"Sweet potato, casserole or mashed",0,95.8,1.68,16.96,2.36,1.9,7.61,153
"Sweet potato fries, NFS",5,307.4,2.07,34.05,18.1,5.5,12.34,140
Sweet potato chips,4,527.6,2.92,56.54,32.19,8.8,8.78,227
"Sweet potato fries, NS as to fresh or frozen",5,307.4,2.07,34.05,18.1,5.5,12.34,140
"Sweet potato fries, frozen, fried",5,307.4,2.07,34.05,18.1,5.5,12.34,140
"Sweet potato fries, frozen, baked",5,243.4,2.27,37.45,9.39,6.0,13.58,154
"Sweet potato fries, from fresh, fried",0,196.9,1.74,17.95,13.13,2.9,5.62,165
"Sweet potato fries, from fresh, baked",0,165.0,1.82,18.76,9.19,3.0,5.87,173
"Sweet potato fries, fast food / restaurant",5,349.6,1.92,31.63,23.93,5.1,11.47,267
"Sweet potato fries, school",5,243.4,2.27,37.45,9.39,6.0,13.58,154
"Sweet potato tots, NFS",5,288.4,2.12,34.87,15.6,5.6,12.64,295
"Sweet potato tots, from frozen, fried",5,288.4,2.12,34.87,15.6,5.6,12.64,295
"Sweet potato tots, from frozen, baked",5,242.4,2.26,37.3,9.35,6.0,13.52,315
"Sweet potato tots, from frozen, NS as to fried or baked",5,288.4,2.12,34.87,15.6,5.6,12.64,295
"Sweet potato tots, fast food / restaurant",5,288.4,2.12,34.87,15.6,5.6,12.64,295
"Sweet potato tots, school",5,243.4,2.27,37.45,9.39,6.0,13.58,154
"Sweet potato, yellow, Puerto Rican, cooked",0,77.1,1.36,17.61,0.14,2.5,5.7,271
"Carrot soup, cream of, prepared with milk, home recipe, canned or ready-to-serve",0,33.3,1.6,5.01,0.76,1.0,3.27,209
"Carrot with rice soup, cream of, prepared with milk, home recipe, canned or ready-to-serve",0,55.2,1.98,10.12,0.75,1.0,3.08,197
"Squash, winter type, soup, home recipe, canned, or ready-to-serve",0,41.4,0.5,4.37,2.44,1.3,1.77,330
"Tomatoes, raw",0,20.9,0.88,3.89,0.2,1.2,2.63,5
"Tomatoes, NS as to form, cooked",0,53.8,1.08,4.71,3.41,1.5,3.18,159
"Tomatoes, fresh, cooked",0,53.8,1.08,4.71,3.41,1.5,3.18,159
"Tomatoes, canned, cooked",0,41.7,0.78,3.37,2.79,1.8,2.48,121
"Tomatoes, scalloped",0,111.5,2.7,14.1,4.92,1.9,3.72,216
"Tomatoes, canned, reduced sodium, cooked",0,41.7,0.78,3.37,2.79,1.8,2.48,19
Fried green tomatoes,5,215.0,3.56,21.56,12.72,1.3,1.58,317
"Tomato, green, pickled",0,42.0,1.0,9.09,0.18,0.9,8.19,955
Sun-dried tomatoes,4,306.2,14.11,55.76,2.97,12.3,37.59,107
"Tomato juice, 100%",0,20.1,0.85,3.53,0.29,0.4,2.58,253
"Tomato juice, 100%, low sodium",0,21.7,0.6,4.59,0.1,0.8,3.28,58
Tomato juice cocktail,0,22.0,0.93,3.87,0.31,0.5,2.84,169
"Tomato and vegetable juice, 100%",0,22.0,0.93,3.87,0.31,0.5,2.84,169
"Tomato and vegetable juice, 100%, low sodium",0,21.7,0.6,4.59,0.1,0.8,3.28,58
Ketchup,0,114.7,1.04,27.4,0.1,0.3,21.27,907
"Ketchup, reduced sodium",0,114.7,1.04,27.4,0.1,0.3,21.27,20
Tomato chili sauce,5,91.9,2.5,19.79,0.3,2.4,13.33,1338
"Salsa, NFS",0,34.4,1.44,6.74,0.19,1.8,3.81,656
"Salsa, pico de gallo",0,18.9,0.71,3.7,0.14,1.1,2.13,443
"Salsa, red, commercially-prepared",0,34.4,1.44,6.74,0.19,1.8,3.81,656
"Salsa, red, homemade",0,34.4,1.44,6.74,0.19,1.8,3.81,656
Taco sauce,0,13.6,1.16,0.72,0.68,0.5,0.12,570
"Enchilada sauce, red",0,30.2,0.62,4.87,0.91,0.5,1.83,547
"Enchilada sauce, green",0,38.0,1.13,6.36,0.89,1.9,3.5,906
"Salsa verde or salsa, green",0,38.0,1.13,6.36,0.89,1.9,3.5,906
Hot Thai sauce,5,76.4,1.03,16.58,0.66,0.5,16.07,2055
Spaghetti sauce,0,51.2,1.41,8.05,1.48,1.8,5.5,419
Spaghetti sauce with added vegetables,0,46.4,1.42,7.43,1.22,1.8,4.95,321
"Spaghetti sauce, reduced sodium",0,51.2,1.41,8.06,1.48,1.8,5.5,30
"Spaghetti sauce, fat free",0,28.7,1.2,5.31,0.3,1.5,3.56,474
Vodka sauce with tomatoes and cream,0,78.6,1.26,3.44,6.64,1.3,2.49,248
Barbecue sauce,5,172.0,0.82,40.77,0.63,0.9,33.24,1027
Buffalo sauce,2,14.2,1.21,0.75,0.71,0.6,0.12,2917
Steak sauce,5,95.2,1.25,22.04,0.23,1.5,9.82,1647
Cocktail sauce,5,127.8,1.36,28.22,1.05,1.8,11.83,1262
Puerto Rican seasoning with ham,5,268.6,4.0,7.32,24.81,1.9,3.07,468
Puerto Rican seasoning with ham and tomato sauce,0,176.6,5.14,5.3,14.98,1.5,2.51,471
Puerto Rican seasoning without ham and tomato sauce,0,129.4,1.06,6.96,10.81,1.8,2.93,5
Tomato aspic,0,31.4,2.57,4.7,0.26,0.3,3.54,201
"Tomato and cucumber salad made with tomato, cucumber, oil, and vinegar",0,119.7,0.53,6.53,10.16,0.6,5.04,212
"Tomato soup, NFS",0,35.8,0.74,7.72,0.22,0.6,4.18,193
"Tomato soup, cream of, prepared with milk",0,60.8,2.4,10.05,1.22,0.6,6.56,208
"Tomato soup, prepared with water, or ready-to-serve",0,35.8,0.74,7.72,0.22,0.6,4.18,193
"Tomato soup, instant type, prepared with water",0,37.9,0.93,7.17,0.61,0.4,3.9,356
"Tomato soup, canned, reduced sodium, prepared with water, or ready-to-serve",0,33.0,0.82,6.8,0.28,0.6,4.11,13
"Tomato soup, canned, reduced sodium, prepared with milk",0,58.0,2.47,9.14,1.28,0.6,6.5,30
"Tomato beef soup, prepared with water",0,56.3,1.78,8.44,1.71,0.6,0.73,367
"Tomato beef noodle soup, prepared with water",0,56.3,1.78,8.44,1.71,0.6,0.73,367
"Tomato beef rice soup, prepared with water",0,56.3,1.78,8.44,1.71,0.6,0.73,367
"Tomato noodle soup, canned, prepared with water or ready-to-serve",0,60.0,1.66,11.82,0.67,0.7,3.13,141
"Tomato noodle soup, canned, prepared with milk",0,71.5,2.7,12.16,1.34,0.6,5.7,180
"Tomato rice soup, prepared with water",0,47.0,0.82,8.54,1.06,0.7,2.95,319
"Tomato vegetable soup, prepared with water",0,35.8,0.74,7.72,0.22,0.6,4.18,193
"Tomato vegetable soup with noodles, prepared with water",0,30.1,0.86,4.89,0.79,0.3,1.57,338
Tomato sandwich,0,176.9,4.66,23.61,7.09,1.6,3.65,259
"Raw vegetable, NFS",0,30.6,1.33,5.77,0.24,2.0,2.6,47
"Sprouts, NFS",0,37.5,3.04,5.94,0.18,1.8,4.13,6
"Alfalfa sprouts, raw",0,30.6,3.99,2.1,0.69,1.9,0.2,6
"Artichoke, raw",0,62.4,2.89,11.95,0.34,5.7,0.99,60
"Asparagus, raw",0,25.4,2.2,3.88,0.12,2.1,1.88,2
"Bean sprouts, raw",0,37.5,3.04,5.94,0.18,1.8,4.13,6
"Green beans, raw",0,37.2,1.83,6.97,0.22,2.7,3.26,6
"Beets, raw",0,46.2,1.61,9.56,0.17,2.8,6.76,78
"Broccoflower, raw",0,38.9,2.95,6.09,0.3,3.2,3.03,23
"Brussels sprouts, raw",0,52.0,3.38,8.95,0.3,3.8,2.2,25
"Cabbage, green, raw",0,29.2,1.28,5.8,0.1,2.5,3.2,18
"Cabbage, Chinese, raw",0,16.5,1.5,2.18,0.2,1.0,1.18,65
"Cabbage, red, raw",0,36.6,1.43,7.37,0.16,2.1,3.83,27
"Cactus, raw",0,19.4,1.32,3.33,0.09,2.2,1.15,21
"Cauliflower, raw",0,30.1,1.92,4.97,0.28,2.0,1.91,30
"Celery, raw",0,16.2,0.69,2.97,0.17,1.6,1.34,80
"Fennel bulb, raw",0,36.0,1.24,7.3,0.2,3.1,3.93,52
"Basil, raw",0,29.0,3.15,2.65,0.64,1.6,0.3,4
"Chives, raw",0,37.0,3.27,4.35,0.73,2.5,1.85,3
"Cilantro, raw",0,27.9,2.13,3.67,0.52,2.8,0.87,46
"Corn, raw",0,100.0,3.27,18.7,1.35,2.0,6.26,15
"Cucumber, raw",0,18.1,0.65,3.63,0.11,0.5,1.67,2
"Eggplant, raw",0,29.1,0.98,5.88,0.18,3.0,3.53,2
"Garlic, raw",0,162.2,6.36,33.06,0.5,2.1,1.0,17
"Jicama, raw",0,39.0,0.72,8.82,0.09,4.9,1.8,4
"Kohlrabi, raw",0,32.5,1.7,6.2,0.1,3.6,2.6,20
"Leek, raw",0,65.3,1.5,14.15,0.3,1.8,3.9,20
"Lettuce, raw",0,17.5,1.13,2.92,0.14,1.2,1.38,19
"Lettuce, Boston, raw",0,16.3,1.33,2.26,0.22,0.9,0.48,25
"Lettuce, arugula, raw",0,30.9,2.58,3.65,0.66,1.6,2.05,27
"Mixed salad greens, raw",0,20.1,1.61,2.93,0.22,1.4,0.91,36
"Mushrooms, raw",0,28.5,3.09,3.26,0.34,1.0,1.98,5
"Onions, green, raw",0,38.4,1.83,7.34,0.19,2.6,2.33,16
"Onions, raw",0,42.7,1.1,9.34,0.1,1.7,4.24,4
"Parsley, raw",0,44.3,2.97,6.33,0.79,3.3,0.85,56
"Green peas, raw",0,83.1,5.42,14.45,0.4,5.7,5.67,5
"Pepper, hot chili, raw",0,39.8,1.39,7.66,0.4,2.2,4.71,6
"Pepper, poblano, raw",0,23.5,0.86,4.64,0.17,1.7,2.4,3
"Pepper, Serrano, raw",0,37.7,1.74,6.7,0.44,3.7,3.83,10
"Pepper, raw, NFS",0,26.1,0.91,5.13,0.22,1.8,3.03,3
"Pepper, sweet, green, raw",0,23.5,0.86,4.64,0.17,1.7,2.4,3
"Pepper, sweet, red, raw",0,30.8,0.99,6.03,0.3,2.1,4.2,4
"Pepper, banana, raw",0,32.1,1.66,5.35,0.45,3.4,1.95,13
"Radish, raw",0,17.2,0.68,3.4,0.1,1.6,1.86,39
"Rutabaga, raw",0,40.2,1.08,8.62,0.16,2.3,4.46,12
"Seaweed, raw",0,50.2,3.51,7.94,0.49,0.7,0.58,384
"Snowpeas, raw",0,43.2,2.8,7.55,0.2,2.6,4.0,4
"Summer squash, yellow, raw",0,22.0,1.01,3.88,0.27,1.0,2.88,2
"Summer squash, green, raw",0,20.2,1.21,3.11,0.32,1.0,2.5,8
"Turnip, raw",0,30.2,0.9,6.43,0.1,1.8,3.8,67
Mixed vegetable juice,0,29.2,0.82,6.12,0.16,1.2,2.62,73
Celery juice,0,16.2,0.69,2.97,0.17,1.6,1.34,80
"Broccoli salad with cauliflower, cheese, bacon bits, and dressing",5,270.7,5.88,10.45,22.82,1.7,6.49,339
Broccoli slaw salad,0,124.0,2.13,10.59,8.12,2.0,6.51,291
"Cabbage salad or coleslaw, from fast food / restaurant",0,158.9,0.88,12.35,11.78,1.9,9.54,221
"Cabbage salad or coleslaw, made with coleslaw dressing",0,115.6,1.14,10.02,7.89,1.9,7.44,280
"Cabbage salad or coleslaw, made with light coleslaw dressing",0,105.3,0.94,14.43,4.87,2.0,11.86,469
"Cabbage salad or coleslaw, made with Italian dressing",0,76.5,1.05,7.63,4.64,1.9,5.0,303
"Cabbage salad or coleslaw, made with light Italian dressing",0,46.9,1.04,7.19,1.55,1.9,4.68,283
"Cabbage salad or coleslaw, made with creamy dressing",0,118.7,1.25,6.29,9.84,1.9,3.7,286
"Cabbage salad or coleslaw, made with light creamy dressing",0,50.0,1.27,9.61,0.72,1.9,3.88,298
"Cabbage salad or coleslaw, made with any type of fat free dressing",0,44.4,0.99,8.5,0.71,2.4,5.0,269
"Cabbage salad or coleslaw with apples and/or raisins, with dressing",0,113.9,1.07,13.31,6.26,2.1,10.15,222
"Cabbage salad or coleslaw with pineapple, with dressing",0,107.3,1.06,10.45,6.81,1.8,7.78,241
Cucumber and vegetable namasu,0,53.1,0.48,12.53,0.12,0.6,10.78,118
"Cucumber salad, made with sour cream dressing",0,69.9,1.15,3.92,5.51,0.4,2.16,214
"Cucumber salad, made with Italian dressing",0,117.5,0.48,6.55,9.93,0.5,4.78,207
Cucumber salad made with cucumber and vinegar,0,31.7,0.52,7.2,0.09,0.5,5.33,236
"Lettuce, salad with assorted vegetables including tomatoes and/or carrots, no dressing",0,23.9,1.25,4.27,0.2,1.5,1.87,33
"Lettuce, salad with assorted vegetables excluding tomatoes and carrots, no dressing",0,22.5,1.42,3.76,0.2,1.4,1.52,30
"Lettuce, salad with avocado, tomato, and/or carrots, with or without other vegetables, no dressing",0,57.2,1.44,5.23,3.39,2.7,1.61,28
"Lettuce, salad with cheese, tomato and/or carrots, with or without other vegetables, no dressing",0,90.9,5.09,3.95,6.08,1.2,1.6,141
"Lettuce, salad with egg, tomato, and/or carrots, with or without other vegetables, no dressing",0,49.4,3.54,3.64,2.3,1.2,1.72,52
"Lettuce, salad with egg, cheese, tomato, and/or carrots, with or without other vegetables, no dressing",0,70.6,4.36,3.49,4.35,1.2,1.61,101
"Lettuce, wilted, with bacon dressing",0,78.6,2.99,2.48,6.3,1.0,0.66,117
"Seven-layer salad, lettuce salad made with a combination of onion, celery, green pepper, peas, mayonnaise, cheese, eggs, and/or bacon",5,228.2,4.76,5.66,20.73,1.3,3.19,262
"Greek Salad, no dressing",0,45.1,2.62,3.84,2.14,1.6,1.34,243
"Spinach salad, no dressing",0,84.2,7.02,2.97,4.91,1.6,0.54,197
"Cobb salad, no dressing",0,94.4,11.36,2.48,4.34,1.2,1.08,157
Aloe vera juice drink,0,15.0,0.0,3.75,0.0,0.0,3.75,8
"Artichoke, fresh, cooked, no added fat",0,62.2,2.88,11.91,0.34,5.7,0.99,176
"Artichoke, frozen, cooked, no added fat",0,62.2,2.88,11.91,0.34,5.7,0.99,176
"Artichoke, canned, cooked, no added fat",0,62.2,2.88,11.91,0.34,5.7,0.99,176
"Artichokes, NS as to form, cooked",0,83.4,2.81,11.57,2.87,5.5,0.96,180
"Artichoke, fresh, cooked, fat added",0,83.4,2.81,11.57,2.87,5.5,0.96,180
"Artichoke, frozen, cooked, fat added",0,83.4,2.81,11.57,2.87,5.5,0.96,180
"Artichoke, canned, cooked, fat added",0,83.4,2.81,11.57,2.87,5.5,0.96,180
"Asparagus, fresh, cooked, no added fat",0,27.2,2.36,4.16,0.13,2.3,2.02,127
"Asparagus, frozen, cooked, no added fat",0,23.2,2.94,1.91,0.42,1.6,0.32,119
"Asparagus, canned, cooked, no added fat",0,24.2,2.14,2.46,0.65,1.6,1.06,287
"Asparagus, NS as to form, cooked",0,51.0,2.3,4.04,2.85,2.2,1.96,133
"Asparagus, fresh, cooked, fat added, NS as to fat type",0,51.0,2.3,4.04,2.85,2.2,1.96,133
"Asparagus, frozen, cooked, fat added, NS as to fat type",0,45.3,2.86,1.86,2.94,1.5,0.31,125
"Asparagus, canned, cooked, fat added, NS as to fat type",0,46.5,2.09,2.39,3.18,1.6,1.03,288
"Asparagus, fresh, cooked with oil",0,54.6,2.29,4.04,3.25,2.2,1.96,123
"Asparagus, fresh, cooked with butter or margarine",0,47.6,2.31,4.05,2.46,2.2,1.96,144
"Asparagus, frozen, cooked with oil",0,48.7,2.86,1.86,3.31,1.5,0.31,115
"Asparagus, frozen, cooked with butter or margarine",0,42.2,2.87,1.87,2.58,1.5,0.31,135
"Asparagus, canned, cooked with oil",0,49.7,2.08,2.39,3.54,1.6,1.03,279
"Asparagus, canned, cooked with butter or margarine",0,43.2,2.09,2.4,2.81,1.6,1.03,298
"Bamboo shoots, cooked",0,45.6,1.68,3.13,2.93,1.4,1.84,16
"Lima beans, from frozen, no added fat",0,104.3,6.05,19.26,0.34,5.3,1.34,185
"Lima beans, from frozen, fat added",0,124.2,5.88,18.71,2.87,5.1,1.3,189
"Lima beans, from canned",0,123.6,5.86,18.62,2.85,5.1,1.29,374
"Green beans, cooked, from restaurant",0,75.6,1.82,6.89,4.53,2.7,3.22,213
"Green beans, fresh, cooked, no added fat",0,38.6,1.9,7.24,0.23,2.8,3.39,127
"Green beans, frozen, cooked, no added fat",0,33.2,1.49,6.43,0.17,3.0,1.87,117
"Green beans, canned, cooked, no added fat",0,24.1,1.04,4.11,0.39,1.9,1.29,282
"Green beans, NS as to form, cooked",0,53.8,1.44,5.52,2.89,2.3,2.27,208
"Green beans, fresh, cooked, fat added, NS as to fat type",0,61.3,1.85,7.03,2.86,2.7,3.29,133
"Green beans, frozen, cooked, fat added, NS as to fat type",0,55.1,1.45,6.25,2.7,2.9,1.82,123
"Green beans, canned, cooked, fat added, NS as to fat type",0,46.4,1.02,4.0,2.92,1.8,1.25,283
"Green beans, fresh, cooked with oil",0,64.7,1.84,7.03,3.25,2.7,3.29,123
"Green beans, fresh, cooked with butter or margarine",0,57.9,1.86,7.04,2.48,2.7,3.29,143
"Green beans, frozen, cooked with oil",0,58.4,1.44,6.24,3.07,2.9,1.82,113
"Green beans, frozen, cooked with butter or margarine",0,51.8,1.46,6.26,2.33,2.9,1.82,133
"Green beans, canned, cooked with oil",0,49.6,1.01,3.99,3.29,1.8,1.25,274
"Green beans, canned, cooked with butter or margarine",0,43.1,1.03,4.0,2.55,1.8,1.25,293
"Green beans, canned, reduced sodium, cooked, no added fat",0,25.9,1.12,4.32,0.46,1.9,0.78,2
"Green beans, canned, reduced sodium, cooked, fat added, NS as to fat type",0,48.1,1.1,4.2,2.99,1.8,0.76,12
"Green beans, canned, reduced sodium, cooked with oil",0,51.4,1.09,4.19,3.36,1.8,0.76,2
"Green beans, canned, reduced sodium, cooked with butter or margarine",0,44.8,1.1,4.2,2.62,1.8,0.76,21
Fried green beans,5,219.8,3.86,22.47,12.72,1.8,1.62,317
"Yellow string beans, cooked",0,55.1,1.45,6.25,2.7,2.9,1.82,131
"Bean sprouts, cooked",0,125.8,9.8,6.08,6.92,3.3,2.83,127
"Beets, fresh, cooked, no added fat",0,48.0,1.67,9.93,0.18,2.9,7.02,202
"Beets, canned, cooked, no added fat",0,33.7,0.91,7.21,0.14,1.8,5.51,194
"Beets, NS as to form, cooked",0,55.7,0.89,7.0,2.68,1.7,5.35,198
"Beets, fresh, cooked, fat added",0,70.4,1.63,9.65,2.81,2.8,6.82,206
"Beets, canned, cooked, fat added",0,55.7,0.89,7.0,2.68,1.7,5.35,198
"Beets, canned, reduced sodium, cooked",0,55.5,0.84,6.79,2.78,1.2,5.56,32
"Bitter melon, cooked",0,44.4,0.82,4.19,2.71,1.9,1.89,128
"Breadfruit, cooked",0,134.0,1.04,26.26,2.76,4.7,10.65,124
"Broccoflower, cooked",0,63.0,2.98,6.15,2.94,3.2,3.06,150
"Brussels sprouts, fresh, cooked, no added fat",0,54.0,3.51,9.3,0.31,3.9,2.28,147
"Brussels sprouts, frozen, cooked, no added fat",0,51.2,3.63,8.3,0.39,4.1,2.07,131
"Brussels sprouts, NS as to form, cooked",0,76.3,3.42,9.03,2.94,3.8,2.22,152
"Brussels sprouts, fresh, cooked, fat added",0,76.3,3.42,9.03,2.94,3.8,2.22,152
"Brussels sprouts, frozen, cooked, fat added",0,72.6,3.53,8.06,2.91,4.0,2.01,137
"Burdock, cooked",0,104.6,1.6,18.06,2.88,3.4,3.02,136
"Cabbage, Chinese, cooked, no added fat",0,17.2,1.56,2.26,0.21,1.0,1.23,188
"Cabbage, Chinese, cooked, fat added",0,40.4,1.52,2.2,2.84,1.0,1.19,193
"Cabbage, green, cooked, no added fat",0,30.3,1.33,6.02,0.1,2.6,3.32,139
"Cabbage, green, cooked, fat added, NS as to fat type",0,53.3,1.3,5.85,2.74,2.5,3.23,145
"Cabbage, green, cooked with oil",0,56.7,1.29,5.85,3.13,2.5,3.23,135
"Cabbage, green, cooked with butter or margarine",0,49.9,1.31,5.86,2.36,2.5,3.23,155
"Cabbage, red, cooked",0,60.8,1.45,7.44,2.8,2.1,3.86,154
"Cabbage, savoy, cooked",0,57.4,2.02,6.16,2.74,3.1,2.29,155
"Cactus, cooked, no added fat",0,19.4,1.32,3.32,0.09,2.2,1.15,137
"Cactus, cooked, fat added",0,41.7,1.29,3.23,2.62,2.1,1.11,142
"Cauliflower, fresh, cooked, no added fat",0,31.2,1.99,5.16,0.29,2.1,1.98,152
"Cauliflower, frozen, cooked, no added fat",0,23.3,1.6,3.74,0.22,2.7,1.05,134
"Cauliflower, NS as to form, cooked",0,54.1,1.94,5.02,2.92,2.0,1.93,157
"Cauliflower, fresh, cooked, fat added, NS as to fat type",0,54.1,1.94,5.02,2.92,2.0,1.93,157
"Cauliflower, frozen, cooked, fat added, NS as to fat type",0,45.6,1.57,3.64,2.75,2.6,1.02,139
"Cauliflower, fresh, cooked with oil",0,57.6,1.94,5.01,3.31,2.0,1.93,147
"Cauliflower, fresh, cooked with butter or margarine",0,50.7,1.95,5.02,2.54,2.0,1.93,167
"Cauliflower, frozen, cooked with oil",0,48.8,1.56,3.63,3.12,2.6,1.02,130
"Cauliflower, frozen, cooked with butter or margarine",0,42.3,1.58,3.64,2.38,2.6,1.02,149
"Celery, cooked",0,41.4,0.73,3.1,2.9,1.7,1.4,214
"Fennel bulb, cooked",0,67.8,1.42,8.32,3.21,3.5,4.48,203
"Christophine, cooked",0,48.0,0.86,4.7,2.86,1.8,1.73,133
"Corn, cooked, from restaurant",0,132.1,3.11,17.73,5.42,1.9,5.94,213
"Corn, fresh, cooked, no added fat",0,99.8,3.26,18.64,1.35,2.0,6.24,131
"Corn, frozen, cooked, no added fat",0,93.1,2.54,19.24,0.67,2.4,3.06,117
"Corn, canned, cooked, no added fat",0,77.5,2.29,14.34,1.22,2.0,4.44,205
"Corn, NS as to form, cooked",0,98.2,2.23,13.93,3.73,1.9,4.31,209
"Corn, fresh, cooked, fat added, NS as to fat type",0,119.7,3.17,18.11,3.84,1.9,6.06,137
"Corn, frozen, cooked, fat added, NS as to fat type",0,113.3,2.48,18.69,3.18,2.3,2.97,123
"Corn, canned, cooked, fat added, NS as to fat type",0,98.2,2.23,13.93,3.73,1.9,4.31,209
"Corn, fresh, cooked with oil",0,123.0,3.17,18.1,4.21,1.9,6.06,127
"Corn, fresh, cooked with butter or margarine",0,116.5,3.18,18.11,3.48,1.9,6.06,146
"Corn, frozen, cooked with oil",0,116.6,2.47,18.68,3.55,2.3,2.97,113
"Corn, frozen, cooked with butter or margarine",0,110.1,2.48,18.69,2.82,2.3,2.97,133
"Corn, canned, cooked with oil",0,101.5,2.22,13.92,4.1,1.9,4.31,199
"Corn, canned, cooked with butter or margarine",0,94.9,2.24,13.93,3.36,1.9,4.31,218
"Corn, creamed",0,83.3,1.74,18.13,0.42,1.2,3.23,261
"Corn, canned, reduced sodium, cooked, no added fat",0,75.5,2.1,14.9,0.83,1.8,4.46,13
"Corn, canned, reduced sodium, cooked, fat added, NS as to fat type",0,97.9,2.04,14.48,3.54,1.8,4.33,23
"Corn, canned, reduced sodium, cooked with oil",0,101.5,2.04,14.47,3.94,1.8,4.33,13
"Corn, canned, reduced sodium, cooked with butter or margarine",0,94.4,2.05,14.48,3.14,1.8,4.33,33
"Cucumber, cooked",0,47.6,0.75,4.14,3.11,0.6,1.9,146
"Eggplant, cooked, no added fat",0,31.1,1.05,6.3,0.19,3.2,3.78,127
"Eggplant, cooked, fat added",0,54.9,1.03,6.13,2.92,3.1,3.68,133
"Flowers or blossoms of sesbania, squash, or lily, cooked",0,40.5,1.06,3.2,2.61,0.9,2.32,128
"Garlic, cooked",0,161.2,6.32,32.86,0.5,2.1,0.99,248
"Hominy, cooked",0,87.0,1.45,13.8,2.89,2.4,1.46,503
"Kohlrabi, cooked",0,56.6,1.72,6.26,2.74,3.6,2.62,147
"Leek, cooked",0,92.6,1.57,14.74,3.04,1.9,4.06,152
"Lotus root, cooked",0,91.6,1.54,15.51,2.6,3.0,0.48,166
"Mushrooms, fresh, cooked, no added fat",0,35.4,3.85,4.06,0.42,1.2,2.47,151
"Mushrooms, NS as to form, cooked",0,63.0,3.75,3.95,3.58,1.2,2.4,159
"Mushrooms, fresh, cooked, fat added, NS as to fat type",0,63.0,3.75,3.95,3.58,1.2,2.4,159
"Mushrooms, canned, cooked",0,52.5,1.82,4.95,2.82,2.3,2.27,422
"Mushrooms, fresh, cooked with oil",0,67.1,3.74,3.94,4.04,1.2,2.4,147
"Mushrooms, fresh, cooked with butter or margarine",0,59.0,3.76,3.96,3.12,1.2,2.4,171
"Mushroom, Asian, cooked, from dried",0,65.6,1.56,14.35,0.22,2.1,3.83,120
"Okra, fresh, cooked, no added fat",0,42.0,2.07,7.99,0.2,3.4,1.59,132
"Okra, frozen, cooked, no added fat",0,34.2,1.62,6.39,0.24,2.1,2.86,119
"Okra, NS as to form, cooked",0,65.4,2.02,7.76,2.92,3.3,1.54,139
"Okra, fresh, cooked, fat added",0,65.4,2.02,7.76,2.92,3.3,1.54,139
"Okra, frozen, cooked, fat added",0,56.1,1.59,6.21,2.77,2.0,2.78,125
"Lettuce, cooked",0,46.9,1.3,3.33,3.15,1.4,1.57,165
"Luffa, cooked",0,65.4,2.02,7.76,2.92,3.3,1.54,139
"Onions, cooked, no added fat",0,50.1,1.29,10.96,0.12,2.0,4.97,141
"Onions, cooked, fat added",0,75.5,1.26,10.64,3.1,1.9,4.83,148
"Onions, pearl, cooked",0,52.0,0.7,6.49,2.58,1.4,2.81,130
"Onions, green, cooked",0,70.6,2.09,8.37,3.2,3.0,2.65,162
"Palm hearts, cooked",0,134.2,2.62,24.8,2.73,1.5,16.61,136
"Parsnips, cooked",0,96.5,1.29,16.47,2.83,3.5,4.65,132
"Blackeyed peas, from frozen",0,153.6,8.23,23.01,3.18,6.2,4.32,127
"Blackeyed peas, from canned",5,152.8,8.19,22.9,3.16,6.2,4.3,313
"Green peas, cooked, from restaurant",0,121.0,5.37,14.28,4.71,5.6,5.6,212
"Green peas, fresh, cooked, no added fat",0,86.3,5.63,15.01,0.42,5.9,5.89,126
"Green peas, frozen, cooked, no added fat",0,79.9,5.14,14.22,0.27,4.5,4.39,188
"Green peas, canned, cooked, no added fat",0,70.5,4.47,11.36,0.8,4.9,2.99,273
"Green peas, NS as to form, cooked",0,100.4,4.99,13.81,2.8,4.4,4.26,192
"Green peas, fresh, cooked, fat added, NS as to fat type",0,107.6,5.47,14.58,3.05,5.7,5.72,132
"Green peas, frozen, cooked, fat added, NS as to fat type",0,100.4,4.99,13.81,2.8,4.4,4.26,192
"Green peas, canned, cooked, fat added, NS as to fat type",0,91.4,4.35,11.03,3.32,4.8,2.9,275
"Green peas, fresh, cooked with oil",0,111.0,5.46,14.57,3.43,5.7,5.72,122
"Green peas, fresh, cooked with butter or margarine",0,104.2,5.48,14.58,2.66,5.7,5.72,142
"Green peas, frozen, cooked with oil",0,103.7,4.99,13.8,3.17,4.4,4.26,182
"Green peas, frozen, cooked with butter or margarine",0,97.2,5.0,13.82,2.43,4.4,4.26,201
"Green peas, canned, cooked with oil",0,94.7,4.34,11.03,3.69,4.8,2.9,265
"Green peas, canned, cooked with butter or margarine",0,88.1,4.36,11.04,2.95,4.8,2.9,284
"Green peas, canned, reduced sodium, cooked, no added fat",0,68.1,3.99,12.19,0.38,4.1,4.0,11
"Green peas, canned, reduced sodium, cooked, fat added, NS as to fat type",0,94.7,3.88,11.84,3.54,4.0,3.88,23
"Green peas, canned, reduced sodium, cooked with oil",0,98.8,3.87,11.83,4.0,4.0,3.88,11
"Green peas, canned, reduced sodium, cooked with butter or margarine",0,90.7,3.89,11.85,3.08,4.0,3.88,35
"Peppers, green, cooked",0,47.5,0.88,4.68,2.81,1.7,2.42,130
"Peppers, red, cooked",0,54.9,1.01,6.09,2.94,2.1,4.24,131
"Hot peppers, cooked",0,64.0,1.41,7.72,3.05,2.2,4.75,133
Pimiento,0,33.7,1.35,6.24,0.37,2.3,3.32,17
"Daikon radish, cooked",0,39.6,0.67,3.3,2.63,1.5,1.8,160
"Rutabaga, cooked",0,66.4,1.13,8.98,2.89,2.4,4.64,144
"Salsify, cooked",0,94.4,2.65,14.88,2.7,3.0,2.81,138
Sauerkraut,0,42.8,0.9,4.16,2.51,2.8,1.72,661
"Snowpea, fresh, cooked, no added fat",0,44.9,2.91,7.84,0.21,2.7,4.15,125
"Snowpea, frozen, cooked, no added fat",0,53.3,3.49,8.99,0.38,3.1,4.81,121
"Snowpea, NS as to form, cooked",0,67.4,2.83,7.62,2.84,2.6,4.03,131
"Snowpea, fresh, cooked, fat added",0,67.4,2.83,7.62,2.84,2.6,4.03,131
"Snowpea, frozen, cooked, fat added",0,74.7,3.4,8.74,2.9,3.0,4.67,127
"Seaweed, dried",5,373.0,31.84,52.39,4.01,5.6,3.04,575
"Seaweed, cooked, no added fat",0,50.2,3.51,7.94,0.49,0.7,0.58,384
"Seaweed, cooked, fat added",0,71.9,3.41,7.71,3.05,0.7,0.56,383
"Summer squash, yellow or green, fresh, cooked, no added fat",0,24.7,1.3,4.1,0.35,1.2,3.16,142
"Summer squash, yellow or green, frozen, cooked, no added fat",0,24.4,1.21,4.54,0.16,1.3,2.0,120
"Summer squash, yellow or green, canned, cooked, no added fat",0,14.8,0.6,2.94,0.07,1.4,1.18,312
"Summer squash, yellow or green, NS as to form, cooked",0,50.9,1.27,3.99,3.32,1.1,3.06,149
"Summer squash, yellow or green, fresh, cooked, fat added, NS as to fat type",0,50.9,1.27,3.99,3.32,1.1,3.06,149
"Summer squash, yellow or green, frozen, cooked, fat added, NS as to fat type",0,46.7,1.18,4.41,2.7,1.3,1.95,126
"Summer squash, yellow or green, canned, cooked, fat added, NS as to fat type",0,37.2,0.6,2.86,2.59,1.3,1.15,313
"Summer squash, yellow or green, fresh, cooked with oil",0,54.7,1.26,3.98,3.75,1.1,3.06,138
"Summer squash, yellow or green, fresh, cooked with butter or margarine",0,47.1,1.28,3.99,2.89,1.1,3.06,161
"Summer squash, yellow or green, frozen, cooked with oil",0,49.9,1.18,4.4,3.06,1.3,1.95,116
"Summer squash, yellow or green, frozen, cooked with butter or margarine",0,43.4,1.19,4.42,2.33,1.3,1.95,136
"Summer squash, yellow or green, canned, cooked with oil",0,40.4,0.59,2.85,2.96,1.3,1.15,303
"Summer squash, yellow or green, canned, cooked with butter or margarine",0,33.9,0.6,2.86,2.23,1.3,1.15,322
"Spaghetti squash, cooked",0,52.8,0.65,6.26,2.79,1.4,2.45,139
"Turnip, cooked",0,56.1,0.95,6.7,2.83,1.9,3.96,201
Water Chesnut,0,83.2,1.38,19.22,0.09,3.9,3.84,12
"Winter melon, cooked",0,38.0,0.4,2.95,2.73,1.0,1.14,226
Yeast,4,395.1,40.44,41.22,7.61,26.9,0.0,51
Yeast extract spread,2,185.3,23.88,20.42,0.9,6.5,1.6,3380
"Lima beans and corn, cooked, no added fat",0,98.7,4.3,19.25,0.5,3.8,2.2,151
"Lima beans and corn, cooked, fat added",0,118.7,4.18,18.7,3.02,3.7,2.13,156
"Bean salad, yellow and/or green string beans",0,111.0,3.53,12.98,5.0,3.5,3.48,266
"Peppers and onions, cooked, no added fat",0,38.9,1.13,8.22,0.17,2.0,4.1,120
"Peppers and onions, cooked, fat added",0,60.6,1.1,7.98,2.7,1.9,3.98,126
"Classic mixed vegetables, cooked, from restaurant",0,101.7,2.81,12.09,4.68,3.2,4.86,226
"Classic mixed vegetables, frozen, cooked, no added fat",0,65.0,2.85,13.05,0.15,4.4,3.11,151
"Classic mixed vegetables, canned, cooked, no added fat",0,49.6,2.11,8.84,0.65,2.6,2.8,250
"Classic mixed vegetables, NS as to form, cooked",0,86.0,2.78,12.68,2.68,4.3,3.02,156
"Classic mixed vegetables, frozen, cooked, fat added, NS as to fat type",0,86.0,2.78,12.68,2.68,4.3,3.02,156
"Classic mixed vegetables, canned, cooked, fat added, NS as to fat type",0,71.2,2.06,8.59,3.18,2.5,2.72,253
"Classic mixed vegetables, frozen, cooked with oil",0,89.2,2.77,12.67,3.05,4.3,3.02,146
"Classic mixed vegetables, frozen, cooked with butter or margarine",0,82.6,2.78,12.68,2.31,4.3,3.02,166
"Classic mixed vegetables, canned, cooked with oil",0,74.4,2.05,8.58,3.54,2.5,2.72,243
"Classic mixed vegetables, canned, cooked with butter or margarine",0,67.9,2.07,8.59,2.81,2.5,2.72,263
"Classic mixed vegetables, canned, reduced sodium, cooked, no added fat",0,48.6,1.95,9.19,0.45,2.4,2.93,15
"Classic mixed vegetables, canned, reduced sodium, cooked, fat added, NS as to fat type",0,72.0,1.9,8.93,3.19,2.3,2.84,25
"Classic mixed vegetables, canned, reduced sodium, cooked with oil",0,75.6,1.89,8.93,3.59,2.3,2.84,15
"Classic mixed vegetables, canned, reduced sodium, cooked with butter or margarine",0,68.5,1.91,8.94,2.79,2.3,2.84,35
"Peas and corn, cooked, no added fat",0,86.5,3.84,16.73,0.47,3.4,3.72,152
"Peas and corn, cooked, fat added",0,106.9,3.74,16.25,2.99,3.3,3.62,157
Ratatouille,0,70.0,1.1,5.74,4.74,1.9,3.39,152
"Vegetables, stew type, cooked, fat added",0,97.6,1.45,14.88,3.59,1.9,3.04,176
"Vegetables, stew type, cooked, no added fat",0,69.4,1.49,15.51,0.15,2.0,3.14,162
"Broccoli and cauliflower, cooked, no added fat",0,29.1,2.35,4.54,0.17,2.8,1.26,130
"Broccoli and cauliflower, cooked, fat added",0,51.1,2.29,4.41,2.7,2.8,1.22,136
"Broccoli, cauliflower and carrots, cooked, no added fat",0,32.5,1.76,5.59,0.34,3.0,2.19,146
"Broccoli, cauliflower and carrots, cooked, fat added",0,54.6,1.72,5.43,2.89,2.9,2.13,152
"Asian stir fry vegetables, cooked, no added fat",0,50.4,2.14,9.83,0.28,2.9,3.71,136
"Asian stir fry vegetables, cooked, fat added",0,71.9,2.09,9.55,2.82,2.9,3.6,142
"Jai, Monk's Food",0,67.1,4.15,8.45,1.86,1.4,1.37,14
"Vegetable mixture, dried",4,340.0,17.37,47.79,8.82,18.7,19.81,360
"Artichokes, stuffed",5,163.8,5.34,22.25,5.94,3.9,2.13,403
Green bean casserole,0,54.2,1.88,6.8,2.16,1.8,2.55,320
"Green beans, cooked, Szechuan-style",0,104.5,2.41,8.15,6.92,2.7,3.06,231
Fried cauliflower,5,217.0,3.9,21.68,12.74,1.6,1.09,327
"Chiles rellenos, cheese-filled",2,220.7,10.88,6.35,16.86,1.1,1.99,302
"Chiles rellenos, filled with meat and cheese",2,206.3,11.04,7.19,14.82,1.2,2.22,360
Stuffed jalapeno pepper,5,242.2,8.98,16.35,15.65,2.5,3.78,443
"Corn, scalloped or pudding",0,123.2,4.57,14.95,5.01,1.5,4.66,312
Corn fritter,5,398.7,8.25,40.77,22.51,2.2,3.57,502
Fried eggplant,5,216.9,3.54,22.11,12.7,2.0,1.77,316
Eggplant dip,0,174.8,4.25,9.63,13.25,4.0,2.81,219
"Eggplant parmesan casserole, regular",0,158.0,6.99,8.92,10.48,1.9,3.01,351
Eggplant with cheese and tomato sauce,0,93.6,6.16,6.34,4.84,2.2,3.39,325
"Mushrooms, stuffed",5,286.3,10.87,26.97,14.99,2.3,4.0,638
Fried mushrooms,5,218.6,4.6,21.26,12.79,1.3,1.27,317
Fried okra,5,218.1,3.76,22.14,12.72,1.6,1.42,316
Fried onion rings,5,354.9,4.19,39.94,19.82,2.6,4.96,575
Pea salad,0,180.6,3.01,10.56,14.03,2.7,4.9,251
Pea salad with cheese,0,203.3,5.03,9.75,16.02,2.5,4.44,291
"Fried summer squash, yellow or green",5,214.5,3.64,21.28,12.76,1.2,1.53,317
"Squash, summer, casserole with tomato and cheese",0,87.2,3.46,8.91,4.19,1.4,3.35,226
"Squash, summer, casserole, with rice and tomato sauce",0,83.7,2.32,14.9,1.65,1.1,2.39,122
"Squash, summer, casserole, with cheese sauce",0,94.1,3.69,9.28,4.69,1.2,2.83,174
"Squash, summer, souffle",0,124.1,4.66,6.8,8.7,0.7,3.16,244
"Creamed christophine, Puerto Rican style",0,146.0,2.24,24.99,4.12,1.5,17.45,279
Vegetable stew without meat,0,58.0,2.68,9.62,0.98,1.8,1.96,252
"Chow mein or chop suey, meatless, no noodles",0,43.4,1.34,5.74,1.68,1.2,2.63,344
Vegetable tempura,0,236.5,3.7,20.26,15.63,1.6,1.57,13
Pakora,0,127.6,4.92,16.24,4.77,3.2,2.97,380
Vegetable curry,0,88.3,1.59,8.72,5.23,1.8,3.23,387
Vegetable curry with rice,0,103.0,2.02,16.43,3.25,1.3,1.96,330
"Chow mein or chop suey, meatless, with noodles",0,120.2,2.98,15.72,5.05,2.1,2.18,434
"Green beans, pickled",0,50.4,1.52,10.64,0.2,2.2,7.57,949
"Beets, pickled",0,69.0,0.8,16.28,0.08,0.8,11.05,149
"Celery, pickled",0,33.0,0.57,7.32,0.16,1.3,5.98,1011
"Relish, corn",0,117.7,1.7,25.66,0.92,1.6,18.43,336
"Cauliflower, pickled",0,44.5,1.59,8.98,0.25,1.7,6.45,969
"Cabbage, fresh, pickled, Japanese style",0,43.8,1.06,9.67,0.1,2.1,7.52,959
"Cabbage, red, pickled",0,50.0,1.19,10.97,0.15,1.7,8.05,967
Kimchi,0,18.5,1.1,2.4,0.5,1.6,1.06,498
"Pickles, dill",0,13.8,0.48,1.99,0.43,1.0,1.28,808
"Relish, pickle",5,146.0,0.37,35.06,0.47,1.1,29.13,811
"Pickles, sweet",0,90.6,0.58,21.15,0.41,1.0,18.27,457
"Eggplant, pickled",0,43.6,0.81,9.74,0.16,2.5,7.8,946
"Ginger root, pickled",0,21.5,0.33,4.83,0.1,2.6,0.0,906
Horseradish,0,56.1,1.18,11.29,0.69,3.3,7.99,420
"Mushrooms, pickled",0,43.2,2.56,7.56,0.3,0.8,6.51,948
Mustard,5,68.6,4.25,5.3,3.38,4.3,1.42,1100
Honey mustard dip,5,269.3,1.76,25.28,17.9,1.0,24.1,509
"Okra, pickled",0,52.1,1.6,11.04,0.17,2.7,6.1,950
"Olives, NFS",0,125.6,0.84,6.04,10.9,1.6,0.0,735
"Olives, green",5,157.4,1.03,3.84,15.32,3.3,0.54,1556
"Olives, black",0,125.6,0.84,6.04,10.9,1.6,0.0,735
"Olives, stuffed",5,139.2,1.04,4.02,13.22,3.1,0.84,1340
Olive tapenade,5,290.0,0.73,4.17,30.05,1.8,0.16,835
Hot pepper sauce,0,15.2,1.29,0.8,0.76,0.6,0.13,633
"Peppers, pickled",0,41.2,0.75,9.11,0.19,1.5,7.38,947
"Pepper, hot, pickled",0,25.0,0.8,4.56,0.4,2.6,1.6,1430
"Pickles, NFS",0,13.8,0.48,1.99,0.43,1.0,1.28,808
"Pickles, fried",5,210.3,3.32,20.47,12.79,1.2,0.82,620
"Radishes, pickled, Hawaiian style",0,33.9,0.56,7.68,0.1,1.3,6.41,977
"Seaweed, pickled",0,61.2,2.91,11.44,0.42,0.6,5.35,1263
"Vegetables, pickled",0,45.4,0.99,9.85,0.23,1.8,7.48,978
"Turnip, pickled",0,44.7,0.75,10.19,0.1,1.5,8.02,1000
Wasabi paste,5,291.5,2.23,46.13,10.9,6.1,13.2,3390
"Zucchini, pickled",0,36.3,1.0,7.44,0.28,0.8,6.94,951
"Soup, cream of, NFS",0,60.8,2.4,10.05,1.22,0.6,6.56,208
"Asparagus soup, cream of, NS as to made with milk or water",0,60.8,2.58,6.7,2.63,0.2,2.8,355
"Asparagus soup, cream of, prepared with milk",0,60.8,2.58,6.7,2.63,0.2,2.8,355
"Asparagus soup, cream of, prepared with water",0,36.0,0.93,4.34,1.66,0.2,0.37,342
Borscht,0,39.7,1.19,4.67,1.81,1.0,2.88,142
"Cabbage soup, home recipe, canned or ready-to-serve",0,39.6,1.78,6.2,0.85,1.3,1.54,234
"Cabbage with meat soup, home recipe, canned or ready-to-serve",0,46.8,4.79,3.93,1.32,0.8,1.09,261
"Celery soup, cream of, prepared with milk, home recipe, canned or ready-to-serve",0,62.2,2.33,5.95,3.23,0.3,3.12,277
"Celery soup, cream of, prepared with water, home recipe, canned or ready-to-serve",0,37.3,0.67,3.57,2.26,0.3,0.68,264
"Corn soup, cream of, prepared with milk",0,44.9,2.08,6.67,1.1,0.7,3.16,257
"Corn soup, cream of, prepared with water",0,72.2,1.28,12.82,1.76,0.8,2.15,186
Gazpacho,0,41.3,0.83,4.13,2.38,1.1,2.49,256
"Leek soup, cream of, prepared with milk",0,69.5,2.77,7.64,3.1,0.2,4.27,338
"Mushroom soup, NFS",0,39.3,0.66,3.33,2.59,0.3,0.2,340
"Mushroom soup, cream of, prepared with milk",0,65.5,2.35,5.83,3.64,0.3,2.65,364
"Mushroom soup, cream of, prepared with water",0,40.6,0.68,3.44,2.68,0.4,0.2,351
"Mushroom soup, with meat broth, prepared with water",0,34.8,1.27,3.76,1.63,0.1,1.16,394
"Mushroom soup, cream of, low sodium, prepared with water",0,55.4,1.0,4.53,3.7,0.2,1.72,20
"Mushroom soup, cream of, NS as to made with milk or water",0,65.5,2.35,5.83,3.64,0.3,2.65,364
"Mushroom with chicken soup, cream of, prepared with milk",0,74.3,2.47,8.41,3.42,1.6,2.84,354
"Mushroom soup, cream of, canned, reduced sodium, NS as to made with milk or water",0,26.6,0.61,4.11,0.86,0.3,1.08,196
"Mushroom soup, cream of, canned, reduced sodium, prepared with milk",0,51.6,2.27,6.49,1.84,0.3,3.51,211
"Mushroom soup, cream of, canned, reduced sodium, prepared with water",0,26.6,0.61,4.11,0.86,0.3,1.08,196
"Onion soup, cream of, prepared with milk",0,69.5,2.77,7.64,3.1,0.2,4.27,338
"Onion soup, French",0,154.4,7.16,16.24,6.76,1.0,2.58,428
"Onion soup, made from dry mix",0,12.4,0.32,2.77,0.01,0.3,0.2,346
"Pea soup, prepared with milk",0,89.7,4.97,12.7,2.11,2.0,5.72,367
"Vegetable soup, cream of, prepared with milk",0,86.6,3.75,9.04,3.94,0.3,6.0,376
"Zucchini soup, cream of, prepared with milk",0,24.7,1.7,2.73,0.78,0.4,2.48,188
Shav soup,0,52.6,3.37,4.03,2.55,0.4,1.76,317
Seaweed soup,0,36.8,3.71,2.4,1.37,0.2,0.26,527
"Vegetable soup, canned, prepared with water or ready-to-serve",0,39.4,1.14,7.9,0.36,1.1,1.56,267
"Vegetable soup, reduced sodium, canned, ready to serve",0,50.3,1.16,10.28,0.51,1.1,2.78,138
"Vegetable soup, made from dry mix",0,41.4,0.72,4.72,2.18,0.3,1.59,353
"Vegetable soup, home recipe",0,39.7,1.78,6.18,0.87,1.2,1.49,239
"Vegetable noodle soup, home recipe",0,48.2,2.17,7.28,1.16,1.0,1.18,283
"Minestrone soup, reduced sodium, canned or ready-to-serve",0,51.2,2.0,9.0,0.8,2.4,2.13,215
"Minestrone soup, home recipe",0,62.6,3.48,9.66,1.12,1.8,1.08,260
"Minestrone soup, canned, prepared with water, or ready-to-serve",0,34.6,1.74,4.6,1.03,0.4,0.75,261
"Vegetable beef soup, canned, prepared with water, or ready-to-serve",0,32.4,2.26,4.11,0.77,0.8,0.45,360
"Vegetable beef noodle soup, prepared with water",0,32.4,2.26,4.12,0.77,0.8,0.45,360
"Vegetable noodle soup, canned, prepared with water, or ready-to-serve",0,30.2,0.86,4.9,0.79,0.3,1.57,261
"Vegetable rice soup, canned, prepared with water or ready-to-serve",0,53.6,2.13,8.64,1.17,2.4,2.17,288
"Vegetable beef soup with rice, canned, prepared with water or ready-to-serve",0,32.4,2.26,4.12,0.77,0.8,0.45,360
"Vegetable chicken rice soup, canned, prepared with water or ready-to-serve",0,54.0,5.11,5.41,1.33,0.4,0.6,370
"Vegetable soup with chicken broth, home recipe, Mexican style",0,63.2,2.45,6.55,3.02,0.7,2.46,212
"Vegetable noodle soup, reduced sodium, canned, prepared with water or ready-to-serve",0,51.2,2.0,9.0,0.8,2.4,2.13,215
"Vegetable beef soup, home recipe",0,55.3,5.84,3.87,1.83,0.8,1.02,269
"Vegetable beef soup, canned, prepared with milk",0,57.3,3.89,6.49,1.75,0.8,2.89,372
"Vegetable beef soup with noodles or pasta, home recipe",0,66.9,6.43,5.65,2.06,0.8,1.06,276
"Vegetable beef soup with rice, home recipe",0,66.7,6.15,6.26,1.9,0.7,0.99,275
"Vegetarian vegetable soup, prepared with water",0,30.2,0.86,4.9,0.79,0.3,1.57,261
"Vegetable soup, Spanish style, stew type",0,82.9,6.48,8.04,2.76,1.6,1.74,355
"Vegetable soup, chunky style",0,39.4,1.14,7.9,0.36,1.1,1.56,267
"Vegetable soup, with pasta, chunky style",0,53.6,2.13,8.64,1.17,2.4,2.17,288
"Vegetable beef soup, chunky style",0,66.2,3.97,10.08,1.11,0.6,0.67,338
"Vegetable broth, bouillon",0,5.3,0.24,0.93,0.07,0.0,0.55,296
"Spinach, creamed, baby food, strained",0,44.5,2.5,5.7,1.3,1.8,2.33,49
"Broccoli, carrots and cheese, baby food, junior",0,66.1,2.77,8.84,2.18,1.8,1.57,110
"Carrots, baby food, NS as to strained or junior",0,31.0,0.8,6.6,0.15,1.7,3.4,59
"Carrots, baby food, strained",0,28.1,0.8,6.0,0.1,1.7,3.64,69
"Carrots, baby food, junior",0,33.8,0.8,7.2,0.2,1.7,3.16,49
"Carrots, baby food, toddler",0,26.0,0.6,5.23,0.3,2.3,2.5,48
"Carrots and peas, baby food, strained",0,39.2,2.04,7.18,0.26,1.8,2.82,37
"Squash, baby food, NS as to strained or junior",0,28.0,0.81,5.73,0.2,0.9,3.3,5
"Squash, baby food, strained",0,28.0,0.81,5.73,0.2,0.9,3.37,5
"Squash, baby food, junior",0,28.0,0.81,5.73,0.2,0.9,3.24,5
"Squash and corn, baby food, strained",0,50.4,2.0,9.26,0.6,2.0,2.93,5
"Corn and sweet potatoes, baby food, strained",0,68.5,1.26,15.23,0.28,1.8,4.0,14
"Sweet potatoes, baby food, NS as to strained or junior",0,59.7,1.1,13.6,0.1,1.5,4.14,20
"Sweet potatoes, baby food, strained",0,58.1,1.1,13.2,0.1,1.5,4.05,22
"Sweet potatoes, baby food, junior",0,61.3,1.1,14.0,0.1,1.5,4.24,18
"Beans, green string, baby food, NS as to strained or junior",0,30.2,1.2,6.04,0.14,2.0,1.48,6
"Beans, green string, baby food, strained",0,31.5,1.2,6.29,0.17,2.2,1.88,7
"Beans, green string, baby food, junior",0,28.9,1.2,5.8,0.1,1.9,1.08,5
"Beans, green string, baby food, toddler",0,29.4,1.2,5.7,0.2,1.3,1.06,37
"Green beans and potatoes, baby food, strained",0,61.9,2.2,9.0,1.9,1.4,2.35,18
"Beets, baby food, strained",0,36.9,1.3,7.7,0.1,1.9,6.09,83
"Corn, creamed, baby food, NS as to strained or junior",0,69.9,1.4,15.18,0.4,2.1,1.36,48
"Corn, creamed, baby food, strained",0,65.6,1.4,14.1,0.4,2.1,1.23,43
"Corn, creamed, baby food, junior",0,74.2,1.4,16.25,0.4,2.1,1.48,52
"Mixed vegetables, garden vegetables, baby food, NS as to strained or junior",0,40.1,1.85,7.5,0.3,1.5,2.17,34
"Mixed vegetables, garden vegetables, baby food, strained",0,36.6,1.01,7.88,0.11,1.0,3.08,40
"Mixed vegetables, garden vegetables, baby food, junior",0,42.0,1.4,8.2,0.4,1.5,1.78,36
"Peas, baby food, NS as to strained or junior",0,50.4,3.27,8.36,0.43,2.0,2.01,5
"Peas, baby food, strained",0,50.4,3.27,8.36,0.43,2.0,2.01,5
"Peas, baby food, junior",0,50.4,3.27,8.36,0.43,2.0,2.01,5
"Peas, baby food, toddler",0,64.0,3.9,10.3,0.8,3.9,4.13,48
"Potatoes, baby food, toddler",0,51.8,1.0,11.73,0.1,0.9,0.91,57
"Vegetables and rice, baby food, strained",0,69.5,1.9,12.1,1.5,1.1,2.39,14
"Peas and brown rice, baby food",0,64.1,3.4,11.49,0.5,2.5,2.89,6
"Carrots and beef, baby food, strained",0,58.9,3.4,5.7,2.5,2.6,2.04,69
"Vegetable and beef, baby food, NS as to strained or junior",0,76.6,2.21,8.84,3.6,1.3,2.34,31
"Vegetable and beef, baby food, strained",0,76.6,2.21,8.84,3.6,1.3,2.34,31
"Vegetable and beef, baby food, junior",0,76.6,2.21,8.84,3.6,1.3,2.34,31
"Broccoli and chicken, baby food, strained",0,62.0,3.59,6.34,2.48,1.4,1.43,17
"Sweet potatoes and chicken, baby food, strained",0,73.7,2.51,11.04,2.17,1.3,2.65,22
"Vegetable and chicken, baby food, NS as to strained or junior",0,56.0,2.26,8.54,1.42,1.6,1.52,29
"Vegetable and chicken, baby food, strained",0,59.1,2.47,8.42,1.73,2.1,1.58,24
"Vegetable and chicken, baby food, junior",0,52.9,2.04,8.66,1.12,1.1,1.46,34
"Potatoes with cheese and broccoli, baby food, toddler",0,47.6,1.11,7.47,1.47,1.2,1.17,176
"Vegetable and turkey, baby food, NS as to strained or junior",0,50.3,2.02,7.58,1.32,1.2,1.45,32
"Vegetable and turkey, baby food, strained",0,47.9,2.32,7.62,0.9,1.5,1.54,20
"Vegetable and turkey, baby food, junior",0,52.7,1.72,7.55,1.74,0.9,1.36,45
"Fried stuffed potatoes, Puerto Rican style",0,189.8,4.79,16.16,11.78,1.9,0.91,110
"Potato and ham fritters, Puerto Rican style",5,199.5,5.93,12.44,14.0,1.5,0.62,485
"Potato chicken pie, Puerto Rican style",5,358.8,15.01,23.67,22.67,1.5,0.88,731
"Green plantain with cracklings, Puerto Rican style",5,339.8,10.19,27.42,21.04,1.4,14.81,455
"Ripe plantain fritters, Puerto Rican style",5,427.7,11.95,29.4,29.14,1.9,16.04,364
"Ripe plantain meat pie, Puerto Rican style",5,331.6,12.45,21.9,21.58,2.0,11.68,480
"Cassava Pasteles, Puerto Rican style",5,257.1,6.67,18.96,17.18,1.3,1.8,981
"Cassava fritter stuffed with crab meat, Puerto Rican style",5,269.1,8.99,30.21,12.48,1.7,5.29,578
"Stuffed tannier fritters, Puerto Rican style",5,387.7,11.62,19.67,29.17,2.4,5.46,1241
Puerto Rican pasteles,5,216.9,7.09,17.44,13.2,2.3,5.6,479
"Stuffed cabbage, with meat, Puerto Rican style",5,213.6,9.51,8.2,15.86,2.4,4.58,667
"Stuffed cabbage, with meat and rice, Syrian dish, Puerto Rican style",0,85.8,3.23,10.81,3.29,1.8,2.31,117
Eggplant and meat casserole,0,96.6,7.13,4.66,5.49,1.5,2.9,180
Spanish stew,0,82.9,6.48,8.04,2.76,1.6,1.74,355
Puerto Rican stew,0,147.1,7.75,14.15,6.61,1.7,3.57,117
"Vegetable and fruit juice, 100% juice, with high vitamin C",0,45.9,0.3,11.15,0.01,0.0,10.37,29
"Fruit and vegetable smoothie, with dairy",0,65.2,1.7,13.22,0.61,1.4,7.86,21
"Fruit and vegetable smoothie, added protein",0,87.2,7.59,12.68,0.68,1.5,7.25,32
"Fruit and vegetable smoothie, non-dairy",0,61.1,1.26,13.0,0.45,1.5,7.5,25
"Fruit and vegetable smoothie, non-dairy, added protein",0,83.4,7.18,12.48,0.53,1.6,6.92,35
"Fruit and vegetable smoothie, bottled",0,54.9,0.6,12.53,0.26,0.7,11.15,6
"Fruit and vegetable smoothie, no dairy",0,64.9,1.18,14.5,0.24,1.5,8.53,14
Vegetable smoothie,0,94.1,2.76,6.06,6.53,2.9,2.58,33
"Table fat, NFS",3,675.9,0.58,0.36,74.68,0.0,0.04,663
"Butter, NFS",3,733.6,0.85,0.06,81.11,0.0,0.06,643
"Butter, stick",3,733.6,0.85,0.06,81.11,0.0,0.06,643
"Butter, tub",3,706.7,0.49,0.0,78.3,0.0,0.06,583
"Butter, light",3,509.1,3.3,0.0,55.1,0.0,0.0,450
"Margarine, NFS",3,589.3,0.17,0.82,65.04,0.0,0.0,694
"Margarine, stick",3,729.8,0.16,0.7,80.71,0.0,0.0,751
"Margarine, tub",3,542.4,0.17,0.86,59.81,0.0,0.0,674
"Margarine-oil blend, NFS",3,542.4,0.17,0.86,59.81,0.0,0.0,674
"Margarine-oil blend, stick",3,729.8,0.16,0.7,80.71,0.0,0.0,751
"Margarine-oil blend, tub",3,542.4,0.17,0.86,59.81,0.0,0.0,674
"Butter replacement, liquid",3,542.4,0.17,0.86,59.81,0.0,0.0,615
"Margarine-oil blend, tub, light",5,347.4,0.33,1.22,37.91,0.0,0.0,586
"Margarine-oil blend, stick, light",5,347.4,0.33,1.22,37.91,0.0,0.0,586
"Butter-oil blend, NFS",3,706.7,0.49,0.0,78.3,0.0,0.06,583
"Butter-oil blend, stick",3,733.6,0.85,0.06,81.11,0.0,0.06,643
"Butter-oil blend, tub",3,706.7,0.49,0.0,78.3,0.0,0.06,583
"Butter-oil blend, light",3,509.1,3.3,0.0,55.1,0.0,0.0,450
"Butter replacement, powder",5,373.0,2.0,89.0,1.0,0.0,5.3,1200
"Oil or table fat, NFS",3,787.9,0.29,0.18,87.34,0.0,0.02,332
Animal fat or drippings,3,838.5,2.23,0.0,92.18,0.0,0.0,604
Lard,3,900.0,0.0,0.0,100.0,0.0,0.0,0
"Shortening, NS as to vegetable or animal",3,899.7,0.0,0.0,99.97,0.0,0.0,4
"Ghee, clarified butter",3,896.4,0.28,0.0,99.48,0.0,0.0,2
Garlic sauce,3,676.5,1.4,3.36,73.05,0.2,0.15,580
Lemon-butter sauce,3,663.3,0.8,0.74,73.02,0.0,0.31,579
Hollandaise sauce,3,538.2,5.3,1.8,56.65,0.0,0.46,400
Sandwich spread,5,399.2,0.9,22.4,34.0,0.4,15.18,1000
Tartar sauce,5,207.5,1.0,13.3,16.7,0.5,4.25,667
Horseradish sauce,3,502.6,1.09,10.05,50.89,1.0,8.98,730
Pesto sauce,3,590.1,8.61,5.78,59.17,1.0,0.7,988
Fry sauce,3,538.5,0.98,7.28,56.16,0.1,5.74,481
Curry sauce,0,98.5,1.36,4.96,8.14,1.4,3.41,384
Honey butter,1,496.7,0.53,48.5,33.4,0.1,48.33,267
"Vegetable oil, NFS",3,900.0,0.0,0.0,100.0,0.0,0.0,0
Almond oil,3,900.0,0.0,0.0,100.0,0.0,0.0,0
Coconut oil,3,895.3,0.0,0.84,99.1,0.0,0.0,0
Corn oil,3,900.0,0.0,0.0,100.0,0.0,0.0,0
Cottonseed oil,3,900.0,0.0,0.0,100.0,0.0,0.0,0
Flaxseed oil,3,900.3,0.11,0.0,99.98,0.0,0.0,0
Olive oil,3,900.0,0.0,0.0,100.0,0.0,0.0,2
Peanut oil,3,900.0,0.0,0.0,100.0,0.0,0.0,0
Canola oil,3,900.0,0.0,0.0,100.0,0.0,0.0,0
Safflower oil,3,900.0,0.0,0.0,100.0,0.0,0.0,0
Sesame oil,3,900.0,0.0,0.0,100.0,0.0,0.0,0
Soybean oil,3,900.0,0.0,0.0,100.0,0.0,0.0,0
Sunflower oil,3,900.0,0.0,0.0,100.0,0.0,0.0,0
Walnut oil,3,900.0,0.0,0.0,100.0,0.0,0.0,0
Wheat germ oil,3,900.0,0.0,0.0,100.0,0.0,0.0,0
"Salad dressing, NFS, for salads",3,429.7,1.32,5.9,44.54,0.0,4.69,901
"Salad dressing, NFS, for sandwiches",3,595.0,0.9,3.41,64.2,0.0,2.46,639
Blue or roquefort cheese dressing,3,484.5,1.37,4.77,51.1,0.4,3.48,642
Bacon and tomato dressing,5,330.2,1.8,2.0,35.0,0.2,2.0,905
Caesar dressing,3,542.5,2.17,3.3,57.85,0.5,2.81,1209
Coleslaw dressing,5,403.8,0.85,22.4,34.53,0.0,21.23,850
French or Catalina dressing,5,430.3,0.87,18.79,39.07,2.4,17.43,661
Honey mustard dressing,3,464.3,0.87,23.33,40.83,0.4,15.84,512
"Italian dressing, made with vinegar and oil",5,240.2,0.41,12.12,21.12,0.0,10.77,993
"Mayonnaise, regular",3,679.8,0.96,0.57,74.85,0.0,0.57,635
Vegan mayonnaise,5,238.0,0.3,16.0,19.2,0.0,6.0,497
Russian dressing,5,366.0,0.69,31.9,26.18,0.7,17.68,1133
Mayonnaise-type salad dressing,5,256.1,0.65,14.78,21.6,0.0,10.02,653
Avocado dressing,3,427.0,1.9,7.36,43.33,0.1,6.67,867
Creamy dressing,3,429.7,1.32,5.9,44.54,0.0,4.69,901
Poppy seed dressing,5,398.6,0.92,23.73,33.33,0.3,23.39,933
Sesame dressing,3,453.6,3.1,8.6,45.2,1.0,8.32,1000
Thousand Island dressing,5,378.5,1.09,14.64,35.06,0.8,15.18,962
Yogurt dressing,0,225.4,3.45,11.8,18.27,0.1,9.67,43
"Salad dressing, light, NFS",5,160.0,1.5,7.0,14.0,0.0,5.65,833
"Blue or roquefort cheese dressing, light",0,96.8,5.1,2.9,7.2,0.0,2.82,939
"Coleslaw dressing, light",1,340.0,0.0,40.0,20.0,0.4,38.73,1600
"French or Catalina dressing, light",5,230.9,0.58,31.22,11.52,1.5,16.86,838
"Caesar dressing, light",5,115.2,0.3,18.6,4.4,0.1,16.32,1148
"Mayonnaise, light",5,238.4,0.37,9.23,22.22,0.0,3.56,827
"Mayonnaise, reduced fat,  with olive oil",5,361.5,0.37,0.0,40.0,0.0,0.0,800
"Mayonnaise-type salad dressing, light",5,158.2,0.65,16.4,10.0,0.0,6.67,833
"Honey mustard dressing, light",5,207.0,0.98,28.26,10.0,0.8,18.33,701
"Italian dressing, light",0,101.6,0.39,9.99,6.68,0.0,9.16,891
"Russian dressing, light",5,148.4,0.5,27.6,4.0,0.3,21.87,868
"Sesame dressing, light",0,101.6,0.39,9.99,6.68,0.0,9.16,891
"Thousand Island dressing, light",5,201.4,0.83,24.06,11.32,1.2,17.31,955
Korean dressing or marinade,5,346.0,3.18,12.8,31.34,0.5,10.18,1845
"Creamy dressing, light",5,160.0,1.5,7.0,14.0,0.0,5.65,833
"Blue or roquefort cheese dressing, fat free",0,117.6,1.52,25.6,1.01,1.8,7.44,814
"Caesar dressing, fat free",5,130.9,1.47,30.73,0.23,0.2,8.82,1265
"Creamy dressing, fat free",0,109.9,1.4,20.0,2.7,0.0,5.35,897
"French or Catalina dressing, fat free",5,131.8,0.2,32.14,0.27,2.2,16.45,853
"Honey mustard dressing, fat free",5,171.2,1.07,38.43,1.47,1.2,17.75,1004
"Italian dressing, fat free",0,46.7,0.97,8.75,0.87,0.6,8.85,1129
"Mayonnaise, fat free",0,64.0,0.2,15.8,0.0,2.0,6.8,750
"Russian dressing, fat free",5,132.3,0.55,29.27,1.45,3.3,16.83,788
"Salad dressing, fat free, NFS",0,109.9,1.4,20.0,2.7,0.0,5.35,897
"Thousand Island dressing, fat free",5,132.3,0.55,29.27,1.45,3.3,16.83,788
"Bacon, for use with vegetables",2,458.3,33.92,1.7,35.09,0.0,0.0,1684
"Ham, for use with vegetables",2,117.8,17.99,1.57,4.39,0.0,1.57,1193
"Beef, for use with vegetables",2,191.0,32.41,0.0,6.82,0.0,0.0,67
"Chicken, for use with vegetables",2,164.4,26.79,0.0,6.36,0.0,0.0,345
"Cream sauce, for use with vegetables",5,174.9,1.16,10.22,14.38,0.1,1.16,938
"Cheese sauce, for use with vegetables",0,118.4,4.69,9.62,6.8,0.1,0.07,908
"Gravy, for use with vegetables",0,55.6,0.31,11.24,1.05,0.1,0.12,932
"Soy based sauce, for use with vegetables",0,88.2,1.65,20.07,0.15,0.2,10.06,1101
"Tomato sauce, for use with vegetables",0,105.6,0.48,12.08,6.15,0.6,11.4,965
"Avocado, for use on a sandwich",0,174.1,2.0,8.53,14.66,6.7,0.66,7
"Cucumber, for use on a sandwich",0,18.1,0.65,3.63,0.11,0.5,1.67,2
"Lettuce, for use on a sandwich",0,17.5,1.13,2.92,0.14,1.2,1.38,19
"Mushrooms, for use on a sandwich",0,28.5,3.09,3.26,0.34,1.0,1.98,5
"Onions, for use on a sandwich",0,42.7,1.1,9.34,0.1,1.7,4.24,4
"Pepper, for use on a sandwich",0,26.1,0.91,5.13,0.22,1.8,3.03,3
"Spinach, for use on a sandwich",0,29.5,2.86,3.63,0.39,2.2,0.42,79
"Tomatoes, for use on a sandwich",0,20.9,0.88,3.89,0.2,1.2,2.63,5
"Bacon, for use on a sandwich",2,458.3,33.92,1.7,35.09,0.0,0.0,1684
"Sugar, NFS",1,401.3,0.0,99.6,0.32,0.0,99.8,1
"Sugar, white, granulated or lump",1,401.3,0.0,99.6,0.32,0.0,99.8,1
"Sugar, white, confectioner's, powdered",1,399.1,0.0,99.77,0.0,0.0,97.81,2
"Sugar, brown",1,392.8,0.12,98.09,0.0,0.0,97.02,28
"Sugar, cinnamon",1,397.6,0.28,98.27,0.38,3.7,92.99,2
Sugar substitute and sugar blend,1,400.2,0.0,99.35,0.31,0.0,99.22,1
"Sugar substitute, sucralose, powder",1,364.7,0.0,91.17,0.0,0.0,80.33,0
"Sugar substitute, stevia, powder",5,400.0,0.0,100.0,0.0,0.0,0.0,0
"Sugar substitute, stevia, liquid",0,51.2,0.8,11.99,0.0,0.7,0.01,210
"Sugar substitute, monk fruit, powder",5,400.0,0.0,100.0,0.0,0.0,0.0,0
"Sugar substitute, powder, NFS",1,363.2,0.66,90.14,0.0,0.0,82.09,150
"Sugar substitute, liquid, NFS",0,51.2,0.8,11.99,0.0,0.7,0.01,210
"Sugar substitute, saccharin, powder",1,360.2,0.94,89.11,0.0,0.0,85.19,428
"Sugar substitute, saccharin, liquid",0,8.3,0.02,2.05,0.0,0.0,1.96,13
"Sugar substitute, aspartame, powder",1,365.0,2.17,89.08,0.0,0.0,80.7,0
"Syrup, NFS",1,279.3,0.0,69.6,0.1,0.0,42.0,61
Pancake syrup,1,279.3,0.0,69.6,0.1,0.0,42.0,61
Corn syrup,1,309.0,0.0,76.79,0.2,0.0,76.77,62
Blueberry syrup,1,340.5,0.0,85.13,0.0,0.1,53.0,0
Chocolate syrup,1,268.8,0.0,67.21,0.0,0.0,60.0,150
"Chocolate syrup, light",0,152.6,1.4,34.56,0.97,0.0,28.57,100
Simple syrup,1,183.7,0.0,45.58,0.15,0.0,45.68,3
Strawberry drink syrup,1,260.6,0.0,65.1,0.02,0.0,65.0,0
"Pancake syrup, light",1,178.2,0.0,44.55,0.0,0.0,32.8,178
Honey,1,330.8,0.3,82.4,0.0,0.2,82.12,4
Agave liquid sweetener,1,309.9,0.09,76.37,0.45,0.2,68.03,4
Molasses,1,299.8,0.0,74.73,0.1,0.0,74.72,37
"Topping, butterscotch or caramel",1,232.9,1.21,57.01,0.0,0.0,57.0,341
"Topping, chocolate",1,350.1,4.6,62.9,8.9,2.8,34.82,346
"Topping, fruit",1,266.9,0.2,66.3,0.1,0.7,27.38,21
"Topping, marshmallow",1,321.9,0.8,79.0,0.3,0.1,46.8,80
"Topping, nuts and syrup",1,448.3,4.5,58.08,22.0,2.3,36.72,42
"Topping, chocolate flavored hazelnut spread",1,538.6,5.41,62.36,29.73,5.4,54.05,41
"Icing, chocolate",1,415.6,1.1,63.2,17.6,0.9,57.7,183
"Icing, white",1,417.6,0.0,67.89,16.23,0.0,63.1,184
"Caramel dip, regular",1,308.0,1.16,48.47,12.17,0.0,48.46,386
"Caramel dip, light",1,232.9,1.21,57.01,0.0,0.0,57.0,341
Chocolate dip,1,392.7,3.33,65.31,13.13,2.0,45.46,299
Dessert dip,5,255.1,6.16,22.88,15.44,0.0,22.18,148
Sweet and sour sauce,0,154.1,0.27,38.22,0.02,0.1,18.75,539
Dessert sauce,0,149.0,0.09,19.53,7.84,0.0,17.1,103
Duck sauce,1,245.2,0.36,60.66,0.13,0.6,30.54,712
"Jelly, all flavors",1,280.6,0.15,69.95,0.02,1.0,51.22,30
"Jam, preserve, all flavors",1,277.6,0.37,68.86,0.07,1.1,48.5,32
"Fruit butter, all flavors",1,174.1,0.39,42.47,0.3,1.5,35.3,15
"Marmalade, all flavors",1,266.4,0.3,66.3,0.0,0.7,60.0,56
"Jelly, sugar free, all flavors",0,120.6,0.55,29.6,0.0,2.2,3.39,3
"Jelly, reduced sugar, all flavors",0,151.3,0.0,37.6,0.1,1.5,29.41,0
"Jam, preserve, marmalade, sugar free, all flavors",0,120.6,0.55,29.6,0.0,2.2,3.39,3
"Jam, preserve, marmalade, sweetened with fruit juice concentrates, all flavors",1,211.7,0.0,52.93,0.0,0.9,42.0,0
"Jam, preserve, marmalade, reduced sugar, all flavors",0,151.3,0.0,37.6,0.1,1.5,29.41,0
Guava paste,1,293.1,0.1,72.56,0.27,1.1,71.62,2
Sweet potato paste,1,304.2,0.41,75.04,0.27,0.8,71.58,9
"Bean paste, sweetened",1,229.0,6.22,49.98,0.47,5.3,33.92,124
Gelatin dessert,0,61.6,1.22,14.19,0.0,0.0,13.49,75
Gelatin dessert with fruit,0,57.8,1.1,13.34,0.01,0.2,12.59,64
Gelatin salad with vegetables,0,62.1,1.47,14.02,0.02,0.7,11.93,69
"Gelatin dessert, sugar free",0,20.2,0.83,4.22,0.0,0.0,0.0,48
"Gelatin dessert, sugar free, with fruit",0,22.6,0.77,4.86,0.01,0.2,1.13,41
Yokan,0,135.5,2.86,30.47,0.24,2.0,24.59,119
"Coconut cream cake, Puerto Rican style",1,331.8,2.41,47.27,14.79,1.2,45.97,13
Haupia,5,286.0,1.98,23.52,20.45,2.0,14.72,83
Italian Ice,0,132.0,0.4,32.6,0.0,0.0,32.6,22
"Italian Ice, no sugar added",0,23.7,0.0,5.92,0.0,0.0,1.52,10
"Popsicle, NFS",0,79.1,0.0,19.23,0.24,0.0,13.66,7
Popsicle,0,79.1,0.0,19.23,0.24,0.0,13.66,7
"Popsicle, no sugar added",0,23.7,0.0,5.92,0.0,0.0,1.52,10
Freezer pop,0,79.1,0.0,19.23,0.24,0.0,13.66,7
Snow cone,0,132.0,0.4,32.6,0.0,0.0,32.6,22
"Snow cone, no sugar added",0,23.7,0.0,5.92,0.0,0.0,1.52,10
"Candy, NFS",1,393.8,0.0,98.0,0.2,0.0,62.9,38
M&M's Almond Chocolate Candies,1,522.0,7.53,60.5,27.76,5.6,49.22,45
"Almonds, chocolate covered",3,594.7,17.1,32.9,43.85,9.8,18.5,24
"Almonds, sugar-coated",1,474.4,10.0,68.26,17.93,2.5,62.5,13
"Almonds, yogurt-covered",1,566.3,12.75,44.86,37.32,5.6,36.26,49
Butterscotch morsels,1,538.6,2.2,67.1,29.05,0.0,67.1,89
"Caramel, chocolate-flavored roll",1,387.1,1.59,87.73,3.31,0.1,56.32,44
"Caramel, flavor other than chocolate",1,399.3,4.6,77.0,8.1,0.0,65.5,245
"Caramel, with nuts",1,432.7,5.77,70.03,14.39,0.7,58.57,218
"Caramel candy, chocolate covered",1,430.5,5.3,72.95,13.06,0.8,62.28,207
"Caramel with nuts and cereal, chocolate covered",1,498.6,6.66,61.51,25.1,2.4,42.95,165
"Caramel with nuts, chocolate covered",1,469.7,9.5,60.67,21.0,4.3,41.35,156
Rolo,1,480.5,5.08,67.95,20.93,0.9,63.93,188
"Caramel, all flavors, sugar free",1,426.2,1.95,72.93,14.08,0.5,18.63,176
"Toblerone, milk chocolate with honey and almond nougat",1,524.8,5.71,61.21,28.57,2.5,55.74,54
TWIX Caramel Cookie Bars,1,502.5,4.91,64.8,24.85,1.1,48.25,198
TWIX Chocolate Fudge Cookie Bars,1,552.9,7.3,56.0,33.3,3.0,53.0,266
TWIX Peanut Butter Cookie Bars,1,547.3,9.18,54.14,32.67,3.1,36.13,226
Whatchamacallit,1,498.2,8.04,63.23,23.68,1.9,48.86,299
"Nuts, carob-coated",3,577.7,15.81,37.56,40.47,7.2,19.32,58
"Espresso coffee beans, chocolate-covered",1,549.3,7.41,55.25,33.18,5.7,50.75,70
"Milk chocolate candy, plain",1,535.1,7.65,59.4,29.66,3.4,51.5,79
"Milk chocolate candy, with cereal",1,533.6,7.64,59.67,29.37,3.3,51.06,86
Kit Kat,1,518.3,6.51,64.59,25.99,1.0,48.68,54
"Chocolate, milk, with nuts, not almond or peanuts",1,560.1,8.64,52.5,35.06,4.1,43.03,66
"Milk chocolate candy, with fruit and nuts",1,489.7,7.58,59.98,24.38,4.3,51.48,47
"Milk chocolate candy, with almonds",1,559.2,9.0,53.4,34.4,6.2,43.9,74
"Chocolate, milk, with peanuts",1,557.1,10.22,54.34,33.21,3.8,47.22,41
Chocolate candy with fondant and caramel,1,480.4,5.54,69.3,20.12,2.2,61.69,87
"Chocolate, semi-sweet morsel",1,542.4,4.2,63.9,30.0,5.9,54.5,11
"Chocolate, sweet or dark",1,557.5,4.5,60.18,33.2,6.4,48.81,20
"Chocolate, sweet or dark, with almonds",1,556.4,6.55,56.48,33.81,7.7,42.34,21
"Chocolate, white",1,549.2,5.87,59.24,32.09,0.2,59.0,90
"Chocolate, white, with almonds",1,559.9,8.16,53.59,34.77,2.0,50.8,77
"Chocolate, white, with cereal",1,533.6,7.64,59.67,29.37,3.3,51.06,86
Kit Kat White,1,518.3,6.51,64.59,25.99,1.0,48.68,54
"Mexican chocolate, tablet",1,464.5,3.64,77.41,15.59,4.0,69.4,3
"Coconut candy, chocolate covered",1,493.3,4.6,58.88,26.6,3.7,46.19,145
"Coconut candy, no chocolate covering",1,480.8,2.13,55.87,27.65,6.4,36.16,128
"Coconut candy, Puerto Rican style",1,427.5,1.31,74.38,13.86,1.3,73.27,9
Fondant,1,372.9,0.0,93.18,0.02,0.0,88.9,11
"Fondant, chocolate covered",1,414.1,2.2,80.4,9.3,2.1,71.42,26
"Fruit peel, candied",1,333.0,0.34,82.74,0.07,1.6,80.68,98
Date candy,1,411.7,4.23,58.1,18.04,7.1,46.5,22
Soft fruit confections,1,390.2,2.31,73.81,9.52,2.4,45.95,131
Fruit leather and fruit snacks candy,1,365.0,0.55,84.31,2.84,0.0,53.37,258
Fun Fruits Creme Supremes,1,481.4,3.68,69.33,21.04,0.1,55.26,176
Tamarind candy,1,367.8,0.0,91.96,0.0,2.5,78.57,1643
"Fruit snacks candy, with high vitamin C",1,352.2,0.08,87.97,0.0,0.0,68.18,23
"Yogurt covered fruit snacks candy, with added vitamin C",1,415.1,0.0,86.9,7.5,0.2,65.0,75
"Yogurt covered fruit snacks candy rolls, with high vitamin C",1,359.2,0.46,74.64,6.53,3.3,39.15,8
"Gumdrops, chocolate covered",1,434.6,2.14,87.84,8.3,1.0,56.88,54
"Fudge, chocolate, chocolate-coated",1,447.5,3.97,71.51,16.18,2.2,66.63,55
"Fudge, chocolate, chocolate-coated, with nuts",1,482.9,5.36,65.53,22.15,2.8,59.81,51
"Fudge, chocolate",1,410.0,2.39,76.7,10.41,1.7,73.12,45
"Fudge, chocolate, with nuts",1,460.5,4.38,68.15,18.93,2.5,63.37,39
"Fudge, peanut butter",1,445.7,6.37,67.3,16.78,1.2,62.58,142
"Fudge, peanut butter, with nuts",1,484.6,7.84,61.63,22.97,1.9,55.99,138
"Fudge, vanilla",1,381.8,1.05,82.15,5.45,0.0,79.77,47
"Fudge, vanilla, with nuts",1,433.6,3.0,74.61,13.69,0.9,71.0,42
"Fudge, divinity",1,420.8,4.26,82.92,8.01,0.9,81.93,64
"Fudge, brown sugar, penuche",1,411.5,2.1,77.74,10.24,1.1,75.85,319
"Fudge, caramel and nut, chocolate-coated candy",1,499.8,7.7,65.5,23.0,1.9,46.2,193
SNICKERS Bar,1,490.8,7.53,61.51,23.85,2.3,50.47,239
Baby Ruth,1,475.2,5.4,64.8,21.6,2.0,54.0,230
100 GRAND Bar,1,467.8,2.5,70.97,19.33,1.0,51.9,203
"Halvah, plain",1,549.7,7.98,57.36,32.04,4.5,53.08,19
"Halvah, chocolate covered",1,545.7,7.88,57.93,31.38,4.2,52.64,36
Honey-combed hard candy with peanut butter,1,486.1,8.72,67.41,20.18,1.9,62.68,174
"Honey-combed hard candy with peanut butter, chocolate covered",1,501.7,8.78,62.68,23.98,3.1,47.19,225
Butterfinger,1,483.3,5.4,72.9,18.9,2.0,45.9,230
Butterfinger Crisp,1,465.4,6.67,68.45,18.33,1.7,48.33,13
Chocolate-flavored sprinkles,1,547.5,2.16,66.53,30.3,4.1,60.47,4
"Ladoo, round ball, Asian-Indian dessert",1,412.5,6.92,46.74,21.98,4.0,29.68,169
Licorice,1,374.6,0.0,93.55,0.05,0.2,70.0,50
Marshmallow,1,334.2,1.8,81.3,0.2,0.1,57.56,80
"Marshmallow, chocolate covered",1,403.4,2.43,75.03,10.4,1.7,55.74,61
"Marshmallow, candy-coated",1,358.2,1.16,87.85,0.24,0.1,72.68,52
"Nougat, plain",1,397.9,3.33,92.39,1.67,3.3,44.97,33
"Nougat, with caramel, chocolate covered",1,455.8,4.01,71.17,17.23,1.0,59.69,167
MILKY WAY Bar,1,455.8,4.01,71.17,17.23,1.0,59.69,167
MILKY WAY MIDNIGHT Bar,1,455.2,3.2,71.22,17.5,2.9,57.81,168
MARS Almond Bar,1,490.2,8.1,62.7,23.0,2.0,52.1,170
"Nougat, chocolate covered",1,436.4,4.54,83.15,9.51,3.3,46.8,46
3 MUSKETEERS Bar,1,436.2,2.6,77.77,12.75,1.5,66.89,194
3 Musketeers Truffle Crisp Bar,1,537.9,6.41,63.15,28.85,0.0,57.69,63
"Nuts, chocolate covered, not almonds or peanuts",3,588.2,11.39,42.05,41.6,4.9,28.09,44
"Nut roll, fudge or nougat, caramel and nuts",1,490.3,13.44,52.88,25.0,3.8,40.32,231
"Sugared pecans, sugar and egg white coating",3,595.8,7.29,31.77,48.84,6.5,25.12,17
"Peanuts, chocolate covered",1,552.7,13.1,49.7,33.5,4.7,37.59,41
M&M's Peanut Chocolate Candies,1,515.4,9.57,60.48,26.13,3.7,50.75,50
M&M's Peanut Butter Chocolate Candies,1,532.1,10.16,56.89,29.32,4.0,47.15,213
"Peanuts, sugar-coated",1,554.9,15.5,47.4,33.7,4.1,42.22,156
"Peanuts, yogurt covered",1,562.2,14.84,42.43,37.01,3.8,36.42,56
Peanut bar,1,554.9,15.5,47.4,33.7,4.1,42.22,156
Planters Peanut Bar,1,543.0,16.26,50.68,30.58,5.5,44.34,186
Peanut brittle,1,486.1,7.57,71.24,18.98,2.5,51.33,445
"Peanut Bar, chocolate covered candy",1,548.8,13.07,51.12,32.45,3.9,45.1,132
"Peanut butter, chocolate covered",1,531.4,10.55,58.48,28.36,2.9,51.64,178
Reese's Peanut Butter Cup,1,537.2,10.24,55.36,30.53,3.6,47.17,357
Reese's Pieces,1,512.2,12.46,59.86,24.77,3.0,53.25,194
Reese's Sticks,1,541.7,9.53,55.38,31.34,3.3,40.33,264
Reese's Fast Break,1,500.2,8.93,63.9,23.21,3.6,53.57,321
Reese's Crispy Crunchy Bar,1,542.3,9.53,55.53,31.34,3.3,40.33,264
Peanut butter morsels,1,528.9,18.3,46.88,29.8,5.0,38.3,250
Pralines,1,411.5,2.1,77.74,10.24,1.1,75.85,319
"Pineapple candy, Puerto Rican style",1,345.4,0.65,84.86,0.37,1.2,83.75,2
"Raisins, chocolate covered",1,423.2,4.1,68.4,14.8,3.1,62.22,36
"Raisins, yogurt covered",1,412.3,4.38,72.86,11.48,2.6,64.0,52
"Sesame Crunch, Sahadi",1,547.3,11.6,50.3,33.3,7.7,31.17,167
Gumdrops,1,395.6,0.0,98.9,0.0,0.1,58.97,44
Hard candy,1,393.8,0.0,98.0,0.2,0.0,62.9,38
Butterscotch hard candy,1,391.4,0.03,90.4,3.3,0.0,80.46,391
Skittles,1,403.2,0.19,90.78,4.37,0.0,75.84,15
Sugar-coated chocolate discs,1,492.2,4.33,71.19,21.13,2.8,63.68,61
M&M's Milk Chocolate Candies,1,492.2,4.33,71.19,21.13,2.8,63.68,61
Sixlets,1,492.2,4.33,71.19,21.13,2.8,63.68,61
"Easter egg, candy coated chocolate",1,492.2,4.33,71.19,21.13,2.8,63.68,61
M&M's Pretzel Chocolate Candies,1,446.8,5.0,72.94,15.0,2.5,50.0,475
Taffy,1,404.1,0.81,82.15,8.03,0.0,55.59,75
"Toffee, plain",1,405.3,4.67,78.17,8.22,0.0,66.5,249
"Toffee, chocolate covered",1,540.8,3.13,63.73,30.37,1.3,59.89,317
"Toffee, chocolate-coated, with nuts",1,461.8,7.62,66.83,18.22,1.8,56.2,179
Truffles,1,512.9,6.78,49.64,31.91,2.8,43.11,86
"Wax candy, liquid filled",0,130.5,0.0,32.4,0.1,0.0,32.47,2
"Dietetic or low calorie candy, NFS",5,394.4,0.0,98.6,0.0,0.0,0.0,0
Dietetic or low calorie gumdrops,1,354.2,0.0,88.1,0.2,0.0,70.0,7
Dietetic or low calorie hard candy,5,394.4,0.0,98.6,0.0,0.0,0.0,0
"Dietetic or low calorie candy, chocolate covered",3,589.7,12.39,37.68,43.27,3.5,14.63,111
Dietetic or low calorie mints,5,394.4,0.0,98.6,0.0,0.0,0.0,0
"Chewing gum, NFS",1,384.8,0.0,95.37,0.37,2.4,19.82,5
"Chewing gum, regular",1,389.5,0.0,96.7,0.3,2.4,66.08,1
"Chewing gum, sugar free",5,382.8,0.0,94.8,0.4,2.4,0.0,7
"Coffee, NS as to type",0,0.7,0.12,0.0,0.02,0.0,0.0,2
"Coffee, NS as to brewed or instant",0,0.7,0.12,0.0,0.02,0.0,0.0,2
"Coffee, brewed",0,0.7,0.12,0.0,0.02,0.0,0.0,2
"Coffee, brewed, blend of regular and decaffeinated",0,0.5,0.11,0.0,0.01,0.0,0.0,2
"Coffee, Turkish",0,26.7,0.11,6.47,0.04,0.0,6.48,2
"Coffee, espresso",0,8.8,0.12,1.67,0.18,0.0,0.0,14
"Coffee, espresso, decaffeinated",0,8.8,0.1,1.69,0.18,0.0,0.0,14
"Coffee, brewed, flavored",0,0.7,0.12,0.0,0.02,0.0,0.0,2
"Coffee, Cuban",0,33.5,0.11,7.84,0.19,0.0,6.28,13
"Coffee, macchiato",0,22.6,1.18,2.72,0.78,0.0,1.61,22
"Coffee, macchiato, sweetened",0,39.0,1.13,6.9,0.76,0.0,5.85,21
"Coffee, cafe con leche",0,38.8,1.67,5.64,1.06,0.0,4.84,26
"Coffee, cafe con leche, decaffeinated",0,39.4,1.69,5.72,1.08,0.0,4.92,26
"Coffee, Latte",0,43.1,2.8,4.36,1.61,0.0,4.06,35
"Coffee, Latte, nonfat",0,29.8,2.87,4.35,0.1,0.0,4.2,36
"Coffee, Latte, with non-dairy milk",0,32.3,1.26,4.51,1.03,0.2,3.5,51
"Coffee, Latte, flavored",0,55.0,2.71,7.5,1.57,0.0,7.22,34
"Coffee, Latte, nonfat, flavored",0,41.9,2.78,7.48,0.1,0.0,7.35,35
"Coffee, Latte, with non-dairy milk, flavored",0,44.5,1.22,7.63,1.01,0.2,6.66,49
"Coffee, Latte, decaffeinated",0,43.4,2.82,4.38,1.62,0.0,4.09,35
"Coffee, Latte, decaffeinated, nonfat",0,29.9,2.88,4.36,0.1,0.0,4.22,37
"Coffee, Latte, decaffeinated, with non-dairy milk",0,32.4,1.26,4.53,1.03,0.2,3.52,51
"Coffee, Latte, decaffeinated, flavored",0,55.1,2.72,7.53,1.57,0.0,7.26,34
"Coffee, Latte, decaffeinated, nonfat, flavored",0,42.1,2.79,7.52,0.1,0.0,7.38,35
"Coffee, Latte, decaffeinated, with non-dairy milk, flavored",0,44.6,1.22,7.66,1.01,0.2,6.7,49
Frozen coffee drink,0,68.2,1.55,13.41,0.93,0.0,13.16,21
"Frozen coffee drink, nonfat",0,60.9,1.59,13.4,0.1,0.0,13.23,22
"Frozen coffee drink, with non-dairy milk",0,62.2,0.7,13.46,0.62,0.1,12.83,30
"Frozen coffee drink, with whipped cream",0,83.1,1.62,12.85,2.8,0.0,12.62,21
"Frozen coffee drink, nonfat, with whipped cream",0,76.1,1.66,12.84,2.01,0.0,12.69,22
"Frozen coffee drink, with non-dairy milk and whipped cream",0,77.3,0.82,12.9,2.49,0.1,12.3,30
"Frozen coffee drink, decaffeinated",0,68.6,1.56,13.47,0.94,0.0,13.23,21
"Frozen coffee drink, decaffeinated, nonfat",0,61.1,1.59,13.46,0.1,0.0,13.3,22
"Frozen coffee drink, decaffeinated, with non-dairy milk",0,65.4,1.21,13.47,0.74,0.1,12.66,25
"Frozen coffee drink, decaffeinated, with whipped cream",0,83.4,1.62,12.9,2.81,0.0,12.68,21
"Frozen coffee drink, decaffeinated, nonfat, with whipped cream",0,76.4,1.66,12.89,2.02,0.0,12.75,22
"Frozen coffee drink, decaffeinated, with non-dairy milk and whipped cream",0,77.6,0.82,12.96,2.5,0.1,12.36,30
"Coffee, Cafe Mocha",0,64.4,2.56,10.23,1.47,0.0,9.3,46
"Coffee, Cafe Mocha, nonfat",0,51.9,2.6,10.17,0.09,0.0,9.37,47
"Coffee, Cafe Mocha, with non-dairy milk",0,54.2,1.14,10.3,0.94,0.1,8.73,60
"Coffee, Cafe Mocha, decaffeinated",0,64.4,2.55,10.23,1.47,0.0,9.3,46
"Coffee, Cafe Mocha, decaffeinated, nonfat",0,52.1,2.61,10.22,0.09,0.0,9.42,47
"Coffee, Cafe Mocha, decaffeinated, with non-dairy milk",0,54.5,1.15,10.35,0.94,0.1,8.77,60
Frozen mocha coffee drink,0,66.2,1.5,13.07,0.88,0.0,12.17,34
"Frozen mocha coffee drink, nonfat",0,59.2,1.54,13.07,0.08,0.0,12.24,35
"Frozen mocha coffee drink, with non-dairy milk",0,60.5,0.68,13.13,0.58,0.1,11.85,42
"Frozen mocha coffee drink, with whipped cream",0,80.8,1.57,12.55,2.7,0.0,11.69,34
"Frozen mocha coffee drink, nonfat, with whipped cream",0,74.0,1.61,12.54,1.93,0.0,11.76,34
"Frozen mocha coffee drink, with non-dairy milk and whipped cream",0,75.2,0.79,12.6,2.4,0.1,11.39,42
"Frozen mocha coffee drink, decaffeinated",0,66.6,1.51,13.13,0.89,0.0,12.23,34
"Frozen mocha coffee drink, decaffeinated, nonfat",0,59.4,1.54,13.12,0.08,0.0,12.3,35
"Frozen mocha coffee drink, decaffeinated, with non-dairy milk",0,60.7,0.68,13.19,0.58,0.1,11.9,43
"Frozen mocha coffee drink, decaffeinated, with whipped cream",0,81.1,1.58,12.6,2.71,0.0,11.74,34
"Frozen mocha coffee drink, decaffeinated, nonfat, with whipped cream",0,74.3,1.61,12.59,1.94,0.0,11.81,34
"Frozen mocha coffee drink, decaffeinated, with non-dairy milk and whipped cream",0,75.5,0.79,12.66,2.41,0.1,11.44,42
"Iced Coffee, brewed",0,0.5,0.09,0.0,0.02,0.0,0.0,2
"Iced Coffee, brewed, decaffeinated",0,0.3,0.08,0.0,0.0,0.0,0.0,2
"Iced Coffee, pre-lightened and pre-sweetened",0,30.8,0.25,4.94,1.12,0.0,4.95,6
"Coffee, Iced Latte",0,27.3,1.74,2.82,1.01,0.0,2.51,23
"Coffee, Iced Latte, nonfat",0,19.0,1.78,2.8,0.07,0.0,2.6,24
"Coffee, Iced Latte, with non-dairy milk",0,20.7,0.79,2.91,0.65,0.1,2.17,33
"Coffee, Iced Latte, flavored",0,39.9,1.68,6.1,0.98,0.0,5.81,23
"Coffee, Iced Latte, nonfat, flavored",0,32.0,1.72,6.09,0.08,0.0,5.89,24
"Coffee, Iced Latte, with non-dairy milk, flavored",0,33.5,0.76,6.18,0.64,0.1,5.47,32
"Coffee, Iced Latte, decaffeinated",0,27.4,1.75,2.82,1.01,0.0,2.53,23
"Coffee, Iced Latte, decaffeinated, nonfat",0,19.0,1.79,2.81,0.07,0.0,2.61,25
"Coffee, Iced Latte, decaffeinated, with non-dairy milk",0,20.7,0.79,2.92,0.65,0.1,2.18,33
"Coffee, Iced Latte, decaffeinated, flavored",0,40.2,1.69,6.12,0.99,0.0,5.84,23
"Coffee, Iced Latte, decaffeinated, nonfat, flavored",0,32.1,1.73,6.12,0.08,0.0,5.92,24
"Coffee, Iced Latte, decaffeinated, with non-dairy milk, flavored",0,33.6,0.76,6.21,0.64,0.1,5.5,32
"Coffee, Iced Cafe Mocha",0,50.3,1.58,8.95,0.91,0.0,7.99,35
"Coffee, Iced Cafe Mocha, nonfat",0,42.8,1.61,8.94,0.07,0.0,8.07,36
"Coffee, Iced Cafe Mocha, with non-dairy milk",0,44.3,0.72,9.02,0.59,0.1,7.67,44
"Coffee, Iced Cafe Mocha, decaffeinated",0,50.6,1.58,8.99,0.92,0.0,8.03,36
"Coffee, Iced Cafe Mocha, decaffeinated, nonfat",0,42.9,1.62,8.98,0.06,0.0,8.11,37
"Coffee, Iced Cafe Mocha, decaffeinated, with non-dairy milk",0,44.4,0.72,9.06,0.59,0.1,7.71,45
"Coffee, instant, reconstituted",0,2.9,0.1,0.63,0.0,0.0,0.0,4
"Coffee, instant, 50% less caffeine, reconstituted",0,2.9,0.12,0.61,0.0,0.0,0.0,4
"Coffee, NS as to brewed or instant, decaffeinated",0,0.4,0.1,0.0,0.0,0.0,0.0,2
"Coffee, brewed, decaffeinated",0,0.4,0.1,0.0,0.0,0.0,0.0,2
"Coffee, instant, decaffeinated, reconstituted",0,3.0,0.1,0.64,0.0,0.0,0.0,4
"Coffee, instant, pre-lightened and pre-sweetened with sugar, reconstituted",0,27.3,0.15,5.11,0.7,0.0,3.45,7
"Coffee, instant, decaffeinated, pre-lightened and pre-sweetened with sugar, reconsitituted",0,27.2,0.14,5.11,0.69,0.0,3.45,7
"Coffee, instant, pre-sweetened with sugar, reconstituted",0,16.4,0.1,3.96,0.02,0.0,3.36,4
"Coffee, mocha, instant, pre-lightened and pre-sweetened with sugar, reconstituted",0,43.9,0.43,6.49,1.8,0.1,4.32,29
"Coffee, mocha, instant, pre-lightened and pre-sweetened with low calorie sweetener, reconstituted",0,15.0,0.32,2.46,0.43,0.2,1.14,20
"Coffee, instant, pre-lightened and pre-sweetened with low calorie sweetener, reconstituted",0,16.4,0.15,2.37,0.7,0.0,0.6,7
"Coffee, instant, decaffeinated, pre-lightened and pre-sweetened with low calorie sweetener, reconstituted",0,16.4,0.15,2.38,0.7,0.0,0.6,7
"Coffee, mocha, instant, decaffeinated, pre-lightened and pre-sweetened with low calorie sweetener, reconstituted",0,14.4,0.29,2.33,0.43,0.2,1.14,20
"Coffee, pre-lightened and pre-sweetened with sugar",0,27.3,0.15,5.11,0.7,0.0,3.45,7
"Coffee, decaffeinated, pre-lightened and pre-sweetened with sugar",0,27.2,0.14,5.11,0.69,0.0,3.45,7
"Coffee, pre-lightened and pre-sweetened with low calorie sweetener",0,16.4,0.15,2.37,0.7,0.0,0.6,7
"Coffee, decaffeinated, pre-lightened and pre-sweetened with low calorie sweetener",0,16.4,0.15,2.38,0.7,0.0,0.6,7
"Coffee, pre-lightened",0,14.5,0.15,1.88,0.71,0.0,0.17,7
"Coffee, decaffeinated, pre-lightened",0,14.6,0.15,1.89,0.71,0.0,0.17,7
"Coffee, pre-sweetened with sugar",0,16.4,0.1,3.96,0.02,0.0,3.36,4
"Coffee, decaffeinated, pre-sweetened with sugar",0,16.3,0.09,3.97,0.01,0.0,3.36,4
"Coffee, pre-sweetened with low calorie sweetener",0,4.9,0.1,1.13,0.0,0.0,0.45,4
"Coffee, decaffeinated, pre-sweetened with low calorie sweetener",0,5.0,0.1,1.14,0.0,0.0,0.45,4
"Coffee and chicory, brewed",0,0.7,0.12,0.0,0.02,0.0,0.0,2
"Coffee and chicory, brewed, decaffeinated",0,0.4,0.1,0.0,0.0,0.0,0.0,2
"Coffee, Cappuccino",0,26.8,1.71,2.76,0.99,0.0,2.46,23
"Coffee, Cappuccino, nonfat",0,18.6,1.75,2.75,0.07,0.0,2.54,24
"Coffee, Cappuccino, with non-dairy milk",0,20.3,0.78,2.86,0.64,0.1,2.14,33
"Coffee, Cappuccino, decaffeinated",0,26.8,1.71,2.77,0.99,0.0,2.48,23
"Coffee, Cappuccino, decaffeinated, nonfat",0,18.7,1.75,2.76,0.07,0.0,2.56,24
"Coffee, Cappuccino, decaffeinated, with non-dairy milk",0,20.4,0.78,2.87,0.64,0.1,2.15,33
"Coffee, bottled/canned",0,70.7,1.98,12.6,1.38,0.0,10.67,26
"Coffee, bottled/canned, light",0,35.0,1.27,5.91,0.7,0.0,5.91,15
"Coffee, instant, not reconstituted",5,354.9,12.2,75.4,0.5,0.0,0.0,37
"Coffee, instant, 50% less caffeine, not reconstituted",5,354.9,14.42,73.18,0.5,0.0,0.0,37
"Coffee, instant, decaffeinated, not reconstituted",5,352.2,11.6,76.0,0.2,0.0,0.0,23
"Coffee, instant, pre-sweetened with sugar, not reconstituted",1,392.4,2.36,94.92,0.36,0.0,80.48,8
"Coffee, mocha, instant, pre-lightened and pre-sweetened with sugar, not reconstituted",1,460.2,5.29,74.04,15.87,1.9,58.2,317
"Coffee, mocha, instant, pre-lightened and pre-sweetened with low calorie sweetener, not reconstituted",1,435.2,9.2,71.64,12.43,4.5,32.84,472
"Coffee, mocha, instant, decaffeinated, pre-lightened and pre-sweetend with low calorie sweetener, not reconstituted",1,440.5,9.0,71.4,13.21,4.8,34.98,500
"Coffee, instant, pre-lightened and pre-sweetened with sugar, not reconstituted",1,443.0,2.4,82.96,11.29,0.0,56.07,47
"Coffee, instant, decaffeinated, pre-lightened and pre-sweetened with sugar, not reconstituted",1,465.1,0.0,86.28,13.33,0.0,66.67,333
"Coffee, instant, pre-lightened and pre-sweetened with low calorie sweetener, not reconstituted",1,509.5,1.96,59.94,29.1,0.5,59.0,0
"Coffee, instant, decaffeinated, pre-lightened and pre-sweetened with low calorie sweetener, not reconstituted",1,470.8,4.22,68.16,20.14,0.0,17.26,81
Coffee substitute,0,6.0,0.1,1.3,0.04,0.4,0.08,5
Chicory beverage,0,6.6,0.22,1.42,0.0,0.0,0.0,4
Cereal beverage,0,4.6,0.08,1.0,0.03,0.3,0.06,5
"Cereal beverage with beet roots, from powdered instant",0,4.6,0.08,1.0,0.03,0.3,0.06,5
"Coffee substitute, dry powder",4,360.4,6.01,78.42,2.52,23.3,4.63,83
"Tea, hot, leaf, black",0,1.2,0.0,0.3,0.0,0.0,0.0,3
"Tea, hot, leaf, black, decaffeinated",0,1.2,0.0,0.3,0.0,0.0,0.0,3
"Tea, hot, leaf, green",0,0.9,0.22,0.0,0.0,0.0,0.0,1
"Tea, hot, leaf, green, decaffeinated",0,0.0,0.0,0.0,0.0,0.0,0.0,0
"Tea, hot, leaf, oolong",0,0.6,0.0,0.15,0.0,0.0,0.0,3
"Tea, iced, instant, black, unsweetened",0,1.0,0.02,0.23,0.0,0.0,0.01,4
"Tea, iced, instant, black, pre-sweetened with sugar",0,29.7,0.01,7.31,0.05,0.1,7.07,4
"Tea, iced, instant, black, decaffeinated, pre-sweetened with sugar",0,32.0,0.06,7.89,0.02,0.0,7.76,4
"Tea, iced, instant, black, pre-sweetened with low calorie sweetener",0,1.8,0.02,0.44,0.0,0.0,0.01,6
"Tea, iced, instant, black, decaffeinated, pre-sweetened with low calorie sweetener",0,3.0,0.03,0.72,0.0,0.0,0.02,7
"Tea, iced, instant, black, decaffeinated, unsweetened",0,0.9,0.06,0.17,0.0,0.0,0.02,4
"Tea, iced, instant, green, unsweetened",0,0.0,0.0,0.0,0.0,0.0,0.0,7
"Tea, iced, instant, green, pre-sweetened with sugar",0,26.8,0.0,6.2,0.22,0.0,5.32,21
"Tea, iced, instant, green, pre-sweetened with low calorie sweetener",0,3.7,0.0,0.93,0.0,0.0,0.93,6
"Tea, hot, herbal",0,0.8,0.0,0.2,0.0,0.0,0.0,1
"Tea, hot, hibiscus",0,0.0,0.0,0.0,0.0,0.0,0.0,4
Corn beverage,0,42.8,0.84,9.4,0.21,0.5,0.19,135
"Tea, hot, chamomile",0,0.8,0.0,0.2,0.0,0.0,0.0,1
"Tea, hot, chai, with milk",0,51.0,1.58,8.97,0.98,0.1,8.73,20
"Tea, iced, instant, black, unsweetened, dry",4,315.5,20.21,58.66,0.0,8.5,5.53,72
"Tea, iced, instant, black, pre-sweetened, dry",1,401.2,0.12,98.55,0.73,0.7,95.29,5
Iced Tea / Lemonade juice drink,0,37.8,0.2,9.15,0.05,0.3,7.2,12
"Iced Tea / Lemonade juice drink, light",0,25.7,0.22,6.12,0.04,0.3,3.86,13
"Iced Tea / Lemonade juice drink, diet",0,2.3,0.0,0.57,0.0,0.0,0.0,4
"Tea, iced, brewed, black, pre-sweetened with sugar",0,31.9,0.0,7.94,0.02,0.0,7.68,3
"Tea, iced, brewed, black, pre-sweetened with low calorie sweetener",0,2.7,0.0,0.68,0.0,0.0,0.33,3
"Tea, iced, brewed, black, unsweetened",0,1.2,0.0,0.3,0.0,0.0,0.0,3
"Tea, iced, brewed, black, decaffeinated, pre-sweetened with sugar",0,31.9,0.0,7.94,0.02,0.0,7.68,3
"Tea, iced, brewed, black, decaffeinated, pre-sweetened with low calorie sweetener",0,2.7,0.0,0.68,0.0,0.0,0.33,3
"Tea, iced, brewed, black, decaffeinated, unsweetened",0,1.2,0.0,0.3,0.0,0.0,0.0,3
"Tea, iced, brewed, green, pre-sweetened with sugar",0,31.6,0.2,7.66,0.02,0.0,7.68,1
"Tea, iced, brewed, green, pre-sweetened with low calorie sweetener",0,2.4,0.22,0.38,0.0,0.0,0.33,1
"Tea, iced, brewed, green, unsweetened",0,0.9,0.22,0.0,0.0,0.0,0.0,1
"Tea, iced, brewed, green, decaffeinated, pre-sweetened with sugar",0,30.8,0.0,7.66,0.02,0.0,7.68,0
"Tea, iced, brewed, green, decaffeinated, pre-sweetened with low calorie sweetener",0,1.5,0.0,0.38,0.0,0.0,0.33,0
"Tea, iced, brewed, green, decaffeinated, unsweetened",0,0.0,0.0,0.0,0.0,0.0,0.0,0
"Tea, iced, bottled, black",0,45.2,0.0,10.8,0.22,0.0,9.49,3
"Tea, iced, bottled, black, decaffeinated",0,35.0,0.0,8.75,0.0,0.0,7.92,8
"Tea, iced, bottled, black, diet",0,0.9,0.0,0.22,0.0,0.0,0.0,17
"Tea, iced, bottled, black, decaffeinated, diet",0,3.3,0.0,0.83,0.0,0.0,0.0,4
"Tea, iced, bottled, black, unsweetened",0,0.0,0.0,0.0,0.0,0.0,0.0,2
"Tea, iced, bottled, black, decaffeinated, unsweetened",0,1.2,0.0,0.3,0.0,0.0,0.0,3
"Tea, iced, bottled, green",0,26.8,0.0,6.2,0.22,0.0,5.32,21
"Tea, iced, bottled, green, diet",0,3.7,0.0,0.93,0.0,0.0,0.93,6
"Tea, iced, bottled, green, unsweetened",0,0.0,0.0,0.0,0.0,0.0,0.0,7
"Soft drink, NFS",0,43.7,0.0,10.36,0.25,0.0,9.94,3
"Soft drink, NFS, diet",0,1.9,0.11,0.29,0.03,0.0,0.0,8
"Carbonated water, sweetened",0,35.2,0.0,8.8,0.0,0.0,8.8,12
"Carbonated water, unsweetened",0,0.0,0.0,0.0,0.0,0.0,0.0,21
"Carbonated water, sweetened, with low-calorie or no-calorie sweetener",0,0.4,0.1,0.0,0.0,0.0,0.0,6
"Soft drink, cola",0,43.7,0.0,10.36,0.25,0.0,9.94,3
"Soft drink, cola, reduced sugar",0,20.6,0.0,5.16,0.0,0.0,5.16,4
"Soft drink, cola, diet",0,1.9,0.11,0.29,0.03,0.0,0.0,8
"Soft drink, cola, decaffeinated",0,42.3,0.0,10.58,0.0,0.0,10.58,4
"Soft drink, cola, decaffeinated, diet",0,1.0,0.12,0.12,0.0,0.0,0.0,4
"Soft drink, pepper type",0,43.7,0.0,10.36,0.25,0.0,9.94,3
"Soft drink, pepper type, diet",0,1.9,0.11,0.29,0.03,0.0,0.0,8
"Soft drink, pepper type, decaffeinated",0,42.3,0.0,10.58,0.0,0.0,10.58,4
"Soft drink, pepper type, decaffeinated, diet",0,1.0,0.12,0.12,0.0,0.0,0.0,4
"Soft drink, cream soda",0,53.2,0.0,13.3,0.0,0.0,13.3,12
"Soft drink, cream soda, diet",0,0.4,0.1,0.0,0.0,0.0,0.0,6
"Soft drink, fruit flavored, caffeine free",0,40.9,0.05,10.14,0.02,0.0,8.98,9
"Soft drink, fruit flavored, diet, caffeine free",0,0.4,0.1,0.0,0.0,0.0,0.0,6
"Soft drink, fruit flavored, caffeine containing",0,51.3,0.0,12.83,0.0,0.0,12.9,18
"Soft drink, fruit flavored, caffeine containing, diet",0,0.4,0.1,0.0,0.0,0.0,0.0,6
"Soft drink, ginger ale",0,35.0,0.0,8.76,0.0,0.0,8.9,7
"Soft drink, ginger ale, diet",0,0.4,0.1,0.0,0.0,0.0,0.0,6
"Soft drink, root beer",0,42.4,0.0,10.6,0.0,0.0,10.6,13
"Soft drink, root beer, diet",0,0.4,0.1,0.0,0.0,0.0,0.0,6
"Soft drink, chocolate flavored",0,42.8,0.0,10.7,0.0,0.0,10.7,4
"Soft drink, chocolate flavored, diet",0,1.9,0.11,0.29,0.03,0.0,0.0,8
"Soft drink, cola, fruit or vanilla flavored",0,43.7,0.0,10.36,0.25,0.0,9.94,3
"Soft drink, cola, chocolate flavored",0,43.7,0.0,10.36,0.25,0.0,9.94,3
"Soft drink, cola, fruit or vanilla flavored, diet",0,1.9,0.11,0.29,0.03,0.0,0.0,8
"Soft drink, cola, chocolate flavored, diet",0,1.9,0.11,0.29,0.03,0.0,0.0,8
"Fruit juice drink, citrus, carbonated",0,32.2,0.46,6.88,0.31,0.2,6.1,7
"Fruit juice drink, noncitrus, carbonated",0,35.0,0.23,8.35,0.08,0.1,8.1,11
Fruit juice drink,0,10.0,0.0,2.5,0.0,0.0,2.5,13
Tamarind drink,0,114.9,0.64,27.67,0.18,1.2,22.28,9
"Fruit punch, made with fruit juice and soda",0,44.5,0.18,10.82,0.06,0.1,9.44,4
"Fruit punch, made with soda, fruit juice, and sherbet or ice cream",0,64.3,0.31,14.85,0.41,0.4,12.77,21
"Lemonade, fruit juice drink",0,48.3,0.0,12.08,0.0,0.0,11.67,6
"Lemonade, fruit flavored drink",0,26.8,0.0,6.55,0.07,0.0,6.5,12
"Lemonade, frozen concentrate, not reconstituted",1,206.7,0.22,49.89,0.7,0.3,44.46,7
Fruit flavored drink,0,64.1,0.0,16.03,0.0,0.0,15.85,36
"Fruit juice beverage, 40-50% juice, citrus",0,47.2,0.34,11.4,0.03,0.1,8.12,4
"Frozen daiquiri mix, frozen concentrate, not reconstituted",1,286.8,0.08,71.6,0.01,0.0,24.53,0
"Frozen daiquiri mix, from frozen concentrate, reconstituted",0,65.6,0.02,16.37,0.0,0.0,5.61,3
"Pina Colada, nonalcoholic",0,129.6,0.47,25.64,2.79,0.2,23.17,8
"Margarita mix, nonalcoholic",0,86.9,0.1,21.4,0.1,0.0,21.4,102
Slush frozen drink,0,30.9,0.0,7.68,0.02,0.0,7.68,10
"Slush frozen drink, no sugar added",0,12.5,0.0,3.11,0.01,0.0,3.11,5
"Fruit flavored drink, with high vitamin C",0,26.7,0.0,6.67,0.0,0.0,5.0,36
"Cranberry juice drink, with high vitamin C",0,55.0,0.0,13.52,0.1,0.0,11.87,2
"Fruit juice drink, with high vitamin C",0,46.9,0.13,11.35,0.11,0.1,10.69,8
"Vegetable and fruit juice drink, with high vitamin C",0,30.1,0.04,7.47,0.01,0.0,2.1,21
Fruit juice drink (Sunny D),0,53.2,0.13,13.16,0.0,0.1,12.11,61
"Fruit flavored drink, powdered, reconstituted",0,26.8,0.0,6.55,0.07,0.0,6.5,12
"Fruit flavored drink, with high vitamin C, powdered, reconstituted",0,41.8,0.0,10.45,0.0,0.0,9.75,5
"Fruit juice drink, with high vitamin C, light",0,19.2,0.1,4.7,0.0,0.1,4.6,5
"Fruit juice drink, light",0,40.6,0.0,10.0,0.07,0.0,9.0,2
"Fruit juice drink, diet",0,1.9,0.0,0.47,0.0,0.0,0.0,5
"Cranberry juice drink, with high vitamin C, light",0,19.2,0.1,4.7,0.0,0.1,4.6,5
"Grape juice drink, light",0,21.6,0.13,5.17,0.05,0.1,4.97,4
"Orange juice beverage, 40-50% juice, light",0,22.5,0.21,5.42,0.0,0.0,4.17,4
"Apple juice beverage, 40-50% juice, light",0,21.3,0.0,5.1,0.1,0.0,4.8,13
"Lemonade, fruit juice drink, light",0,20.0,0.0,5.0,0.0,0.0,5.0,5
"Pomegranate juice beverage, 40-50% juice, light",0,55.7,0.15,13.13,0.29,0.1,12.65,9
"Vegetable and fruit juice drink, with high vitamin C, diet",0,4.4,0.0,1.1,0.0,0.0,0.63,14
"Vegetable and fruit juice drink, with high vitamin C, light",0,4.4,0.0,1.1,0.0,0.0,0.63,14
"Fruit flavored drink, with high vitamin C, diet",0,3.5,0.0,0.87,0.0,0.0,0.0,8
"Fruit flavored drink, diet",0,5.8,0.01,1.45,0.0,0.0,0.0,11
"Fruit flavored drink, with high vitamin C, powdered, reconstituted, diet",0,3.5,0.0,0.87,0.0,0.0,0.0,8
"Fruit flavored drink, powdered, reconstituted, diet",0,2.9,0.0,0.73,0.0,0.0,0.0,7
"Fruit juice drink, reduced sugar (Sunny D)",0,3.8,0.0,0.95,0.0,0.0,0.0,4
Fruit juice drink (Capri Sun),0,40.6,0.0,10.0,0.07,0.0,9.0,2
"Fruit juice drink, with high vitamin C, plus added calcium",0,50.0,0.0,12.5,0.0,0.0,12.5,8
"Fruit juice drink, added calcium (Sunny D)",0,52.8,0.0,13.2,0.0,0.1,8.02,54
"Horchata beverage, made with water",0,87.3,1.09,20.45,0.13,0.5,8.07,4
"Horchata beverage, made with milk",0,90.0,1.42,19.66,0.63,0.4,9.56,9
Oatmeal beverage with water,0,44.8,0.25,10.61,0.15,0.2,9.36,4
Oatmeal beverage with milk,0,83.2,1.74,15.49,1.59,0.2,13.97,18
Sugar cane beverage,0,80.7,0.0,20.17,0.0,0.0,20.17,43
Cornmeal beverage,0,85.9,1.7,16.3,1.54,0.2,13.87,18
Cornmeal beverage with chocolate milk,0,112.9,1.94,20.88,2.4,0.4,17.95,19
"Wine, nonalcoholic",0,6.4,0.5,1.1,0.0,0.0,1.1,7
"Wine, light, nonalcoholic",0,6.4,0.5,1.1,0.0,0.0,1.1,7
Nonalcoholic malt beverage,0,34.1,0.21,8.05,0.12,0.0,8.05,13
Shirley Temple,0,56.7,0.0,14.17,0.0,0.1,12.55,9
"Fruit flavored drink, with high vitamin C, powdered, not reconstituted",1,395.8,0.0,98.94,0.0,0.4,92.31,17
"Fruit flavored drink, powdered, not reconstituted",1,400.7,0.0,97.9,1.01,0.0,97.15,130
"Fruit flavored drink, powdered, not reconstituted, diet",5,351.7,0.45,87.38,0.04,0.1,0.0,404
"Sports drink, dry concentrate, not reconstituted",1,400.7,0.0,97.9,1.01,0.0,97.15,130
Beer,0,16.0,0.46,3.55,0.0,0.0,0.0,4
"Beer, light",0,7.5,0.24,1.64,0.0,0.0,0.09,4
"Beer, low carb",0,3.6,0.17,0.73,0.0,0.0,0.0,3
"Beer, light, higher alcohol",0,4.1,0.25,0.77,0.0,0.0,0.09,4
"Beer, higher alcohol",0,4.7,0.9,0.27,0.0,0.0,0.0,4
"Alcoholic malt beverage, sweetened",0,40.3,0.0,10.07,0.0,0.0,9.77,5
"Alcoholic malt beverage, higher alcohol, sweetened",0,35.4,0.0,8.86,0.0,0.0,8.6,5
Alcoholic malt beverage,0,4.7,0.9,0.27,0.0,0.0,0.0,4
Hard cider,0,23.7,0.0,5.92,0.0,0.0,5.92,4
Cordial or liqueur,1,169.1,0.0,41.6,0.3,0.0,41.6,5
"Cordial or liqueur, coffee flavored",1,190.3,0.1,46.8,0.3,0.0,38.3,8
"Cocktail, NFS",0,32.9,0.0,7.8,0.19,0.0,7.48,3
Alexander,0,114.4,1.05,18.94,3.83,0.0,15.7,23
Bacardi cocktail,0,65.5,0.08,16.11,0.08,0.0,16.11,77
Bloody Mary,0,17.7,0.66,3.24,0.23,0.4,2.27,212
Canadian Club and soda,0,0.0,0.0,0.0,0.0,0.0,0.0,16
Cape Cod,0,41.4,0.0,10.18,0.08,0.0,8.94,2
Daiquiri,0,63.8,0.09,15.64,0.1,0.1,14.93,64
"Gelatin shot, alcoholic",0,12.2,0.24,2.8,0.0,0.0,2.66,17
Gimlet,0,21.0,0.1,5.08,0.03,0.1,3.52,1
Gin and Tonic,0,26.3,0.0,6.57,0.0,0.0,6.57,9
Grasshopper,0,165.7,0.99,32.07,3.72,0.0,29.01,23
Greyhound,0,29.2,0.41,5.71,0.53,0.2,5.81,1
High ball,0,0.0,0.0,0.0,0.0,0.0,0.0,16
Jagerbomb,0,74.4,0.34,18.07,0.08,0.0,18.07,30
Kamikaze,0,34.2,0.06,8.27,0.1,0.1,6.96,5
Manhattan,0,7.4,0.03,1.82,0.0,0.0,1.03,2
Margarita,0,65.3,0.08,16.06,0.08,0.0,16.06,204
Martini,0,0.9,0.07,0.15,0.0,0.0,0.15,2
"Martini, flavored",0,27.4,0.09,6.66,0.04,0.1,5.15,1
Mimosa,0,30.6,0.38,7.14,0.06,0.2,4.74,3
Mint julep,0,23.1,0.0,5.75,0.01,0.0,5.75,4
Mojito,0,10.4,0.09,2.45,0.03,0.2,1.82,15
Old fashioned,0,25.4,0.16,6.11,0.04,0.5,5.57,4
Orange Blossom,0,43.8,0.5,10.26,0.09,0.2,7.94,2
Rob Roy,0,14.6,0.05,3.6,0.0,0.0,2.05,3
Rusty Nail,0,44.5,0.0,10.95,0.08,0.0,10.95,2
Salty Dog,0,29.0,0.41,5.68,0.52,0.2,5.77,256
Screwdriver,0,37.3,0.51,8.62,0.09,0.2,6.26,2
Seabreeze,0,35.3,0.21,7.94,0.3,0.1,7.37,1
Seven and Seven,0,30.9,0.04,7.63,0.02,0.0,6.76,7
Tom Collins,0,65.5,0.08,16.11,0.08,0.0,16.11,77
Whiskey sour,0,65.5,0.08,16.11,0.08,0.0,16.11,77
Whiskey and soda,0,0.0,0.0,0.0,0.0,0.0,0.0,16
Whiskey and water,0,0.0,0.0,0.0,0.0,0.0,0.0,3
Whiskey and cola,0,32.9,0.0,7.8,0.19,0.0,7.48,3
Whiskey and diet cola,0,1.4,0.08,0.22,0.02,0.0,0.0,6
Whiskey and ginger ale,0,26.4,0.0,6.59,0.0,0.0,6.7,6
Rum and cola,0,32.9,0.0,7.8,0.19,0.0,7.48,3
Rum and diet cola,0,1.4,0.08,0.22,0.02,0.0,0.0,6
Pina Colada,0,98.6,0.36,19.48,2.14,0.1,17.58,6
Brandy and cola,0,32.9,0.0,7.8,0.19,0.0,7.48,3
Vodka and soda,0,0.0,0.0,0.0,0.0,0.0,0.0,16
Vodka and lemonade,0,36.1,0.0,9.02,0.0,0.0,8.71,5
Vodka and cola,0,32.9,0.0,7.8,0.19,0.0,7.48,3
Vodka and diet cola,0,1.4,0.08,0.22,0.02,0.0,0.0,6
Vodka and energy drink,0,32.2,0.35,7.7,0.0,0.0,7.69,30
Vodka and water,0,0.0,0.0,0.0,0.0,0.0,0.0,3
Vodka and tonic,0,26.3,0.0,6.57,0.0,0.0,6.57,9
Sloe gin fizz,0,9.1,0.03,2.22,0.01,0.0,1.95,16
Black Russian,0,86.3,0.04,21.21,0.14,0.0,17.36,4
White Russian,0,124.4,2.15,11.17,7.9,0.0,9.56,43
"Fruit punch, alcoholic",0,33.5,0.14,8.14,0.04,0.1,7.11,4
Champagne punch,0,50.2,0.16,12.22,0.08,0.1,10.23,4
Singapore Sling,0,32.1,0.12,7.79,0.05,0.2,6.7,15
Stinger,0,48.4,0.0,11.89,0.09,0.0,11.89,2
Mai Tai,0,70.1,0.18,17.17,0.08,0.1,13.5,5
Tequila Sunrise,0,56.4,0.46,13.47,0.08,0.2,9.61,4
Gin Rickey,0,2.1,0.02,0.47,0.02,0.0,0.1,16
Golden Cadillac,0,209.9,2.14,21.76,12.7,0.0,21.2,65
Long Island iced tea,0,36.0,0.01,8.66,0.15,0.0,8.43,16
Fuzzy Navel,0,80.7,0.5,19.3,0.17,0.2,16.98,3
Irish Coffee,0,30.9,0.27,2.03,2.41,0.0,2.04,3
Liqueur with cream,0,236.1,2.8,20.9,15.7,0.0,19.76,92
Frozen daiquiri,0,71.6,0.07,17.65,0.08,0.0,17.65,76
Frozen margarita,0,65.3,0.08,16.06,0.08,0.0,16.06,204
"Eggnog, alcoholic",0,72.5,3.74,6.62,3.45,0.0,6.62,45
Gin fizz,0,9.1,0.03,2.22,0.01,0.0,1.95,16
"Rum, hot buttered",0,59.9,0.08,4.95,4.42,0.1,4.62,4
Zombie,0,38.0,0.15,9.25,0.04,0.1,7.17,5
"Wine, table, red",0,10.7,0.07,2.61,0.0,0.0,0.62,4
"Wine, table, white",0,10.7,0.07,2.6,0.0,0.0,0.96,5
"Wine, table, rose",0,16.6,0.36,3.8,0.0,0.0,3.8,5
"Wine, rice",0,22.0,0.5,5.0,0.0,0.0,0.0,2
"Wine, dessert, sweet",0,55.6,0.2,13.69,0.0,0.0,7.78,9
"Wine, light",0,5.0,0.07,1.17,0.0,0.0,1.15,7
Wine cooler,0,40.3,0.0,10.07,0.0,0.0,9.77,5
"Sangria, red",0,33.6,0.04,8.26,0.04,0.0,7.16,10
"Sangria, white",0,33.6,0.04,8.26,0.04,0.0,7.33,11
Wine spritzer,0,6.6,0.04,1.62,0.0,0.0,0.47,11
Glug,0,26.6,0.1,6.24,0.14,0.1,4.15,4
Brandy,0,0.0,0.0,0.0,0.0,0.0,0.0,1
Whiskey,0,0.0,0.0,0.0,0.0,0.0,0.0,1
Scotch,0,0.0,0.0,0.0,0.0,0.0,0.0,1
Gin,0,0.0,0.0,0.0,0.0,0.0,0.0,1
Rum,0,0.0,0.0,0.0,0.0,0.0,0.0,1
Rum cooler,0,40.3,0.0,10.07,0.0,0.0,9.77,5
Vodka,0,0.0,0.0,0.0,0.0,0.0,0.0,1
Tequila,0,0.0,0.0,0.0,0.0,0.0,0.0,1
"Water, tap",0,0.0,0.0,0.0,0.0,0.0,0.0,4
"Water, bottled, unsweetened",0,0.0,0.0,0.0,0.0,0.0,0.0,2
"Water, bottled, sweetened, with low calorie sweetener",0,0.5,0.0,0.13,0.0,0.0,0.0,14
"Water, bottled, flavored (Capri Sun Roarin' Waters)",0,18.0,0.0,4.5,0.0,0.0,4.5,8
"Water, bottled, flavored (Propel Water)",0,4.6,0.0,1.14,0.0,0.0,0.0,33
"Water, bottled, flavored (Glaceau Vitamin Water)",0,22.0,0.0,5.49,0.0,0.0,5.49,0
"Water, bottled, flavored (SoBe Life Water)",0,5.0,0.0,1.25,0.0,0.0,0.0,10
"Water, bottled, flavored, sugar free (Glaceau Vitamin Water)",0,0.0,0.0,0.0,0.0,0.0,0.0,0
"Water, bottled, flavored, sugar free (SoBe)",0,0.0,0.0,0.0,0.0,0.0,0.0,42
"Water, baby, bottled, unsweetened",0,0.0,0.0,0.0,0.0,0.0,0.0,0
"Nutritional drink or shake, ready-to-drink (Boost)",0,101.3,4.22,17.3,1.69,1.3,8.44,63
"Nutritional drink or shake, ready-to-drink (Boost Plus)",0,139.1,5.38,17.29,5.38,1.2,8.46,77
"Nutritional drink or shake, ready-to-drink (Carnation Instant Breakfast)",0,91.2,5.52,12.95,1.92,0.1,12.91,84
"Nutritional drink or shake, ready-to-drink (Ensure)",0,105.5,3.8,16.88,2.53,0.0,9.7,84
"Nutritional drink or shake, ready-to-drink (Ensure Plus)",0,140.8,5.16,19.88,4.52,0.0,8.33,95
"Nutritional drink or shake, ready-to-drink, sugar free (Glucerna)",0,92.8,4.4,11.88,3.08,2.2,2.64,92
"Nutritional drink or shake, ready-to-drink (Kellogg's Special K Protein)",0,64.0,3.2,9.2,1.6,1.7,5.95,73
"Nutritional drink or shake, ready-to-drink (Muscle Milk)",0,52.1,5.87,2.28,2.17,0.2,0.78,95
"Nutritional drink or shake, ready-to-drink, light (Muscle Milk)",0,37.9,4.78,2.1,1.15,0.2,0.38,27
"Nutritional drink or shake, ready-to-drink (Slim Fast)",0,61.6,3.32,7.74,1.93,1.6,5.95,68
"Nutritional drink or shake, ready-to-drink, sugar free (Slim Fast)",0,61.6,3.32,7.74,1.93,1.6,5.95,68
"Nutritional drink or shake, high protein, ready-to-drink (Slim Fast)",0,60.2,6.59,0.85,3.38,0.4,0.6,72
"Nutritional drink or shake, ready-to-drink, NFS",0,105.5,3.8,16.88,2.53,0.0,9.7,84
"Nutritional drink or shake, high protein, ready-to-drink, NFS",0,60.2,6.59,0.85,3.38,0.4,0.6,72
"Nutritional drink or shake, high protein, light, ready-to-drink, NFS",0,139.1,5.38,17.29,5.38,1.2,8.46,77
"Nutritional drink or shake, liquid, soy-based",0,139.1,5.38,17.29,5.38,1.2,8.46,77
Nutritional powder mix (Carnation Instant Breakfast),1,357.0,19.9,66.2,1.4,0.4,65.8,385
"Nutritional powder mix, sugar free (Carnation Instant Breakfast)",2,353.1,35.8,41.0,5.1,2.0,39.0,717
Nutritional powder mix (EAS Whey Protein Powder),2,384.7,66.67,17.95,5.13,0.0,5.13,385
Nutritional powder mix (EAS Soy Protein Powder),2,398.4,47.62,43.94,3.57,0.0,40.48,452
"Nutritional powder mix, high protein (Herbalife)",2,392.2,53.57,20.38,10.71,0.0,3.57,1214
Nutritional powder mix (Isopure),2,359.3,58.14,29.07,1.16,0.0,1.16,372
Nutritional powder mix (Kellogg's Special K20 Protein Water),4,379.8,35.2,58.4,0.6,37.5,2.0,280
Nutritional powder mix (Muscle Milk),2,411.1,45.71,18.5,17.14,7.1,5.71,329
"Nutritional powder mix, light (Muscle Milk)",2,396.0,50.0,22.0,12.0,2.0,4.0,250
Nutritional powder mix (Slim Fast),4,448.3,8.13,73.92,13.34,18.1,38.02,472
"Nutritional powder mix, sugar free (Slim Fast)",4,448.3,8.13,73.92,13.34,18.1,38.02,472
"Nutritional powder mix, high protein (Slim Fast)",4,432.6,27.87,50.0,13.46,18.2,20.59,495
"Nutritional powder mix, NFS",1,357.0,19.9,66.2,1.4,0.4,65.8,385
"Nutritional powder mix, high protein, NFS",2,392.2,53.57,20.38,10.71,0.0,3.57,1214
"Nutritional powder mix, whey based, NFS",2,351.6,78.13,6.25,1.56,3.1,0.0,156
"Nutritional powder mix, protein, soy based, NFS",2,387.8,55.56,28.89,5.56,6.7,22.22,733
"Nutritional powder mix, protein, light, NFS",2,396.0,50.0,22.0,12.0,2.0,4.0,250
"Nutritional powder mix, protein, NFS",2,351.6,78.13,6.25,1.56,3.1,0.0,156
Energy drink (Full Throttle),0,50.0,0.25,12.08,0.08,0.0,12.08,35
Energy drink (Monster),0,47.0,0.47,11.28,0.0,0.0,10.93,77
Energy drink (Mountain Dew AMP),0,50.0,0.25,12.08,0.08,0.0,12.08,27
Energy drink (No Fear),0,61.7,0.42,15.0,0.0,0.0,13.75,48
Energy drink (No Fear Motherload),0,61.7,0.42,15.0,0.0,0.0,13.75,48
Energy drink (NOS),0,45.0,0.0,11.25,0.0,0.0,11.25,85
Energy drink (Red Bull),0,42.8,0.46,10.23,0.0,0.0,10.22,39
Energy drink (Rockstar),0,54.1,0.34,12.7,0.22,0.0,12.26,16
Energy drink (SoBe Energize Energy Juice Drink),0,45.1,0.0,11.27,0.0,0.0,10.42,10
Energy drink (Vault),0,52.0,0.0,12.99,0.0,0.0,12.99,12
Energy Drink,0,42.8,0.46,10.23,0.0,0.0,10.22,39
"Energy drink, low calorie (Monster)",0,5.5,0.0,1.38,0.0,0.0,1.38,75
"Energy drink, sugar free (Monster)",0,5.5,0.0,1.38,0.0,0.0,1.38,75
"Energy drink, sugar free (Mountain Dew AMP)",0,4.1,0.0,1.03,0.0,0.0,0.0,31
"Energy drink, sugar free (No Fear)",0,3.4,0.42,0.42,0.0,0.0,0.0,42
"Energy drink, sugar-free (NOS)",0,4.1,0.0,1.03,0.0,0.0,0.0,85
Energy drink (Ocean Spray Cran-Energy Juice Drink),0,15.0,0.0,3.75,0.0,0.0,3.75,21
"Energy drink, sugar-free (Red Bull)",0,4.5,0.25,0.7,0.08,0.0,0.0,83
"Energy drink, sugar free (Rockstar)",0,4.5,0.25,0.7,0.08,0.0,0.0,52
"Energy drink, sugar free (Vault)",0,4.5,0.25,0.7,0.08,0.0,0.0,14
Energy drink (XS),0,4.5,0.25,0.7,0.08,0.0,0.0,83
Energy drink (XS Gold Plus),0,4.5,0.25,0.7,0.08,0.0,0.0,83
"Energy drink, sugar free",0,4.5,0.25,0.7,0.08,0.0,0.0,68
Sports drink (Gatorade G),0,25.7,0.0,6.43,0.0,0.0,5.24,39
Sports drink (Powerade),0,31.8,0.0,7.84,0.05,0.0,6.11,42
"Sports drink, NFS",0,25.7,0.0,6.43,0.0,0.0,5.24,39
"Sports drink, low calorie (Gatorade G2)",0,8.0,0.05,1.94,0.01,0.0,1.3,45
"Sports drink, low calorie (Powerade Zero)",0,0.6,0.0,0.14,0.0,0.0,0.0,42
"Sports drink, low calorie",0,8.0,0.05,1.94,0.01,0.0,1.3,45
"Fluid replacement, electrolyte solution",0,9.8,0.0,2.45,0.0,0.0,2.45,101
"Fluid replacement, 5% glucose in water",0,0.5,0.0,0.12,0.0,0.0,0.12,9
"Fruit juice, acai blend",0,62.1,0.83,12.83,0.83,1.2,11.1,13
Cheese as ingredient in sandwiches,2,360.7,20.76,4.32,28.93,0.0,2.36,1058
Breakfast meat as ingredient in omelet,2,250.5,20.81,1.61,17.87,0.0,0.9,1102
"Fish fillet, fried as ingredient in sandwiches",2,195.4,18.11,8.18,10.03,0.3,0.14,240
Breading or batter as ingredient in food,5,196.4,6.32,39.64,1.39,1.6,0.68,246
Wheat bread as ingredient in sandwiches,5,263.1,11.4,45.42,3.98,5.4,5.2,462
Wheat bun as ingredient in sandwiches,5,268.0,11.71,46.3,3.99,4.8,6.64,470
"Spinach, cooked, as ingredient",0,34.7,3.36,4.27,0.46,2.6,0.49,93
"Broccoli, cooked, as ingredient",0,42.9,2.94,6.92,0.38,2.7,1.77,34
"Carrots, cooked, as ingredient",0,46.1,0.97,9.98,0.25,2.9,4.94,72
"Tomatoes, cooked, as ingredient",0,26.1,1.1,4.86,0.25,1.5,3.29,6
"Onions, cooked, as ingredient",0,50.2,1.29,10.99,0.12,2.0,4.99,5
"Mushrooms, cooked, as ingredient",0,35.5,3.86,4.08,0.42,1.2,2.48,6
"Green pepper, cooked, as ingredient",0,25.3,0.92,4.99,0.18,1.8,2.58,3
"Red pepper, cooked, as ingredient",0,33.0,1.06,6.48,0.32,2.3,4.52,4
"Cabbage, cooked, as ingredient",0,30.4,1.33,6.04,0.1,2.6,3.33,19
"Cauliflower, cooked, as ingredient",0,31.3,2.0,5.18,0.29,2.1,1.99,31
"Eggplant, cooked, as ingredient",0,31.2,1.05,6.32,0.19,3.2,3.8,2
"Green beans, cooked, as ingredient",0,38.8,1.91,7.26,0.23,2.8,3.4,6
"Summer squash, cooked, as ingredient",0,24.8,1.31,4.11,0.35,1.2,3.16,6
Dark green vegetables as ingredient in omelet,0,37.0,2.97,5.38,0.4,2.5,1.24,71
Tomatoes as ingredient in omelet,0,28.4,1.11,5.48,0.23,1.6,3.42,6
Other vegetables as ingredient in omelet,0,36.5,3.46,4.81,0.38,1.4,2.73,6
Vegetables as ingredient in curry,0,55.4,1.81,11.6,0.19,2.2,3.25,19
Sauce as ingredient in hamburgers,5,279.6,1.34,17.14,22.85,0.6,13.08,845
Industrial oil as ingredient in food,3,900.0,0.0,0.0,100.0,0.0,0.0,0
