category,description,nutrient_data_bank_number,alpha_carotene_mcg,beta_carotene_mcg,beta_cryptoxanthin_mcg,carbohydrate_g,cholesterol_mg,choline_mg,fiber_g,lutein_zeaxanthin_mcg,lycopene_mcg,niacin_mg,protein_g,retinol_mcg,riboflavin_mg,selenium_mcg,sugars_g,thiamin_mg,water_g,mono_fat_g,poly_fat_g,saturated_fat_g,total_fat_g,calcium_mg,copper_mg,iron_mg,magnesium_mg,phosphorus_mg,potassium_mg,sodium_mg,zinc_mg,vitamin_a_mcg,vitamin_b12_mcg,vitamin_b6_mg,vitamin_c_mg,vitamin_e_mg,vitamin_k_mcg,desc_lower,calories_calc,protein_pct_cal,carb_pct_cal,fat_pct_cal,protein_per_100kcal,fiber_per_100kcal,calcium_per_100kcal,iron_per_100kcal,nutrient_density_score,nds_per_100kcal,cws,is_fortified,is_plant_based,is_infant,is_raw,nova_level,processing_level,sub_group,main_group,nds_rank,cws_rank,nds,calories,protein,carbohydrate,fat_total_lipid,fiber,sugar_total,sodium,vitamin_a_rae,vitamin_c,vitamin_k,calcium,iron,nds_score_norm,cws_score_norm,protein_pct,carb_pct,fat_pct
Cream,"Cream, whipped",12140000,0,68,0,8.59,106,15.8,0.0,0,0,0.06,2.67,381,0.178,2.9,8.55,0.019,54.3,8.561,1.477,21.666,33.94,62,0.011,0.1,7,55,89,26,0.23,387,0.15,0.033,0.6,0.86,3.0,"cream, whipped",350.5,3.0,9.8,87.1,0.76,0.0,17.69,0.029,23.4,6.68,29.6,0,0,False,False,1,Unprocessed,Other,Other,6995,6660,23.4,350.5,2.67,8.59,33.94,0.0,8.55,26,387,0.6,3.0,62,0.1,23.4,29.6,3.0,9.8,87.1
Ground hog,"Ground hog, cooked",23331100,0,0,0,0.0,83,63.1,0.0,0,0,6.341,25.96,2,0.292,41.6,0.0,0.676,59.18,5.734,1.361,4.683,13.6,20,0.07,0.93,24,221,344,217,2.55,2,0.68,0.559,0.1,0.12,0.0,"ground hog, cooked",226.24,45.9,0.0,54.1,11.47,0.0,8.84,0.411,36.2,16.0,40.2,0,0,False,False,3,Processed,Other,Other,1713,1655,36.2,226.24,25.96,0.0,13.6,0.0,0.0,217,2,0.1,0.0,20,0.93,36.2,40.2,45.9,0.0,54.1
Anchovy,"Anchovy, canned",26101180,0,0,0,0.0,85,85.0,0.0,0,0,19.903,28.89,12,0.363,68.1,0.0,0.078,50.3,3.77,2.562,2.203,9.71,232,0.339,4.63,69,252,544,3668,2.44,12,0.88,0.203,0.0,3.33,12.1,"anchovy, canned",202.95,56.9,0.0,43.1,14.24,0.0,114.31,2.281,30.7,15.13,21.8,0,0,False,False,3,Processed,Other,Other,5780,7011,30.7,202.95,28.89,0.0,9.71,0.0,0.0,3668,12,0.0,12.1,232,4.63,30.7,21.8,56.9,0.0,43.1
Porgy,"Porgy, raw",26133100,0,0,0,0.0,52,65.0,0.0,0,0,4.1,18.88,27,0.1,36.5,0.0,0.11,75.37,0.56,1.03,0.64,2.73,40,0.051,0.53,23,185,287,42,0.48,27,1.4,0.3,0.0,0.5,0.1,"porgy, raw",100.09,75.5,0.0,24.5,18.86,0.0,39.96,0.53,36.8,36.77,46.9,0,0,False,True,1,Unprocessed,Other,Other,1374,526,36.8,100.09,18.88,0.0,2.73,0.0,0.0,42,27,0.0,0.1,40,0.53,36.8,46.9,75.5,0.0,24.5
Porgy,"Porgy, baked or broiled, fat added",26133120,0,0,0,0.1,64,79.5,0.0,0,0,4.762,23.08,30,0.116,44.6,0.04,0.121,65.21,2.265,2.813,1.299,7.11,49,0.063,0.66,28,226,352,364,0.59,30,1.54,0.331,0.5,1.06,4.6,"porgy, baked or broiled, fat added",156.71,58.9,0.3,40.8,14.73,0.0,31.27,0.421,36.9,23.55,41.4,0,0,False,False,2,Minimally processed,Other,Other,1338,1306,36.9,156.71,23.08,0.1,7.11,0.0,0.04,364,30,0.5,4.6,49,0.66,36.9,41.4,58.9,0.3,40.8
Porgy,"Porgy, baked or broiled, no added fat",26133121,0,0,0,0.1,65,81.9,0.0,0,0,4.907,23.78,31,0.12,46.0,0.04,0.125,68.04,0.705,1.297,0.807,3.44,51,0.064,0.67,29,233,363,375,0.6,31,1.59,0.341,0.5,0.63,0.1,"porgy, baked or broiled, no added fat",126.48,75.2,0.3,24.5,18.8,0.0,40.32,0.53,37.2,29.41,44.2,0,0,False,False,2,Minimally processed,Other,Other,1223,779,37.2,126.48,23.78,0.1,3.44,0.0,0.04,375,31,0.5,0.1,51,0.67,37.2,44.2,75.2,0.3,24.5
Porgy,"Porgy, coated, baked or broiled, fat added",26133130,0,1,0,12.51,50,64.2,0.6,2,0,4.544,19.91,30,0.171,39.1,1.1,0.209,54.77,3.07,3.529,1.633,9.03,68,0.08,1.26,28,207,312,337,0.67,30,1.24,0.269,0.0,1.16,7.5,"porgy, coated, baked or broiled, fat added",210.95,37.8,23.7,38.5,9.44,0.28,32.24,0.597,36.8,17.44,39.3,0,1,False,False,2,Minimally processed,Other,Other,1374,1989,36.8,210.95,19.91,12.51,9.03,0.6,1.1,337,30,0.0,7.5,68,1.26,36.8,39.3,37.8,23.7,38.5
Porgy,"Porgy, coated, baked or broiled, no added fat",26133131,0,1,0,13.1,52,67.2,0.6,2,0,4.758,20.84,31,0.179,40.9,1.15,0.219,58.67,0.69,1.212,0.886,3.43,72,0.083,1.31,29,217,326,353,0.7,31,1.3,0.282,0.0,0.5,0.8,"porgy, coated, baked or broiled, no added fat",166.63,50.0,31.4,18.5,12.51,0.36,43.21,0.786,37.2,22.32,41.4,0,1,False,False,2,Minimally processed,Other,Other,1223,1306,37.2,166.63,20.84,13.1,3.43,0.6,1.15,353,31,0.0,0.8,72,1.31,37.2,41.4,50.0,31.4,18.5
Porgy,"Porgy, coated, fried",26133140,0,0,1,9.85,79,80.9,0.6,48,0,4.316,19.11,35,0.171,37.5,0.88,0.181,54.74,4.61,4.928,2.196,12.66,65,0.086,1.29,27,199,285,367,0.73,35,1.19,0.261,0.0,1.56,11.4,"porgy, coated, fried",229.78,33.3,17.1,49.6,8.32,0.26,28.29,0.561,36.2,15.75,38.0,0,1,False,False,3,Processed,Other,Other,1713,2587,36.2,229.78,19.11,9.85,12.66,0.6,0.88,367,35,0.0,11.4,65,1.29,36.2,38.0,33.3,17.1,49.6
Porgy,"Porgy, steamed or poached",26133160,0,0,0,0.0,65,81.7,0.0,0,0,4.382,23.74,27,0.113,45.9,0.0,0.111,68.2,0.704,1.295,0.805,3.43,51,0.064,0.67,26,209,307,369,0.6,27,1.5,0.302,0.0,0.63,0.1,"porgy, steamed or poached",125.83,75.5,0.0,24.5,18.87,0.0,40.53,0.532,36.7,29.17,44.1,0,0,False,False,1,Unprocessed,Other,Other,1431,798,36.7,125.83,23.74,0.0,3.43,0.0,0.0,369,27,0.0,0.1,51,0.67,36.7,44.1,75.5,0.0,24.5
Ray,"Ray, baked or broiled, fat added",26135120,0,0,0,0.1,62,79.5,0.0,0,0,3.413,25.65,77,0.072,44.6,0.04,0.047,63.02,3.79,3.015,1.647,9.29,42,0.041,1.03,60,257,197,409,0.53,77,1.64,0.441,0.5,1.67,4.6,"ray, baked or broiled, fat added",186.61,55.0,0.2,44.8,13.75,0.0,22.51,0.552,37.3,19.99,40.5,0,0,False,False,2,Minimally processed,Other,Other,1174,1553,37.3,186.61,25.65,0.1,9.29,0.0,0.04,409,77,0.5,4.6,42,1.03,37.3,40.5,55.0,0.2,44.8
Ray,"Ray, baked or broiled, no added fat",26135121,0,0,0,0.1,64,81.9,0.0,0,0,3.516,26.43,79,0.074,46.0,0.04,0.048,65.79,2.277,1.505,1.165,5.68,43,0.042,1.06,62,265,203,422,0.54,79,1.69,0.454,0.5,1.26,0.1,"ray, baked or broiled, no added fat",157.24,67.2,0.3,32.5,16.81,0.0,27.35,0.674,37.6,23.91,42.6,0,0,False,False,2,Minimally processed,Other,Other,1041,1033,37.6,157.24,26.43,0.1,5.68,0.0,0.04,422,79,0.5,0.1,43,1.06,37.6,42.6,67.2,0.3,32.5
Ray,"Ray, coated, baked or broiled, fat added",26135130,0,1,0,12.51,49,64.2,0.6,2,0,3.515,21.86,66,0.137,39.1,1.1,0.152,53.1,4.234,3.682,1.899,10.69,63,0.063,1.55,52,230,193,372,0.62,66,1.32,0.353,0.0,1.62,7.5,"ray, coated, baked or broiled, fat added",233.69,37.4,21.4,41.2,9.35,0.26,26.96,0.663,37.1,15.88,39.0,0,1,False,False,2,Minimally processed,Other,Other,1253,2122,37.1,233.69,21.86,12.51,10.69,0.6,1.1,372,66,0.0,7.5,63,1.55,37.1,39.0,37.4,21.4,41.2
Ray,"Ray, coated, baked or broiled, no added fat",26135131,0,1,0,13.1,51,67.2,0.6,2,0,3.68,22.89,69,0.144,40.9,1.15,0.159,56.92,1.909,1.373,1.164,5.17,66,0.066,1.62,55,241,202,389,0.65,69,1.38,0.37,0.0,0.99,0.8,"ray, coated, baked or broiled, no added fat",190.49,48.1,27.5,24.4,12.02,0.31,34.65,0.85,37.5,19.69,40.8,0,1,False,False,2,Minimally processed,Other,Other,1102,1470,37.5,190.49,22.89,13.1,5.17,0.6,1.15,389,69,0.0,0.8,66,1.62,37.5,40.8,48.1,27.5,24.4
Ray,"Ray, coated, fried",26135140,0,0,1,9.85,79,80.9,0.6,48,0,3.324,20.9,66,0.14,37.5,0.88,0.132,53.22,5.676,5.068,2.439,14.18,60,0.07,1.56,49,220,177,399,0.69,66,1.26,0.337,0.0,1.98,11.4,"ray, coated, fried",250.62,33.4,15.7,50.9,8.34,0.24,23.94,0.622,36.4,14.52,37.9,0,1,False,False,3,Processed,Other,Other,1618,2643,36.4,250.62,20.9,9.85,14.18,0.6,0.88,399,66,0.0,11.4,60,1.56,36.4,37.9,33.4,15.7,50.9
Ray,"Ray, steamed or poached",26135160,0,0,0,0.0,64,81.7,0.0,0,0,3.14,26.38,70,0.07,45.9,0.0,0.042,65.95,2.274,1.503,1.163,5.67,43,0.041,1.06,55,238,171,411,0.54,70,1.59,0.402,0.0,1.26,0.1,"ray, steamed or poached",156.55,67.4,0.0,32.6,16.85,0.0,27.47,0.677,37.0,23.63,42.5,0,0,False,False,1,Unprocessed,Other,Other,1295,1070,37.0,156.55,26.38,0.0,5.67,0.0,0.0,411,70,0.0,0.1,43,1.06,37.0,42.5,67.4,0.0,32.6
Sardines,"Sardines, cooked",26139110,0,0,0,0.0,142,75.0,0.0,0,0,5.245,24.62,32,0.227,52.7,0.0,0.08,59.61,3.869,5.148,1.528,11.45,382,0.186,2.92,39,490,397,307,1.31,32,8.94,0.167,0.0,2.04,2.6,"sardines, cooked",201.53,48.9,0.0,51.1,12.22,0.0,189.55,1.449,43.3,21.49,42.8,0,0,False,False,3,Processed,Other,Other,424,998,43.3,201.53,24.62,0.0,11.45,0.0,0.0,307,32,0.0,2.6,382,2.92,43.3,42.8,48.9,0.0,51.1
Sardines,"Sardines, dried",26139170,0,0,0,0.0,154,166.6,0.0,0,0,8.248,46.06,72,0.598,93.6,0.0,0.224,28.32,9.58,5.47,5.23,23.18,148,0.236,2.82,82,606,838,230,2.54,72,26.28,0.696,1.4,2.74,0.2,"sardines, dried",392.86,46.9,0.0,53.1,11.72,0.0,37.67,0.718,48.0,12.22,45.0,0,0,False,False,2,Minimally processed,Other,Other,272,680,48.0,392.86,46.06,0.0,23.18,0.0,0.0,230,72,1.4,0.2,148,2.82,48.0,45.0,46.9,0.0,53.1
Shark,"Shark, baked or broiled, fat added",26143120,0,0,0,0.1,62,79.5,0.0,0,0,3.413,25.65,77,0.072,44.6,0.04,0.047,63.02,3.79,3.015,1.647,9.29,42,0.041,1.03,60,257,197,409,0.53,77,1.64,0.441,0.5,1.67,4.6,"shark, baked or broiled, fat added",186.61,55.0,0.2,44.8,13.75,0.0,22.51,0.552,37.3,19.99,40.5,0,0,False,False,2,Minimally processed,Other,Other,1174,1553,37.3,186.61,25.65,0.1,9.29,0.0,0.04,409,77,0.5,4.6,42,1.03,37.3,40.5,55.0,0.2,44.8
Shark,"Shark, baked or broiled, no added fat",26143121,0,0,0,0.1,64,81.9,0.0,0,0,3.516,26.43,79,0.074,46.0,0.04,0.048,65.79,2.277,1.505,1.165,5.68,43,0.042,1.06,62,265,203,422,0.54,79,1.69,0.454,0.5,1.26,0.1,"shark, baked or broiled, no added fat",157.24,67.2,0.3,32.5,16.81,0.0,27.35,0.674,37.6,23.91,42.6,0,0,False,False,2,Minimally processed,Other,Other,1041,1033,37.6,157.24,26.43,0.1,5.68,0.0,0.04,422,79,0.5,0.1,43,1.06,37.6,42.6,67.2,0.3,32.5
Shark,"Shark, coated, baked or broiled, fat added",26143130,0,1,0,12.51,49,64.2,0.6,2,0,3.515,21.86,66,0.137,39.1,1.1,0.152,53.1,4.234,3.682,1.899,10.69,63,0.063,1.55,52,230,193,372,0.62,66,1.32,0.353,0.0,1.62,7.5,"shark, coated, baked or broiled, fat added",233.69,37.4,21.4,41.2,9.35,0.26,26.96,0.663,37.1,15.88,39.0,0,1,False,False,2,Minimally processed,Other,Other,1253,2122,37.1,233.69,21.86,12.51,10.69,0.6,1.1,372,66,0.0,7.5,63,1.55,37.1,39.0,37.4,21.4,41.2
Shark,"Shark, coated, baked or broiled, no added fat",26143131,0,1,0,13.1,51,67.2,0.6,2,0,3.68,22.89,69,0.144,40.9,1.15,0.159,56.92,1.909,1.373,1.164,5.17,66,0.066,1.62,55,241,202,389,0.65,69,1.38,0.37,0.0,0.99,0.8,"shark, coated, baked or broiled, no added fat",190.49,48.1,27.5,24.4,12.02,0.31,34.65,0.85,37.5,19.69,40.8,0,1,False,False,2,Minimally processed,Other,Other,1102,1470,37.5,190.49,22.89,13.1,5.17,0.6,1.15,389,69,0.0,0.8,66,1.62,37.5,40.8,48.1,27.5,24.4
Shark,"Shark, coated, fried",26143140,0,0,1,9.85,79,80.9,0.6,48,0,3.324,20.9,66,0.14,37.5,0.88,0.132,53.22,5.676,5.068,2.439,14.18,60,0.07,1.56,49,220,177,399,0.69,66,1.26,0.337,0.0,1.98,11.4,"shark, coated, fried",250.62,33.4,15.7,50.9,8.34,0.24,23.94,0.622,36.4,14.52,37.9,0,1,False,False,3,Processed,Other,Other,1618,2643,36.4,250.62,20.9,9.85,14.18,0.6,0.88,399,66,0.0,11.4,60,1.56,36.4,37.9,33.4,15.7,50.9
Shark,"Shark, steamed or poached",26143160,0,0,0,0.0,64,81.7,0.0,0,0,3.14,26.38,70,0.07,45.9,0.0,0.042,65.95,2.274,1.503,1.163,5.67,43,0.041,1.06,55,238,171,411,0.54,70,1.59,0.402,0.0,1.26,0.1,"shark, steamed or poached",156.55,67.4,0.0,32.6,16.85,0.0,27.47,0.677,37.0,23.63,42.5,0,0,False,False,1,Unprocessed,Other,Other,1295,1070,37.0,156.55,26.38,0.0,5.67,0.0,0.0,411,70,0.0,0.1,43,1.06,37.0,42.5,67.4,0.0,32.6
Sturgeon,"Sturgeon, baked or broiled, fat added",26147120,0,0,0,0.1,73,68.5,0.0,0,0,9.639,19.73,231,0.081,15.4,0.04,0.077,66.65,3.95,2.398,1.635,8.71,16,0.05,0.86,43,258,349,379,0.51,231,2.42,0.221,0.5,1.06,4.6,"sturgeon, baked or broiled, fat added",157.71,50.0,0.3,49.7,12.51,0.0,10.15,0.545,36.4,23.08,39.6,0,0,False,False,2,Minimally processed,Other,Other,1618,1874,36.4,157.71,19.73,0.1,8.71,0.0,0.04,379,231,0.5,4.6,16,0.86,36.4,39.6,50.0,0.3,49.7
Sturgeon,"Sturgeon, steamed",26147130,0,0,0,0.0,75,70.4,0.0,0,0,8.872,20.3,211,0.079,15.8,0.0,0.07,69.68,2.438,0.868,1.151,5.08,17,0.052,0.88,40,239,304,383,0.53,211,2.35,0.201,0.0,0.63,0.1,"sturgeon, steamed",126.92,64.0,0.0,36.0,15.99,0.0,13.39,0.693,36.0,28.36,41.7,0,0,False,False,1,Unprocessed,Other,Other,1827,1243,36.0,126.92,20.3,0.0,5.08,0.0,0.0,383,211,0.0,0.1,17,0.88,36.0,41.7,64.0,0.0,36.0
Sturgeon,"Sturgeon, coated, fried",26147140,0,0,1,9.85,86,73.2,0.6,48,0,7.901,16.77,167,0.147,17.1,0.88,0.152,55.75,5.787,4.637,2.431,13.78,42,0.077,1.44,37,221,283,377,0.68,167,1.81,0.184,0.0,1.56,11.4,"sturgeon, coated, fried",230.5,29.1,17.1,53.8,7.28,0.26,18.22,0.625,35.8,15.53,37.1,0,1,False,False,3,Processed,Other,Other,1905,3090,35.8,230.5,16.77,9.85,13.78,0.6,0.88,377,167,0.0,11.4,42,1.44,35.8,37.1,29.1,17.1,53.8
Sturgeon,"Sturgeon, smoked",26147190,0,0,0,0.0,80,87.3,0.0,0,0,11.1,31.2,280,0.09,20.1,0.0,0.09,62.5,2.356,0.436,1.037,4.4,17,0.05,0.93,47,281,379,739,0.56,280,2.9,0.27,0.0,0.5,0.1,"sturgeon, smoked",164.4,75.9,0.0,24.1,18.98,0.0,10.34,0.566,37.4,22.75,41.2,0,0,False,False,1,Unprocessed,Other,Other,1145,1367,37.4,164.4,31.2,0.0,4.4,0.0,0.0,739,280,0.0,0.1,17,0.93,37.4,41.2,75.9,0.0,24.1
Whiting,"Whiting, baked or broiled, no added fat",26157123,0,0,0,0.1,84,81.9,0.0,0,0,1.557,23.06,34,0.055,40.4,0.04,0.064,74.21,0.351,0.532,0.312,1.65,61,0.039,0.43,27,280,315,413,1.11,34,2.61,0.177,0.5,0.38,0.1,"whiting, baked or broiled, no added fat",107.49,85.8,0.4,13.8,21.45,0.0,56.75,0.4,36.7,34.14,45.4,0,0,False,False,2,Minimally processed,Other,Other,1431,634,36.7,107.49,23.06,0.1,1.65,0.0,0.04,413,34,0.5,0.1,61,0.43,36.7,45.4,85.8,0.4,13.8
Whiting,"Whiting, baked or broiled, made with cooking spray",26157124,0,0,0,0.2,84,81.6,0.0,0,0,1.551,22.98,34,0.055,40.3,0.04,0.064,73.82,0.598,0.64,0.335,2.04,61,0.039,0.43,26,279,314,412,1.1,34,2.6,0.177,0.5,0.38,0.1,"whiting, baked or broiled, made with cooking spray",111.08,82.8,0.7,16.5,20.69,0.0,54.92,0.387,36.7,33.04,44.9,0,0,False,False,2,Minimally processed,Other,Other,1431,687,36.7,111.08,22.98,0.2,2.04,0.0,0.04,412,34,0.5,0.1,61,0.43,36.7,44.9,82.8,0.7,16.5
Whiting,"Whiting, coated, baked or broiled, no added fat",26157133,0,1,0,13.1,67,67.2,0.6,2,0,2.16,20.28,34,0.129,36.6,1.15,0.171,63.46,0.416,0.618,0.502,2.04,79,0.064,1.13,27,253,289,382,1.09,34,2.09,0.155,0.0,0.31,0.8,"whiting, coated, baked or broiled, no added fat",151.88,53.4,34.5,12.1,13.35,0.4,52.01,0.744,36.8,24.23,41.5,0,1,False,False,2,Minimally processed,Other,Other,1374,1286,36.8,151.88,20.28,13.1,2.04,0.6,1.15,382,34,0.0,0.8,79,1.13,36.8,41.5,53.4,34.5,12.1
Whiting,"Whiting, coated, baked or broiled, made with cooking spray",26157134,0,1,0,13.14,66,67.0,0.6,2,0,2.154,20.23,34,0.128,36.5,1.14,0.171,63.18,0.607,0.702,0.52,2.34,79,0.064,1.12,27,252,288,381,1.09,34,2.08,0.155,0.0,0.31,0.8,"whiting, coated, baked or broiled, made with cooking spray",154.54,52.4,34.0,13.6,13.09,0.39,51.12,0.725,36.8,23.81,41.3,0,1,False,False,2,Minimally processed,Other,Other,1374,1337,36.8,154.54,20.23,13.14,2.34,0.6,1.14,381,34,0.0,0.8,79,1.12,36.8,41.3,52.4,34.0,13.6
Whiting,"Whiting, coated, fried, no added fat",26157143,0,0,1,11.6,109,95.2,0.7,56,0,2.267,21.92,43,0.15,39.7,1.03,0.167,61.92,0.849,0.965,0.787,3.22,84,0.081,1.31,29,271,297,462,1.26,43,2.22,0.176,0.0,0.43,1.3,"whiting, coated, fried, no added fat",163.06,53.8,28.5,17.8,13.44,0.43,51.51,0.803,37.0,22.69,41.1,0,1,False,False,3,Processed,Other,Other,1295,1389,37.0,163.06,21.92,11.6,3.22,0.7,1.03,462,43,0.0,1.3,84,1.31,37.0,41.1,53.8,28.5,17.8
Whiting,"Whiting, coated, fried, made with cooking spray",26157144,0,0,1,11.64,108,94.9,0.7,56,0,2.26,21.85,43,0.149,39.5,1.03,0.167,61.64,1.044,1.05,0.805,3.52,84,0.08,1.31,29,271,297,461,1.25,43,2.21,0.176,0.0,0.43,1.3,"whiting, coated, fried, made with cooking spray",165.64,52.8,28.1,19.1,13.19,0.42,50.71,0.791,37.0,22.34,41.0,0,1,False,False,3,Processed,Other,Other,1295,1417,37.0,165.64,21.85,11.64,3.52,0.7,1.03,461,43,0.0,1.3,84,1.31,37.0,41.0,52.8,28.1,19.1
Whiting,"Whiting, steamed or poached",26157160,0,0,0,0.0,84,81.7,0.0,0,0,1.39,23.02,30,0.052,40.4,0.0,0.056,74.36,0.351,0.531,0.311,1.65,61,0.039,0.43,24,251,266,403,1.11,30,2.46,0.157,0.0,0.38,0.1,"whiting, steamed or poached",106.93,86.1,0.0,13.9,21.53,0.0,57.05,0.402,36.2,33.85,45.3,0,0,False,False,1,Unprocessed,Other,Other,1713,645,36.2,106.93,23.02,0.0,1.65,0.0,0.0,403,30,0.0,0.1,61,0.43,36.2,45.3,86.1,0.0,13.9
Frog legs,"Frog legs, steamed",26203160,0,0,0,0.0,63,81.7,0.0,0,0,1.207,20.62,17,0.267,17.7,0.0,0.15,76.41,0.067,0.128,0.096,0.38,23,0.299,1.79,23,148,287,388,1.26,17,0.4,0.121,0.0,1.26,0.1,"frog legs, steamed",85.9,96.0,0.0,4.0,24.0,0.0,26.78,2.084,36.1,42.03,47.1,0,0,False,False,1,Unprocessed,Other,Other,1765,508,36.1,85.9,20.62,0.0,0.38,0.0,0.0,388,17,0.0,0.1,23,1.79,36.1,47.1,96.0,0.0,4.0
Abalone,"Abalone, floured or breaded, fried",26301140,0,0,1,15.53,111,83.8,0.6,49,0,2.173,18.24,17,0.177,46.2,0.91,0.255,52.37,4.378,4.288,1.842,11.38,59,0.217,3.69,50,211,263,610,1.06,17,0.7,0.151,1.4,4.71,32.0,"abalone, floured or breaded, fried",237.5,30.7,26.2,43.1,7.68,0.25,24.84,1.554,37.5,15.79,36.0,0,0,False,False,2,Minimally processed,Other,Other,1102,3820,37.5,237.5,18.24,15.53,11.38,0.6,0.91,610,17,1.4,32.0,59,3.69,37.5,36.0,30.7,26.2,43.1
Abalone,"Abalone, steamed or poached",26301160,0,0,0,11.97,169,129.4,0.0,0,0,2.688,34.05,4,0.189,89.2,0.0,0.359,48.47,0.213,0.207,0.297,1.51,62,0.332,5.72,96,284,448,939,1.63,4,1.31,0.269,3.2,7.96,45.8,"abalone, steamed or poached",197.67,68.9,24.2,6.9,17.23,0.0,31.37,2.894,43.8,22.16,40.8,0,0,False,False,1,Unprocessed,Other,Other,400,1470,43.8,197.67,34.05,11.97,1.51,0.0,0.0,939,4,3.2,45.8,62,5.72,43.8,40.8,68.9,24.2,6.9
Clams,"Clams, raw",26303100,0,0,0,3.57,30,65.0,0.0,0,0,0.35,14.67,90,0.04,30.6,0.0,0.015,78.98,0.12,0.192,0.187,0.96,39,0.053,1.62,19,198,46,56,0.51,90,11.28,0.01,0.0,0.68,0.2,"clams, raw",81.6,71.9,17.5,10.6,17.98,0.0,47.79,1.985,34.7,42.52,45.4,0,0,False,True,1,Unprocessed,Other,Other,2724,634,34.7,81.6,14.67,3.57,0.96,0.0,0.0,56,90,0.0,0.2,39,1.62,34.7,45.4,71.9,17.5,10.6
Clams,"Clams, baked or broiled, fat added",26303120,0,0,0,4.35,36,77.5,0.0,0,0,0.397,17.49,91,0.038,36.5,0.03,0.016,70.38,1.684,1.744,0.726,4.83,47,0.063,1.94,23,236,56,372,0.61,91,12.77,0.012,0.5,1.24,4.6,"clams, baked or broiled, fat added",130.83,53.5,13.3,33.2,13.37,0.0,35.92,1.483,34.3,26.22,39.4,0,0,False,False,2,Minimally processed,Other,Other,3064,1949,34.3,130.83,17.49,4.35,4.83,0.0,0.03,372,91,0.5,4.6,47,1.94,34.3,39.4,53.5,13.3,33.2
Clams,"Clams, baked or broiled, no added fat",26303121,0,0,0,4.48,37,79.9,0.0,0,0,0.409,18.02,94,0.039,37.6,0.04,0.017,73.27,0.147,0.236,0.23,1.18,48,0.065,1.99,23,243,58,383,0.63,94,13.16,0.012,0.5,0.84,0.2,"clams, baked or broiled, no added fat",100.62,71.6,17.8,10.6,17.91,0.0,47.7,1.978,34.4,34.19,42.4,0,0,False,False,2,Minimally processed,Other,Other,2974,1089,34.4,100.62,18.02,4.48,1.18,0.0,0.04,383,94,0.5,0.2,48,1.99,34.4,42.4,71.6,17.8,10.6
Clams,"Clams, coated, baked or broiled, fat added",26303130,0,1,0,15.44,28,62.6,0.6,2,0,1.191,15.58,77,0.109,32.7,1.07,0.126,59.18,2.594,2.678,1.181,7.2,66,0.079,2.22,24,214,85,341,0.68,77,9.81,0.025,0.0,1.29,7.4,"clams, coated, baked or broiled, fat added",188.88,33.0,32.7,34.3,8.25,0.32,34.94,1.175,34.7,18.37,37.6,0,1,False,False,2,Minimally processed,Other,Other,2724,2805,34.7,188.88,15.58,15.44,7.2,0.6,1.07,341,77,0.0,7.4,66,2.22,34.7,37.6,33.0,32.7,34.3
Clams,"Clams, coated, baked or broiled, no added fat",26303131,0,1,0,16.17,30,65.5,0.6,2,0,1.247,16.31,80,0.114,34.2,1.12,0.132,63.14,0.254,0.383,0.432,1.66,69,0.083,2.32,25,224,89,357,0.71,80,10.27,0.027,0.0,0.66,0.8,"clams, coated, baked or broiled, no added fat",144.86,45.0,44.7,10.3,11.26,0.41,47.63,1.602,35.0,24.16,39.6,0,1,False,False,2,Minimally processed,Other,Other,2441,1874,35.0,144.86,16.31,16.17,1.66,0.6,1.12,357,80,0.0,0.8,69,2.32,35.0,39.6,45.0,44.7,10.3
Clams,"Clams, coated, fried",26303140,0,0,1,13.37,63,83.8,0.6,49,0,1.14,16.09,91,0.127,33.6,0.91,0.117,56.28,4.39,4.366,1.875,11.56,66,0.09,2.3,24,218,82,393,0.78,91,8.61,0.039,0.0,1.78,11.9,"clams, coated, fried",221.88,29.0,24.1,46.9,7.25,0.27,29.75,1.037,34.5,15.55,36.4,0,1,False,False,3,Processed,Other,Other,2885,3552,34.5,221.88,16.09,13.37,11.56,0.6,0.91,393,91,0.0,11.9,66,2.3,34.5,36.4,29.0,24.1,46.9
Clams,"Clams, steamed or boiled",26303160,0,0,0,7.11,60,129.4,0.0,0,0,0.627,29.21,161,0.076,60.9,0.0,0.028,57.27,0.239,0.382,0.372,1.91,78,0.09,2.9,38,296,82,451,1.02,161,20.22,0.018,0.0,1.35,0.4,"clams, steamed or boiled",162.47,71.9,17.5,10.6,17.98,0.0,48.01,1.785,37.6,23.14,43.1,0,0,False,False,2,Minimally processed,Other,Other,1041,948,37.6,162.47,29.21,7.11,1.91,0.0,0.0,451,161,0.0,0.4,78,2.9,37.6,43.1,71.9,17.5,10.6
Clams,"Clams, canned",26303180,0,0,0,4.46,38,81.2,0.0,0,0,0.394,18.34,101,0.048,38.2,0.0,0.018,73.72,0.15,0.24,0.234,1.2,49,0.056,1.82,24,186,52,70,0.64,101,12.69,0.011,0.0,0.85,0.2,"clams, canned",102.0,71.9,17.5,10.6,17.98,0.0,48.04,1.784,35.7,35.0,45.7,0,0,False,False,3,Processed,Other,Other,1971,605,35.7,102.0,18.34,4.46,1.2,0.0,0.0,70,101,0.0,0.2,49,1.82,35.7,45.7,71.9,17.5,10.6
Mussels,"Mussels, raw",26313100,0,0,0,3.69,28,65.0,0.0,0,0,1.6,11.9,48,0.21,44.8,0.0,0.16,80.58,0.507,0.606,0.425,2.24,26,0.094,3.95,34,197,320,286,1.6,48,12.0,0.05,8.0,0.55,0.1,"mussels, raw",82.52,57.7,17.9,24.4,14.42,0.0,31.51,4.787,37.2,45.08,42.0,0,0,False,True,1,Unprocessed,Other,Other,1223,1179,37.2,82.52,11.9,3.69,2.24,0.0,0.0,286,48,8.0,0.1,26,3.95,37.2,42.0,57.7,17.9,24.4
Mussels,"Mussels, steamed or poached",26313160,0,0,0,7.35,56,129.4,0.0,0,0,2.867,23.7,86,0.397,89.2,0.0,0.303,60.46,1.01,1.207,0.846,4.46,52,0.159,7.08,68,294,573,909,3.19,86,21.5,0.09,12.7,1.1,0.2,"mussels, steamed or poached",164.34,57.7,17.9,24.4,14.42,0.0,31.64,4.308,41.8,25.44,38.4,0,0,False,False,1,Unprocessed,Other,Other,492,2404,41.8,164.34,23.7,7.35,4.46,0.0,0.0,909,86,12.7,0.2,52,7.08,41.8,38.4,57.7,17.9,24.4
Oysters,"Oysters, raw",26315100,0,0,0,2.72,40,65.0,0.0,0,0,0.925,5.71,13,0.09,19.7,0.62,0.018,89.04,0.253,0.528,0.474,1.71,59,2.858,4.61,18,97,156,85,39.3,13,8.75,0.031,0.0,0.85,1.0,"oysters, raw",49.11,46.5,22.2,31.3,11.63,0.0,120.14,9.387,35.0,,41.0,0,0,False,True,1,Unprocessed,Other,Other,2441,1417,35.0,49.11,5.71,2.72,1.71,0.0,0.62,85,13,0.0,1.0,59,4.61,35.0,41.0,46.5,22.2,31.3
Oysters,"Oysters, baked or broiled, fat added",26315120,0,0,0,3.34,48,77.5,0.0,0,0,1.048,6.81,13,0.086,23.5,0.77,0.02,82.37,1.842,2.145,1.069,5.72,71,3.406,5.5,22,116,187,406,46.84,13,9.91,0.036,0.5,1.45,5.5,"oysters, baked or broiled, fat added",92.08,29.6,14.5,55.9,7.4,0.0,77.11,5.973,34.7,37.68,35.3,0,0,False,False,2,Minimally processed,Other,Other,2724,4322,34.7,92.08,6.81,3.34,5.72,0.0,0.77,406,13,0.5,5.5,71,5.5,34.7,35.3,29.6,14.5,55.9
Oysters,"Oysters, baked or broiled, no added fat",26315121,0,0,0,3.44,49,79.9,0.0,0,0,1.08,7.02,14,0.089,24.2,0.8,0.02,85.63,0.311,0.649,0.583,2.1,73,3.51,5.66,22,119,193,419,48.26,14,10.21,0.037,0.5,1.05,1.2,"oysters, baked or broiled, no added fat",60.74,46.2,22.7,31.1,11.56,0.0,120.18,9.318,34.9,57.46,38.0,0,0,False,False,2,Minimally processed,Other,Other,2524,2587,34.9,60.74,7.02,3.44,2.1,0.0,0.8,419,14,0.5,1.2,73,5.66,34.9,38.0,46.2,22.7,31.1
Oysters,"Oysters, steamed",26315130,0,0,0,5.42,80,129.4,0.0,0,0,1.658,11.37,23,0.17,39.2,1.24,0.034,77.3,0.504,1.051,0.944,3.4,118,4.837,8.26,36,145,280,509,78.26,23,15.68,0.056,0.0,1.69,2.0,"oysters, steamed",97.76,46.5,22.2,31.3,11.63,0.0,120.7,8.449,37.9,38.77,38.5,0,0,False,False,1,Unprocessed,Other,Other,962,2351,37.9,97.76,11.37,5.42,3.4,0.0,1.24,509,23,0.0,2.0,118,8.26,37.9,38.5,46.5,22.2,31.3
Oysters,"Oysters, coated, fried",26315140,0,0,1,12.62,72,83.8,0.6,49,0,1.624,8.16,27,0.169,24.0,1.46,0.119,65.18,4.507,4.664,2.129,12.22,84,2.572,4.95,23,128,180,418,35.1,27,6.7,0.056,0.0,1.92,12.6,"oysters, coated, fried",193.1,16.9,26.1,57.0,4.23,0.31,43.5,2.563,34.8,18.02,34.3,0,1,False,False,3,Processed,Other,Other,2615,5023,34.8,193.1,8.16,12.62,12.22,0.6,1.46,418,27,0.0,12.6,84,4.95,34.8,34.3,16.9,26.1,57.0
Oysters,"Oysters, coated, baked or broiled, fat added",26315160,0,1,0,14.67,37,62.6,0.6,2,0,1.688,7.43,17,0.146,22.8,1.63,0.128,68.33,2.715,2.984,1.442,7.88,84,2.63,4.94,23,122,185,368,35.95,17,7.62,0.044,0.0,1.45,8.1,"oysters, coated, baked or broiled, fat added",159.32,18.7,36.8,44.5,4.66,0.38,52.72,3.101,35.1,22.03,35.1,0,1,False,False,2,Minimally processed,Other,Other,2364,4450,35.1,159.32,7.43,14.67,7.88,0.6,1.63,368,17,0.0,8.1,84,4.94,35.1,35.1,18.7,36.8,44.5
Oysters,"Oysters, coated, baked or broiled, no added fat",26315161,0,1,0,15.36,39,65.5,0.6,2,0,1.767,7.78,18,0.152,23.9,1.71,0.134,72.72,0.381,0.703,0.706,2.37,88,2.754,5.16,24,128,194,385,37.64,18,7.98,0.046,0.0,0.82,1.6,"oysters, coated, baked or broiled, no added fat",113.89,27.3,53.9,18.7,6.83,0.53,77.27,4.531,35.4,31.08,36.6,0,1,False,False,2,Minimally processed,Other,Other,2148,3437,35.4,113.89,7.78,15.36,2.37,0.6,1.71,385,18,0.0,1.6,88,5.16,35.4,36.6,27.3,53.9,18.7
Oysters,"Oysters, canned",26315180,0,0,0,4.25,60,88.0,0.0,0,0,1.352,7.67,98,0.18,38.9,0.0,0.163,83.85,0.272,0.803,0.686,2.68,49,4.849,7.28,59,151,249,122,98.86,98,20.79,0.103,5.4,0.92,0.1,"oysters, canned",71.8,42.7,23.7,33.6,10.68,0.0,68.25,10.139,39.0,54.32,41.7,0,0,False,False,3,Processed,Other,Other,745,1243,39.0,71.8,7.67,4.25,2.68,0.0,0.0,122,98,5.4,0.1,49,7.28,39.0,41.7,42.7,23.7,33.6
Oysters,"Oysters, smoked",26315190,0,0,0,4.38,64,104.7,0.0,0,0,1.416,9.2,20,0.145,31.7,1.0,0.028,81.14,0.408,0.851,0.764,2.76,96,4.605,7.43,29,156,251,605,63.32,20,14.1,0.047,0.0,1.37,1.6,"oysters, smoked",79.16,46.5,22.1,31.4,11.62,0.0,121.27,9.386,36.1,45.6,36.9,0,0,False,False,1,Unprocessed,Other,Other,1765,3242,36.1,79.16,9.2,4.38,2.76,0.0,1.0,605,20,0.0,1.6,96,7.43,36.1,36.9,46.5,22.1,31.4
Scallops,"Scallops, baked or broiled, fat added",26317120,0,0,0,3.88,29,77.5,0.0,0,0,0.797,14.38,1,0.014,15.3,0.03,0.008,74.61,1.598,1.67,0.656,4.26,8,0.028,0.46,26,398,246,497,1.08,1,1.6,0.083,0.5,0.43,4.3,"scallops, baked or broiled, fat added",111.38,51.6,13.9,34.4,12.91,0.0,7.18,0.413,33.6,30.17,37.7,0,0,False,False,2,Minimally processed,Other,Other,3631,2751,33.6,111.38,14.38,3.88,4.26,0.0,0.03,497,1,0.5,4.3,8,0.46,33.6,37.7,51.6,13.9,34.4
Scallops,"Scallops, baked or broiled, no added fat",26317121,0,0,0,4.0,29,79.9,0.0,0,0,0.821,14.81,1,0.015,15.7,0.04,0.008,77.63,0.059,0.16,0.158,0.6,8,0.028,0.47,27,410,253,512,1.12,1,1.64,0.086,0.5,0.0,0.0,"scallops, baked or broiled, no added fat",80.64,73.5,19.8,6.7,18.37,0.0,9.92,0.583,33.7,41.79,41.3,0,0,False,False,2,Minimally processed,Other,Other,3542,1337,33.7,80.64,14.81,4.0,0.6,0.0,0.04,512,1,0.5,0.0,8,0.47,33.7,41.3,73.5,19.8,6.7
Scallops,"Scallops, steamed or boiled",26317130,0,0,0,6.33,48,129.4,0.0,0,0,1.26,24.01,2,0.028,25.5,0.0,0.013,64.34,0.096,0.259,0.255,0.98,12,0.039,0.68,44,499,367,660,1.81,2,2.53,0.131,0.0,0.0,0.0,"scallops, steamed or boiled",130.18,73.8,19.4,6.8,18.44,0.0,9.22,0.522,36.3,27.88,41.1,0,0,False,False,2,Minimally processed,Other,Other,1666,1389,36.3,130.18,24.01,6.33,0.98,0.0,0.0,660,2,0.0,0.0,12,0.68,36.3,41.1,73.8,19.4,6.8
Scallops,"Scallops, coated, fried",26317140,0,0,1,13.03,58,83.8,0.6,49,0,1.437,13.78,16,0.106,17.9,0.91,0.111,59.42,4.326,4.311,1.823,11.14,37,0.064,1.2,27,338,223,486,1.14,16,1.18,0.089,0.0,1.17,11.7,"scallops, coated, fried",207.5,26.6,25.1,48.3,6.64,0.29,17.83,0.578,34.0,16.39,35.0,0,1,False,False,3,Processed,Other,Other,3306,4524,34.0,207.5,13.78,13.03,11.14,0.6,0.91,486,16,0.0,11.7,37,1.2,34.0,35.0,26.6,25.1,48.3
Scallops,"Scallops, coated, baked or broiled, fat added",26317160,0,1,0,15.09,23,62.6,0.6,2,0,1.496,13.21,8,0.091,16.5,1.07,0.119,62.41,2.528,2.622,1.127,6.77,36,0.052,1.1,27,337,229,437,1.04,8,1.28,0.08,0.0,0.67,7.2,"scallops, coated, baked or broiled, fat added",174.13,30.3,34.7,35.0,7.59,0.34,20.67,0.632,34.2,19.64,36.1,0,1,False,False,2,Minimally processed,Other,Other,3137,3757,34.2,174.13,13.21,15.09,6.77,0.6,1.07,437,8,0.0,7.2,36,1.1,34.2,36.1,30.3,34.7,35.0
Scallops,"Scallops, coated, baked or broiled, no added fat",26317161,0,1,0,15.8,24,65.5,0.6,2,0,1.566,13.83,8,0.095,17.3,1.12,0.125,66.52,0.186,0.324,0.376,1.21,37,0.055,1.14,28,353,240,457,1.09,8,1.34,0.084,0.0,0.02,0.6,"scallops, coated, baked or broiled, no added fat",129.41,42.7,48.8,8.4,10.69,0.46,28.59,0.881,34.5,26.66,38.2,0,1,False,False,2,Minimally processed,Other,Other,2885,2494,34.5,129.41,13.83,15.8,1.21,0.6,1.12,457,8,0.0,0.6,37,1.14,34.5,38.2,42.7,48.8,8.4
Meatballs,"Meatballs, Puerto Rican style",27118110,0,69,1,6.86,64,53.9,0.8,36,3688,2.959,13.82,10,0.167,14.4,1.7,0.099,59.22,7.446,3.088,5.034,17.34,27,0.095,1.77,19,148,314,773,2.64,16,0.92,0.167,2.5,1.3,8.9,"meatballs, puerto rican style",238.78,23.2,11.5,65.4,5.79,0.34,11.31,0.741,32.3,13.53,31.7,0,0,False,False,1,Unprocessed,Other,Other,4772,6263,32.3,238.78,13.82,6.86,17.34,0.8,1.7,773,16,2.5,8.9,27,1.77,32.3,31.7,23.2,11.5,65.4
Seafood newburg,Seafood newburg,27150130,2,40,2,4.37,173,87.3,0.1,50,0,1.281,12.02,157,0.179,31.6,2.41,0.044,61.51,5.16,1.121,11.027,20.19,109,0.414,0.43,24,192,197,405,1.78,161,1.13,0.116,0.8,1.14,1.8,seafood newburg,247.27,19.4,7.1,73.5,4.86,0.04,44.08,0.174,30.4,12.29,32.1,0,0,False,False,1,Unprocessed,Other,Other,5931,6130,30.4,247.27,12.02,4.37,20.19,0.1,2.41,405,161,0.8,1.8,109,0.43,30.4,32.1,19.4,7.1,73.5
Ceviche,Ceviche,27151030,16,99,5,3.58,18,34.7,0.5,51,340,0.307,10.34,16,0.014,18.7,1.36,0.039,84.19,0.132,0.247,0.157,0.75,25,0.033,0.24,21,106,286,158,0.24,25,1.46,0.241,16.0,0.74,4.1,ceviche,62.43,66.3,22.9,10.8,16.56,0.8,40.04,0.384,36.3,58.15,45.2,0,0,False,False,1,Unprocessed,Other,Other,1666,662,36.3,62.43,10.34,3.58,0.75,0.5,1.36,158,25,16.0,4.1,25,0.24,36.3,45.2,66.3,22.9,10.8
Stewed codfish,"Stewed codfish, no potatoes, Puerto Rican style",27151070,8,102,7,4.27,35,53.0,1.1,126,1734,0.974,12.05,1,0.053,17.3,2.05,0.04,78.52,2.979,0.566,0.666,4.42,17,0.072,0.56,18,167,238,107,0.3,10,1.14,0.161,18.4,1.46,5.5,"stewed codfish, no potatoes, puerto rican style",105.06,45.9,16.3,37.9,11.47,1.05,16.18,0.533,36.8,35.03,43.6,0,0,False,False,3,Processed,Other,Other,1374,860,36.8,105.06,12.05,4.27,4.42,1.1,2.05,107,10,18.4,5.5,17,0.56,36.8,43.6,45.9,16.3,37.9
Meat loaf,"Meat loaf, Puerto Rican style",27161010,0,3,2,10.59,148,103.5,0.6,89,0,3.16,19.79,38,0.304,29.0,1.03,0.176,45.11,9.327,3.638,6.396,21.94,29,0.079,2.17,17,155,225,629,3.29,38,1.07,0.204,1.0,1.2,9.2,"meat loaf, puerto rican style",318.98,24.8,13.3,61.9,6.2,0.19,9.09,0.68,32.8,10.28,33.0,0,0,False,False,1,Unprocessed,Other,Other,4355,5786,32.8,318.98,19.79,10.59,21.94,0.6,1.03,629,38,1.0,9.2,29,2.17,32.8,33.0,24.8,13.3,61.9
Biryani with meat,Biryani with meat,27213010,2,66,5,12.2,29,29.8,1.0,46,279,1.763,8.5,10,0.08,9.2,1.69,0.061,71.53,2.682,0.485,3.013,6.77,33,0.077,1.12,17,76,229,99,1.45,16,0.47,0.136,5.6,0.25,6.2,biryani with meat,143.73,23.7,34.0,42.4,5.91,0.7,22.96,0.779,34.4,23.93,38.8,0,0,False,False,1,Unprocessed,Other,Other,2974,2195,34.4,143.73,8.5,12.2,6.77,1.0,1.69,99,16,5.6,6.2,33,1.12,34.4,38.8,23.7,34.0,42.4
Stuffed pot roast,"Stuffed pot roast, with potatoes, Puerto Rican style",27218110,0,5,0,7.77,75,93.1,1.0,13,0,4.241,24.4,0,0.209,22.6,0.67,0.125,39.36,10.458,2.991,7.885,23.56,14,0.139,2.5,35,257,573,1018,3.72,0,2.21,0.387,6.7,0.75,7.1,"stuffed pot roast, with potatoes, puerto rican style",340.72,28.6,9.1,62.2,7.16,0.29,4.11,0.734,35.4,10.39,32.1,0,0,False,False,1,Unprocessed,Other,Other,2148,6130,35.4,340.72,24.4,7.77,23.56,1.0,0.67,1018,0,6.7,7.1,14,2.5,35.4,32.1,28.6,9.1,62.2
Clams,"Clams, stuffed",27250020,0,75,0,12.94,20,49.8,0.9,1,0,1.485,11.87,148,0.143,25.1,1.57,0.118,61.35,4.943,3.32,2.107,11.08,46,0.118,1.74,20,155,130,529,0.59,154,6.78,0.054,1.4,1.57,12.2,"clams, stuffed",198.96,23.9,26.0,50.1,5.97,0.45,23.12,0.875,33.0,16.59,34.4,0,0,False,False,1,Unprocessed,Other,Other,4135,4943,33.0,198.96,11.87,12.94,11.08,0.9,1.57,529,154,1.4,12.2,46,1.74,33.0,34.4,23.9,26.0,50.1
Clams Casino,Clams Casino,27250270,4,94,1,9.83,16,35.1,1.2,98,0,1.069,8.73,62,0.072,16.6,2.05,0.097,74.84,1.955,1.276,1.083,4.72,43,0.068,1.19,18,101,159,326,0.49,69,4.42,0.103,14.7,0.74,9.6,clams casino,116.72,29.9,33.7,36.4,7.48,1.03,36.84,1.02,34.9,29.9,38.5,0,0,False,False,1,Unprocessed,Other,Other,2524,2351,34.9,116.72,8.73,9.83,4.72,1.2,2.05,326,69,14.7,9.6,43,1.19,34.9,38.5,29.9,33.7,36.4
Seafood restructured,Seafood restructured,27250520,0,0,0,15.0,20,13.0,0.5,0,0,0.62,7.62,0,0.08,22.3,6.25,0.03,74.66,0.275,0.143,0.216,0.46,13,0.032,0.39,43,282,90,529,0.33,0,0.57,0.13,0.0,0.17,0.4,seafood restructured,94.62,32.2,63.4,4.4,8.05,0.53,13.74,0.412,31.3,33.08,34.3,0,0,False,False,1,Unprocessed,Other,Other,5473,5023,31.3,94.62,7.62,15.0,0.46,0.5,6.25,529,0,0.0,0.4,13,0.39,31.3,34.3,32.2,63.4,4.4
Seafood souffle,Seafood souffle,27250550,0,13,2,5.49,149,85.4,0.1,135,0,1.372,9.91,119,0.212,23.4,2.23,0.058,73.17,2.759,0.876,5.225,9.73,92,0.114,0.98,16,147,150,435,1.06,121,0.87,0.103,0.6,0.73,0.7,seafood souffle,149.17,26.6,14.7,58.7,6.64,0.07,61.67,0.657,31.3,20.98,33.4,0,0,False,False,1,Unprocessed,Other,Other,5473,5614,31.3,149.17,9.91,5.49,9.73,0.1,2.23,435,121,0.6,0.7,92,0.98,31.3,33.4,26.6,14.7,58.7
Vienna sausages stewed with potatoes,"Vienna sausages stewed with potatoes, Puerto Rican style",27260500,3,57,1,13.07,28,23.3,1.7,26,1799,1.367,5.08,0,0.067,5.9,1.31,0.085,63.37,7.89,3.871,3.811,16.36,16,0.103,1.0,20,60,359,466,0.76,5,0.31,0.253,15.7,1.47,13.6,"vienna sausages stewed with potatoes, puerto rican style",219.84,9.2,23.8,67.0,2.31,0.77,7.28,0.455,34.3,15.6,34.6,0,0,False,False,3,Processed,Other,Other,3064,4783,34.3,219.84,5.08,13.07,16.36,1.7,1.31,466,5,15.7,13.6,16,1.0,34.3,34.6,9.2,23.8,67.0
Paella with seafood,Paella with seafood,27350020,3,139,33,16.42,25,23.6,0.8,159,0,2.278,8.03,12,0.083,11.2,0.92,0.127,68.8,2.78,0.626,0.96,4.77,18,0.078,1.21,14,87,112,609,0.69,25,1.24,0.108,9.8,0.72,3.9,paella with seafood,140.73,22.8,46.7,30.5,5.71,0.57,12.79,0.86,32.1,22.81,33.0,0,0,False,False,1,Unprocessed,Other,Other,4911,5786,32.1,140.73,8.03,16.42,4.77,0.8,0.92,609,25,9.8,3.9,18,1.21,32.1,33.0,22.8,46.7,30.5
Bouillabaisse,Bouillabaisse,27350110,13,84,0,2.15,41,53.6,0.3,37,586,2.111,13.42,23,0.052,28.4,0.61,0.098,79.2,1.698,0.601,0.875,3.75,33,0.144,0.72,22,169,281,223,0.78,30,2.34,0.184,3.3,0.84,9.4,bouillabaisse,96.03,55.9,9.0,35.1,13.97,0.31,34.36,0.75,35.5,36.97,42.2,0,0,False,False,1,Unprocessed,Other,Other,2083,1133,35.5,96.03,13.42,2.15,3.75,0.3,0.61,223,30,3.3,9.4,33,0.72,35.5,42.2,55.9,9.0,35.1
Codfish with starchy vegetables,"Codfish with starchy vegetables, Puerto Rican style",27351010,38,1572,8,18.45,6,20.5,2.7,20,263,0.678,3.53,1,0.038,4.5,2.94,0.065,71.46,3.815,0.62,0.759,5.43,29,0.118,0.52,27,74,419,51,0.26,134,0.09,0.2,5.0,1.93,7.0,"codfish with starchy vegetables, puerto rican style",136.79,10.3,54.0,35.7,2.58,1.97,21.2,0.38,36.8,26.9,41.4,0,0,False,False,2,Minimally processed,Other,Other,1374,1306,36.8,136.79,3.53,18.45,5.43,2.7,2.94,51,134,5.0,7.0,29,0.52,36.8,41.4,10.3,54.0,35.7
Stewed codfish,"Stewed codfish, Puerto Rican style",27351030,6,84,6,8.48,30,49.3,1.3,109,1510,1.17,10.87,1,0.048,15.1,1.69,0.057,75.88,2.711,0.508,0.615,4.02,17,0.103,0.63,20,154,281,82,0.32,8,0.99,0.199,18.4,1.27,4.9,"stewed codfish, puerto rican style",113.58,38.3,29.9,31.9,9.57,1.14,14.97,0.555,37.2,32.75,43.1,0,0,False,False,3,Processed,Other,Other,1223,948,37.2,113.58,10.87,8.48,4.02,1.3,1.69,82,8,18.4,4.9,17,0.63,37.2,43.1,38.3,29.9,31.9
Biscayne codfish,"Biscayne codfish, Puerto Rican style",27351040,8,92,1,11.08,19,38.0,1.9,44,1639,1.444,9.2,4,0.06,13.4,1.85,0.07,65.83,8.678,1.375,1.716,12.24,23,0.102,0.87,27,107,408,300,0.38,12,0.34,0.262,11.9,2.32,9.1,"biscayne codfish, puerto rican style",191.28,19.2,23.2,57.6,4.81,0.99,12.02,0.455,36.8,19.24,39.1,0,0,False,False,1,Unprocessed,Other,Other,1374,2062,36.8,191.28,9.2,11.08,12.24,1.9,1.85,300,12,11.9,9.1,23,0.87,36.8,39.1,19.2,23.2,57.6
Chow mein or chop suey,"Chow mein or chop suey, various types of meat, with noodles",27360120,16,87,0,11.16,26,34.0,1.5,106,0,2.946,10.36,1,0.183,12.1,1.54,0.194,71.65,2.199,1.172,1.65,5.57,19,0.052,1.49,14,103,198,354,1.05,9,0.3,0.208,4.3,0.48,11.9,"chow mein or chop suey, various types of meat, with noodles",136.21,30.4,32.8,36.8,7.61,1.1,13.95,1.094,34.1,25.03,38.6,0,0,False,False,1,Unprocessed,Other,Other,3226,2300,34.1,136.21,10.36,11.16,5.57,1.5,1.54,354,9,4.3,11.9,19,1.49,34.1,38.6,30.4,32.8,36.8
Frankfurters or hot dogs and sauerkraut,Frankfurters or hot dogs and sauerkraut,27420040,2,3,0,3.52,38,24.7,1.1,113,0,1.369,7.94,2,0.103,6.9,1.5,0.026,67.68,7.854,0.644,7.408,18.22,21,0.066,1.3,12,87,277,791,1.41,2,0.54,0.117,5.1,0.38,6.2,frankfurters or hot dogs and sauerkraut,209.82,15.1,6.7,78.2,3.78,0.52,10.01,0.62,29.8,14.2,29.8,0,0,False,False,4,Ultra-processed,Other,Other,6243,6639,29.8,209.82,7.94,3.52,18.22,1.1,1.5,791,2,5.1,6.2,21,1.3,29.8,29.8,15.1,6.7,78.2
Stuffed christophine,"Stuffed christophine, Puerto Rican style",27421010,6,43,2,4.44,100,76.3,1.5,111,122,2.426,12.62,26,0.231,19.5,1.72,0.264,65.27,7.997,1.908,4.89,16.11,34,0.148,1.21,22,152,307,334,2.23,30,0.44,0.232,9.3,0.9,7.1,"stuffed christophine, puerto rican style",213.23,23.7,8.3,68.0,5.92,0.7,15.95,0.567,34.9,16.37,38.0,0,0,False,False,1,Unprocessed,Other,Other,2524,2587,34.9,213.23,12.62,4.44,16.11,1.5,1.72,334,30,9.3,7.1,34,1.21,34.9,38.0,23.7,8.3,68.0
Moo Goo Gai Pan,Moo Goo Gai Pan,27445180,3,92,0,4.69,17,22.5,1.2,167,0,2.789,7.15,2,0.148,8.5,2.01,0.047,84.83,0.845,0.813,0.394,2.43,10,0.117,0.48,11,78,197,106,0.47,10,0.04,0.242,6.5,0.65,16.7,moo goo gai pan,69.23,41.3,27.1,31.6,10.33,1.73,14.44,0.693,34.5,49.83,42.2,0,0,False,False,1,Unprocessed,Other,Other,2885,1133,34.5,69.23,7.15,4.69,2.43,1.2,2.01,106,10,6.5,16.7,10,0.48,34.5,42.2,41.3,27.1,31.6
Oysters Rockefeller,Oysters Rockefeller,27450250,0,2899,0,9.27,34,48.5,1.9,6243,0,1.822,7.65,33,0.161,16.8,1.2,0.147,73.97,2.058,1.079,3.184,7.07,106,1.432,3.41,47,107,253,434,18.94,275,4.2,0.119,1.9,1.93,224.1,oysters rockefeller,131.31,23.3,28.2,48.5,5.83,1.45,80.73,2.597,42.2,32.14,40.8,0,0,False,False,1,Unprocessed,Other,Other,467,1470,42.2,131.31,7.65,9.27,7.07,1.9,1.2,434,275,1.9,224.1,106,3.41,42.2,40.8,23.3,28.2,48.5
Lau lau,Lau lau,27460100,0,0,0,0.0,57,47.9,0.0,0,0,2.729,15.25,5,0.124,27.4,0.0,0.18,74.98,3.304,1.045,2.668,8.32,14,0.045,0.52,18,197,223,231,1.26,5,0.78,0.207,0.1,0.37,0.0,lau lau,135.88,44.9,0.0,55.1,11.22,0.0,10.3,0.383,33.6,24.73,38.9,0,0,False,False,1,Unprocessed,Other,Other,3631,2156,33.6,135.88,15.25,0.0,8.32,0.0,0.0,231,5,0.1,0.0,14,0.52,33.6,38.9,44.9,0.0,55.1
Stewed gizzards,"Stewed gizzards, Puerto Rican style",27463000,0,167,0,4.4,237,72.5,1.1,58,923,2.391,20.25,65,0.172,27.2,1.94,0.244,66.14,3.651,2.333,1.738,8.68,31,0.135,2.5,11,138,239,380,2.94,79,0.67,0.111,6.2,1.12,17.3,"stewed gizzards, puerto rican style",176.72,45.8,10.0,44.2,11.46,0.62,17.54,1.415,36.6,20.71,41.2,0,0,False,False,3,Processed,Other,Other,1487,1367,36.6,176.72,20.25,4.4,8.68,1.1,1.94,380,79,6.2,17.3,31,2.5,36.6,41.2,45.8,10.0,44.2
Quarter Pounder (McDonalds),Quarter Pounder (McDonalds),27510229,1,26,2,22.14,40,33.3,1.1,21,668,4.65,15.68,0,0.201,24.8,3.67,0.16,48.81,5.404,1.179,4.785,11.6,87,0.101,1.73,24,121,225,374,3.04,2,1.66,0.148,0.3,0.06,5.0,quarter pounder (mcdonalds),255.68,24.5,34.6,40.8,6.13,0.43,34.03,0.677,34.4,13.45,36.8,0,0,False,False,1,Unprocessed,Other,Other,2974,3320,34.4,255.68,15.68,22.14,11.6,1.1,3.67,374,2,0.3,5.0,87,1.73,34.4,36.8,24.5,34.6,40.8
McDouble (McDonalds),McDouble (McDonalds),27510388,1,51,3,17.97,50,43.7,0.9,17,980,3.462,16.24,40,0.204,17.9,4.16,0.231,47.16,6.001,1.314,6.96,16.18,150,0.081,2.35,21,165,226,617,2.77,44,1.28,0.214,2.9,0.35,4.7,mcdouble (mcdonalds),282.46,23.0,25.4,51.6,5.75,0.32,53.1,0.832,33.7,11.93,33.7,0,0,False,False,1,Unprocessed,Other,Other,3542,5471,33.7,282.46,16.24,17.97,16.18,0.9,4.16,617,44,2.9,4.7,150,2.35,33.7,33.7,23.0,25.4,51.6
Big Mac (McDonalds),Big Mac (McDonalds),27510389,1,59,2,21.53,36,31.5,1.4,50,0,3.63,11.94,22,0.201,25.9,3.26,0.184,50.54,5.088,3.826,5.045,14.1,127,0.131,1.4,25,136,182,485,2.16,27,1.27,0.17,0.3,0.06,16.4,big mac (mcdonalds),260.78,18.3,33.0,48.7,4.58,0.54,48.7,0.537,33.8,12.96,35.2,0,0,False,False,1,Unprocessed,Other,Other,3452,4395,33.8,260.78,11.94,21.53,14.1,1.4,3.26,485,27,0.3,16.4,127,1.4,33.8,35.2,18.3,33.0,48.7
Pho,Pho,28310330,1,47,3,10.41,12,20.6,0.6,35,0,1.059,6.15,0,0.052,6.7,0.77,0.021,79.89,0.904,0.359,0.672,2.26,11,0.039,0.66,10,47,99,403,0.7,4,0.4,0.065,1.5,0.17,7.1,pho,86.58,28.4,48.1,23.5,7.1,0.69,12.71,0.762,31.3,36.15,34.9,0,0,False,False,1,Unprocessed,Other,Other,5473,4590,31.3,86.58,6.15,10.41,2.26,0.6,0.77,403,4,1.5,7.1,11,0.66,31.3,34.9,28.4,48.1,23.5
Huevos rancheros,Huevos rancheros,32105180,0,155,4,8.76,161,116.3,1.6,331,3397,0.796,6.82,69,0.212,14.4,2.31,0.043,76.06,2.511,1.853,1.688,6.54,48,0.083,1.12,21,137,219,419,0.81,82,0.33,0.188,1.0,1.38,4.8,huevos rancheros,121.18,22.5,28.9,48.6,5.63,1.32,39.61,0.924,33.3,27.48,36.6,0,0,False,False,1,Unprocessed,Other,Other,3865,3437,33.3,121.18,6.82,8.76,6.54,1.6,2.31,419,82,1.0,4.8,48,1.12,33.3,36.6,22.5,28.9,48.6
Meringues,Meringues,32401000,0,0,0,74.24,0,0.6,0.0,0,0,0.066,7.31,0,0.294,13.8,73.06,0.002,17.86,0.0,0.0,0.0,0.16,5,0.021,0.1,7,10,111,113,0.03,0,0.05,0.003,0.0,0.0,0.0,meringues,327.64,8.9,90.6,0.4,2.23,0.0,1.53,0.031,23.5,7.17,29.9,0,0,False,False,1,Unprocessed,Other,Other,6991,6624,23.5,327.64,7.31,74.24,0.16,0.0,73.06,113,0,0.0,0.0,5,0.1,23.5,29.9,8.9,90.6,0.4
White beans,"White beans, from dried, fat added",41101110,0,0,0,23.32,0,32.6,5.9,0,0,0.124,9.04,0,0.041,1.2,0.32,0.104,58.63,2.753,2.821,0.974,6.83,84,0.267,3.45,59,105,521,221,1.28,0,0.0,0.082,0.0,1.64,10.9,"white beans, from dried, fat added",190.91,18.9,48.9,32.2,4.74,3.09,44.0,1.807,42.7,22.37,50.1,0,0,False,False,2,Minimally processed,Other,Other,442,357,42.7,190.91,9.04,23.32,6.83,5.9,0.32,221,0,0.0,10.9,84,3.45,42.7,50.1,18.9,48.9,32.2
White beans,"White beans, from dried, no added fat",41101120,0,0,0,24.94,0,34.9,6.3,0,0,0.132,9.67,0,0.043,1.3,0.34,0.111,62.71,0.031,0.151,0.09,0.35,90,0.285,3.68,63,112,558,237,1.37,0,0.0,0.088,0.0,0.93,3.5,"white beans, from dried, no added fat",141.59,27.3,70.5,2.2,6.83,4.45,63.56,2.599,43.7,30.86,52.6,0,0,False,False,2,Minimally processed,Other,Other,404,250,43.7,141.59,9.67,24.94,0.35,6.3,0.34,237,0,0.0,3.5,90,3.68,43.7,52.6,27.3,70.5,2.2
White beans,"White beans, from canned, fat added",41101140,0,0,0,29.76,0,41.8,6.9,0,0,0.62,10.43,0,0.081,5.8,2.0,0.192,51.87,2.331,2.495,0.923,6.06,75,0.226,2.23,72,193,497,333,0.92,0,0.0,0.143,1.7,1.76,10.7,"white beans, from canned, fat added",215.3,19.4,55.3,25.3,4.84,3.2,34.84,1.036,42.8,19.88,51.3,0,0,False,False,3,Processed,Other,Other,438,310,42.8,215.3,10.43,29.76,6.06,6.9,2.0,333,0,1.7,10.7,75,2.23,42.8,51.3,19.4,55.3,25.3
White beans,"White beans, from canned, no added fat",41101180,0,0,0,30.91,0,43.4,7.2,0,0,0.644,10.84,0,0.084,6.0,2.07,0.2,55.72,0.026,0.237,0.176,0.57,78,0.235,2.31,75,200,516,345,0.96,0,0.0,0.148,1.8,1.16,4.4,"white beans, from canned, no added fat",172.13,25.2,71.8,3.0,6.3,4.18,45.31,1.342,43.4,25.21,53.0,0,0,False,False,3,Processed,Other,Other,414,233,43.4,172.13,10.84,30.91,0.57,7.2,2.07,345,0,1.8,4.4,78,2.31,43.4,53.0,25.2,71.8,3.0
White beans,"White beans, from canned, reduced sodium",41101210,0,0,0,29.76,0,41.8,6.9,0,0,0.62,10.43,0,0.081,5.8,2.0,0.192,51.87,2.331,2.495,0.923,6.06,75,0.226,2.23,72,193,497,251,0.92,0,0.0,0.143,1.7,1.76,10.7,"white beans, from canned, reduced sodium",215.3,19.4,55.3,25.3,4.84,3.2,34.84,1.036,43.1,20.02,52.1,0,0,False,False,3,Processed,Other,Other,434,267,43.1,215.3,10.43,29.76,6.06,6.9,2.0,251,0,1.7,10.7,75,2.23,43.1,52.1,19.4,55.3,25.3
Black beans,"Black beans, from dried, fat added",41102010,0,0,0,22.04,0,30.3,8.1,0,0,0.446,8.23,0,0.052,1.1,0.3,0.215,61.1,2.768,2.894,1.019,7.01,25,0.194,1.96,65,130,330,217,1.04,0,0.0,0.061,0.0,1.57,10.7,"black beans, from dried, fat added",184.17,17.9,47.9,34.3,4.47,4.4,13.57,1.064,41.3,22.42,53.8,0,0,False,False,2,Minimally processed,Other,Other,533,208,41.3,184.17,8.23,22.04,7.01,8.1,0.3,217,0,0.0,10.7,25,1.96,41.3,53.8,17.9,47.9,34.3
Black beans,"Black beans, from dried, no added fat",41102020,0,0,0,23.57,0,32.4,8.6,0,0,0.477,8.81,0,0.056,1.2,0.32,0.23,65.35,0.047,0.23,0.138,0.54,27,0.208,2.09,70,139,353,232,1.11,0,0.0,0.065,0.0,0.86,3.3,"black beans, from dried, no added fat",134.38,26.2,70.2,3.6,6.56,6.4,20.09,1.555,42.2,31.4,56.4,0,0,False,False,2,Minimally processed,Other,Other,467,155,42.2,134.38,8.81,23.57,0.54,8.6,0.32,232,0,0.0,3.3,27,2.09,42.2,56.4,26.2,70.2,3.6
Black beans,"Black beans, from canned, fat added",41102040,0,0,0,23.43,0,32.9,9.8,0,0,0.834,8.54,0,0.161,1.8,0.33,0.188,60.01,2.341,2.444,0.859,5.92,50,0.272,2.7,50,153,436,335,0.76,0,0.0,0.074,3.6,1.52,9.7,"black beans, from canned, fat added",181.16,18.9,51.7,29.4,4.71,5.41,27.6,1.49,43.1,23.79,57.1,0,0,False,False,3,Processed,Other,Other,434,130,43.1,181.16,8.54,23.43,5.92,9.8,0.33,335,0,3.6,9.7,50,2.7,43.1,57.1,18.9,51.7,29.4
Black beans,"Black beans, from canned, no added fat",41102080,0,0,0,24.34,0,34.1,10.1,0,0,0.866,8.87,0,0.168,1.9,0.34,0.196,64.18,0.037,0.184,0.11,0.43,51,0.282,2.79,51,159,453,348,0.79,0,0.0,0.077,3.8,0.91,3.4,"black beans, from canned, no added fat",136.71,26.0,71.2,2.8,6.49,7.39,37.31,2.041,43.6,31.89,58.7,0,0,False,False,3,Processed,Other,Other,409,90,43.6,136.71,8.87,24.34,0.43,10.1,0.34,348,0,3.8,3.4,51,2.79,43.6,58.7,26.0,71.2,2.8
Black beans,"Black beans, from canned, reduced sodium",41102110,0,0,0,23.43,0,32.9,9.8,0,0,0.834,8.54,0,0.161,1.8,0.33,0.188,60.01,2.341,2.444,0.859,5.92,50,0.272,2.7,50,153,436,195,0.76,0,0.0,0.074,3.6,1.52,9.7,"black beans, from canned, reduced sodium",181.16,18.9,51.7,29.4,4.71,5.41,27.6,1.49,43.7,24.12,58.5,0,0,False,False,3,Processed,Other,Other,404,92,43.7,181.16,8.54,23.43,5.92,9.8,0.33,195,0,3.6,9.7,50,2.7,43.7,58.5,18.9,51.7,29.4
Black beans,"Black beans, from fast food / restaurant",41102150,0,0,0,21.36,0,29.4,7.8,0,0,0.432,7.98,0,0.05,1.1,0.29,0.209,59.23,3.815,3.919,1.357,9.49,25,0.188,1.91,63,126,320,350,1.01,0,0.0,0.059,0.0,1.84,13.6,"black beans, from fast food / restaurant",202.77,15.7,42.1,42.1,3.94,3.85,12.33,0.942,40.3,19.87,51.3,0,0,False,False,4,Ultra-processed,Other,Other,595,310,40.3,202.77,7.98,21.36,9.49,7.8,0.29,350,0,0.0,13.6,25,1.91,40.3,51.3,15.7,42.1,42.1
Black beans with meat,Black beans with meat,41102170,0,0,0,19.06,11,38.4,7.0,0,0,1.078,10.61,1,0.075,5.8,0.36,0.215,61.83,2.764,2.558,1.172,6.81,24,0.182,1.95,59,147,328,275,1.6,1,0.22,0.116,0.0,1.37,9.3,black beans with meat,179.97,23.6,42.4,34.1,5.9,3.89,13.34,1.084,40.5,22.5,51.7,0,0,False,False,1,Unprocessed,Other,Other,584,281,40.5,179.97,10.61,19.06,6.81,7.0,0.36,275,1,0.0,9.3,24,1.95,40.5,51.7,23.6,42.4,34.1
Lima beans,"Lima beans, from dried",41103010,0,0,0,19.4,0,30.2,6.5,0,0,0.372,7.25,0,0.049,4.2,2.7,0.142,64.86,2.756,2.839,0.972,6.86,16,0.218,2.23,40,103,472,218,0.88,0,0.0,0.142,0.0,0.93,9.5,"lima beans, from dried",168.34,17.2,46.1,36.7,4.31,3.86,9.5,1.325,40.0,23.76,50.0,0,0,False,False,2,Minimally processed,Other,Other,637,372,40.0,168.34,7.25,19.4,6.86,6.5,2.7,218,0,0.0,9.5,16,2.23,40.0,50.0,17.2,46.1,36.7
Pink beans,"Pink beans, cooked",41103070,0,0,0,25.94,0,34.3,4.9,0,0,0.503,8.42,0,0.056,1.3,0.34,0.227,56.88,2.764,2.875,1.007,6.96,49,0.252,2.15,60,153,472,218,0.89,0,0.0,0.155,0.0,1.67,11.1,"pink beans, cooked",200.08,16.8,51.9,31.3,4.21,2.45,24.49,1.075,40.7,20.34,47.0,0,0,False,False,3,Processed,Other,Other,569,518,40.7,200.08,8.42,25.94,6.96,4.9,0.34,218,0,0.0,11.1,49,2.15,40.7,47.0,16.8,51.9,31.3
Peruvian beans,"Peruvian beans, from dried",41106510,0,0,0,23.49,0,32.7,9.7,0,0,0.625,8.51,0,0.091,1.2,0.32,0.165,58.53,2.812,3.113,1.149,7.51,58,0.173,2.32,69,170,302,220,0.98,0,0.0,0.114,1.6,1.64,10.9,"peruvian beans, from dried",195.59,17.4,48.0,34.6,4.35,4.96,29.65,1.186,42.9,21.93,57.5,0,0,False,False,2,Minimally processed,Other,Other,437,115,42.9,195.59,8.51,23.49,7.51,9.7,0.32,220,0,1.6,10.9,58,2.32,42.9,57.5,17.4,48.0,34.6
Soybeans,"Soybeans, cooked",41107010,0,5,0,7.77,0,44.2,5.6,0,0,0.352,16.92,0,0.252,6.8,2.79,0.137,58.13,4.566,7.386,2.095,14.84,95,0.378,4.79,80,228,479,217,1.07,0,0.0,0.207,1.5,1.09,25.5,"soybeans, cooked",232.32,29.1,13.4,57.5,7.28,2.41,40.89,2.062,45.1,19.41,52.2,0,1,False,False,3,Processed,Other,Other,347,261,45.1,232.32,16.92,7.77,14.84,5.6,2.79,217,0,1.5,25.5,95,4.79,45.1,52.2,29.1,13.4,57.5
Mung beans,"Mung beans, cooked",41108010,0,13,0,17.8,0,27.3,7.1,0,0,0.509,6.52,0,0.054,2.3,1.86,0.145,67.53,2.775,2.799,0.998,6.86,25,0.145,1.31,45,92,247,218,0.78,1,0.0,0.059,0.9,0.9,10.2,"mung beans, cooked",159.02,16.4,44.8,38.8,4.1,4.46,15.72,0.824,38.7,24.34,50.5,0,0,False,False,3,Processed,Other,Other,801,345,38.7,159.02,6.52,17.8,6.86,7.1,1.86,218,1,0.9,10.2,25,1.31,38.7,50.5,16.4,44.8,38.8
Baked beans,Baked beans,41201010,0,9,2,21.57,7,22.3,4.4,9,83,0.289,4.52,0,0.014,4.8,8.23,0.031,71.48,0.222,0.4,0.231,0.89,39,0.171,1.4,30,88,231,391,0.51,1,0.0,0.048,0.0,0.04,0.4,baked beans,112.37,16.1,76.8,7.1,4.02,3.92,34.71,1.246,34.7,30.88,42.0,0,0,False,False,3,Processed,Other,Other,2724,1179,34.7,112.37,4.52,21.57,0.89,4.4,8.23,391,1,0.0,0.4,39,1.4,34.7,42.0,16.1,76.8,7.1
Baked beans,"Baked beans, vegetarian",41201020,0,65,0,21.14,0,31.5,4.1,16,511,0.407,4.75,0,0.037,5.0,7.96,0.091,72.0,0.095,0.121,0.071,0.37,34,0.145,1.19,27,74,224,343,2.28,5,0.0,0.08,0.0,0.15,0.8,"baked beans, vegetarian",106.89,17.8,79.1,3.1,4.44,3.84,31.81,1.113,34.5,32.28,42.0,0,0,False,False,3,Processed,Other,Other,2885,1179,34.5,106.89,4.75,21.14,0.37,4.1,7.96,343,5,0.0,0.8,34,1.19,34.5,42.0,17.8,79.1,3.1
Baked beans from fast food / restaurant,Baked beans from fast food / restaurant,41201050,0,9,2,23.29,7,21.6,4.3,9,80,0.28,4.38,0,0.014,4.7,10.38,0.03,69.2,0.418,0.587,0.29,1.35,38,0.166,1.36,29,85,224,491,0.49,1,0.0,0.046,0.0,0.1,1.0,baked beans from fast food / restaurant,122.83,14.3,75.8,9.9,3.57,3.5,30.94,1.107,33.8,27.52,40.2,0,0,False,False,4,Ultra-processed,Other,Other,3452,1655,33.8,122.83,4.38,23.29,1.35,4.3,10.38,491,1,0.0,1.0,38,1.36,33.8,40.2,14.3,75.8,9.9
Beans and tomatoes,"Beans and tomatoes, no added fat",41202505,0,85,1,18.76,0,26.3,6.4,8,4568,0.558,6.37,0,0.06,3.4,1.39,0.138,72.41,0.088,0.196,0.104,0.51,32,0.182,1.71,42,106,374,370,0.75,7,0.0,0.15,2.7,1.09,3.2,"beans and tomatoes, no added fat",105.11,24.2,71.4,4.4,6.06,6.09,30.44,1.627,39.0,37.1,49.2,0,0,False,False,1,Unprocessed,Other,Other,745,412,39.0,105.11,6.37,18.76,0.51,6.4,1.39,370,7,2.7,3.2,32,1.71,39.0,49.2,24.2,71.4,4.4
Beans and tomatoes,"Beans and tomatoes, fat added",41202510,0,81,1,17.84,0,25.0,6.1,7,4327,0.528,6.05,0,0.057,3.3,1.32,0.131,68.68,2.216,2.282,0.795,5.58,31,0.173,1.63,39,100,355,351,0.71,7,0.0,0.144,2.5,1.63,9.1,"beans and tomatoes, fat added",145.78,16.6,49.0,34.4,4.15,4.18,21.26,1.118,38.5,26.41,47.3,0,0,False,False,1,Unprocessed,Other,Other,831,499,38.5,145.78,6.05,17.84,5.58,6.1,1.32,351,7,2.5,9.1,31,1.63,38.5,47.3,16.6,49.0,34.4
Beans and franks,Beans and franks,41206030,0,7,2,17.29,19,30.5,3.3,7,62,0.907,6.74,0,0.043,7.6,6.17,0.062,69.1,2.326,0.543,2.076,5.22,33,0.144,1.36,25,95,224,438,0.9,1,0.28,0.082,0.0,0.08,0.4,beans and franks,143.1,18.8,48.3,32.8,4.71,2.31,23.06,0.95,33.5,23.41,39.3,0,0,False,False,1,Unprocessed,Other,Other,3703,1989,33.5,143.1,6.74,17.29,5.22,3.3,6.17,438,1,0.0,0.4,33,1.36,33.5,39.3,18.8,48.3,32.8
Baked beans,"Baked beans, reduced sodium",41221000,0,64,0,20.35,0,30.6,5.5,16,497,0.406,4.77,0,0.057,4.5,7.73,0.142,72.1,0.035,0.171,0.102,0.4,50,0.205,0.29,32,103,294,270,1.39,5,0.0,0.123,2.9,0.15,0.8,"baked beans, reduced sodium",104.08,18.3,78.2,3.5,4.58,5.28,48.04,0.279,36.5,35.07,46.3,0,0,False,False,3,Processed,Other,Other,1551,567,36.5,104.08,4.77,20.35,0.4,5.5,7.73,270,5,2.9,0.8,50,0.29,36.5,46.3,18.3,78.2,3.5
Blackeyed peas,"Blackeyed peas, from dried",41301010,0,8,0,19.29,0,29.9,6.0,0,0,0.437,7.18,0,0.049,2.3,3.07,0.178,65.1,2.765,2.889,1.018,7.0,23,0.249,2.34,49,145,258,220,1.2,1,0.0,0.088,0.4,1.02,9.2,"blackeyed peas, from dried",168.88,17.0,45.7,37.3,4.25,3.55,13.62,1.386,38.6,22.86,48.4,0,0,False,False,2,Minimally processed,Other,Other,809,448,38.6,168.88,7.18,19.29,7.0,6.0,3.07,220,1,0.4,9.2,23,2.34,38.6,48.4,17.0,45.7,37.3
Chickpeas,"Chickpeas, from dried, fat added",41302010,0,15,0,25.48,0,39.8,7.1,0,0,0.464,8.23,0,0.056,3.4,4.46,0.102,55.96,3.266,3.754,1.14,8.91,46,0.327,2.7,45,156,270,222,1.42,1,0.0,0.123,1.1,1.09,11.4,"chickpeas, from dried, fat added",215.03,15.3,47.4,37.3,3.83,3.3,21.39,1.256,39.7,18.46,50.7,0,0,False,False,2,Minimally processed,Other,Other,664,333,39.7,215.03,8.23,25.48,8.91,7.1,4.46,222,1,1.1,11.4,46,2.7,39.7,50.7,15.3,47.4,37.3
Chickpeas,"Chickpeas, from dried, no added fat",41302020,0,16,0,27.26,0,42.5,7.6,0,0,0.497,8.81,0,0.059,3.7,4.77,0.11,59.85,0.58,1.149,0.267,2.58,49,0.35,2.87,48,167,289,238,1.52,1,0.0,0.131,1.2,0.35,4.0,"chickpeas, from dried, no added fat",167.5,21.0,65.1,13.9,5.26,4.54,29.25,1.713,40.5,24.18,52.8,0,0,False,False,2,Minimally processed,Other,Other,584,243,40.5,167.5,8.81,27.26,2.58,7.6,4.77,238,1,1.2,4.0,49,2.87,40.5,52.8,21.0,65.1,13.9
Chickpeas,"Chickpeas, from canned, fat added",41302040,0,14,0,21.61,0,37.0,7.0,0,0,0.198,7.88,0,0.023,3.2,4.15,0.049,59.15,3.32,3.977,1.179,9.35,56,0.245,1.98,43,128,231,315,1.1,2,0.0,0.72,0.2,1.03,10.9,"chickpeas, from canned, fat added",202.11,15.6,42.8,41.6,3.9,3.46,27.71,0.98,38.6,19.1,49.3,0,0,False,False,3,Processed,Other,Other,809,404,38.6,202.11,7.88,21.61,9.35,7.0,4.15,315,2,0.2,10.9,56,1.98,38.6,49.3,15.6,42.8,41.6
Chickpeas,"Chickpeas, from canned, no added fat",41302080,0,15,0,22.45,0,38.4,7.3,0,0,0.205,8.19,0,0.024,3.3,4.31,0.051,64.03,0.739,1.466,0.339,3.24,58,0.255,2.05,45,133,240,327,1.15,2,0.0,0.748,0.2,0.32,3.7,"chickpeas, from canned, no added fat",151.72,21.6,59.2,19.2,5.4,4.81,38.23,1.351,39.0,25.71,51.0,0,0,False,False,3,Processed,Other,Other,745,323,39.0,151.72,8.19,22.45,3.24,7.3,4.31,327,2,0.2,3.7,58,2.05,39.0,51.0,21.6,59.2,19.2
Chickpeas,"Chickpeas, from canned, reduced sodium",41302110,0,14,0,21.64,0,37.1,7.1,0,0,0.198,7.89,0,0.023,3.2,4.16,0.049,59.35,3.325,3.983,1.181,9.37,56,0.245,1.98,43,128,231,212,1.11,2,0.0,0.721,0.2,1.04,10.9,"chickpeas, from canned, reduced sodium",202.45,15.6,42.8,41.7,3.9,3.51,27.66,0.978,39.0,19.26,50.6,0,0,False,False,3,Processed,Other,Other,745,339,39.0,202.45,7.89,21.64,9.37,7.1,4.16,212,2,0.2,10.9,56,1.98,39.0,50.6,15.6,42.8,41.7
Split peas,"Split peas, from dried, no added fat",41303000,0,4,0,20.97,0,32.6,8.2,0,0,0.84,8.29,0,0.053,0.6,2.88,0.179,69.08,0.081,0.164,0.054,0.39,14,0.18,1.28,36,98,360,233,0.99,0,0.0,0.045,0.4,0.03,5.0,"split peas, from dried, no added fat",120.55,27.5,69.6,2.9,6.88,6.8,11.61,1.062,39.9,33.1,54.9,0,0,False,False,2,Minimally processed,Other,Other,647,177,39.9,120.55,8.29,20.97,0.39,8.2,2.88,233,0,0.4,5.0,14,1.28,39.9,54.9,27.5,69.6,2.9
Split peas,"Split peas, from dried, fat added",41303010,0,4,0,19.61,0,30.5,7.7,0,0,0.786,7.75,0,0.049,0.6,2.7,0.168,64.58,2.8,2.833,0.94,6.87,13,0.168,1.21,33,92,336,218,0.93,0,0.0,0.042,0.4,0.79,12.3,"split peas, from dried, fat added",171.27,18.1,45.8,36.1,4.53,4.5,7.59,0.706,39.2,22.89,52.2,0,0,False,False,2,Minimally processed,Other,Other,720,261,39.2,171.27,7.75,19.61,6.87,7.7,2.7,218,0,0.4,12.3,13,1.21,39.2,52.2,18.1,45.8,36.1
Wasabi peas,Wasabi peas,41304000,42,901,0,62.2,0,57.9,3.8,4930,0,5.06,14.11,0,0.314,7.2,14.11,0.614,6.93,5.792,1.951,5.29,14.11,123,0.444,3.8,102,270,732,300,3.31,77,0.0,0.548,0.0,2.31,50.3,wasabi peas,432.23,13.1,57.6,29.4,3.26,0.88,28.46,0.879,43.9,10.16,44.7,0,0,False,False,1,Unprocessed,Other,Other,391,727,43.9,432.23,14.11,62.2,14.11,3.8,14.11,300,77,0.0,50.3,123,3.8,43.9,44.7,13.1,57.6,29.4
Lentils,"Lentils, from dried, fat added",41304990,0,5,0,18.71,0,30.4,7.3,0,0,0.936,8.38,0,0.064,2.6,1.67,0.149,64.72,2.784,2.842,0.939,6.86,18,0.233,3.11,33,167,343,218,1.18,0,0.0,0.157,1.3,0.86,9.2,"lentils, from dried, fat added",170.1,19.7,44.0,36.3,4.93,4.29,10.58,1.828,40.1,23.57,52.0,0,1,False,False,2,Minimally processed,Other,Other,620,272,40.1,170.1,8.38,18.71,6.86,7.3,1.67,218,0,1.3,9.2,18,3.11,40.1,52.0,19.7,44.0,36.3
Lentils,"Lentils, from dried, no added fat",41305000,0,5,0,20.01,0,32.5,7.9,0,0,1.001,8.97,0,0.069,2.8,1.79,0.16,69.23,0.064,0.174,0.053,0.38,19,0.25,3.31,36,179,367,233,1.26,0,0.0,0.168,1.4,0.11,1.7,"lentils, from dried, no added fat",119.34,30.1,67.1,2.9,7.52,6.62,15.92,2.774,41.0,34.36,55.2,0,1,False,False,2,Minimally processed,Other,Other,545,173,41.0,119.34,8.97,20.01,0.38,7.9,1.79,233,0,1.4,1.7,19,3.31,41.0,55.2,30.1,67.1,2.9
Lentils,"Lentils, from canned",41305020,0,5,0,18.66,0,30.3,7.3,0,0,0.933,8.36,0,0.064,2.6,1.67,0.149,64.54,2.776,2.834,0.936,6.84,18,0.233,3.1,33,167,342,325,1.18,0,0.0,0.157,1.3,0.86,9.2,"lentils, from canned",169.64,19.7,44.0,36.3,4.93,4.3,10.61,1.827,39.6,23.34,50.9,0,1,False,False,3,Processed,Other,Other,672,330,39.6,169.64,8.36,18.66,6.84,7.3,1.67,325,0,1.3,9.2,18,3.1,39.6,50.9,19.7,44.0,36.3
Papad,"Papad, grilled or broiled",41311000,0,4,0,59.87,4,0.4,18.6,1,0,1.472,25.56,13,0.258,8.3,0.0,0.277,3.49,0.532,1.148,1.084,3.25,143,0.998,7.8,271,385,1000,1745,3.4,13,0.0,0.285,0.0,0.05,0.4,"papad, grilled or broiled",370.97,27.6,64.6,7.9,6.89,5.01,38.55,2.103,60.7,16.36,53.7,0,0,False,False,2,Minimally processed,Other,Other,68,215,60.7,370.97,25.56,59.87,3.25,18.6,0.0,1745,13,0.0,0.4,143,7.8,60.7,53.7,27.6,64.6,7.9
Soy nuts,Soy nuts,41410010,0,120,0,30.22,0,124.3,17.7,0,0,1.41,38.55,0,0.145,19.1,4.2,0.1,1.95,5.61,14.339,3.674,25.4,138,0.828,3.9,145,363,1470,163,3.14,10,0.0,0.208,2.2,0.91,50.4,soy nuts,503.68,30.6,24.0,45.4,7.65,3.51,27.4,0.774,66.3,13.16,70.2,0,1,False,False,1,Unprocessed,Other,Other,40,15,66.3,503.68,38.55,30.22,25.4,17.7,4.2,163,10,2.2,50.4,138,3.9,66.3,70.2,30.6,24.0,45.4
Soy chips,Soy chips,41410015,0,0,0,53.15,0,110.9,3.5,0,0,2.978,26.5,0,0.349,12.1,1.8,0.333,8.5,1.661,4.018,1.102,7.35,171,2.456,5.2,170,7,7,842,1.5,0,0.0,0.513,0.0,1.01,11.9,soy chips,384.75,27.6,55.3,17.2,6.89,0.91,44.44,1.352,44.1,11.46,41.9,0,1,False,False,4,Ultra-processed,Other,Other,384,1209,44.1,384.75,26.5,53.15,7.35,3.5,1.8,842,0,0.0,11.9,171,5.2,44.1,41.9,27.6,55.3,17.2
Natto,Natto,41420200,0,0,0,12.68,0,57.0,5.4,0,0,0.0,19.4,0,0.19,8.8,4.89,0.16,55.02,2.43,6.21,1.591,11.0,217,0.667,8.6,115,174,729,7,3.03,0,0.0,0.13,13.0,0.01,23.1,natto,227.32,34.1,22.3,43.6,8.53,2.38,95.46,3.783,53.6,23.58,57.9,0,0,False,False,1,Unprocessed,Other,Other,140,103,53.6,227.32,19.4,12.68,11.0,5.4,4.89,7,0,13.0,23.1,217,8.6,53.6,57.9,34.1,22.3,43.6
Vermicelli,"Vermicelli, made from soybeans",41425010,0,8,0,31.42,0,64.2,1.5,0,0,0.0,0.04,0,0.0,10.3,6.66,0.0,66.31,0.005,0.016,0.005,0.04,22,0.664,0.52,1,6,0,3,1.62,1,0.0,0.0,0.0,0.2,1.4,"vermicelli, made from soybeans",126.2,0.1,99.6,0.3,0.03,1.19,17.43,0.412,30.7,24.33,35.3,0,1,False,False,1,Unprocessed,Other,Other,5780,4322,30.7,126.2,0.04,31.42,0.04,1.5,6.66,3,1,0.0,1.4,22,0.52,30.7,35.3,0.1,99.6,0.3
Frozen dessert,"Frozen dessert, non-dairy",41480020,0,0,0,18.78,0,6.9,0.1,0,0,0.13,0.79,58,0.05,0.7,18.27,0.007,70.94,0.823,0.426,7.1,8.94,125,0.048,0.26,6,14,61,46,0.09,58,0.22,0.007,0.0,1.37,0.7,"frozen dessert, non-dairy",158.74,2.0,47.3,50.7,0.5,0.06,78.75,0.164,27.8,17.51,31.3,0,0,False,False,1,Unprocessed,Other,Other,6699,6388,27.8,158.74,0.79,18.78,8.94,0.1,18.27,46,58,0.0,0.7,125,0.26,27.8,31.3,2.0,47.3,50.7
Vegetarian,"Vegetarian, fillet",41812600,0,0,0,9.0,0,82.0,6.1,0,0,12.0,23.0,0,0.9,1.0,0.8,1.1,45.0,4.376,9.332,2.849,18.0,95,0.925,2.0,23,450,600,490,1.4,0,4.2,1.5,0.0,3.45,0.0,"vegetarian, fillet",290.0,31.7,12.4,55.9,7.93,2.1,32.76,0.69,41.9,14.45,50.0,0,0,False,False,1,Unprocessed,Other,Other,487,372,41.9,290.0,23.0,9.0,18.0,6.1,0.8,490,0,0.0,0.0,95,2.0,41.9,50.0,31.7,12.4,55.9
Vegetarian stroganoff,Vegetarian stroganoff,41812850,0,9,0,11.56,14,17.0,2.6,2,0,1.898,7.54,25,0.15,11.7,1.79,1.07,68.81,2.97,2.726,3.245,10.3,80,0.121,1.23,28,115,200,457,0.7,26,0.83,0.146,2.3,0.58,9.9,vegetarian stroganoff,169.1,17.8,27.3,54.8,4.46,1.54,47.31,0.727,34.2,20.22,37.9,0,0,False,False,1,Unprocessed,Other,Other,3137,2643,34.2,169.1,7.54,11.56,10.3,2.6,1.79,457,26,2.3,9.9,80,1.23,34.2,37.9,17.8,27.3,54.8
Almonds,"Almonds, unroasted",42101000,0,1,0,21.55,0,52.1,12.5,1,0,3.618,21.15,0,1.138,4.1,4.35,0.205,4.41,31.551,12.329,3.802,49.93,269,1.031,3.71,270,481,733,1,3.12,0,0.0,0.137,0.0,25.63,0.0,"almonds, unroasted",620.17,13.6,13.9,72.5,3.41,2.02,43.38,0.598,60.3,9.72,66.4,0,1,False,False,3,Processed,Other,Other,70,23,60.3,620.17,21.15,21.55,49.93,12.5,4.35,1,0,0.0,0.0,269,3.71,60.3,66.4,13.6,13.9,72.5
Almonds,"Almonds, salted",42101110,0,1,0,20.18,0,50.0,10.5,1,0,3.493,20.13,0,1.15,1.9,4.67,0.074,2.32,33.01,13.665,4.336,53.43,258,1.055,3.59,268,452,685,386,3.18,0,0.0,0.131,0.0,23.3,3.5,"almonds, salted",642.11,12.5,12.6,74.9,3.13,1.64,40.18,0.559,56.5,8.8,61.3,0,1,False,False,2,Minimally processed,Other,Other,111,64,56.5,642.11,20.13,20.18,53.43,10.5,4.67,386,0,0.0,3.5,258,3.59,56.5,61.3,12.5,12.6,74.9
Almonds,"Almonds, lightly salted",42101120,0,1,0,20.28,0,50.3,10.5,1,0,3.51,20.23,0,1.155,1.9,4.69,0.074,2.33,33.174,13.733,4.358,53.7,259,1.061,3.6,269,455,688,195,3.2,0,0.0,0.131,0.0,23.42,3.5,"almonds, lightly salted",645.34,12.5,12.6,74.9,3.13,1.63,40.13,0.558,57.4,8.89,63.4,0,1,False,False,2,Minimally processed,Other,Other,106,36,57.4,645.34,20.23,20.28,53.7,10.5,4.69,195,0,0.0,3.5,259,3.6,57.4,63.4,12.5,12.6,74.9
Almonds,"Almonds, unsalted",42101130,0,1,0,20.38,0,50.5,10.6,1,0,3.528,20.33,0,1.161,1.9,4.71,0.075,2.34,33.34,13.802,4.38,53.96,260,1.066,3.62,271,457,692,3,3.21,0,0.0,0.132,0.0,23.54,3.5,"almonds, unsalted",648.48,12.5,12.6,74.9,3.14,1.63,40.09,0.558,58.4,9.01,65.4,0,1,False,False,2,Minimally processed,Other,Other,91,28,58.4,648.48,20.33,20.38,53.96,10.6,4.71,3,0,0.0,3.5,260,3.62,58.4,65.4,12.5,12.6,74.9
Almonds,"Almonds, flavored",42101300,0,1,0,20.12,0,49.9,10.4,1,0,3.483,20.07,0,1.146,1.9,4.65,0.074,2.31,32.912,13.625,4.323,53.27,257,1.052,3.58,267,451,683,500,3.17,0,0.0,0.13,0.0,23.23,3.5,"almonds, flavored",640.19,12.5,12.6,74.9,3.14,1.62,40.14,0.559,55.9,8.73,60.1,0,1,False,False,1,Unprocessed,Other,Other,117,80,55.9,640.19,20.07,20.12,53.27,10.4,4.65,500,0,0.0,3.5,257,3.58,55.9,60.1,12.5,12.6,74.9
Brazil nuts,Brazil nuts,42102000,0,0,0,11.74,0,28.8,7.5,0,0,0.295,14.32,0,0.035,1917.0,2.33,0.617,3.42,23.879,24.399,16.134,67.1,160,1.743,2.43,376,725,659,3,4.06,0,0.0,0.101,0.7,5.65,0.0,brazil nuts,708.14,8.1,6.6,85.3,2.02,1.06,22.59,0.343,53.6,7.57,57.8,0,0,False,False,1,Unprocessed,Other,Other,140,109,53.6,708.14,14.32,11.74,67.1,7.5,2.33,3,0,0.7,0.0,160,2.43,53.6,57.8,8.1,6.6,85.3
Cashews,"Cashews, unroasted",42104050,0,0,0,32.69,0,61.0,3.0,23,0,1.4,15.31,0,0.2,11.7,5.01,0.2,1.7,27.317,7.836,9.157,46.35,45,2.22,6.0,260,490,565,16,5.6,0,0.0,0.256,0.0,0.92,34.7,"cashews, unroasted",609.15,10.1,21.5,68.5,2.51,0.49,7.39,0.985,48.9,8.03,47.1,0,0,False,False,3,Processed,Other,Other,241,508,48.9,609.15,15.31,32.69,46.35,3.0,5.01,16,0,0.0,34.7,45,6.0,48.9,47.1,10.1,21.5,68.5
Cashews,"Cashews, salted",42104100,0,0,0,31.4,0,58.6,2.9,22,0,1.345,14.7,0,0.192,11.2,4.81,0.192,1.64,27.479,8.749,9.201,47.48,44,2.132,5.77,250,471,543,399,5.38,0,0.0,0.246,0.0,1.23,36.8,"cashews, salted",611.72,9.6,20.5,69.9,2.4,0.47,7.19,0.943,46.5,7.6,42.5,0,0,False,False,2,Minimally processed,Other,Other,312,1070,46.5,611.72,14.7,31.4,47.48,2.9,4.81,399,0,0.0,36.8,44,5.77,46.5,42.5,9.6,20.5,69.9
Cashews,"Cashews, lightly salted",42104105,0,0,0,31.55,0,58.9,2.9,22,0,1.351,14.78,0,0.193,11.3,4.84,0.193,1.64,27.616,8.793,9.246,47.72,44,2.143,5.8,251,473,545,208,5.4,0,0.0,0.247,0.0,1.24,37.0,"cashews, lightly salted",614.8,9.6,20.5,69.9,2.4,0.47,7.16,0.943,47.4,7.71,44.6,0,0,False,False,2,Minimally processed,Other,Other,289,737,47.4,614.8,14.78,31.55,47.72,2.9,4.84,208,0,0.0,37.0,44,5.8,47.4,44.6,9.6,20.5,69.9
Cashews,"Cashews, unsalted",42104110,0,0,0,31.71,0,59.2,2.9,22,0,1.358,14.85,0,0.194,11.3,4.86,0.194,1.65,27.754,8.837,9.293,47.96,44,2.153,5.82,252,475,548,16,5.43,0,0.0,0.248,0.0,1.24,37.2,"cashews, unsalted",617.88,9.6,20.5,69.9,2.4,0.47,7.12,0.942,48.3,7.82,46.6,0,0,False,False,2,Minimally processed,Other,Other,259,549,48.3,617.88,14.85,31.71,47.96,2.9,4.86,16,0,0.0,37.2,44,5.82,48.3,46.6,9.6,20.5,69.9
Chestnuts,Chestnuts,42105000,0,14,0,52.96,0,1.5,5.1,13,0,1.342,3.17,0,0.175,1.2,10.6,0.243,40.48,0.759,0.869,0.414,2.2,29,0.507,0.91,33,107,592,2,0.57,1,0.0,0.497,26.0,0.5,7.8,chestnuts,244.32,5.2,86.7,8.1,1.3,2.09,11.87,0.372,41.3,16.9,47.6,0,0,False,False,1,Unprocessed,Other,Other,533,488,41.3,244.32,3.17,52.96,2.2,5.1,10.6,2,1,26.0,7.8,29,0.91,41.3,47.6,5.2,86.7,8.1
Hazelnuts,Hazelnuts,42107000,3,11,0,16.7,0,45.6,9.7,92,0,1.8,14.95,0,0.113,2.4,4.34,0.643,5.31,45.652,7.92,4.464,60.75,114,1.725,4.7,163,290,680,0,2.45,1,0.0,0.563,6.3,15.03,14.2,hazelnuts,673.35,8.9,9.9,81.2,2.22,1.44,16.93,0.698,52.1,7.74,61.7,0,0,False,False,1,Unprocessed,Other,Other,170,60,52.1,673.35,14.95,16.7,60.75,9.7,4.34,0,1,6.3,14.2,114,4.7,52.1,61.7,8.9,9.9,81.2
Mixed nuts,"Mixed nuts, unroasted",42110050,0,16,1,23.17,0,52.3,7.6,102,0,2.015,16.96,0,0.49,147.1,4.66,0.305,2.64,29.667,14.999,7.024,54.13,139,1.604,4.3,239,459,639,7,4.03,1,0.0,0.31,0.9,9.68,13.4,"mixed nuts, unroasted",647.69,10.5,14.3,75.2,2.62,1.17,21.46,0.664,52.5,8.11,57.9,0,0,False,False,3,Processed,Other,Other,160,103,52.5,647.69,16.96,23.17,54.13,7.6,4.66,7,1,0.9,13.4,139,4.3,52.5,57.9,10.5,14.3,75.2
Mixed nuts,"Mixed nuts, with peanuts, salted",42110100,0,7,0,21.04,0,55.4,7.6,48,0,7.785,19.59,0,0.325,73.8,4.53,0.216,2.11,28.317,13.561,7.598,53.62,94,0.96,2.78,197,389,603,313,3.22,1,0.0,0.368,0.4,7.43,11.6,"mixed nuts, with peanuts, salted",645.1,12.1,13.0,74.8,3.04,1.18,14.57,0.431,48.3,7.49,53.8,0,0,False,False,2,Minimally processed,Other,Other,259,208,48.3,645.1,19.59,21.04,53.62,7.6,4.53,313,1,0.4,11.6,94,2.78,48.3,53.8,12.1,13.0,74.8
Mixed nuts,"Mixed nuts, with peanuts, lightly salted",42110110,0,8,0,21.12,0,55.7,7.6,48,0,7.816,19.66,0,0.326,74.1,4.55,0.217,2.11,28.43,13.615,7.629,53.84,94,0.964,2.8,198,391,606,160,3.23,1,0.0,0.37,0.4,7.46,11.6,"mixed nuts, with peanuts, lightly salted",647.68,12.1,13.0,74.8,3.04,1.17,14.51,0.432,49.0,7.57,55.4,0,0,False,False,2,Minimally processed,Other,Other,236,169,49.0,647.68,19.66,21.12,53.84,7.6,4.55,160,1,0.4,11.6,94,2.8,49.0,55.4,12.1,13.0,74.8
Mixed nuts,"Mixed nuts, with peanuts, unsalted",42110120,0,8,0,21.21,0,55.9,7.6,48,0,7.847,19.74,0,0.327,74.4,4.57,0.218,2.12,28.543,13.669,7.659,54.05,94,0.967,2.81,199,392,608,6,3.24,1,0.0,0.371,0.4,7.49,11.7,"mixed nuts, with peanuts, unsalted",650.25,12.1,13.0,74.8,3.04,1.17,14.46,0.432,49.7,7.64,57.1,0,0,False,False,2,Minimally processed,Other,Other,213,130,49.7,650.25,19.74,21.21,54.05,7.6,4.57,6,1,0.4,11.7,94,2.81,49.7,57.1,12.1,13.0,74.8
Mixed nuts,"Mixed nuts, without peanuts, salted",42110150,0,15,1,22.28,0,50.3,7.3,98,0,1.938,16.31,0,0.471,141.5,4.48,0.294,2.54,29.798,15.673,7.169,55.09,134,1.542,4.14,229,441,615,320,3.87,1,0.0,0.298,0.9,9.66,16.5,"mixed nuts, without peanuts, salted",650.17,10.0,13.7,76.3,2.51,1.12,20.61,0.637,50.2,7.72,53.6,0,0,False,False,2,Minimally processed,Other,Other,205,219,50.2,650.17,16.31,22.28,55.09,7.3,4.48,320,1,0.9,16.5,134,4.14,50.2,53.6,10.0,13.7,76.3
Mixed nuts,"Mixed nuts, without peanuts, unsalted",42110160,0,15,1,22.46,0,50.7,7.4,99,0,1.953,16.44,0,0.475,142.6,4.52,0.296,2.56,30.041,15.801,7.228,55.54,135,1.555,4.17,231,445,620,7,3.9,1,0.0,0.301,0.9,9.74,16.6,"mixed nuts, without peanuts, unsalted",655.46,10.0,13.7,76.3,2.51,1.13,20.6,0.636,51.8,7.9,57.1,0,0,False,False,2,Minimally processed,Other,Other,174,130,51.8,655.46,16.44,22.46,55.54,7.4,4.52,7,1,0.9,16.6,135,4.17,51.8,57.1,10.0,13.7,76.3
Peanuts,"Peanuts, boiled",42111030,0,0,0,21.26,0,32.7,8.8,0,0,5.259,13.5,0,0.063,4.4,2.47,0.259,41.78,10.921,6.956,3.055,22.01,55,0.499,1.01,102,198,180,751,1.83,0,0.0,0.152,0.0,4.1,0.0,"peanuts, boiled",337.13,16.0,25.2,58.8,4.0,2.61,16.31,0.3,39.5,11.72,49.5,0,0,False,False,2,Minimally processed,Other,Other,682,394,39.5,337.13,13.5,21.26,22.01,8.8,2.47,751,0,0.0,0.0,55,1.01,39.5,49.5,16.0,25.2,58.8
Peanuts,"Peanuts, unroasted",42111040,0,0,0,16.13,0,52.5,8.5,0,0,12.066,25.8,0,0.135,7.2,4.72,0.64,6.5,24.426,15.558,6.279,49.24,92,1.144,4.58,168,376,705,18,3.27,0,0.0,0.348,0.0,8.33,0.0,"peanuts, unroasted",610.88,16.9,10.6,72.5,4.22,1.39,15.06,0.75,51.6,8.45,60.3,0,0,False,False,3,Processed,Other,Other,180,76,51.6,610.88,25.8,16.13,49.24,8.5,4.72,18,0,0.0,0.0,92,4.58,51.6,60.3,16.9,10.6,72.5
Peanuts,"Peanuts, roasted, salted",42111100,0,0,0,15.26,0,55.3,9.4,0,0,13.825,28.03,0,0.089,3.3,4.18,0.085,1.45,25.995,15.303,8.655,52.5,61,0.533,1.52,176,397,726,320,3.28,0,0.0,0.461,0.8,6.94,0.0,"peanuts, roasted, salted",645.66,17.4,9.5,73.2,4.34,1.46,9.45,0.235,49.3,7.64,58.6,0,0,False,False,2,Minimally processed,Other,Other,222,91,49.3,645.66,28.03,15.26,52.5,9.4,4.18,320,0,0.8,0.0,61,1.52,49.3,58.6,17.4,9.5,73.2
Peanuts,"Peanuts, roasted, unsalted",42111110,0,0,0,15.26,0,55.0,9.4,0,0,13.825,28.03,0,0.089,3.3,4.18,0.085,1.45,25.976,15.292,8.686,52.5,61,0.533,1.52,176,397,726,6,3.28,0,0.0,0.461,0.8,6.91,0.0,"peanuts, roasted, unsalted",645.66,17.4,9.5,73.2,4.34,1.46,9.45,0.235,50.6,7.84,61.9,0,0,False,False,2,Minimally processed,Other,Other,198,58,50.6,645.66,28.03,15.26,52.5,9.4,4.18,6,0,0.8,0.0,61,1.52,50.6,61.9,17.4,9.5,73.2
Peanuts,"Peanuts, dry roasted, salted",42111200,0,0,0,21.26,0,64.6,8.4,0,0,14.355,24.35,0,0.197,9.3,4.9,0.152,1.81,26.181,9.773,7.723,49.66,58,0.428,1.58,178,363,634,410,2.77,0,0.0,0.466,0.0,4.93,0.0,"peanuts, dry roasted, salted",629.38,15.5,13.5,71.0,3.87,1.33,9.22,0.251,47.2,7.5,54.7,0,0,False,False,2,Minimally processed,Other,Other,302,183,47.2,629.38,24.35,21.26,49.66,8.4,4.9,410,0,0.0,0.0,58,1.58,47.2,54.7,15.5,13.5,71.0
Peanuts,"Peanuts, dry roasted, lightly salted",42111205,0,0,0,21.15,0,64.3,8.4,0,0,14.284,24.23,0,0.196,9.3,4.88,0.151,1.8,26.051,9.724,7.685,49.41,58,0.426,1.57,177,361,631,199,2.76,0,0.0,0.464,0.0,4.9,0.0,"peanuts, dry roasted, lightly salted",626.21,15.5,13.5,71.0,3.87,1.34,9.26,0.251,48.1,7.68,56.9,0,0,False,False,2,Minimally processed,Other,Other,268,138,48.1,626.21,24.23,21.15,49.41,8.4,4.88,199,0,0.0,0.0,58,1.57,48.1,56.9,15.5,13.5,71.0
Peanuts,"Peanuts, dry roasted, unsalted",42111210,0,0,0,21.26,0,64.6,8.4,0,0,14.355,24.35,0,0.197,9.3,4.9,0.152,1.81,26.181,9.773,7.723,49.66,58,0.428,1.58,178,363,634,6,2.77,0,0.0,0.466,0.0,4.93,0.0,"peanuts, dry roasted, unsalted",629.38,15.5,13.5,71.0,3.87,1.33,9.22,0.251,49.0,7.79,58.9,0,0,False,False,2,Minimally processed,Other,Other,236,88,49.0,629.38,24.35,21.26,49.66,8.4,4.9,6,0,0.0,0.0,58,1.58,49.0,58.9,15.5,13.5,71.0
Pecans,"Pecans, unroasted",42112100,0,29,9,13.86,0,40.5,9.6,17,0,1.167,9.17,0,0.13,3.8,3.97,0.66,3.52,40.801,21.614,6.18,71.97,70,1.2,2.53,121,277,410,0,4.53,3,0.0,0.21,1.1,1.4,3.5,"pecans, unroasted",739.85,5.0,7.5,87.5,1.24,1.3,9.46,0.342,44.5,6.01,57.8,0,0,False,False,3,Processed,Other,Other,365,109,44.5,739.85,9.17,13.86,71.97,9.6,3.97,0,3,1.1,3.5,70,2.53,44.5,57.8,5.0,7.5,87.5
Pecans,"Pecans, salted",42112200,0,28,9,13.31,0,38.9,9.2,16,0,1.121,8.81,0,0.125,3.6,3.81,0.634,3.38,40.429,21.981,6.341,72.09,68,1.152,2.44,116,266,394,383,4.35,3,0.0,0.202,1.1,1.69,6.9,"pecans, salted",737.29,4.8,7.2,88.0,1.19,1.25,9.22,0.331,42.2,5.72,52.7,0,0,False,False,2,Minimally processed,Other,Other,467,248,42.2,737.29,8.81,13.31,72.09,9.2,3.81,383,3,1.1,6.9,68,2.44,42.2,52.7,4.8,7.2,88.0
Pecans,"Pecans, unsalted",42112210,0,28,9,13.44,0,39.3,9.3,16,0,1.132,8.9,0,0.126,3.7,3.85,0.64,3.41,40.833,22.201,6.405,72.81,68,1.164,2.46,117,269,398,0,4.39,3,0.0,0.204,1.1,1.71,6.9,"pecans, unsalted",744.65,4.8,7.2,88.0,1.2,1.25,9.13,0.33,44.0,5.91,57.0,0,0,False,False,2,Minimally processed,Other,Other,388,134,44.0,744.65,8.9,13.44,72.81,9.3,3.85,0,3,1.1,6.9,68,2.46,44.0,57.0,4.8,7.2,88.0
Pine nuts,Pine nuts,42113000,0,17,0,13.08,0,55.8,3.7,9,0,4.387,13.69,0,0.227,0.7,3.59,0.364,2.28,18.764,34.071,4.899,68.37,16,1.324,5.53,251,575,597,2,6.45,1,0.0,0.094,0.8,9.33,53.9,pine nuts,722.41,7.6,7.2,85.2,1.9,0.51,2.21,0.765,50.7,7.02,48.9,0,0,False,False,1,Unprocessed,Other,Other,197,422,50.7,722.41,13.69,13.08,68.37,3.7,3.59,2,1,0.8,53.9,16,5.53,50.7,48.9,7.6,7.2,85.2
Trail mix with nuts,Trail mix with nuts,42500100,0,7,0,21.18,0,55.8,8.1,40,0,7.506,20.06,0,0.304,71.4,4.1,0.192,1.97,24.866,16.774,7.288,52.82,88,1.106,3.2,205,543,649,252,3.75,0,0.0,0.42,0.6,9.89,9.9,trail mix with nuts,640.34,12.5,13.2,74.2,3.13,1.26,13.74,0.5,49.8,7.78,56.0,0,0,False,False,1,Unprocessed,Other,Other,212,165,49.8,640.34,20.06,21.18,52.82,8.1,4.1,252,0,0.6,9.9,88,3.2,49.8,56.0,12.5,13.2,74.2
Mixed seeds,Mixed seeds,43107000,0,5,0,21.73,0,57.1,10.0,8,0,6.389,21.96,0,0.222,61.8,2.37,0.097,1.41,11.062,29.627,6.05,49.61,66,1.691,4.87,234,1160,834,7,5.88,0,0.0,0.628,1.5,19.72,3.2,mixed seeds,621.25,14.1,14.0,71.9,3.53,1.61,10.62,0.784,55.7,8.97,64.6,0,0,False,False,1,Unprocessed,Other,Other,120,31,55.7,621.25,21.96,21.73,49.61,10.0,2.37,7,0,1.5,3.2,66,4.87,55.7,64.6,14.1,14.0,71.9
Carob chips,Carob chips,44201000,0,5,0,56.29,1,19.0,3.8,0,0,1.04,8.15,0,0.178,5.2,34.11,0.1,1.54,0.483,0.295,29.018,31.36,303,0.183,1.29,36,126,633,107,3.53,1,0.28,0.13,0.5,1.57,7.7,carob chips,540.0,6.0,41.7,52.3,1.51,0.7,56.11,0.239,29.5,5.46,39.5,0,0,False,False,4,Ultra-processed,Other,Other,6342,1910,29.5,540.0,8.15,56.29,31.36,3.8,34.11,107,1,0.5,7.7,303,1.29,29.5,39.5,6.0,41.7,52.3
Bruschetta,Bruschetta,51136000,54,261,0,21.35,0,9.4,1.5,120,1378,2.112,4.29,0,0.138,6.9,3.34,0.168,65.55,4.895,1.242,1.117,7.61,50,0.086,1.58,17,52,187,264,0.42,24,0.0,0.093,7.6,1.35,12.4,bruschetta,171.05,10.0,49.9,40.0,2.51,0.88,29.23,0.924,34.2,19.99,36.1,0,0,False,False,1,Unprocessed,Other,Other,3137,3757,34.2,171.05,4.29,21.35,7.61,1.5,3.34,264,24,7.6,12.4,50,1.58,34.2,36.1,10.0,49.9,40.0
Pan Dulce,"Pan Dulce, no topping",51161250,1,3,1,56.38,30,29.1,2.3,36,0,3.463,9.42,5,0.23,26.2,12.5,0.377,21.54,3.499,1.53,2.183,11.58,86,0.121,2.87,24,94,103,228,0.84,5,0.11,0.057,1.2,0.29,1.6,"pan dulce, no topping",367.42,10.3,61.4,28.4,2.56,0.63,23.41,0.781,34.0,9.25,37.9,0,0,False,False,1,Unprocessed,Other,Other,3306,2643,34.0,367.42,9.42,56.38,11.58,2.3,12.5,228,5,1.2,1.6,86,2.87,34.0,37.9,10.3,61.4,28.4
Pan Dulce,"Pan Dulce, with sugar topping",51161270,1,23,1,56.35,28,27.4,2.1,33,0,3.209,8.73,29,0.214,24.3,15.68,0.349,21.03,4.022,2.255,2.436,12.82,84,0.114,2.69,23,88,102,235,0.78,31,0.1,0.146,1.1,0.85,4.7,"pan dulce, with sugar topping",375.7,9.3,60.0,30.7,2.32,0.56,22.36,0.716,33.2,8.84,37.0,0,0,False,False,2,Minimally processed,Other,Other,3960,3160,33.2,375.7,8.73,56.35,12.82,2.1,15.68,235,31,1.1,4.7,84,2.69,33.2,37.0,9.3,60.0,30.7
Pan Dulce,"Pan Dulce, with raisins and icing",51161280,1,3,1,58.57,26,25.9,2.2,31,0,3.039,8.29,4,0.23,22.6,19.6,0.33,20.67,3.435,2.006,2.142,11.39,77,0.117,2.58,23,88,127,214,0.75,4,0.1,0.058,1.1,0.39,2.7,"pan dulce, with raisins and icing",369.95,9.0,63.3,27.7,2.24,0.59,20.81,0.697,32.9,8.89,37.2,0,0,False,False,1,Unprocessed,Other,Other,4247,3044,32.9,369.95,8.29,58.57,11.39,2.2,19.6,214,4,1.1,2.7,77,2.58,32.9,37.2,9.0,63.3,27.7
Breadsticks,"Breadsticks, hard, reduced sodium",51184100,0,0,0,71.64,0,9.7,2.5,41,0,5.858,10.64,0,0.44,34.9,1.34,0.625,6.62,4.039,4.395,1.472,10.63,15,0.156,4.33,23,101,104,3,0.85,0,0.0,0.039,0.0,1.32,11.3,"breadsticks, hard, reduced sodium",424.79,10.0,67.5,22.5,2.5,0.59,3.53,1.019,36.7,8.64,41.3,0,0,False,False,3,Processed,Other,Other,1431,1337,36.7,424.79,10.64,71.64,10.63,2.5,1.34,3,0,0.0,11.3,15,4.33,36.7,41.3,10.0,67.5,22.5
Breadsticks,"Breadsticks, soft, from fast food / restaurant",51184210,0,7,0,44.39,7,7.5,2.4,10,0,7.066,12.18,23,0.559,22.0,1.11,0.492,28.32,2.772,6.148,2.96,12.85,87,0.107,4.64,22,129,132,615,1.02,24,0.13,0.103,0.0,0.88,21.1,"breadsticks, soft, from fast food / restaurant",341.93,14.2,51.9,33.8,3.56,0.7,25.44,1.357,35.3,10.32,35.9,0,0,False,False,4,Ultra-processed,Other,Other,2214,3886,35.3,341.93,12.18,44.39,12.85,2.4,1.11,615,24,0.0,21.1,87,4.64,35.3,35.9,14.2,51.9,33.8
Breadsticks,"Breadsticks, soft, from frozen",51184220,0,4,0,46.37,4,10.3,2.4,24,0,6.152,11.09,14,0.432,22.5,2.8,0.488,31.31,1.954,4.444,2.108,9.16,137,0.114,4.13,24,123,126,514,0.96,14,0.08,0.099,0.0,0.62,12.7,"breadsticks, soft, from frozen",312.28,14.2,59.4,26.4,3.55,0.77,43.87,1.323,35.9,11.5,37.1,0,0,False,False,3,Processed,Other,Other,1864,3090,35.9,312.28,11.09,46.37,9.16,2.4,2.8,514,14,0.0,12.7,137,4.13,35.9,37.1,14.2,59.4,26.4
Croutons,Croutons,51185000,0,6,0,63.5,7,14.6,5.0,45,0,4.646,10.8,7,0.421,28.8,4.41,0.506,3.6,9.498,2.368,5.247,18.3,96,0.168,2.82,42,140,181,1333,0.94,7,0.14,0.083,0.0,0.4,7.6,croutons,461.9,9.4,55.0,35.7,2.34,1.08,20.78,0.611,32.4,7.01,32.9,0,0,False,False,1,Unprocessed,Other,Other,4691,5831,32.4,461.9,10.8,63.5,18.3,5.0,4.41,1333,7,0.0,7.6,96,2.82,32.4,32.9,9.4,55.0,35.7
Melba toast,Melba toast,51187000,0,0,0,76.6,0,19.8,6.3,74,0,4.113,12.1,0,0.273,34.8,0.94,0.413,5.1,0.782,1.282,0.445,3.2,93,0.289,3.7,59,196,202,598,2.01,0,0.0,0.098,0.0,0.43,0.9,melba toast,383.6,12.6,79.9,7.5,3.15,1.64,24.24,0.965,39.7,10.35,45.4,0,0,False,False,1,Unprocessed,Other,Other,664,634,39.7,383.6,12.1,76.6,3.2,6.3,0.94,598,0,0.0,0.9,93,3.7,39.7,45.4,12.6,79.9,7.5
Anisette toast,Anisette toast,51187020,0,4,1,74.2,8,10.7,2.5,16,0,1.319,10.1,15,0.239,28.7,12.5,0.208,4.5,4.244,2.073,2.525,9.7,20,0.145,0.6,14,55,305,227,0.54,16,0.0,0.082,5.3,2.44,0.9,anisette toast,424.5,9.5,69.9,20.6,2.38,0.59,4.71,0.141,33.8,7.96,38.1,0,0,False,False,1,Unprocessed,Other,Other,3452,2536,33.8,424.5,10.1,74.2,9.7,2.5,12.5,227,16,5.3,0.9,20,0.6,33.8,38.1,9.5,69.9,20.6
Pannetone,Pannetone,51188100,1,17,2,53.74,59,37.4,2.3,77,0,4.548,8.66,66,0.411,21.8,17.75,0.683,27.82,2.215,0.736,4.366,8.24,53,0.114,2.33,19,115,152,332,0.88,68,0.19,0.098,0.7,0.46,0.9,pannetone,323.76,10.7,66.4,22.9,2.67,0.71,16.37,0.72,31.5,9.73,36.1,0,0,False,False,1,Unprocessed,Other,Other,5349,3757,31.5,323.76,8.66,53.74,8.24,2.3,17.75,332,68,0.7,0.9,53,2.33,31.5,36.1,10.7,66.4,22.9
Zwieback toast,Zwieback toast,51188500,0,4,1,74.2,8,10.7,2.5,16,0,1.319,10.1,15,0.239,28.7,12.5,0.208,4.5,4.244,2.073,2.525,9.7,20,0.145,0.6,14,55,305,227,0.54,16,0.0,0.082,5.3,2.44,0.9,zwieback toast,424.5,9.5,69.9,20.6,2.38,0.59,4.71,0.141,33.8,7.96,38.1,0,0,False,False,1,Unprocessed,Other,Other,3452,2536,33.8,424.5,10.1,74.2,9.7,2.5,12.5,227,16,5.3,0.9,20,0.6,33.8,38.1,9.5,69.9,20.6
Breadsticks,"Breadsticks, hard, gluten free",51808050,0,4,0,66.3,0,27.1,10.2,174,0,4.833,11.25,0,0.173,17.4,0.86,0.208,3.59,7.004,5.981,2.069,15.84,238,0.549,2.83,164,374,381,438,2.64,0,0.0,0.37,0.0,1.5,13.7,"breadsticks, hard, gluten free",452.76,9.9,58.6,31.5,2.48,2.25,52.57,0.625,49.2,10.87,57.5,0,0,False,False,3,Processed,Other,Other,227,115,49.2,452.76,11.25,66.3,15.84,10.2,0.86,438,0,0.0,13.7,238,2.83,49.2,57.5,9.9,58.6,31.5
Crumpet,Crumpet,52101040,0,0,0,44.17,0,16.0,3.5,42,0,4.07,8.87,0,0.25,22.4,3.53,0.477,43.56,0.383,0.498,0.733,1.69,163,0.135,4.0,24,92,109,425,1.05,0,0.04,0.054,1.8,0.31,1.2,crumpet,227.37,15.6,77.7,6.7,3.9,1.54,71.69,1.759,36.9,16.23,40.7,0,0,False,False,1,Unprocessed,Other,Other,1338,1499,36.9,227.37,8.87,44.17,1.69,3.5,3.53,425,0,1.8,1.2,163,4.0,36.9,40.7,15.6,77.7,6.7
Biscuit,"Biscuit, from refrigerated dough",52102040,0,0,0,49.05,0,19.8,2.8,8,0,3.684,6.79,0,0.299,13.6,8.19,0.447,29.69,2.309,2.688,5.514,11.22,27,0.086,2.57,18,446,152,1002,0.41,0,0.0,0.046,0.0,0.67,9.5,"biscuit, from refrigerated dough",324.34,8.4,60.5,31.1,2.09,0.86,8.32,0.792,29.2,9.0,30.0,0,0,False,False,1,Unprocessed,Other,Other,6445,6613,29.2,324.34,6.79,49.05,11.22,2.8,8.19,1002,0,0.0,9.5,27,2.57,29.2,30.0,8.4,60.5,31.1
Biscuit,"Biscuit, from fast food / restaurant",52103000,0,0,0,42.82,2,0.8,2.5,0,0,3.713,7.08,18,0.303,12.1,3.88,0.441,27.88,2.487,2.199,11.803,18.92,70,0.081,2.76,15,474,131,979,0.5,18,0.0,0.059,0.0,0.47,4.5,"biscuit, from fast food / restaurant",369.88,7.7,46.3,46.0,1.91,0.68,18.93,0.746,27.6,7.46,28.8,0,0,False,False,4,Ultra-processed,Other,Other,6728,6739,27.6,369.88,7.08,42.82,18.92,2.5,3.88,979,18,0.0,4.5,70,2.76,27.6,28.8,7.7,46.3,46.0
Biscuit,"Biscuit, home recipe",52104010,0,29,0,44.4,41,14.9,1.4,8,0,2.784,6.74,140,0.287,18.4,4.48,0.345,29.39,4.307,0.764,9.358,15.46,230,0.078,2.71,17,162,120,801,0.54,142,0.23,0.043,0.0,0.45,1.5,"biscuit, home recipe",343.7,7.8,51.7,40.5,1.96,0.41,66.92,0.788,30.4,8.84,29.3,0,0,False,False,1,Unprocessed,Other,Other,5931,6697,30.4,343.7,6.74,44.4,15.46,1.4,4.48,801,142,0.0,1.5,230,2.71,30.4,29.3,7.8,51.7,40.5
Corn pone,"Corn pone, baked",52208010,28,43,0,39.68,0,4.0,1.9,722,0,2.204,3.5,0,0.169,5.2,0.79,0.218,50.33,1.614,1.378,0.97,4.31,113,0.043,2.36,17,90,71,437,0.33,5,0.0,0.081,0.0,0.27,1.8,"corn pone, baked",211.51,6.6,75.0,18.3,1.65,0.9,53.43,1.116,33.2,15.7,34.4,0,0,False,False,3,Processed,Other,Other,3960,4943,33.2,211.51,3.5,39.68,4.31,1.9,0.79,437,5,0.0,1.8,113,2.36,33.2,34.4,6.6,75.0,18.3
Corn pone,"Corn pone, fried",52208020,27,41,0,37.79,0,3.9,1.8,688,0,2.099,3.34,0,0.161,4.9,0.76,0.209,47.02,3.874,2.907,2.342,9.78,108,0.041,2.25,16,85,68,417,0.31,5,0.0,0.077,0.0,0.61,4.8,"corn pone, fried",252.54,5.3,59.9,34.9,1.32,0.71,42.77,0.891,32.6,12.91,33.9,0,0,False,False,3,Processed,Other,Other,4535,5324,32.6,252.54,3.34,37.79,9.78,1.8,0.76,417,5,0.0,4.8,108,2.25,32.6,33.9,5.3,59.9,34.9
Gordita/sope shell,"Gordita/sope shell, plain, no filling",52208760,0,1,1,36.65,0,4.1,2.7,3,0,2.484,4.18,0,0.196,6.9,0.66,0.3,41.12,6.502,6.087,2.798,16.19,111,0.099,2.46,39,120,112,330,0.77,0,0.0,0.171,0.0,1.49,14.0,"gordita/sope shell, plain, no filling",309.03,5.4,47.4,47.2,1.35,0.87,35.92,0.796,35.1,11.36,37.5,0,0,False,False,1,Unprocessed,Other,Other,2364,2861,35.1,309.03,4.18,36.65,16.19,2.7,0.66,330,0,0.0,14.0,111,2.46,35.1,37.5,5.4,47.4,47.2
Hush puppy,Hush puppy,52209010,0,1,0,40.21,0,11.6,2.9,14,0,2.13,6.16,0,0.07,26.2,3.8,0.17,36.58,7.806,1.762,2.621,13.25,100,0.145,2.55,40,410,256,813,0.73,0,0.0,0.11,0.0,1.06,3.4,hush puppy,304.73,8.1,52.8,39.1,2.02,0.95,32.82,0.837,33.9,11.12,33.6,0,0,False,False,1,Unprocessed,Other,Other,3383,5527,33.9,304.73,6.16,40.21,13.25,2.9,3.8,813,0,0.0,3.4,100,2.55,33.9,33.6,8.1,52.8,39.1
Johnnycake,Johnnycake,52211010,28,44,1,43.77,64,52.8,1.8,815,0,2.294,7.89,36,0.366,11.4,8.67,0.274,37.79,2.696,1.885,2.179,7.38,104,0.055,2.29,25,148,207,918,0.84,42,0.21,0.129,0.5,0.52,2.4,johnnycake,273.06,11.6,64.1,24.3,2.89,0.66,38.09,0.839,31.7,11.61,30.2,0,0,False,False,1,Unprocessed,Other,Other,5221,6597,31.7,273.06,7.89,43.77,7.38,1.8,8.67,918,42,0.5,2.4,104,2.29,31.7,30.2,11.6,64.1,24.3
Spoonbread,Spoonbread,52213010,10,41,2,18.54,78,58.9,0.7,351,0,0.896,6.72,112,0.271,9.4,4.88,0.123,66.09,2.543,1.434,2.251,6.83,128,0.028,1.1,19,150,197,385,0.75,116,0.42,0.101,0.1,0.57,3.6,spoonbread,162.51,16.5,45.6,37.8,4.14,0.43,78.76,0.677,33.1,20.37,34.1,0,0,False,False,3,Processed,Other,Other,4053,5188,33.1,162.51,6.72,18.54,6.83,0.7,4.88,385,116,0.1,3.6,128,1.1,33.1,34.1,16.5,45.6,37.8
Arepa Dominicana,Arepa Dominicana,52220110,19,52,1,30.45,48,38.5,2.4,549,0,1.764,5.68,55,0.21,10.0,3.27,0.173,47.98,2.46,1.459,9.074,13.94,83,0.133,2.32,28,133,202,401,0.74,60,0.18,0.099,0.8,0.54,3.3,arepa dominicana,269.98,8.4,45.1,46.5,2.1,0.89,30.74,0.859,31.9,11.82,35.5,0,0,False,False,1,Unprocessed,Other,Other,5056,4177,31.9,269.98,5.68,30.45,13.94,2.4,3.27,401,60,0.8,3.3,83,2.32,31.9,35.5,8.4,45.1,46.5
Popover,Popover,52311010,0,10,3,34.83,136,91.2,1.1,169,0,2.252,10.88,128,0.429,25.1,4.08,0.297,43.91,2.499,0.971,4.306,8.69,124,0.082,2.44,22,189,212,293,1.04,129,0.48,0.104,0.0,0.49,0.7,popover,261.05,16.7,53.4,30.0,4.17,0.42,47.5,0.935,34.4,13.18,36.2,0,0,False,False,1,Unprocessed,Other,Other,2974,3670,34.4,261.05,10.88,34.83,8.69,1.1,4.08,293,129,0.0,0.7,124,2.44,34.4,36.2,16.7,53.4,30.0
Cheesecake,Cheesecake,53104500,0,34,2,25.5,55,45.9,0.4,62,0,0.195,5.5,156,0.193,5.2,21.8,0.028,45.6,8.634,1.602,9.921,22.5,51,0.02,0.63,11,93,90,438,0.51,159,0.17,0.052,0.4,0.56,4.4,cheesecake,326.5,6.7,31.2,62.0,1.68,0.12,15.62,0.193,25.4,7.78,28.3,0,0,False,False,3,Processed,Other,Other,6912,6780,25.4,326.5,5.5,25.5,22.5,0.4,21.8,438,159,0.4,4.4,51,0.63,25.4,28.3,6.7,31.2,62.0
Pocky,Pocky,53239100,0,1,0,51.08,0,4.4,5.0,7,0,0.641,10.0,1,0.199,14.7,25.0,0.071,15.09,2.065,6.717,12.584,22.5,50,0.225,0.9,36,184,181,213,0.9,1,0.4,0.048,0.0,8.87,1.7,pocky,446.82,9.0,45.7,45.3,2.24,1.12,11.19,0.201,30.2,6.76,41.7,0,0,False,False,1,Unprocessed,Other,Other,6046,1243,30.2,446.82,10.0,51.08,22.5,5.0,25.0,213,1,0.0,1.7,50,0.9,30.2,41.7,9.0,45.7,45.3
Marie biscuit,Marie biscuit,53241510,0,0,0,70.54,0,27.0,3.5,12,0,3.861,7.05,1,0.493,23.9,21.16,0.541,9.79,2.694,1.67,5.291,10.58,0,0.101,0.0,28,193,307,370,0.61,1,0.19,0.074,0.0,0.45,3.8,marie biscuit,405.58,7.0,69.6,23.5,1.74,0.86,0.0,0.0,30.8,7.59,37.3,0,0,False,False,1,Unprocessed,Other,Other,5738,2974,30.8,405.58,7.05,70.54,10.58,3.5,21.16,370,1,0.0,3.8,0,0.0,30.8,37.3,7.0,69.6,23.5
Cookies,"Cookies, Puerto Rican style",53270100,0,0,0,67.37,21,16.8,1.6,9,0,3.082,5.99,0,0.262,19.8,23.31,0.364,2.75,10.095,2.734,8.82,22.91,9,0.085,2.7,13,63,63,271,0.43,0,0.0,0.023,0.0,0.17,0.2,"cookies, puerto rican style",499.63,4.8,53.9,41.3,1.2,0.32,1.8,0.54,27.2,5.44,32.5,0,0,False,False,1,Unprocessed,Other,Other,6771,5955,27.2,499.63,5.99,67.37,22.91,1.6,23.31,271,0,0.0,0.2,9,2.7,27.2,32.5,4.8,53.9,41.3
Fritter,"Fritter, berry",53415220,0,28,2,31.37,65,52.3,1.8,119,0,1.361,5.62,62,0.227,13.0,12.88,0.164,40.4,8.904,5.993,5.625,21.95,51,0.07,1.44,13,91,125,54,0.57,64,0.25,0.075,3.5,1.78,21.5,"fritter, berry",345.51,6.5,36.3,57.2,1.63,0.52,14.76,0.417,31.9,9.23,37.0,0,0,False,False,1,Unprocessed,Other,Other,5056,3160,31.9,345.51,5.62,31.37,21.95,1.8,12.88,54,64,3.5,21.5,51,1.44,31.9,37.0,6.5,36.3,57.2
Tamale,"Tamale, sweet",53430700,0,2,2,35.61,0,2.3,2.3,4,0,1.354,2.22,0,0.108,2.8,15.44,0.177,48.45,5.02,3.692,3.029,12.57,49,0.062,1.4,25,60,73,265,0.49,0,0.0,0.112,0.0,0.77,6.5,"tamale, sweet",264.45,3.4,53.9,42.8,0.84,0.87,18.53,0.529,30.7,11.61,35.1,0,0,False,False,1,Unprocessed,Other,Other,5780,4450,30.7,264.45,2.22,35.61,12.57,2.3,15.44,265,0,0.0,6.5,49,1.4,30.7,35.1,3.4,53.9,42.8
Strudel,"Strudel, berry",53440300,0,56,1,46.11,15,16.6,2.5,66,0,1.45,3.46,55,0.14,8.3,26.95,0.168,43.44,2.72,1.905,1.211,6.27,26,0.077,1.32,11,43,82,150,0.36,60,0.06,0.052,5.4,0.99,18.3,"strudel, berry",254.71,5.4,72.4,22.2,1.36,0.98,10.21,0.518,30.8,12.09,36.9,0,0,False,False,1,Unprocessed,Other,Other,5738,3242,30.8,254.71,3.46,46.11,6.27,2.5,26.95,150,60,5.4,18.3,26,1.32,30.8,36.9,5.4,72.4,22.2
Basbousa,Basbousa,53441210,0,1,0,44.07,3,7.6,0.5,3,0,1.008,4.15,13,0.179,7.6,30.4,0.131,42.38,3.289,2.174,2.361,8.46,113,0.037,0.94,12,95,123,83,0.5,13,0.15,0.026,0.2,0.52,4.0,basbousa,269.02,6.2,65.5,28.3,1.54,0.19,42.0,0.349,29.7,11.04,33.2,0,0,False,False,1,Unprocessed,Other,Other,6268,5690,29.7,269.02,4.15,44.07,8.46,0.5,30.4,83,13,0.2,4.0,113,0.94,29.7,33.2,6.2,65.5,28.3
Turnover or dumpling,"Turnover or dumpling, berry",53450300,0,10,0,45.37,0,5.8,1.9,30,0,1.935,3.77,0,0.166,11.5,16.18,0.226,32.1,7.13,5.029,4.359,17.69,8,0.072,1.7,10,41,65,314,0.3,1,0.0,0.033,3.2,1.3,17.0,"turnover or dumpling, berry",355.77,4.2,51.0,44.8,1.06,0.53,2.25,0.478,29.5,8.29,33.6,0,0,False,False,1,Unprocessed,Other,Other,6342,5527,29.5,355.77,3.77,45.37,17.69,1.9,16.18,314,1,3.2,17.0,8,1.7,29.5,33.6,4.2,51.0,44.8
Churros,Churros,53520200,1,4,2,48.87,29,28.6,2.6,38,0,2.567,6.05,5,0.182,15.4,23.38,0.305,21.63,7.09,3.509,9.247,22.21,110,0.09,2.42,17,115,105,309,0.62,5,0.11,0.038,1.2,1.42,11.6,churros,419.57,5.8,46.6,47.6,1.44,0.62,26.22,0.577,29.5,7.03,35.3,0,0,False,False,1,Unprocessed,Other,Other,6342,4322,29.5,419.57,6.05,48.87,22.21,2.6,23.38,309,5,1.2,11.6,110,2.42,29.5,35.3,5.8,46.6,47.6
Beignet,Beignet,53520510,1,3,1,53.69,27,25.9,1.9,32,0,2.32,5.46,4,0.167,14.0,31.09,0.277,19.58,6.443,3.189,8.403,20.18,90,0.079,2.12,15,104,91,281,0.54,4,0.1,0.033,1.1,1.27,10.2,beignet,418.22,5.2,51.4,43.4,1.31,0.45,21.52,0.507,27.9,6.67,33.4,0,0,False,False,1,Unprocessed,Other,Other,6691,5614,27.9,418.22,5.46,53.69,20.18,1.9,31.09,281,4,1.1,10.2,90,2.12,27.9,33.4,5.2,51.4,43.4
Graham crackers,Graham crackers,54102010,0,1,0,77.66,0,5.9,3.4,77,0,4.439,6.69,0,0.317,6.3,24.85,0.265,3.39,2.509,5.388,1.633,10.6,77,0.17,3.78,40,185,170,516,0.96,0,0.0,0.156,0.0,1.51,14.3,graham crackers,432.8,6.2,71.8,22.0,1.55,0.79,17.79,0.873,33.3,7.69,36.7,0,0,False,False,3,Processed,Other,Other,3865,3378,33.3,432.8,6.69,77.66,10.6,3.4,24.85,516,0,0.0,14.3,77,3.78,33.3,36.7,6.2,71.8,22.0
Graham crackers (Teddy Grahams),Graham crackers (Teddy Grahams),54102015,0,1,0,77.66,0,5.9,3.4,77,0,4.439,6.69,0,0.317,6.3,24.85,0.265,3.39,2.509,5.388,1.633,10.6,77,0.17,3.78,40,185,170,516,0.96,0,0.0,0.156,0.0,1.51,14.3,graham crackers (teddy grahams),432.8,6.2,71.8,22.0,1.55,0.79,17.79,0.873,33.3,7.69,36.7,0,0,False,False,3,Processed,Other,Other,3865,3378,33.3,432.8,6.69,77.66,10.6,3.4,24.85,516,0,0.0,14.3,77,3.78,33.3,36.7,6.2,71.8,22.0
Crackers,"Crackers, Cuban",54102060,0,0,0,73.8,0,8.4,1.0,2,0,3.031,5.6,0,0.264,5.6,17.6,0.355,5.8,7.13,1.729,3.212,12.8,74,0.373,6.43,52,95,346,459,0.45,0,0.0,0.104,0.0,0.11,5.5,"crackers, cuban",432.8,5.2,68.2,26.6,1.29,0.23,17.1,1.486,34.8,8.04,32.8,0,0,False,False,1,Unprocessed,Other,Other,2615,5864,34.8,432.8,5.6,73.8,12.8,1.0,17.6,459,0,0.0,5.5,74,6.43,34.8,32.8,5.2,68.2,26.6
Graham crackers,"Graham crackers, reduced fat",54102100,0,2,0,77.96,0,12.3,5.7,105,0,3.818,5.71,0,0.236,33.7,22.86,0.453,8.01,1.718,3.367,0.0,5.71,429,0.197,3.09,56,163,171,629,1.16,0,0.0,0.158,0.0,0.86,2.5,"graham crackers, reduced fat",386.07,5.9,80.8,13.3,1.48,1.48,111.12,0.8,39.4,10.21,42.7,0,0,False,False,3,Processed,Other,Other,693,1020,39.4,386.07,5.71,77.96,5.71,5.7,22.86,629,0,0.0,2.5,429,3.09,39.4,42.7,5.9,80.8,13.3
Crackers,"Crackers, breakfast biscuit",54103000,0,2,10,70.99,0,19.8,7.3,102,1,4.079,7.12,0,0.153,9.9,22.83,0.343,5.1,5.321,6.273,2.235,15.07,46,0.28,3.94,78,234,276,430,1.55,1,0.0,0.144,0.2,1.4,13.5,"crackers, breakfast biscuit",448.07,6.4,63.4,30.3,1.59,1.63,10.27,0.879,38.0,8.48,47.1,0,0,False,False,1,Unprocessed,Other,Other,936,508,38.0,448.07,7.12,70.99,15.07,7.3,22.83,430,1,0.2,13.5,46,3.94,38.0,47.1,6.4,63.4,30.3
Crackers,"Crackers, matzo, reduced sodium",54201010,0,0,0,83.7,0,10.8,3.0,18,0,3.892,10.0,0,0.291,36.9,0.29,0.387,4.3,0.127,0.603,0.226,1.4,13,0.06,3.16,25,89,112,0,0.68,0,0.0,0.115,0.0,0.06,0.3,"crackers, matzo, reduced sodium",387.4,10.3,86.4,3.3,2.58,0.77,3.36,0.816,36.8,9.5,42.4,0,0,False,False,1,Unprocessed,Other,Other,1374,1089,36.8,387.4,10.0,83.7,1.4,3.0,0.29,0,0,0.0,0.3,13,3.16,36.8,42.4,10.3,86.4,3.3
Crackers,"Crackers, saltine, reduced sodium",54202020,0,0,0,73.48,0,19.4,2.9,17,0,5.174,9.39,0,0.327,6.3,2.19,0.604,3.99,2.221,4.021,1.978,8.75,118,0.154,5.07,25,110,716,646,0.81,0,0.09,0.059,0.0,1.11,15.2,"crackers, saltine, reduced sodium",410.23,9.2,71.6,19.2,2.29,0.71,28.76,1.236,40.0,9.75,37.7,0,0,False,False,2,Minimally processed,Other,Other,637,2751,40.0,410.23,9.39,73.48,8.75,2.9,2.19,646,0,0.0,15.2,118,5.07,40.0,37.7,9.2,71.6,19.2
Crackers,"Crackers, crispbread",54305010,0,0,0,82.2,0,20.2,16.5,194,0,1.04,7.9,0,0.145,36.6,1.07,0.243,6.1,0.165,0.557,0.145,1.3,31,0.255,2.43,78,269,319,410,2.39,0,0.0,0.21,0.0,0.81,6.0,"crackers, crispbread",372.1,8.5,88.4,3.1,2.12,4.43,8.33,0.653,46.2,12.42,56.3,0,0,False,False,3,Processed,Other,Other,321,157,46.2,372.1,7.9,82.2,1.3,16.5,1.07,410,0,0.0,6.0,31,2.43,46.2,56.3,8.5,88.4,3.1
Crackers,"Crackers, matzo",54307000,0,0,0,83.7,0,10.8,3.0,18,0,3.892,10.0,0,0.291,36.9,0.29,0.387,4.3,0.127,0.603,0.226,1.4,13,0.06,3.16,25,89,112,0,0.68,0,0.0,0.115,0.0,0.06,0.3,"crackers, matzo",387.4,10.3,86.4,3.3,2.58,0.77,3.36,0.816,36.8,9.5,42.4,0,0,False,False,1,Unprocessed,Other,Other,1374,1089,36.8,387.4,10.0,83.7,1.4,3.0,0.29,0,0,0.0,0.3,13,3.16,36.8,42.4,10.3,86.4,3.3
Crackers,"Crackers, saltine",54325000,0,0,0,74.05,0,16.7,2.8,17,0,6.442,9.46,1,0.487,10.3,1.29,0.702,5.05,1.986,4.835,1.653,8.64,19,0.139,5.57,23,102,152,941,0.69,1,0.09,0.086,0.0,1.15,25.4,"crackers, saltine",411.8,9.2,71.9,18.9,2.3,0.68,4.61,1.353,33.9,8.23,32.5,0,0,False,False,2,Minimally processed,Other,Other,3383,5955,33.9,411.8,9.46,74.05,8.64,2.8,1.29,941,1,0.0,25.4,19,5.57,33.9,32.5,9.2,71.9,18.9
Crackers,"Crackers, saltine, reduced fat",54325010,0,0,0,82.3,0,19.6,2.7,9,0,5.714,10.5,0,0.59,21.4,0.38,0.518,3.4,0.142,0.685,0.244,1.6,22,0.145,7.72,26,113,115,849,0.94,0,0.0,0.085,0.0,0.12,4.9,"crackers, saltine, reduced fat",385.6,10.9,85.4,3.7,2.72,0.7,5.71,2.002,35.2,9.13,33.9,0,0,False,False,2,Minimally processed,Other,Other,2294,5324,35.2,385.6,10.5,82.3,1.6,2.7,0.38,849,0,0.0,4.9,22,7.72,35.2,33.9,10.9,85.4,3.7
Crackers,"Crackers, saltine, multigrain",54325060,0,1,0,68.25,0,8.1,6.7,80,0,4.427,7.14,0,0.225,25.8,0.0,0.465,9.85,2.793,7.229,0.0,10.71,0,0.266,5.14,70,196,221,1214,1.46,0,0.0,0.213,0.0,1.19,18.3,"crackers, saltine, multigrain",397.95,7.2,68.6,24.2,1.79,1.68,0.0,1.292,37.1,9.32,38.9,0,0,False,False,2,Minimally processed,Other,Other,1253,2156,37.1,397.95,7.14,68.25,10.71,6.7,0.0,1214,0,0.0,18.3,0,5.14,37.1,38.9,7.2,68.6,24.2
Crackers,"Crackers, multigrain",54326000,1,2,0,67.6,0,10.4,3.5,73,0,3.4,7.1,0,0.28,26.1,12.0,0.52,2.5,5.0,11.8,3.3,20.4,14,0.151,2.59,29,292,171,883,0.98,0,0.0,0.117,0.0,1.75,36.0,"crackers, multigrain",482.4,5.9,56.1,38.1,1.47,0.73,2.9,0.537,31.6,6.55,32.9,0,0,False,False,1,Unprocessed,Other,Other,5298,5831,31.6,482.4,7.1,67.6,20.4,3.5,12.0,883,0,0.0,36.0,14,2.59,31.6,32.9,5.9,56.1,38.1
Crackers,"Crackers, wonton",54336100,0,1,0,51.9,0,8.1,1.9,54,0,2.52,10.33,0,0.112,32.1,0.25,0.195,4.93,7.617,16.949,4.931,31.72,21,0.122,1.76,21,87,89,378,0.63,0,0.0,0.027,0.0,3.29,6.3,"crackers, wonton",534.4,7.7,38.8,53.4,1.93,0.36,3.93,0.329,32.2,6.03,34.7,0,0,False,False,1,Unprocessed,Other,Other,4834,4716,32.2,534.4,10.33,51.9,31.72,1.9,0.25,378,0,0.0,6.3,21,1.76,32.2,34.7,7.7,38.8,53.4
Crackers,"Crackers, corn",54339000,0,4,0,70.73,0,27.2,6.9,180,0,4.022,7.3,0,0.146,9.9,15.48,0.284,2.75,3.47,8.474,3.21,16.4,92,0.274,2.64,72,302,283,699,1.64,0,0.0,0.244,0.0,1.55,14.2,"crackers, corn",459.72,6.4,61.5,32.1,1.59,1.5,20.01,0.574,37.0,8.05,43.6,0,0,False,False,1,Unprocessed,Other,Other,1295,860,37.0,459.72,7.3,70.73,16.4,6.9,15.48,699,0,0.0,14.2,92,2.64,37.0,43.6,6.4,61.5,32.1
Crackers,"Crackers, gluten free, plain",54340100,0,4,0,66.3,0,27.1,10.2,174,0,4.833,11.25,0,0.173,17.4,0.86,0.208,3.59,7.004,5.981,2.069,15.84,238,0.549,2.83,164,374,381,438,2.64,0,0.0,0.37,0.0,1.5,13.7,"crackers, gluten free, plain",452.76,9.9,58.6,31.5,2.48,2.25,52.57,0.625,49.2,10.87,57.5,0,0,False,False,1,Unprocessed,Other,Other,227,115,49.2,452.76,11.25,66.3,15.84,10.2,0.86,438,0,0.0,13.7,238,2.83,49.2,57.5,9.9,58.6,31.5
Crackers,"Crackers, gluten free, flavored",54340110,0,4,0,66.3,0,27.1,10.2,174,0,4.833,11.25,0,0.173,17.4,0.86,0.208,3.59,7.004,5.981,2.069,15.84,238,0.549,2.83,164,374,381,438,2.64,0,0.0,0.37,0.0,1.5,13.7,"crackers, gluten free, flavored",452.76,9.9,58.6,31.5,2.48,2.25,52.57,0.625,49.2,10.87,57.5,0,0,False,False,1,Unprocessed,Other,Other,227,115,49.2,452.76,11.25,66.3,15.84,10.2,0.86,438,0,0.0,13.7,238,2.83,49.2,57.5,9.9,58.6,31.5
Corn nuts,Corn nuts,54401011,0,0,0,71.86,0,20.6,6.9,0,0,1.694,8.5,0,0.13,14.8,0.61,0.041,1.3,9.46,3.05,2.43,15.64,9,0.115,1.67,113,275,278,564,1.78,0,0.0,0.229,0.0,1.98,9.3,corn nuts,462.2,7.4,62.2,30.5,1.84,1.49,1.95,0.361,39.8,8.61,46.0,0,0,False,False,1,Unprocessed,Other,Other,654,587,39.8,462.2,8.5,71.86,15.64,6.9,0.61,564,0,0.0,9.3,9,1.67,39.8,46.0,7.4,62.2,30.5
Snack mix,Snack mix,54402200,0,5,10,62.76,2,16.9,3.3,126,0,3.019,7.0,0,0.152,6.4,1.77,0.179,2.0,7.065,12.751,3.594,25.61,81,0.086,2.37,48,168,181,757,0.95,1,0.17,0.122,0.4,4.04,7.3,snack mix,509.53,5.5,49.3,45.2,1.37,0.65,15.9,0.465,34.0,6.67,34.5,0,0,False,False,1,Unprocessed,Other,Other,3306,4871,34.0,509.53,7.0,62.76,25.61,3.3,1.77,757,1,0.4,7.3,81,2.37,34.0,34.5,5.5,49.3,45.2
Potato chips,"Potato chips, restructured, multigrain",54402610,0,0,0,65.34,0,32.9,2.7,0,0,2.558,5.3,0,0.085,8.4,4.08,0.132,2.27,4.285,10.614,6.307,24.74,26,0.141,0.85,40,127,330,544,0.91,0,0.0,0.252,0.7,9.08,7.3,"potato chips, restructured, multigrain",505.22,4.2,51.7,44.1,1.05,0.53,5.15,0.168,32.4,6.41,34.3,0,0,False,False,4,Ultra-processed,Other,Other,4691,5023,32.4,505.22,5.3,65.34,24.74,2.7,4.08,544,0,0.7,7.3,26,0.85,32.4,34.3,4.2,51.7,44.1
Pretzels,"Pretzels, hard, plain, salted",54408016,0,0,0,80.39,0,29.5,3.4,9,0,5.27,10.04,0,0.332,4.4,2.21,0.424,3.13,0.727,1.291,0.391,2.93,27,0.156,4.58,29,128,223,1240,1.04,0,0.0,0.074,2.1,0.47,2.8,"pretzels, hard, plain, salted",388.09,10.3,82.9,6.8,2.59,0.88,6.96,1.18,33.4,8.61,31.1,0,0,False,False,2,Minimally processed,Other,Other,3793,6435,33.4,388.09,10.04,80.39,2.93,3.4,2.21,1240,0,2.1,2.8,27,4.58,33.4,31.1,10.3,82.9,6.8
Pretzels,"Pretzels, hard, plain, lightly salted",54408017,0,0,0,79.8,0,26.5,3.1,4,0,5.26,9.57,0,0.478,5.1,2.21,0.442,3.22,1.044,1.256,0.57,3.22,32,0.21,4.45,32,120,184,745,0.94,0,0.0,0.095,1.0,0.41,1.8,"pretzels, hard, plain, lightly salted",386.46,9.9,82.6,7.5,2.48,0.8,8.28,1.151,34.9,9.03,35.3,0,0,False,False,2,Minimally processed,Other,Other,2524,4322,34.9,386.46,9.57,79.8,3.22,3.1,2.21,745,0,1.0,1.8,32,4.45,34.9,35.3,9.9,82.6,7.5
Pretzels,"Pretzels, hard, plain, unsalted",54408030,0,0,0,79.2,0,23.5,2.8,0,0,5.251,9.1,0,0.623,5.8,2.21,0.461,3.3,1.36,1.22,0.75,3.5,36,0.264,4.32,35,113,146,250,0.85,0,0.0,0.116,0.0,0.35,0.9,"pretzels, hard, plain, unsalted",384.7,9.5,82.3,8.2,2.37,0.73,9.36,1.123,36.5,9.49,39.6,0,0,False,False,2,Minimally processed,Other,Other,1551,1874,36.5,384.7,9.1,79.2,3.5,2.8,2.21,250,0,0.0,0.9,36,4.32,36.5,39.6,9.5,82.3,8.2
Pretzels,"Pretzels, hard, flavored",54408035,0,0,0,79.44,0,29.2,3.4,9,0,5.208,9.92,0,0.328,4.3,2.18,0.419,3.09,1.132,1.683,0.522,3.88,27,0.154,4.53,29,126,220,1302,1.03,0,0.0,0.073,2.1,0.58,3.9,"pretzels, hard, flavored",392.36,10.1,81.0,8.9,2.53,0.87,6.88,1.155,33.1,8.44,30.4,0,0,False,False,1,Unprocessed,Other,Other,4053,6563,33.1,392.36,9.92,79.44,3.88,3.4,2.18,1302,0,2.1,3.9,27,4.53,33.1,30.4,10.1,81.0,8.9
Pretzels,"Pretzels, hard, multigrain",54408070,0,0,0,80.08,0,30.4,4.2,14,0,5.433,10.15,0,0.337,5.8,2.17,0.426,3.26,0.725,1.309,0.396,2.96,28,0.173,4.7,40,145,242,1216,1.16,0,0.0,0.098,2.1,0.49,2.8,"pretzels, hard, multigrain",387.56,10.5,82.7,6.9,2.62,1.08,7.22,1.213,34.7,8.95,33.5,0,0,False,False,1,Unprocessed,Other,Other,2724,5572,34.7,387.56,10.15,80.08,2.96,4.2,2.17,1216,0,2.1,2.8,28,4.7,34.7,33.5,10.5,82.7,6.9
Pretzels,"Pretzels, hard, plain, gluten free",54408081,0,0,0,78.62,0,2.9,3.3,0,0,0.232,3.52,0,0.003,2.2,4.22,0.015,6.91,2.406,0.63,3.307,6.67,0,0.052,0.46,7,21,69,1567,0.09,0,0.0,0.051,0.3,1.07,0.5,"pretzels, hard, plain, gluten free",388.59,3.6,80.9,15.4,0.91,0.85,0.0,0.118,25.2,6.48,23.7,0,0,False,False,1,Unprocessed,Other,Other,6922,6965,25.2,388.59,3.52,78.62,6.67,3.3,4.22,1567,0,0.3,0.5,0,0.46,25.2,23.7,3.6,80.9,15.4
Pretzels,"Pretzels, hard, flavored, gluten free",54408082,0,0,0,77.69,0,2.9,3.3,0,0,0.229,3.48,0,0.003,2.2,4.17,0.015,6.83,2.791,1.03,3.403,7.58,0,0.051,0.46,7,21,68,1625,0.09,0,0.0,0.05,0.3,1.17,1.7,"pretzels, hard, flavored, gluten free",392.9,3.5,79.1,17.4,0.89,0.84,0.0,0.117,25.0,6.36,23.1,0,0,False,False,1,Unprocessed,Other,Other,6933,6984,25.0,392.9,3.48,77.69,7.58,3.3,4.17,1625,0,0.3,1.7,0,0.46,25.0,23.1,3.5,79.1,17.4
Pretzels,"Pretzels, hard, coated, gluten free",54408260,0,0,0,75.06,8,13.0,1.4,0,0,0.391,3.76,4,0.118,2.8,45.25,0.031,3.29,4.601,0.657,9.088,15.57,80,0.046,0.29,8,79,142,663,0.33,4,0.22,0.043,0.3,0.81,3.8,"pretzels, hard, coated, gluten free",455.41,3.3,65.9,30.8,0.83,0.31,17.57,0.064,22.8,5.01,26.7,0,1,False,False,1,Unprocessed,Other,Other,7004,6880,22.8,455.41,3.76,75.06,15.57,1.4,45.25,663,4,0.3,3.8,80,0.29,22.8,26.7,3.3,65.9,30.8
Pretzels,"Pretzels, soft, ready-to-eat, salted, buttered",54408410,0,2,0,69.38,2,17.5,1.7,17,0,4.17,8.01,8,0.283,16.8,0.24,0.4,14.66,1.326,0.962,1.283,4.0,23,0.123,3.83,21,77,86,775,0.92,8,0.0,0.02,0.0,0.56,2.7,"pretzels, soft, ready-to-eat, salted, buttered",345.56,9.3,80.3,10.4,2.32,0.49,6.66,1.108,32.1,9.29,31.0,0,0,False,False,2,Minimally processed,Other,Other,4911,6457,32.1,345.56,8.01,69.38,4.0,1.7,0.24,775,8,0.0,2.7,23,3.83,32.1,31.0,9.3,80.3,10.4
Pretzels,"Pretzels, soft, ready-to-eat, unsalted, buttered",54408411,0,2,0,70.34,3,17.7,1.7,17,0,4.228,8.12,8,0.287,17.0,0.25,0.406,14.85,1.345,0.975,1.301,4.05,23,0.125,3.88,21,78,87,250,0.93,8,0.0,0.02,0.0,0.56,2.8,"pretzels, soft, ready-to-eat, unsalted, buttered",350.29,9.3,80.3,10.4,2.32,0.49,6.57,1.108,34.4,9.82,36.5,0,0,False,False,2,Minimally processed,Other,Other,2974,3498,34.4,350.29,8.12,70.34,4.05,1.7,0.25,250,8,0.0,2.8,23,3.88,34.4,36.5,9.3,80.3,10.4
Pretzels,"Pretzels, soft, ready-to-eat, coated or flavored",54408422,0,9,0,66.02,13,17.6,1.6,16,0,3.962,7.89,40,0.272,16.3,0.23,0.381,14.14,2.386,1.062,3.661,7.75,31,0.117,3.64,20,79,84,896,0.91,41,0.01,0.019,0.0,0.64,2.9,"pretzels, soft, ready-to-eat, coated or flavored",365.39,8.6,72.3,19.1,2.16,0.44,8.48,0.996,30.6,8.37,29.1,0,1,False,False,1,Unprocessed,Other,Other,5843,6714,30.6,365.39,7.89,66.02,7.75,1.6,0.23,896,41,0.0,2.9,31,3.64,30.6,29.1,8.6,72.3,19.1
Pretzels,"Pretzels, soft, ready-to-eat, topped with meat",54408430,0,0,0,53.36,20,23.1,1.3,13,0,3.968,11.48,24,0.292,19.4,0.49,0.347,22.3,3.708,1.483,3.804,9.93,96,0.109,3.12,21,140,121,438,1.46,24,0.34,0.074,0.0,0.59,2.6,"pretzels, soft, ready-to-eat, topped with meat",348.73,13.2,61.2,25.6,3.29,0.37,27.53,0.895,33.9,9.72,34.5,0,0,False,False,1,Unprocessed,Other,Other,3383,4871,33.9,348.73,11.48,53.36,9.93,1.3,0.49,438,24,0.0,2.6,96,3.12,33.9,34.5,13.2,61.2,25.6
Pretzels,"Pretzels, soft, from frozen, salted",54408455,0,0,0,70.06,0,17.5,1.7,17,0,4.211,8.09,0,0.286,17.0,0.25,0.404,14.8,1.056,0.935,0.685,3.06,23,0.124,3.87,21,78,87,783,0.93,0,0.0,0.02,0.0,0.53,2.7,"pretzels, soft, from frozen, salted",340.14,9.5,82.4,8.1,2.38,0.5,6.76,1.138,32.3,9.5,31.1,0,0,False,False,2,Minimally processed,Other,Other,4772,6435,32.3,340.14,8.09,70.06,3.06,1.7,0.25,783,0,0.0,2.7,23,3.87,32.3,31.1,9.5,82.4,8.1
Pretzels,"Pretzels, soft, from frozen, unsalted",54408456,0,0,0,71.04,0,17.7,1.7,17,0,4.27,8.2,0,0.29,17.2,0.25,0.41,15.0,1.071,0.948,0.695,3.1,23,0.126,3.92,21,79,88,252,0.94,0,0.0,0.02,0.0,0.54,2.7,"pretzels, soft, from frozen, unsalted",344.86,9.5,82.4,8.1,2.38,0.49,6.67,1.137,34.6,10.03,36.6,0,0,False,False,2,Minimally processed,Other,Other,2801,3437,34.6,344.86,8.2,71.04,3.1,1.7,0.25,252,0,0.0,2.7,23,3.92,34.6,36.6,9.5,82.4,8.1
Pretzels,"Pretzels, soft, from frozen, coated or flavored",54408462,0,9,0,66.02,13,17.6,1.6,16,0,3.962,7.89,40,0.272,16.3,0.23,0.381,14.14,2.386,1.062,3.661,7.75,31,0.117,3.64,20,79,84,896,0.91,41,0.01,0.019,0.0,0.64,2.9,"pretzels, soft, from frozen, coated or flavored",365.39,8.6,72.3,19.1,2.16,0.44,8.48,0.996,30.6,8.37,29.1,0,1,False,False,1,Unprocessed,Other,Other,5843,6714,30.6,365.39,7.89,66.02,7.75,1.6,0.23,896,41,0.0,2.9,31,3.64,30.6,29.1,8.6,72.3,19.1
Pretzels,"Pretzels, soft, from frozen, topped with meat",54408465,0,0,0,53.36,20,23.1,1.3,13,0,3.968,11.48,24,0.292,19.4,0.49,0.347,22.3,3.708,1.483,3.804,9.93,96,0.109,3.12,21,140,121,438,1.46,24,0.34,0.074,0.0,0.59,2.6,"pretzels, soft, from frozen, topped with meat",348.73,13.2,61.2,25.6,3.29,0.37,27.53,0.895,33.9,9.72,34.5,0,0,False,False,1,Unprocessed,Other,Other,3383,4871,33.9,348.73,11.48,53.36,9.93,1.3,0.49,438,24,0.0,2.6,96,3.12,33.9,34.5,13.2,61.2,25.6
Pretzels,"Pretzels, soft, from school lunch",54408475,0,0,0,70.73,0,20.4,3.7,28,0,4.713,8.55,0,0.304,20.1,0.26,0.415,14.76,1.05,1.008,0.692,3.16,25,0.168,4.24,49,123,140,240,1.24,0,0.0,0.081,0.0,0.58,2.7,"pretzels, soft, from school lunch",345.56,9.9,81.9,8.2,2.47,1.07,7.23,1.227,37.5,10.85,42.0,0,0,False,False,1,Unprocessed,Other,Other,1102,1179,37.5,345.56,8.55,70.73,3.16,3.7,0.26,240,0,0.0,2.7,25,4.24,37.5,42.0,9.9,81.9,8.2
Pretzels,"Pretzels, soft, multigrain",54408480,0,0,0,70.26,0,20.3,3.6,27,0,4.682,8.49,0,0.302,19.9,0.26,0.413,14.66,1.043,1.002,0.687,3.13,26,0.166,4.21,49,123,139,495,1.23,0,0.0,0.081,0.0,0.58,2.6,"pretzels, soft, multigrain",343.17,9.9,81.9,8.2,2.47,1.05,7.58,1.227,36.4,10.61,39.1,0,0,False,False,1,Unprocessed,Other,Other,1618,2062,36.4,343.17,8.49,70.26,3.13,3.6,0.26,495,0,0.0,2.6,26,4.21,36.4,39.1,9.9,81.9,8.2
Pretzels,"Pretzels, soft, gluten free",54408485,0,0,0,57.27,0,9.2,4.0,0,0,1.885,4.03,0,0.329,1.0,3.77,0.249,30.36,2.148,0.556,1.792,5.74,90,0.067,1.87,10,40,73,839,0.34,0,0.0,0.065,0.1,0.76,0.4,"pretzels, soft, gluten free",296.86,5.4,77.2,17.4,1.36,1.35,30.32,0.63,31.3,10.54,34.1,0,0,False,False,1,Unprocessed,Other,Other,5473,5188,31.3,296.86,4.03,57.27,5.74,4.0,3.77,839,0,0.1,0.4,90,1.87,31.3,34.1,5.4,77.2,17.4
Pretzels,"Pretzels, soft, gluten free, coated or flavored",54408487,0,9,0,54.15,13,9.9,3.7,0,0,1.779,4.1,41,0.314,1.3,3.56,0.235,28.87,3.442,0.71,4.758,10.37,93,0.064,1.77,10,44,71,808,0.36,42,0.01,0.062,0.1,0.86,0.8,"pretzels, soft, gluten free, coated or flavored",326.33,5.0,66.4,28.6,1.26,1.13,28.5,0.542,30.2,9.25,33.3,0,1,False,False,1,Unprocessed,Other,Other,6046,5648,30.2,326.33,4.1,54.15,10.37,3.7,3.56,808,42,0.1,0.8,93,1.77,30.2,33.3,5.0,66.4,28.6
Multigrain chips (Sun Chips),Multigrain chips (Sun Chips),54420210,19,29,0,67.26,0,14.8,8.8,441,0,2.1,7.95,0,0.02,12.2,7.2,0.14,2.04,11.501,6.513,2.166,21.11,20,0.227,1.74,76,222,232,423,1.65,3,0.0,0.2,0.0,7.04,2.4,multigrain chips (sun chips),490.83,6.5,54.8,38.7,1.62,1.79,4.07,0.355,38.9,7.93,50.6,0,0,False,False,4,Ultra-processed,Other,Other,769,339,38.9,490.83,7.95,67.26,21.11,8.8,7.2,423,3,0.0,2.4,20,1.74,38.9,50.6,6.5,54.8,38.7
Snack mix,"Snack mix, plain (Chex Mix)",54420220,0,2,0,75.69,4,6.5,5.8,90,0,5.037,8.83,0,0.316,7.0,7.35,0.356,2.98,4.459,3.751,1.601,10.0,50,0.167,4.4,51,170,209,696,1.67,0,0.13,0.192,0.1,0.98,14.7,"snack mix, plain (chex mix)",428.08,8.3,70.7,21.0,2.06,1.35,11.68,1.028,37.0,8.64,41.7,0,0,False,False,1,Unprocessed,Other,Other,1295,1243,37.0,428.08,8.83,75.69,10.0,5.8,7.35,696,0,0.1,14.7,50,4.4,37.0,41.7,8.3,70.7,21.0
Pancakes,"Pancakes, plain, from frozen",55100010,0,1,0,37.75,18,14.6,1.0,56,0,6.357,5.23,430,0.38,10.8,8.32,0.56,48.37,1.554,3.831,1.162,6.83,78,0.072,5.67,14,215,90,461,0.4,430,1.62,0.52,0.3,0.62,6.5,"pancakes, plain, from frozen",233.39,9.0,64.7,26.3,2.24,0.43,33.42,2.429,33.0,14.14,32.7,0,0,False,False,1,Unprocessed,Other,Other,4135,5902,33.0,233.39,5.23,37.75,6.83,1.0,8.32,461,430,0.3,6.5,78,5.67,33.0,32.7,9.0,64.7,26.3
Pancakes,"Pancakes, plain, reduced fat, from fozen",55100015,0,12,1,36.09,62,46.4,2.2,101,0,1.433,7.6,74,0.27,10.7,7.23,0.23,43.87,3.334,2.736,2.784,9.58,212,0.058,1.49,21,336,179,523,0.75,75,0.38,0.152,0.0,1.08,6.8,"pancakes, plain, reduced fat, from fozen",260.98,11.6,55.3,33.0,2.91,0.84,81.23,0.571,34.3,13.14,35.5,0,0,False,False,1,Unprocessed,Other,Other,3064,4177,34.3,260.98,7.6,36.09,9.58,2.2,7.23,523,75,0.0,6.8,212,1.49,34.3,35.5,11.6,55.3,33.0
Pancakes,"Pancakes, whole grain, from frozen",55100030,0,1,0,38.55,17,16.4,2.3,61,0,6.574,5.54,417,0.386,12.8,8.08,0.556,47.22,1.526,3.782,1.146,6.75,78,0.1,5.82,32,239,123,447,0.61,417,1.57,0.543,0.2,0.65,6.4,"pancakes, whole grain, from frozen",237.11,9.3,65.0,25.6,2.34,0.97,32.9,2.455,34.9,14.72,36.2,0,0,False,False,1,Unprocessed,Other,Other,2524,3670,34.9,237.11,5.54,38.55,6.75,2.3,8.08,447,417,0.2,6.4,78,5.82,34.9,36.2,9.3,65.0,25.6
Pancakes,"Pancakes, whole grain, reduced fat, from frozen",55100035,0,1,0,38.55,17,16.4,2.3,61,0,6.574,5.54,417,0.386,12.8,8.08,0.556,47.22,1.526,3.782,1.146,6.75,78,0.1,5.82,32,239,123,447,0.61,417,1.57,0.543,0.2,0.65,6.4,"pancakes, whole grain, reduced fat, from frozen",237.11,9.3,65.0,25.6,2.34,0.97,32.9,2.455,34.9,14.72,36.2,0,0,False,False,1,Unprocessed,Other,Other,2524,3670,34.9,237.11,5.54,38.55,6.75,2.3,8.08,447,417,0.2,6.4,78,5.82,34.9,36.2,9.3,65.0,25.6
Pancakes,"Pancakes, gluten free, from frozen",55100040,0,1,0,40.32,12,14.7,1.5,37,0,1.55,3.31,0,0.04,0.4,4.06,0.056,50.24,2.376,1.241,0.48,4.55,39,0.109,0.7,34,306,127,331,0.55,0,1.62,0.075,0.3,0.42,4.3,"pancakes, gluten free, from frozen",215.47,6.1,74.9,19.0,1.54,0.7,18.1,0.325,32.7,15.18,34.2,0,0,False,False,1,Unprocessed,Other,Other,4453,5119,32.7,215.47,3.31,40.32,4.55,1.5,4.06,331,0,0.3,4.3,39,0.7,32.7,34.2,6.1,74.9,19.0
Pancakes,"Pancakes, plain, from fast food / restaurant",55100050,0,12,1,34.12,58,43.9,2.1,95,0,1.355,7.18,70,0.255,10.1,6.83,0.217,40.52,5.779,5.17,3.49,15.33,201,0.054,1.42,19,317,169,548,0.71,71,0.36,0.144,0.0,1.76,13.8,"pancakes, plain, from fast food / restaurant",303.17,9.5,45.0,45.5,2.37,0.69,66.3,0.468,33.7,11.12,34.5,0,0,False,False,4,Ultra-processed,Other,Other,3542,4871,33.7,303.17,7.18,34.12,15.33,2.1,6.83,548,71,0.0,13.8,201,1.42,33.7,34.5,9.5,45.0,45.5
Pancakes,"Pancakes, whole grain, from fast food / restaurant",55100065,0,13,1,31.74,60,49.1,3.1,109,0,2.863,7.62,72,0.448,12.8,6.67,0.156,42.88,5.853,5.146,3.501,15.65,134,0.122,3.06,41,391,244,755,1.04,73,0.37,0.124,0.0,1.76,14.4,"pancakes, whole grain, from fast food / restaurant",298.29,10.2,42.6,47.2,2.55,1.04,44.92,1.026,34.8,11.67,35.3,0,0,False,False,4,Ultra-processed,Other,Other,2615,4322,34.8,298.29,7.62,31.74,15.65,3.1,6.67,755,73,0.0,14.4,134,3.06,34.8,35.3,10.2,42.6,47.2
Pancakes,"Pancakes, whole grain and nuts, from fast food / restaurant",55100070,0,15,2,30.1,54,49.0,4.0,99,0,2.704,7.95,64,0.417,11.9,6.46,0.223,36.86,10.351,7.311,3.903,23.01,129,0.26,3.05,52,384,270,674,1.5,66,0.33,0.137,0.2,1.75,13.3,"pancakes, whole grain and nuts, from fast food / restaurant",359.29,8.9,33.5,57.6,2.21,1.11,35.9,0.849,36.1,10.05,38.1,0,0,False,False,4,Ultra-processed,Other,Other,1765,2536,36.1,359.29,7.95,30.1,23.01,4.0,6.46,674,66,0.2,13.3,129,3.05,36.1,38.1,8.9,33.5,57.6
Pancakes,"Pancakes, plain",55101000,0,12,1,35.31,60,45.4,2.1,99,0,1.402,7.43,72,0.264,10.4,7.07,0.225,42.54,4.325,3.722,3.072,11.92,207,0.056,1.46,20,328,175,512,0.73,73,0.37,0.149,0.0,1.36,9.6,"pancakes, plain",278.24,10.7,50.8,38.6,2.67,0.75,74.4,0.525,34.1,12.26,35.2,0,0,False,False,1,Unprocessed,Other,Other,3226,4395,34.1,278.24,7.43,35.31,11.92,2.1,7.07,512,73,0.0,9.6,207,1.46,34.1,35.2,10.7,50.8,38.6
Pancakes,"Pancakes, plain, reduced fat",55101015,0,12,1,36.09,62,46.4,2.2,101,0,1.433,7.6,74,0.27,10.7,7.23,0.23,43.87,3.334,2.736,2.784,9.58,212,0.058,1.49,21,336,179,523,0.75,75,0.38,0.152,0.0,1.08,6.8,"pancakes, plain, reduced fat",260.98,11.6,55.3,33.0,2.91,0.84,81.23,0.571,34.3,13.14,35.5,0,0,False,False,1,Unprocessed,Other,Other,3064,4177,34.3,260.98,7.6,36.09,9.58,2.2,7.23,523,75,0.0,6.8,212,1.49,34.3,35.5,11.6,55.3,33.0
Pancakes,"Pancakes, buckwheat",55105000,0,13,1,31.74,62,54.3,3.5,130,0,1.571,8.04,75,0.227,10.8,5.56,0.21,44.48,4.569,3.954,3.248,12.69,269,0.18,2.19,86,455,232,339,1.45,76,0.39,0.247,0.0,1.44,10.9,"pancakes, buckwheat",273.33,11.8,46.4,41.8,2.94,1.28,98.42,0.801,40.0,14.63,42.0,0,0,False,False,1,Unprocessed,Other,Other,637,1179,40.0,273.33,8.04,31.74,12.69,3.5,5.56,339,76,0.0,10.9,269,2.19,40.0,42.0,11.8,46.4,41.8
Pancakes,"Pancakes, whole grain",55105200,0,13,1,32.88,62,50.9,3.2,113,0,2.965,7.89,75,0.464,13.2,6.91,0.162,45.05,4.356,3.652,3.069,12.13,139,0.127,3.17,42,405,253,726,1.08,76,0.39,0.128,0.0,1.35,10.1,"pancakes, whole grain",272.25,11.6,48.3,40.1,2.9,1.18,51.06,1.164,35.2,12.93,36.1,0,0,False,False,1,Unprocessed,Other,Other,2294,3757,35.2,272.25,7.89,32.88,12.13,3.2,6.91,726,76,0.0,10.1,139,3.17,35.2,36.1,11.6,48.3,40.1
Pancakes,"Pancakes, whole grain, reduced fat",55105205,0,13,1,33.63,64,52.1,3.3,115,0,3.033,8.07,76,0.475,13.5,7.07,0.166,46.48,3.332,2.631,2.772,9.73,142,0.13,3.23,43,414,259,742,1.11,77,0.4,0.131,0.0,1.07,7.2,"pancakes, whole grain, reduced fat",254.37,12.7,52.9,34.4,3.17,1.3,55.82,1.27,35.4,13.92,36.4,0,0,False,False,1,Unprocessed,Other,Other,2148,3552,35.4,254.37,8.07,33.63,9.73,3.3,7.07,742,77,0.0,7.2,142,3.23,35.4,36.4,12.7,52.9,34.4
Pancakes,"Pancakes, gluten free",55106000,0,1,0,40.32,12,14.7,1.5,37,0,1.55,3.31,0,0.04,0.4,4.06,0.056,50.24,2.376,1.241,0.48,4.55,39,0.109,0.7,34,306,127,331,0.55,0,1.62,0.075,0.3,0.42,4.3,"pancakes, gluten free",215.47,6.1,74.9,19.0,1.54,0.7,18.1,0.325,32.7,15.18,34.2,0,0,False,False,1,Unprocessed,Other,Other,4453,5119,32.7,215.47,3.31,40.32,4.55,1.5,4.06,331,0,0.3,4.3,39,0.7,32.7,34.2,6.1,74.9,19.0
Dumpling,"Dumpling, plain",55610300,0,1,0,20.26,2,6.2,0.7,4,0,1.321,3.31,14,0.141,8.7,1.23,0.166,71.09,1.151,0.818,0.939,3.21,141,0.04,1.33,9,90,64,428,0.27,14,0.11,0.023,0.0,0.18,1.4,"dumpling, plain",123.17,10.7,65.8,23.5,2.69,0.57,114.48,1.08,32.0,25.98,32.3,0,0,False,False,1,Unprocessed,Other,Other,4985,6044,32.0,123.17,3.31,20.26,3.21,0.7,1.23,428,14,0.0,1.4,141,1.33,32.0,32.3,10.7,65.8,23.5
Dosa (Indian),"Dosa (Indian), plain",55702100,0,2,0,37.04,0,14.3,1.8,0,0,1.739,5.7,0,0.035,5.6,0.3,0.234,51.8,1.643,1.645,0.587,4.05,16,0.147,2.19,14,72,104,309,0.75,0,0.0,0.101,0.3,0.53,5.0,"dosa (indian), plain",207.41,11.0,71.4,17.6,2.75,0.87,7.71,1.056,33.2,16.01,36.0,0,0,False,False,1,Unprocessed,Other,Other,3960,3820,33.2,207.41,5.7,37.04,4.05,1.8,0.3,309,0,0.3,5.0,16,2.19,33.2,36.0,11.0,71.4,17.6
Noodles,"Noodles, cooked",56112000,0,1,0,25.01,29,25.5,1.2,38,0,2.065,4.51,6,0.135,23.8,0.4,0.287,67.33,0.578,0.549,0.417,2.06,12,0.097,1.46,21,76,38,236,0.65,6,0.09,0.046,0.0,0.17,0.0,"noodles, cooked",136.62,13.2,73.2,13.6,3.3,0.88,8.78,1.069,32.2,23.57,35.4,0,0,False,False,3,Processed,Other,Other,4834,4267,32.2,136.62,4.51,25.01,2.06,1.2,0.4,236,6,0.0,0.0,12,1.46,32.2,35.4,13.2,73.2,13.6
Noodles,"Noodles, whole grain, cooked",56113000,0,2,0,29.91,0,6.5,3.9,93,0,3.109,5.96,0,0.098,36.1,0.75,0.147,61.47,0.175,0.571,0.242,1.7,13,0.224,1.71,54,126,95,210,1.33,0,0.0,0.093,0.0,0.23,0.6,"noodles, whole grain, cooked",158.78,15.0,75.3,9.6,3.75,2.46,8.19,1.077,36.0,22.67,42.9,0,0,False,False,3,Processed,Other,Other,1827,983,36.0,158.78,5.96,29.91,1.7,3.9,0.75,210,0,0.0,0.6,13,1.71,36.0,42.9,15.0,75.3,9.6
Noodles,"Noodles, chow mein",56116000,0,1,0,51.9,0,8.1,1.9,54,0,2.52,10.33,0,0.112,32.1,0.25,0.195,4.93,7.617,16.949,4.931,31.72,21,0.122,1.76,21,87,89,378,0.63,0,0.0,0.027,0.0,3.29,6.3,"noodles, chow mein",534.4,7.7,38.8,53.4,1.93,0.36,3.93,0.329,32.2,6.03,34.7,0,0,False,False,1,Unprocessed,Other,Other,4834,4716,32.2,534.4,10.33,51.9,31.72,1.9,0.25,378,0,0.0,6.3,21,1.76,32.2,34.7,7.7,38.8,53.4
Buckwheat groats,"Buckwheat groats, no added fat",56200500,0,0,0,19.86,0,20.0,2.7,60,0,0.936,3.37,0,0.039,2.2,0.9,0.04,75.35,0.187,0.187,0.133,0.62,7,0.145,0.8,51,70,88,150,0.61,0,0.0,0.077,0.0,0.09,1.9,"buckwheat groats, no added fat",98.5,13.7,80.6,5.7,3.42,2.74,7.11,0.812,34.6,35.13,40.2,0,1,False,False,1,Unprocessed,Other,Other,2801,1655,34.6,98.5,3.37,19.86,0.62,2.7,0.9,150,0,0.0,1.9,7,0.8,34.6,40.2,13.7,80.6,5.7
Buckwheat groats,"Buckwheat groats, fat added",56200510,0,28,0,18.99,0,19.6,2.6,57,0,0.894,3.22,35,0.038,2.1,0.86,0.038,73.61,1.069,1.397,0.683,3.34,8,0.139,0.76,49,67,85,174,0.58,38,0.0,0.246,0.0,1.06,6.5,"buckwheat groats, fat added",118.9,10.8,63.9,25.3,2.71,2.19,6.73,0.639,34.2,28.76,39.2,0,1,False,False,1,Unprocessed,Other,Other,3137,2018,34.2,118.9,3.22,18.99,3.34,2.6,0.86,174,38,0.0,6.5,8,0.76,34.2,39.2,10.8,63.9,25.3
Masa harina,"Masa harina, cooked",56201600,0,0,0,20.5,0,2.2,1.7,1,0,1.393,2.26,0,0.109,2.8,0.43,0.182,74.94,0.267,0.461,0.142,0.99,44,0.078,1.33,27,62,70,283,0.5,0,0.0,0.114,0.0,0.03,0.0,"masa harina, cooked",99.95,9.0,82.0,8.9,2.26,1.7,44.02,1.331,32.8,32.82,35.6,0,0,False,False,3,Processed,Other,Other,4355,4107,32.8,99.95,2.26,20.5,0.99,1.7,0.43,283,0,0.0,0.0,44,1.33,32.8,35.6,9.0,82.0,8.9
Congee,Congee,56205101,0,0,0,7.16,0,0.5,0.1,0,0,0.375,0.68,0,0.003,1.9,0.01,0.041,91.26,0.022,0.019,0.02,0.07,6,0.026,0.3,4,11,9,253,0.13,0,0.0,0.024,0.0,0.01,0.0,congee,31.99,8.5,89.5,2.0,2.13,0.31,18.76,0.938,29.6,,31.3,0,0,False,False,1,Unprocessed,Other,Other,6303,6388,29.6,31.99,0.68,7.16,0.07,0.1,0.01,253,0,0.0,0.0,6,0.3,29.6,31.3,8.5,89.5,2.0
Tamale with meat,Tamale with meat,58103120,0,3,1,14.8,40,24.5,1.2,5,0,2.277,8.63,2,0.074,8.3,0.4,0.056,61.27,5.994,1.837,4.946,13.69,52,0.063,0.54,24,113,128,462,0.79,2,0.1,0.152,0.6,0.22,0.1,tamale with meat,216.93,15.9,27.3,56.8,3.98,0.55,23.97,0.249,31.3,14.43,33.6,0,0,False,False,1,Unprocessed,Other,Other,5473,5527,31.3,216.93,8.63,14.8,13.69,1.2,0.4,462,2,0.6,0.1,52,0.54,31.3,33.6,15.9,27.3,56.8
Gordita,"Gordita, sope, or chalupa with beans",58104260,0,39,0,23.62,5,15.0,3.4,33,659,1.456,6.03,15,0.128,9.8,1.66,0.155,60.81,2.365,2.244,2.32,7.7,93,0.108,1.67,32,152,226,434,0.74,18,0.05,0.104,2.6,0.6,7.4,"gordita, sope, or chalupa with beans",187.9,12.8,50.3,36.9,3.21,1.81,49.49,0.889,35.5,18.89,39.4,0,0,False,False,1,Unprocessed,Other,Other,2083,1949,35.5,187.9,6.03,23.62,7.7,3.4,1.66,434,18,2.6,7.4,93,1.67,35.5,39.4,12.8,50.3,36.9
Gordita,"Gordita, sope, or chalupa with meat",58104290,9,145,15,23.84,22,22.1,2.7,48,2705,2.745,9.71,19,0.168,13.2,2.58,0.173,51.2,4.615,3.263,3.938,13.14,110,0.103,1.97,28,182,222,549,1.78,32,0.52,0.176,2.1,1.25,11.0,"gordita, sope, or chalupa with meat",252.46,15.4,37.8,46.8,3.85,1.07,43.57,0.78,34.8,13.78,37.1,0,0,False,False,1,Unprocessed,Other,Other,2615,3090,34.8,252.46,9.71,23.84,13.14,2.7,2.58,549,32,2.1,11.0,110,1.97,34.8,37.1,15.4,37.8,46.8
Chimichanga with meat,Chimichanga with meat,58104500,4,87,7,26.66,13,18.4,2.9,34,1664,2.488,8.82,11,0.177,14.1,2.64,0.194,50.6,3.874,3.028,3.688,11.55,122,0.107,2.38,26,163,230,636,1.15,19,0.27,0.12,2.5,0.88,10.0,chimichanga with meat,245.87,14.3,43.4,42.3,3.59,1.18,49.62,0.968,34.8,14.15,36.6,0,0,False,False,1,Unprocessed,Other,Other,2615,3437,34.8,245.87,8.82,26.66,11.55,2.9,2.64,636,19,2.5,10.0,122,2.38,34.8,36.6,14.3,43.4,42.3
Taquito or flauta with meat,Taquito or flauta with meat,58104820,1,103,36,33.46,11,18.9,2.8,119,413,3.537,9.4,25,0.309,15.4,1.66,0.331,42.45,5.127,4.187,2.621,12.79,97,0.102,2.67,24,137,174,456,1.05,35,0.28,0.179,0.0,1.25,22.0,taquito or flauta with meat,286.55,13.1,46.7,40.2,3.28,0.98,33.85,0.932,35.5,12.39,38.0,0,0,False,False,1,Unprocessed,Other,Other,2083,2587,35.5,286.55,9.4,33.46,12.79,2.8,1.66,456,35,0.0,22.0,97,2.67,35.5,38.0,13.1,46.7,40.2
Fajita with meat and vegetables,Fajita with meat and vegetables,58105050,3,158,31,14.73,27,33.7,1.5,58,911,3.513,10.36,13,0.137,14.7,2.76,0.149,66.46,2.181,1.367,2.555,7.09,57,0.069,1.48,18,128,223,351,1.67,27,0.44,0.249,13.3,0.64,5.6,fajita with meat and vegetables,164.17,25.2,35.9,38.9,6.31,0.91,34.72,0.902,35.2,21.44,38.2,0,0,False,False,1,Unprocessed,Other,Other,2294,2494,35.2,164.17,10.36,14.73,7.09,1.5,2.76,351,27,13.3,5.6,57,1.48,35.2,38.2,25.2,35.9,38.9
Fajita with vegetables,Fajita with vegetables,58105075,4,277,62,15.84,15,10.7,1.8,189,924,1.644,5.44,32,0.175,7.9,3.43,0.143,68.27,2.462,1.442,3.909,8.71,129,0.076,1.16,17,122,187,401,0.61,58,0.1,0.137,22.2,0.7,6.2,fajita with vegetables,163.51,13.3,38.7,47.9,3.33,1.1,78.89,0.709,35.1,21.47,36.4,0,0,False,False,1,Unprocessed,Other,Other,2364,3552,35.1,163.51,5.44,15.84,8.71,1.8,3.43,401,58,22.2,6.2,129,1.16,35.1,36.4,13.3,38.7,47.9
Pupusa,"Pupusa, meat-filled",58105110,0,35,0,23.02,29,38.4,2.6,26,752,2.373,11.51,8,0.087,17.8,1.45,0.083,53.12,3.964,2.205,3.166,10.43,49,0.065,1.01,38,162,255,426,1.62,10,0.28,0.23,0.1,0.35,1.1,"pupusa, meat-filled",231.99,19.8,39.7,40.5,4.96,1.12,21.12,0.435,35.0,15.09,38.8,0,0,False,False,1,Unprocessed,Other,Other,2441,2195,35.0,231.99,11.51,23.02,10.43,2.6,1.45,426,10,0.1,1.1,49,1.01,35.0,38.8,19.8,39.7,40.5
Tamal in a leaf,"Tamal in a leaf, Puerto Rican style",58115150,12,86,35,11.46,52,58.2,1.5,242,1157,2.248,9.41,25,0.205,13.2,5.51,0.173,69.17,4.529,1.231,1.9,8.24,25,0.096,0.95,26,130,315,289,1.54,34,0.34,0.203,6.5,1.05,7.0,"tamal in a leaf, puerto rican style",157.64,23.9,29.1,47.0,5.97,0.95,15.86,0.603,34.9,22.14,38.4,0,0,False,False,1,Unprocessed,Other,Other,2524,2404,34.9,157.64,9.41,11.46,8.24,1.5,5.51,289,34,6.5,7.0,25,0.95,34.9,38.4,23.9,29.1,47.0
Meat turnover,"Meat turnover, Puerto Rican style",58116110,2,30,2,21.62,73,57.5,1.1,91,565,2.933,11.89,21,0.269,23.8,1.62,0.317,51.64,5.621,3.878,3.024,13.37,20,0.086,1.72,18,125,196,354,1.14,23,0.32,0.202,6.5,1.25,9.7,"meat turnover, puerto rican style",254.37,18.7,34.0,47.3,4.67,0.43,7.86,0.676,34.0,13.37,35.8,0,0,False,False,1,Unprocessed,Other,Other,3306,3965,34.0,254.37,11.89,21.62,13.37,1.1,1.62,354,23,6.5,9.7,20,1.72,34.0,35.8,18.7,34.0,47.3
Kibby,"Kibby, Puerto Rican style",58117310,0,3,0,17.99,24,24.5,3.1,45,0,2.312,8.76,1,0.079,5.8,0.8,0.056,63.89,3.089,0.302,2.673,7.2,22,0.106,1.25,44,121,206,558,1.89,1,0.55,0.141,0.9,0.08,1.9,"kibby, puerto rican style",171.8,20.4,41.9,37.7,5.1,1.8,12.81,0.728,34.2,19.91,38.4,0,0,False,False,1,Unprocessed,Other,Other,3137,2404,34.2,171.8,8.76,17.99,7.2,3.1,0.8,558,1,0.9,1.9,22,1.25,34.2,38.4,20.4,41.9,37.7
Codfish fritter,"Codfish fritter, Puerto Rican style",58117410,0,0,0,35.98,32,49.4,1.3,7,0,3.096,15.3,1,0.233,31.4,0.14,0.289,39.81,2.973,3.141,1.073,7.62,83,0.089,2.41,23,250,192,190,0.56,1,0.99,0.091,0.5,1.21,8.3,"codfish fritter, puerto rican style",273.7,22.4,52.6,25.1,5.59,0.47,30.33,0.881,37.0,13.52,39.5,0,0,False,False,1,Unprocessed,Other,Other,1295,1910,37.0,273.7,15.3,35.98,7.62,1.3,0.14,190,1,0.5,8.3,83,2.41,37.0,39.5,22.4,52.6,25.1
Hayacas,"Hayacas, Puerto Rican style",58117510,21,127,1,9.36,37,30.8,1.1,86,202,1.268,5.83,10,0.107,8.9,3.38,0.132,73.06,3.406,4.937,1.787,10.83,19,0.061,0.92,13,72,174,176,0.62,22,0.16,0.149,9.8,1.53,2.3,"hayacas, puerto rican style",158.23,14.7,23.7,61.6,3.68,0.7,12.01,0.581,33.4,21.11,36.5,0,0,False,False,1,Unprocessed,Other,Other,3793,3498,33.4,158.23,5.83,9.36,10.83,1.1,3.38,176,22,9.8,2.3,19,0.92,33.4,36.5,14.7,23.7,61.6
Dumpling,"Dumpling, meat-filled",58121510,0,0,0,25.26,35,36.7,0.9,5,0,3.005,12.49,0,0.203,18.8,0.13,0.226,38.12,9.355,4.953,6.573,22.7,11,0.098,2.36,13,91,117,452,2.34,0,0.71,0.096,0.0,1.18,9.3,"dumpling, meat-filled",355.3,14.1,28.4,57.5,3.52,0.25,3.1,0.664,31.2,8.78,32.7,0,0,False,False,1,Unprocessed,Other,Other,5533,5902,31.2,355.3,12.49,25.26,22.7,0.9,0.13,452,0,0.0,9.3,11,2.36,31.2,32.7,14.1,28.4,57.5
Kishke,"Kishke, stuffed derma",58122250,0,1,0,35.1,35,31.7,1.6,9,0,2.313,4.72,0,0.197,14.8,1.1,0.28,25.84,13.654,1.486,16.297,33.02,13,0.073,2.06,12,53,82,401,0.34,0,0.0,0.044,1.3,0.91,0.5,"kishke, stuffed derma",456.46,4.1,30.8,65.1,1.03,0.35,2.85,0.451,26.3,5.76,30.9,0,0,False,False,1,Unprocessed,Other,Other,6853,6482,26.3,456.46,4.72,35.1,33.02,1.6,1.1,401,0,1.3,0.5,13,2.06,26.3,30.9,4.1,30.8,65.1
Knish,"Knish, meat",58122330,0,109,2,25.65,95,73.6,1.1,101,0,3.157,13.12,168,0.283,22.7,0.74,0.225,38.46,9.776,4.956,5.192,21.28,26,0.088,2.54,17,131,170,421,2.26,177,0.92,0.165,0.8,1.86,17.3,"knish, meat",346.6,15.1,29.6,55.3,3.79,0.32,7.5,0.733,33.1,9.55,34.3,0,0,False,False,1,Unprocessed,Other,Other,4053,5023,33.1,346.6,13.12,25.65,21.28,1.1,0.74,421,177,0.8,17.3,26,2.54,33.1,34.3,15.1,29.6,55.3
Spanakopitta,Spanakopitta,58124250,0,2256,1,10.5,77,42.5,1.3,4916,0,0.974,7.51,98,0.32,12.0,0.4,0.114,64.42,5.798,1.12,7.167,15.26,163,0.09,2.02,42,132,300,405,1.07,286,0.25,0.149,8.8,1.69,212.6,spanakopitta,209.38,14.3,20.1,65.6,3.59,0.62,77.85,0.965,41.2,19.68,38.0,0,0,False,False,1,Unprocessed,Other,Other,541,2587,41.2,209.38,7.51,10.5,15.26,1.3,0.4,405,286,8.8,212.6,163,2.02,41.2,38.0,14.3,20.1,65.6
Chow fun noodles with meat and vegetables,Chow fun noodles with meat and vegetables,58135110,12,61,0,11.51,17,27.3,0.9,74,0,1.444,7.09,0,0.11,9.1,1.1,0.223,77.96,1.065,0.547,0.849,2.74,16,0.04,0.45,11,71,145,162,0.69,6,0.15,0.151,3.1,0.26,7.9,chow fun noodles with meat and vegetables,99.06,28.6,46.5,24.9,7.16,0.91,16.15,0.454,33.1,33.41,38.4,0,0,False,False,1,Unprocessed,Other,Other,4053,2404,33.1,99.06,7.09,11.51,2.74,0.9,1.1,162,6,3.1,7.9,16,0.45,33.1,38.4,28.6,46.5,24.9
Adobo,"Adobo, with noodles",58137300,0,0,0,8.16,72,57.1,0.4,0,0,3.059,16.89,4,0.204,23.1,0.03,0.192,65.25,3.469,0.973,2.479,7.66,15,0.085,0.99,18,149,200,510,2.39,4,0.43,0.216,0.1,0.2,0.0,"adobo, with noodles",169.14,39.9,19.3,40.8,9.99,0.24,8.87,0.585,33.0,19.51,36.2,0,0,False,False,1,Unprocessed,Other,Other,4135,3670,33.0,169.14,16.89,8.16,7.66,0.4,0.03,510,4,0.1,0.0,15,0.99,33.0,36.2,39.9,19.3,40.8
Bibimbap,"Bibimbap, Korean",58150100,243,1564,6,8.61,12,20.3,1.1,2268,0,1.44,5.47,0,0.108,6.7,1.59,0.075,81.29,1.157,0.791,0.693,2.88,31,0.119,1.31,27,63,250,424,1.27,141,0.37,0.175,10.1,0.51,94.1,"bibimbap, korean",82.24,26.6,41.9,31.5,6.65,1.34,37.69,1.593,36.8,44.75,37.7,0,0,False,False,1,Unprocessed,Other,Other,1374,2751,36.8,82.24,5.47,8.61,2.88,1.1,1.59,424,141,10.1,94.1,31,1.31,36.8,37.7,26.6,41.9,31.5
Dukboki or Tteokbokki,"Dukboki or Tteokbokki, Korean",58150520,4,285,7,19.91,6,13.4,1.0,21,0,0.905,3.92,1,0.049,7.1,1.59,0.054,71.2,0.823,1.909,0.939,4.07,20,0.081,0.42,16,69,100,197,0.33,25,0.22,0.121,4.7,1.7,6.0,"dukboki or tteokbokki, korean",131.95,11.9,60.4,27.8,2.97,0.76,15.16,0.318,32.4,24.55,35.2,0,0,False,False,1,Unprocessed,Other,Other,4691,4395,32.4,131.95,3.92,19.91,4.07,1.0,1.59,197,25,4.7,6.0,20,0.42,32.4,35.2,11.9,60.4,27.8
Paella with meat,"Paella with meat, Valenciana style",58155310,6,62,11,16.75,97,68.8,0.5,9,143,4.883,21.44,24,0.159,29.7,0.69,0.214,46.58,7.292,1.537,2.444,12.29,32,0.119,1.98,25,216,260,877,1.71,30,2.76,0.228,4.0,1.61,5.4,"paella with meat, valenciana style",263.37,32.6,25.4,42.0,8.14,0.19,12.15,0.752,34.1,12.95,32.4,0,0,False,False,1,Unprocessed,Other,Other,3226,6004,34.1,263.37,21.44,16.75,12.29,0.5,0.69,877,30,4.0,5.4,32,1.98,34.1,32.4,32.6,25.4,42.0
Seafood paella,"Seafood paella, Puerto Rican style",58155320,13,217,19,15.71,41,32.6,0.9,243,141,1.302,7.6,14,0.026,17.8,0.85,0.106,69.71,3.821,0.722,0.844,5.65,34,0.22,1.1,17,86,113,231,0.86,33,0.54,0.125,6.6,1.32,5.8,"seafood paella, puerto rican style",144.09,21.1,43.6,35.3,5.27,0.62,23.6,0.763,33.7,23.39,36.8,0,0,False,False,1,Unprocessed,Other,Other,3542,3320,33.7,144.09,7.6,15.71,5.65,0.9,0.85,231,33,6.6,5.8,34,1.1,33.7,36.8,21.1,43.6,35.3
Congee,"Congee, with vegetables",58157320,0,22,0,7.7,0,3.7,0.3,21,0,0.462,0.76,0,0.018,3.6,0.3,0.043,90.62,0.027,0.028,0.024,0.1,8,0.09,0.32,5,13,22,233,0.23,2,0.0,0.035,0.7,0.02,1.9,"congee, with vegetables",34.74,8.8,88.7,2.6,2.19,0.86,23.03,0.921,30.0,,32.0,0,0,False,False,1,Unprocessed,Other,Other,6190,6177,30.0,34.74,0.76,7.7,0.1,0.3,0.3,233,2,0.7,1.9,8,0.32,30.0,32.0,8.8,88.7,2.6
Biryani with vegetables,Biryani with vegetables,58160000,138,370,0,17.88,8,5.2,1.2,131,195,0.966,1.93,24,0.023,2.9,1.16,0.103,76.18,0.825,0.171,1.914,3.16,17,0.068,1.05,11,35,103,181,0.32,61,0.01,0.071,4.1,0.2,2.9,biryani with vegetables,107.68,7.2,66.4,26.4,1.79,1.11,15.79,0.975,31.8,29.53,34.7,0,0,False,False,1,Unprocessed,Other,Other,5138,4716,31.8,107.68,1.93,17.88,3.16,1.2,1.16,181,61,4.1,2.9,17,1.05,31.8,34.7,7.2,66.4,26.4
Upma,"Upma, Indian breakfast dish",58174000,22,118,7,13.81,0,6.2,1.3,82,459,0.767,1.98,0,0.039,3.2,1.61,0.075,80.99,1.036,1.092,0.367,2.64,96,0.056,4.06,10,29,111,98,0.22,11,0.0,0.079,11.0,0.66,5.7,"upma, indian breakfast dish",86.92,9.1,63.6,27.3,2.28,1.5,110.45,4.671,35.8,41.19,37.6,0,0,False,False,1,Unprocessed,Other,Other,1905,2805,35.8,86.92,1.98,13.81,2.64,1.3,1.61,98,11,11.0,5.7,96,4.06,35.8,37.6,9.1,63.6,27.3
Dosa (Indian),"Dosa (Indian), with filling",58174100,1,10,1,30.8,0,17.5,2.2,4,0,1.353,5.46,0,0.041,3.9,1.1,0.199,57.94,1.667,1.756,0.594,4.27,17,0.153,1.87,17,70,137,330,0.73,1,0.0,0.116,1.3,0.56,5.9,"dosa (indian), with filling",183.47,11.9,67.1,20.9,2.98,1.2,9.27,1.019,33.5,18.26,36.9,0,0,False,False,1,Unprocessed,Other,Other,3703,3242,33.5,183.47,5.46,30.8,4.27,2.2,1.1,330,1,1.3,5.9,17,1.87,33.5,36.9,11.9,67.1,20.9
Vada,"Vada, fried dumpling",58175000,4,48,6,33.25,0,50.1,5.8,54,0,1.431,12.75,0,0.114,0.1,1.31,0.451,41.97,3.948,4.033,1.337,9.73,24,0.4,3.57,27,147,373,315,1.7,5,0.0,0.305,9.5,1.54,14.9,"vada, fried dumpling",271.57,18.8,49.0,32.2,4.69,2.14,8.84,1.315,40.7,14.99,48.3,0,0,False,False,3,Processed,Other,Other,569,453,40.7,271.57,12.75,33.25,9.73,5.8,1.31,315,5,9.5,14.9,24,3.57,40.7,48.3,18.8,49.0,32.2
Tabbouleh,Tabbouleh,58175110,23,389,1,9.65,0,5.9,1.8,387,590,0.698,1.64,0,0.027,0.3,1.34,0.042,77.32,6.905,1.07,1.342,9.66,20,0.062,0.74,22,39,154,495,0.3,33,0.0,0.069,15.8,1.56,100.8,tabbouleh,132.1,5.0,29.2,65.8,1.24,1.36,15.14,0.56,35.5,26.87,34.3,0,0,False,False,1,Unprocessed,Other,Other,2083,5023,35.5,132.1,1.64,9.65,9.66,1.8,1.34,495,33,15.8,100.8,20,0.74,35.5,34.3,5.0,29.2,65.8
Sopa Seca de Fideo,"Sopa Seca de Fideo, Mexican style, made with dry noodles, home recipe",58421010,0,129,1,16.58,8,7.3,1.3,64,3998,1.546,3.12,24,0.108,11.8,2.24,0.141,71.91,2.289,1.715,2.384,6.88,15,0.098,0.99,16,49,159,422,0.38,35,0.01,0.073,4.2,0.96,21.1,"sopa seca de fideo, mexican style, made with dry noodles, home recipe",140.72,8.9,47.1,44.0,2.22,0.92,10.66,0.704,31.8,22.6,33.1,0,0,False,False,1,Unprocessed,Other,Other,5138,5733,31.8,140.72,3.12,16.58,6.88,1.3,2.24,422,35,4.2,21.1,15,0.99,31.8,33.1,8.9,47.1,44.0
Sopa seca de arroz,"Sopa seca de arroz, home recipe, Mexican style",58421060,0,122,1,20.78,8,5.8,1.0,57,3791,1.297,2.32,23,0.05,3.8,1.7,0.122,69.07,2.187,1.569,2.253,6.41,17,0.09,1.29,12,39,137,400,0.36,33,0.01,0.082,3.9,0.91,19.8,"sopa seca de arroz, home recipe, mexican style",150.09,6.2,55.4,38.4,1.55,0.67,11.33,0.859,31.5,20.99,32.2,0,0,False,False,1,Unprocessed,Other,Other,5349,6095,31.5,150.09,2.32,20.78,6.41,1.0,1.7,400,33,3.9,19.8,17,1.29,31.5,32.2,6.2,55.4,38.4
Kumquat,"Kumquat, raw",61110010,155,0,193,15.9,0,8.4,6.5,129,0,0.429,1.88,0,0.09,0.0,9.36,0.037,80.85,0.154,0.171,0.103,0.86,62,0.095,0.86,20,19,186,10,0.17,15,0.0,0.036,43.9,0.15,0.0,"kumquat, raw",78.86,9.5,80.6,9.8,2.38,8.24,78.62,1.091,40.6,51.48,50.7,0,0,False,True,1,Unprocessed,Other,Other,575,333,40.6,78.86,1.88,15.9,0.86,6.5,9.36,10,15,43.9,0.0,62,0.86,40.6,50.7,9.5,80.6,9.8
Blueberries,"Blueberries, dried",62105000,0,84,0,80.0,0,18.5,7.5,208,0,1.154,2.5,0,0.127,0.6,67.5,0.092,14.8,0.405,1.3,0.2,2.5,19,0.16,0.9,18,36,214,3,0.49,7,0.0,0.152,23.8,2.35,59.4,"blueberries, dried",352.5,2.8,90.8,6.4,0.71,2.13,5.39,0.255,33.7,9.56,48.9,0,0,False,False,2,Minimally processed,Other,Other,3542,422,33.7,352.5,2.5,80.0,2.5,7.5,67.5,3,7,23.8,59.4,19,0.9,33.7,48.9,2.8,90.8,6.4
Cherries,"Cherries, dried",62106000,0,1697,0,80.45,0,14.7,2.5,173,0,0.867,1.25,0,0.101,0.4,67.15,0.058,16.6,0.177,0.194,0.146,0.73,38,0.229,0.68,22,36,376,13,0.25,141,0.0,0.101,19.3,0.17,5.1,"cherries, dried",333.37,1.5,96.5,2.0,0.37,0.75,11.4,0.204,30.2,9.06,37.2,0,0,False,False,2,Minimally processed,Other,Other,6046,3044,30.2,333.37,1.25,80.45,0.73,2.5,67.15,13,141,19.3,5.1,38,0.68,30.2,37.2,1.5,96.5,2.0
Currants,"Currants, dried",62108100,1,43,1,76.98,0,10.6,4.4,0,0,1.615,3.43,0,0.142,0.7,62.28,0.16,17.6,0.021,0.047,0.085,0.22,88,0.298,1.88,36,99,777,43,0.37,4,0.0,0.296,4.7,0.11,3.3,"currants, dried",323.62,4.2,95.1,0.6,1.06,1.36,27.19,0.581,35.3,10.91,43.3,0,0,False,False,2,Minimally processed,Other,Other,2214,912,35.3,323.62,3.43,76.98,0.22,4.4,62.28,43,4,4.7,3.3,88,1.88,35.3,43.3,4.2,95.1,0.6
Cranberries,"Cranberries, dried",62109100,0,27,0,82.8,0,8.3,5.3,138,0,0.548,0.17,0,0.028,0.6,72.56,0.013,15.79,0.298,0.182,0.088,1.09,9,0.063,0.39,4,8,49,5,0.1,2,0.0,0.038,0.2,2.1,7.6,"cranberries, dried",341.69,0.2,96.9,2.9,0.05,1.55,2.63,0.114,25.7,7.52,40.9,0,0,False,False,2,Minimally processed,Other,Other,6894,1443,25.7,341.69,0.17,82.8,1.09,5.3,72.56,5,2,0.2,7.6,9,0.39,25.7,40.9,0.2,96.9,2.9
Raisins,Raisins,62125100,0,0,0,79.32,0,11.1,4.5,0,0,0.766,3.3,0,0.125,0.6,65.18,0.106,15.46,0.024,0.053,0.094,0.25,62,0.272,1.79,36,98,744,26,0.36,0,0.0,0.174,2.3,0.12,3.5,raisins,332.73,4.0,95.4,0.7,0.99,1.35,18.63,0.538,34.2,10.28,43.1,0,0,False,False,1,Unprocessed,Other,Other,3137,948,34.2,332.73,3.3,79.32,0.25,4.5,65.18,26,0,2.3,3.5,62,1.79,34.2,43.1,4.0,95.4,0.7
Applesauce,"Applesauce, regular",63101110,0,3,2,17.49,0,3.3,1.2,18,0,0.072,0.16,0,0.022,0.3,14.67,0.017,81.98,0.007,0.054,0.03,0.17,3,0.032,0.12,3,6,75,2,0.03,0,0.0,0.027,1.7,0.18,0.6,"applesauce, regular",72.13,0.9,97.0,2.1,0.22,1.66,4.16,0.166,30.0,41.59,34.5,0,0,False,False,3,Processed,Other,Other,6190,4871,30.0,72.13,0.16,17.49,0.17,1.2,14.67,2,0,1.7,0.6,3,0.12,30.0,34.5,0.9,97.0,2.1
Applesauce,"Applesauce, unsweetened",63101120,0,13,9,11.27,0,2.2,1.1,18,0,0.084,0.17,0,0.03,0.3,9.39,0.026,88.22,0.002,0.014,0.008,0.1,4,0.027,0.23,3,5,74,2,0.03,1,0.0,0.027,1.0,0.16,0.5,"applesauce, unsweetened",46.66,1.5,96.6,1.9,0.36,2.36,8.57,0.493,30.5,,34.6,0,0,False,False,3,Processed,Other,Other,5897,4783,30.5,46.66,0.17,11.27,0.1,1.1,9.39,2,1,1.0,0.5,4,0.23,30.5,34.6,1.5,96.6,1.9
Applesauce,"Applesauce, flavored",63101150,0,3,2,17.49,0,3.3,1.2,18,0,0.072,0.16,0,0.022,0.3,14.67,0.017,81.98,0.007,0.054,0.03,0.17,3,0.032,0.12,3,6,75,2,0.03,0,0.0,0.027,1.7,0.18,0.6,"applesauce, flavored",72.13,0.9,97.0,2.1,0.22,1.66,4.16,0.166,30.0,41.59,34.5,0,0,False,False,3,Processed,Other,Other,6190,4871,30.0,72.13,0.16,17.49,0.17,1.2,14.67,2,0,1.7,0.6,3,0.12,30.0,34.5,0.9,97.0,2.1
Cherries,"Cherries, maraschino",63111010,0,27,0,41.97,0,4.3,3.2,59,0,0.004,0.22,0,0.0,0.2,38.77,0.0,57.27,0.049,0.055,0.039,0.21,54,0.143,0.43,4,3,21,4,0.26,2,0.0,0.005,0.0,0.05,1.5,"cherries, maraschino",170.65,0.5,98.4,1.1,0.13,1.88,31.64,0.252,28.6,16.76,37.9,0,0,False,False,1,Unprocessed,Other,Other,6594,2643,28.6,170.65,0.22,41.97,0.21,3.2,38.77,4,2,0.0,1.5,54,0.43,28.6,37.9,0.5,98.4,1.1
Cherries,"Cherries, raw",63115010,0,38,0,16.01,0,6.1,2.1,85,0,0.154,1.06,0,0.033,0.0,12.82,0.027,82.25,0.047,0.052,0.038,0.2,13,0.06,0.36,11,21,222,0,0.07,3,0.0,0.049,7.0,0.07,2.1,"cherries, raw",70.08,6.1,91.4,2.6,1.51,3.0,18.55,0.514,33.1,47.23,38.4,0,0,False,True,1,Unprocessed,Other,Other,4053,2404,33.1,70.08,1.06,16.01,0.2,2.1,12.82,0,3,7.0,2.1,13,0.36,33.1,38.4,6.1,91.4,2.6
Cherries,"Cherries, canned",63115110,0,88,0,18.79,0,3.8,1.4,52,0,0.377,0.71,0,0.039,0.0,17.42,0.02,80.09,0.031,0.035,0.026,0.14,10,0.07,0.34,8,14,121,1,0.07,7,0.0,0.028,2.0,0.21,1.3,"cherries, canned",79.26,3.6,94.8,1.6,0.9,1.77,12.62,0.429,30.7,38.73,35.7,0,0,False,False,3,Processed,Other,Other,5780,4046,30.7,79.26,0.71,18.79,0.14,1.4,17.42,1,7,2.0,1.3,10,0.34,30.7,35.7,3.6,94.8,1.6
Cherries,"Cherries, frozen",63115200,0,38,0,16.01,0,6.1,2.1,85,0,0.154,1.06,0,0.033,0.0,12.82,0.027,82.25,0.047,0.052,0.038,0.2,13,0.06,0.36,11,21,222,0,0.07,3,0.0,0.049,7.0,0.07,2.1,"cherries, frozen",70.08,6.1,91.4,2.6,1.51,3.0,18.55,0.514,33.1,47.23,38.4,0,0,False,False,1,Unprocessed,Other,Other,4053,2404,33.1,70.08,1.06,16.01,0.2,2.1,12.82,0,3,7.0,2.1,13,0.36,33.1,38.4,6.1,91.4,2.6
Grapes,"Grapes, raw",63123000,1,39,0,18.1,0,5.6,0.9,72,0,0.188,0.72,0,0.07,0.1,15.48,0.069,80.54,0.007,0.048,0.054,0.16,10,0.127,0.36,7,20,191,2,0.07,3,0.0,0.086,3.2,0.19,14.6,"grapes, raw",76.72,3.8,94.4,1.9,0.94,1.17,13.03,0.469,31.5,41.06,35.0,0,0,False,True,1,Unprocessed,Other,Other,5349,4524,31.5,76.72,0.72,18.1,0.16,0.9,15.48,2,3,3.2,14.6,10,0.36,31.5,35.0,3.8,94.4,1.9
Rhubarb,Rhubarb,63147110,0,46,0,17.45,0,5.5,1.6,129,0,0.242,0.81,0,0.028,1.1,14.4,0.014,80.83,0.035,0.089,0.047,0.22,73,0.018,0.2,11,13,233,4,0.09,4,0.0,0.02,5.7,0.24,26.3,rhubarb,75.02,4.3,93.0,2.6,1.08,2.13,97.31,0.267,33.9,45.19,37.4,0,0,False,False,1,Unprocessed,Other,Other,3383,2925,33.9,75.02,0.81,17.45,0.22,1.6,14.4,4,4,5.7,26.3,73,0.2,33.9,37.4,4.3,93.0,2.6
Blackberries,"Blackberries, raw",63201010,0,128,0,9.61,0,8.5,5.3,118,0,0.646,1.39,0,0.026,0.4,4.88,0.02,88.15,0.047,0.28,0.014,0.49,29,0.165,0.62,20,22,162,1,0.53,11,0.0,0.03,21.0,1.17,19.8,"blackberries, raw",48.41,11.5,79.4,9.1,2.87,10.95,59.9,1.281,38.0,,47.7,0,0,False,True,1,Unprocessed,Other,Other,936,484,38.0,48.41,1.39,9.61,0.49,5.3,4.88,1,11,21.0,19.8,29,0.62,38.0,47.7,11.5,79.4,9.1
Blackberries,"Blackberries, frozen",63201600,0,68,0,15.67,0,8.5,5.0,118,0,1.207,1.18,0,0.046,0.4,10.67,0.029,82.21,0.041,0.245,0.015,0.43,29,0.12,0.8,22,30,140,1,0.25,6,0.0,0.061,3.1,1.17,19.8,"blackberries, frozen",71.27,6.6,87.9,5.4,1.66,7.02,40.69,1.122,35.4,49.67,45.3,0,0,False,False,1,Unprocessed,Other,Other,2148,645,35.4,71.27,1.18,15.67,0.43,5.0,10.67,1,6,3.1,19.8,29,0.8,35.4,45.3,6.6,87.9,5.4
Blueberries,"Blueberries, raw",63203010,0,32,0,14.49,0,6.0,2.4,80,0,0.418,0.74,0,0.041,0.1,9.96,0.037,84.21,0.047,0.146,0.028,0.33,6,0.057,0.28,6,12,77,1,0.16,3,0.0,0.052,9.7,0.57,19.3,"blueberries, raw",63.89,4.6,90.7,4.6,1.16,3.76,9.39,0.438,32.9,51.49,38.7,0,0,False,True,1,Unprocessed,Other,Other,4247,2241,32.9,63.89,0.74,14.49,0.33,2.4,9.96,1,3,9.7,19.3,6,0.28,32.9,38.7,4.6,90.7,4.6
Bluberries,"Bluberries, canned",63203110,0,22,0,22.66,0,4.0,2.6,53,0,0.363,1.04,0,0.132,0.1,17.45,0.046,75.72,0.062,0.19,0.028,0.4,6,0.053,0.43,4,12,54,3,0.09,2,0.0,0.049,0.5,1.38,19.9,"bluberries, canned",98.4,4.2,92.1,3.7,1.06,2.64,6.1,0.437,31.1,31.61,38.3,0,0,False,False,3,Processed,Other,Other,5597,2455,31.1,98.4,1.04,22.66,0.4,2.6,17.45,3,2,0.5,19.9,6,0.43,31.1,38.3,4.2,92.1,3.7
Blueberries,"Blueberries, frozen",63203600,0,28,0,12.17,0,5.1,2.7,68,0,0.52,0.42,0,0.037,0.1,8.45,0.032,86.59,0.091,0.279,0.053,0.64,8,0.033,0.18,5,11,54,1,0.07,2,0.0,0.059,2.5,0.48,16.4,"blueberries, frozen",56.12,3.0,86.7,10.3,0.75,4.81,14.26,0.321,32.2,57.38,38.8,0,0,False,False,1,Unprocessed,Other,Other,4834,2195,32.2,56.12,0.42,12.17,0.64,2.7,8.45,1,2,2.5,16.4,8,0.18,32.2,38.8,3.0,86.7,10.3
Cranberries,"Cranberries, raw",63207010,0,38,0,11.97,0,5.5,3.6,91,0,0.101,0.46,0,0.02,0.1,4.27,0.012,87.32,0.018,0.055,0.008,0.13,8,0.056,0.23,6,11,80,2,0.09,3,0.0,0.057,14.0,1.32,5.0,"cranberries, raw",50.89,3.6,94.1,2.3,0.9,7.07,15.72,0.452,34.2,67.2,41.5,0,0,False,True,1,Unprocessed,Other,Other,3137,1286,34.2,50.89,0.46,11.97,0.13,3.6,4.27,2,3,14.0,5.0,8,0.23,34.2,41.5,3.6,94.1,2.3
Raspberries,"Raspberries, raw",63219000,16,12,0,11.94,0,12.3,6.5,136,0,0.598,1.2,0,0.038,0.2,4.42,0.032,85.75,0.064,0.375,0.019,0.65,25,0.09,0.69,22,29,151,1,0.42,2,0.0,0.055,26.2,0.87,7.8,"raspberries, raw",58.41,8.2,81.8,10.0,2.05,11.13,42.8,1.181,38.9,66.6,49.9,0,0,False,True,1,Unprocessed,Other,Other,769,379,38.9,58.41,1.2,11.94,0.65,6.5,4.42,1,2,26.2,7.8,25,0.69,38.9,49.9,8.2,81.8,10.0
Raspberries,"Raspberries, frozen",63219610,16,12,0,11.94,0,12.3,6.5,136,0,0.598,1.2,0,0.038,0.2,4.42,0.032,85.75,0.064,0.375,0.019,0.65,25,0.09,0.69,22,29,151,1,0.42,2,0.0,0.055,26.2,0.87,7.8,"raspberries, frozen",58.41,8.2,81.8,10.0,2.05,11.13,42.8,1.181,38.9,66.6,49.9,0,0,False,False,1,Unprocessed,Other,Other,769,379,38.9,58.41,1.2,11.94,0.65,6.5,4.42,1,2,26.2,7.8,25,0.69,38.9,49.9,8.2,81.8,10.0
Strawberries,"Strawberries, raw",63223020,0,7,0,7.68,0,5.7,2.0,26,0,0.386,0.67,0,0.022,0.4,4.89,0.024,90.95,0.043,0.155,0.015,0.3,16,0.048,0.41,13,24,153,1,0.14,1,0.0,0.047,58.8,0.29,2.2,"strawberries, raw",36.1,7.4,85.1,7.5,1.86,5.54,44.32,1.136,38.5,,40.6,0,0,False,True,1,Unprocessed,Other,Other,831,1529,38.5,36.1,0.67,7.68,0.3,2.0,4.89,1,1,58.8,2.2,16,0.41,38.5,40.6,7.4,85.1,7.5
Strawberries,"Strawberries, canned",63223110,0,16,0,23.53,0,3.8,1.7,18,0,0.057,0.56,0,0.034,0.3,21.83,0.021,75.35,0.036,0.129,0.014,0.26,13,0.063,0.49,8,12,86,4,0.09,1,0.0,0.049,31.7,0.19,1.5,"strawberries, canned",98.7,2.3,95.4,2.4,0.57,1.72,13.17,0.496,33.0,33.43,36.9,0,0,False,False,3,Processed,Other,Other,4135,3242,33.0,98.7,0.56,23.53,0.26,1.7,21.83,4,1,31.7,1.5,13,0.49,33.0,36.9,2.3,95.4,2.4
Strawberries,"Strawberries, frozen",63223610,0,27,0,9.13,0,5.7,2.1,26,0,0.462,0.43,0,0.037,0.7,4.56,0.022,89.97,0.015,0.054,0.006,0.11,16,0.049,0.75,11,13,148,2,0.13,2,0.0,0.028,41.2,0.29,2.2,"strawberries, frozen",39.23,4.4,93.1,2.5,1.1,5.35,40.79,1.912,36.9,,39.7,0,0,False,False,1,Unprocessed,Other,Other,1338,1833,36.9,39.23,0.43,9.13,0.11,2.1,4.56,2,2,41.2,2.2,16,0.75,36.9,39.7,4.4,93.1,2.5
Ambrosia,Ambrosia,63301010,11,49,55,16.16,0,7.8,2.3,66,0,0.424,0.9,0,0.044,0.7,11.62,0.071,81.51,0.056,0.047,0.748,0.96,24,0.078,0.24,15,16,200,1,0.12,7,0.0,0.138,40.1,0.12,0.3,ambrosia,76.88,4.7,84.1,11.2,1.17,2.99,31.22,0.312,36.3,47.22,39.9,0,0,False,False,1,Unprocessed,Other,Other,1666,1760,36.3,76.88,0.9,16.16,0.96,2.3,11.62,1,7,40.1,0.3,24,0.24,36.3,39.9,4.7,84.1,11.2
Chutney,Chutney,63409020,0,0,0,60.6,0,9.0,1.0,0,0,0.032,0.33,0,0.067,1.8,42.68,0.014,36.3,0.033,0.0,0.009,0.06,19,0.089,0.43,4,17,68,802,0.05,0,0.0,0.018,7.7,0.11,0.0,chutney,244.26,0.5,99.2,0.2,0.14,0.41,7.78,0.176,24.1,9.87,24.8,0,0,False,False,1,Unprocessed,Other,Other,6974,6934,24.1,244.26,0.33,60.6,0.06,1.0,42.68,802,0,7.7,0.0,19,0.43,24.1,24.8,0.5,99.2,0.2
Stewed potatoes,"Stewed potatoes, Puerto Rican style",71106000,5,34,1,18.76,2,14.2,1.9,31,93,1.286,2.1,0,0.025,0.8,1.24,0.099,73.99,2.341,0.439,0.778,3.72,12,0.16,0.39,20,44,327,299,0.32,3,0.01,0.268,11.0,0.43,5.3,"stewed potatoes, puerto rican style",116.92,7.2,64.2,28.6,1.8,1.63,10.26,0.334,34.5,29.51,36.2,0,0,False,False,3,Processed,Other,Other,2885,3670,34.5,116.92,2.1,18.76,3.72,1.9,1.24,299,3,11.0,5.3,12,0.39,34.5,36.2,7.2,64.2,28.6
Potato chips,"Potato chips, plain",71200100,0,0,0,53.83,0,12.1,3.1,0,0,4.762,6.39,0,0.088,2.5,0.33,0.213,1.86,18.963,8.282,3.4,33.98,21,0.234,1.28,63,153,1196,527,1.09,0,0.0,0.531,21.6,10.45,22.1,"potato chips, plain",546.7,4.7,39.4,55.9,1.17,0.57,3.84,0.234,44.2,8.08,40.1,0,0,False,False,4,Ultra-processed,Other,Other,379,1686,44.2,546.7,6.39,53.83,33.98,3.1,0.33,527,0,21.6,22.1,21,1.28,44.2,40.1,4.7,39.4,55.9
Potato chips,"Potato chips, barbecue flavored",71200110,5,203,60,55.92,0,11.5,3.8,151,130,4.957,6.51,0,0.119,0.4,5.47,0.221,2.48,13.221,12.207,4.002,31.06,32,0.247,1.36,58,145,1186,545,0.98,20,0.0,0.375,62.4,4.42,16.1,"potato chips, barbecue flavored",529.26,4.9,42.3,52.8,1.23,0.72,6.05,0.257,47.4,8.96,42.6,0,0,False,False,4,Ultra-processed,Other,Other,289,1033,47.4,529.26,6.51,55.92,31.06,3.8,5.47,545,20,62.4,16.1,32,1.36,47.4,42.6,4.9,42.3,52.8
Potato chips,"Potato chips, other flavored",71200140,5,203,60,55.92,0,11.5,3.8,151,130,4.957,6.51,0,0.119,0.4,5.47,0.221,2.48,13.221,12.207,4.002,31.06,32,0.247,1.36,58,145,1186,545,0.98,20,0.0,0.375,62.4,4.42,16.1,"potato chips, other flavored",529.26,4.9,42.3,52.8,1.23,0.72,6.05,0.257,47.4,8.96,42.6,0,0,False,False,4,Ultra-processed,Other,Other,289,1033,47.4,529.26,6.51,55.92,31.06,3.8,5.47,545,20,62.4,16.1,32,1.36,47.4,42.6,4.9,42.3,52.8
Potato chips,"Potato chips, ruffled, plain",71200200,0,0,0,53.83,0,12.1,3.1,0,0,4.762,6.39,0,0.088,2.5,0.33,0.213,1.86,18.963,8.282,3.4,33.98,21,0.234,1.28,63,153,1196,527,1.09,0,0.0,0.531,21.6,10.45,22.1,"potato chips, ruffled, plain",546.7,4.7,39.4,55.9,1.17,0.57,3.84,0.234,44.2,8.08,40.1,0,0,False,False,4,Ultra-processed,Other,Other,379,1686,44.2,546.7,6.39,53.83,33.98,3.1,0.33,527,0,21.6,22.1,21,1.28,44.2,40.1,4.7,39.4,55.9
Potato chips,"Potato chips, ruffled, barbecue flavored",71200210,5,203,60,55.92,0,11.5,3.8,151,130,4.957,6.51,0,0.119,0.4,5.47,0.221,2.48,13.221,12.207,4.002,31.06,32,0.247,1.36,58,145,1186,545,0.98,20,0.0,0.375,62.4,4.42,16.1,"potato chips, ruffled, barbecue flavored",529.26,4.9,42.3,52.8,1.23,0.72,6.05,0.257,47.4,8.96,42.6,0,0,False,False,4,Ultra-processed,Other,Other,289,1033,47.4,529.26,6.51,55.92,31.06,3.8,5.47,545,20,62.4,16.1,32,1.36,47.4,42.6,4.9,42.3,52.8
Potato chips,"Potato chips, ruffled, other flavored",71200240,5,203,60,55.92,0,11.5,3.8,151,130,4.957,6.51,0,0.119,0.4,5.47,0.221,2.48,13.221,12.207,4.002,31.06,32,0.247,1.36,58,145,1186,545,0.98,20,0.0,0.375,62.4,4.42,16.1,"potato chips, ruffled, other flavored",529.26,4.9,42.3,52.8,1.23,0.72,6.05,0.257,47.4,8.96,42.6,0,0,False,False,4,Ultra-processed,Other,Other,289,1033,47.4,529.26,6.51,55.92,31.06,3.8,5.47,545,20,62.4,16.1,32,1.36,47.4,42.6,4.9,42.3,52.8
Potato chips,"Potato chips, restructured, plain",71200300,0,0,0,55.21,0,32.7,2.9,0,0,2.645,4.61,0,0.07,0.4,0.76,0.209,2.36,6.122,15.456,8.617,35.17,17,0.136,0.8,40,110,635,643,0.58,0,0.0,0.492,1.2,13.68,7.2,"potato chips, restructured, plain",555.81,3.3,39.7,56.9,0.83,0.52,3.06,0.144,33.7,6.06,34.2,0,0,False,False,4,Ultra-processed,Other,Other,3542,5119,33.7,555.81,4.61,55.21,35.17,2.9,0.76,643,0,1.2,7.2,17,0.8,33.7,34.2,3.3,39.7,56.9
Potato chips,"Potato chips, restructured, flavored",71200310,0,0,0,55.05,0,32.6,2.9,0,0,2.637,4.59,0,0.07,0.4,0.76,0.209,2.36,6.103,15.41,8.591,35.07,17,0.135,0.8,40,109,633,757,0.58,0,0.0,0.49,1.2,13.64,7.2,"potato chips, restructured, flavored",554.19,3.3,39.7,57.0,0.83,0.52,3.07,0.144,33.2,5.99,33.1,0,0,False,False,4,Ultra-processed,Other,Other,3960,5733,33.2,554.19,4.59,55.05,35.07,2.9,0.76,757,0,1.2,7.2,17,0.8,33.2,33.1,3.3,39.7,57.0
Potato chips,"Potato chips, baked, plain",71200400,0,0,0,71.4,0,31.6,4.8,0,0,4.09,5.0,0,0.07,8.1,5.01,0.34,1.4,9.91,4.234,2.631,18.2,125,0.104,0.8,43,274,721,536,0.45,0,0.0,0.51,0.0,2.18,7.2,"potato chips, baked, plain",469.4,4.3,60.8,34.9,1.07,1.02,26.63,0.17,39.0,8.31,41.3,0,0,False,False,4,Ultra-processed,Other,Other,745,1337,39.0,469.4,5.0,71.4,18.2,4.8,5.01,536,0,0.0,7.2,125,0.8,39.0,41.3,4.3,60.8,34.9
Potato chips,"Potato chips, baked, flavored",71200410,0,0,0,71.04,0,31.4,4.8,0,0,4.07,4.97,0,0.07,8.1,4.99,0.338,1.4,9.861,4.213,2.618,18.11,125,0.103,0.8,43,273,717,726,0.45,0,0.0,0.507,0.0,2.17,7.2,"potato chips, baked, flavored",467.03,4.3,60.8,34.9,1.06,1.03,26.76,0.171,38.2,8.18,39.3,0,0,False,False,4,Ultra-processed,Other,Other,889,1989,38.2,467.03,4.97,71.04,18.11,4.8,4.99,726,0,0.0,7.2,125,0.8,38.2,39.3,4.3,60.8,34.9
Potato chips,"Potato chips, reduced fat",71201050,0,0,0,67.13,0,52.5,6.0,0,0,6.931,7.03,0,0.267,8.0,0.22,0.208,0.99,4.752,10.832,4.119,20.59,21,0.345,1.34,88,191,1727,391,1.0,0,0.0,0.663,25.4,5.42,13.2,"potato chips, reduced fat",481.95,5.8,55.7,38.5,1.46,1.24,4.36,0.278,51.3,10.64,50.1,0,0,False,False,4,Ultra-processed,Other,Other,188,357,51.3,481.95,7.03,67.13,20.59,6.0,0.22,391,0,25.4,13.2,21,1.34,51.3,50.1,5.8,55.7,38.5
Potato chips,"Potato chips, fat free",71201060,0,0,0,67.13,0,52.5,6.0,0,0,6.931,7.03,0,0.267,8.0,0.22,0.208,0.99,4.752,10.832,4.119,20.59,21,0.345,1.34,88,191,1727,391,1.0,0,0.0,0.663,25.4,5.42,13.2,"potato chips, fat free",481.95,5.8,55.7,38.5,1.46,1.24,4.36,0.278,51.3,10.64,50.1,0,0,False,False,4,Ultra-processed,Other,Other,188,357,51.3,481.95,7.03,67.13,20.59,6.0,0.22,391,0,25.4,13.2,21,1.34,51.3,50.1,5.8,55.7,38.5
Potato chips,"Potato chips, restructured, reduced fat, lightly salted",71201200,0,0,0,64.76,0,0.0,3.2,0,0,3.595,4.56,0,0.015,2.9,0.63,0.212,2.22,4.553,12.201,6.759,26.14,29,0.153,1.11,45,129,760,450,0.7,0,0.0,0.412,12.0,2.18,7.2,"potato chips, restructured, reduced fat, lightly salted",512.54,3.6,50.5,45.9,0.89,0.62,5.66,0.217,37.8,7.38,38.2,0,0,False,False,4,Ultra-processed,Other,Other,993,2494,37.8,512.54,4.56,64.76,26.14,3.2,0.63,450,0,12.0,7.2,29,1.11,37.8,38.2,3.6,50.5,45.9
Potato chips,"Potato chips, restructured, fat free",71201210,0,0,0,64.76,0,0.0,3.2,0,0,3.595,4.56,0,0.015,2.9,0.63,0.212,2.22,4.553,12.201,6.759,26.14,29,0.153,1.11,45,129,760,450,0.7,0,0.0,0.412,12.0,2.18,7.2,"potato chips, restructured, fat free",512.54,3.6,50.5,45.9,0.89,0.62,5.66,0.217,37.8,7.38,38.2,0,0,False,False,4,Ultra-processed,Other,Other,993,2494,37.8,512.54,4.56,64.76,26.14,3.2,0.63,450,0,12.0,7.2,29,1.11,37.8,38.2,3.6,50.5,45.9
Potato chips,"Potato chips, unsalted",71202000,0,0,0,59.66,0,46.7,5.4,0,0,6.16,6.25,0,0.238,7.1,0.19,0.185,0.88,7.533,16.188,5.215,30.3,18,0.306,1.19,78,170,1535,7,0.89,0,0.0,0.59,22.6,6.53,11.9,"potato chips, unsalted",536.34,4.7,44.5,50.8,1.17,1.01,3.36,0.222,49.9,9.3,51.5,0,0,False,False,4,Ultra-processed,Other,Other,211,296,49.9,536.34,6.25,59.66,30.3,5.4,0.19,7,0,22.6,11.9,18,1.19,49.9,51.5,4.7,44.5,50.8
Potato chips,"Potato chips, reduced fat, unsalted",71202100,0,0,0,67.8,0,53.0,6.1,0,0,7.0,7.1,0,0.27,8.1,0.22,0.21,1.0,4.8,10.94,4.16,20.8,21,0.348,1.35,89,193,1744,8,1.01,0,0.0,0.67,25.7,5.47,13.3,"potato chips, reduced fat, unsalted",486.8,5.8,55.7,38.5,1.46,1.25,4.31,0.277,53.2,10.93,54.4,0,0,False,False,4,Ultra-processed,Other,Other,151,195,53.2,486.8,7.1,67.8,20.8,6.1,0.22,8,0,25.7,13.3,21,1.35,53.2,54.4,5.8,55.7,38.5
Potato chips,"Potato chips, lightly salted",71202500,0,0,0,53.43,0,12.1,4.2,0,0,5.465,6.71,0,0.173,7.8,0.34,0.158,1.35,14.908,12.391,5.479,35.32,24,0.298,1.43,62,148,1301,264,1.51,0,0.0,0.65,27.2,7.7,22.1,"potato chips, lightly salted",558.44,4.8,38.3,56.9,1.2,0.75,4.3,0.256,46.6,8.34,45.5,0,0,False,False,4,Ultra-processed,Other,Other,309,626,46.6,558.44,6.71,53.43,35.32,4.2,0.34,264,0,27.2,22.1,24,1.43,46.6,45.5,4.8,38.3,56.9
Potato chips,"Potato chips, restructured, lightly salted",71202510,0,0,0,53.43,0,12.1,4.2,0,0,5.465,6.71,0,0.173,7.8,0.34,0.158,1.35,14.908,12.391,5.479,35.32,24,0.298,1.43,62,148,1301,264,1.51,0,0.0,0.65,27.2,7.7,22.1,"potato chips, restructured, lightly salted",558.44,4.8,38.3,56.9,1.2,0.75,4.3,0.256,46.6,8.34,45.5,0,0,False,False,4,Ultra-processed,Other,Other,309,626,46.6,558.44,6.71,53.43,35.32,4.2,0.34,264,0,27.2,22.1,24,1.43,46.6,45.5,4.8,38.3,56.9
Potato chips,"Potato chips, popped, plain",71203010,0,0,0,71.4,0,31.6,4.8,0,0,4.09,5.0,0,0.07,8.1,5.01,0.34,1.4,9.91,4.234,2.631,18.2,125,0.104,0.8,43,274,721,536,0.45,0,0.0,0.51,0.0,2.18,7.2,"potato chips, popped, plain",469.4,4.3,60.8,34.9,1.07,1.02,26.63,0.17,39.0,8.31,41.3,0,0,False,False,4,Ultra-processed,Other,Other,745,1337,39.0,469.4,5.0,71.4,18.2,4.8,5.01,536,0,0.0,7.2,125,0.8,39.0,41.3,4.3,60.8,34.9
Potato chips,"Potato chips, popped, flavored",71203020,0,0,0,71.04,0,31.4,4.8,0,0,4.07,4.97,0,0.07,8.1,4.99,0.338,1.4,9.861,4.213,2.618,18.11,125,0.103,0.8,43,273,717,726,0.45,0,0.0,0.507,0.0,2.17,7.2,"potato chips, popped, flavored",467.03,4.3,60.8,34.9,1.06,1.03,26.76,0.171,38.2,8.18,39.3,0,0,False,False,4,Ultra-processed,Other,Other,889,1989,38.2,467.03,4.97,71.04,18.11,4.8,4.99,726,0,0.0,7.2,125,0.8,38.2,39.3,4.3,60.8,34.9
Lefse (Norwegian),Lefse (Norwegian),71701500,0,24,0,36.12,12,13.7,2.0,11,0,2.354,4.22,51,0.149,9.8,2.29,0.237,52.41,1.687,0.941,2.929,6.16,17,0.154,1.48,20,64,263,176,0.4,53,0.01,0.266,4.8,0.56,4.4,lefse (norwegian),216.8,7.8,66.6,25.6,1.95,0.92,7.84,0.683,34.0,15.68,37.4,0,0,False,False,1,Unprocessed,Other,Other,3306,2925,34.0,216.8,4.22,36.12,6.16,2.0,2.29,176,53,4.8,4.4,17,1.48,34.0,37.4,7.8,66.6,25.6
Stewed potatoes,Stewed potatoes,71703990,0,0,0,19.91,0,13.4,1.4,0,0,1.251,1.84,0,0.02,0.3,1.88,0.096,73.76,1.308,1.326,0.451,3.22,6,0.196,0.33,23,47,360,149,0.27,0,0.0,0.277,11.8,0.4,4.0,stewed potatoes,115.98,6.3,68.7,25.0,1.59,1.21,5.17,0.285,35.2,30.35,36.6,0,0,False,False,3,Processed,Other,Other,2294,3437,35.2,115.98,1.84,19.91,3.22,1.4,1.88,149,0,11.8,4.0,6,0.33,35.2,36.6,6.3,68.7,25.0
Stewed potatoes with tomatoes,Stewed potatoes with tomatoes,71704000,32,144,0,15.4,0,11.5,1.4,40,825,1.063,1.61,0,0.021,0.2,2.31,0.08,78.65,1.281,1.307,0.442,3.17,8,0.158,0.33,20,42,334,147,0.25,13,0.0,0.221,12.7,0.56,6.5,stewed potatoes with tomatoes,96.57,6.7,63.8,29.5,1.67,1.45,8.28,0.342,35.0,36.24,36.6,0,0,False,False,3,Processed,Other,Other,2441,3437,35.0,96.57,1.61,15.4,3.17,1.4,2.31,147,13,12.7,6.5,8,0.33,35.0,36.6,6.7,63.8,29.5
Yuca fries,Yuca fries,71930190,0,7,0,34.72,0,21.6,1.6,0,0,0.74,1.24,0,0.042,0.6,1.55,0.063,49.18,5.799,5.68,1.939,13.94,15,0.091,0.27,19,25,247,154,0.31,1,0.0,0.076,15.0,1.78,17.9,yuca fries,269.3,1.8,51.6,46.6,0.46,0.59,5.57,0.1,34.5,12.81,36.0,0,0,False,False,1,Unprocessed,Other,Other,2885,3820,34.5,269.3,1.24,34.72,13.94,1.6,1.55,154,1,15.0,17.9,15,0.27,34.5,36.0,1.8,51.6,46.6
Tannier,"Tannier, cooked",71950010,0,40,20,27.55,2,18.3,4.3,0,0,0.594,1.57,11,0.025,0.7,0.42,0.089,66.36,1.019,0.92,0.818,2.94,45,0.179,0.57,34,88,616,143,0.24,15,0.0,0.283,4.0,2.8,3.6,"tannier, cooked",142.94,4.4,77.1,18.5,1.1,3.01,31.48,0.399,39.0,27.28,43.7,0,0,False,False,3,Processed,Other,Other,745,838,39.0,142.94,1.57,27.55,2.94,4.3,0.42,143,15,4.0,3.6,45,0.57,39.0,43.7,4.4,77.1,18.5
Celeriac,"Celeriac, cooked",71961010,0,5,0,9.58,2,9.6,1.9,1,0,0.693,1.57,11,0.06,0.7,1.67,0.047,84.43,1.063,0.988,0.857,3.04,45,0.073,0.73,21,120,313,235,0.34,12,0.0,0.172,7.1,0.69,45.2,"celeriac, cooked",71.96,8.7,53.3,38.0,2.18,2.64,62.53,1.014,35.9,49.89,37.6,0,0,False,False,3,Processed,Other,Other,1864,2805,35.9,71.96,1.57,9.58,3.04,1.9,1.67,235,12,7.1,45.2,45,0.73,35.9,37.6,8.7,53.3,38.0
Dasheen,"Dasheen, cooked",71962020,0,40,20,27.55,2,18.3,4.3,0,0,0.594,1.57,11,0.025,0.7,0.42,0.089,66.36,1.019,0.92,0.818,2.94,45,0.179,0.57,34,88,616,143,0.24,15,0.0,0.283,4.0,2.8,3.6,"dasheen, cooked",142.94,4.4,77.1,18.5,1.1,3.01,31.48,0.399,39.0,27.28,43.7,0,0,False,False,3,Processed,Other,Other,745,838,39.0,142.94,1.57,27.55,2.94,4.3,0.42,143,15,4.0,3.6,45,0.57,39.0,43.7,4.4,77.1,18.5
Fufu,Fufu,71970200,0,27,10,33.59,2,21.6,3.1,0,0,0.719,1.5,11,0.037,0.7,1.09,0.085,60.65,1.05,0.902,0.835,2.98,31,0.142,0.43,28,58,449,144,0.3,14,0.0,0.191,11.1,1.66,4.0,fufu,167.18,3.6,80.4,16.0,0.9,1.85,18.54,0.257,37.2,22.25,40.4,0,0,False,False,1,Unprocessed,Other,Other,1223,1582,37.2,167.18,1.5,33.59,2.98,3.1,1.09,144,14,11.1,4.0,31,0.43,37.2,40.4,3.6,80.4,16.0
Poi,Poi,71980100,0,36,20,28.45,0,18.6,4.4,0,0,0.613,1.61,0,0.026,0.8,0.43,0.092,68.43,0.017,0.089,0.044,0.22,46,0.185,0.59,35,90,635,12,0.25,4,0.0,0.274,4.1,2.56,1.1,poi,122.22,5.3,93.1,1.6,1.32,3.6,37.64,0.483,40.1,32.81,45.6,0,0,False,False,1,Unprocessed,Other,Other,620,614,40.1,122.22,1.61,28.45,0.22,4.4,0.43,12,4,4.1,1.1,46,0.59,40.1,45.6,5.3,93.1,1.6
Escarole,"Escarole, cooked",72116220,0,1102,0,2.98,2,15.1,2.7,0,0,0.302,1.12,10,0.06,0.2,0.22,0.057,91.61,0.936,0.854,0.762,2.71,45,0.084,0.7,13,22,238,140,0.67,102,0.0,0.032,3.2,0.68,207.5,"escarole, cooked",40.79,11.0,29.2,59.8,2.75,6.62,110.32,1.716,40.0,,42.0,0,0,False,False,3,Processed,Other,Other,637,1179,40.0,40.79,1.12,2.98,2.71,2.7,0.22,140,102,3.2,207.5,45,0.7,40.0,42.0,11.0,29.2,59.8
Lambsquarter,"Lambsquarter, cooked",72120220,4,4543,0,4.85,2,0.7,2.0,1798,0,0.872,3.11,10,0.252,0.9,0.6,0.097,86.39,1.059,1.072,0.771,3.21,250,0.191,0.68,22,44,279,150,0.29,389,0.0,0.185,35.8,2.09,480.8,"lambsquarter, cooked",60.73,20.5,31.9,47.6,5.12,3.29,411.66,1.12,53.8,88.59,47.6,0,0,False,False,3,Processed,Other,Other,139,488,53.8,60.73,3.11,4.85,3.21,2.0,0.6,150,389,35.8,480.8,250,0.68,53.8,47.6,20.5,31.9,47.6
Palak Paneer,Palak Paneer,72125310,12,1942,0,4.31,7,13.4,1.2,4091,313,0.369,5.22,15,0.128,3.9,1.89,0.042,82.03,2.461,2.164,1.519,6.99,70,0.07,1.15,33,79,269,221,0.38,178,0.08,0.102,8.8,1.42,178.0,palak paneer,101.03,20.7,17.1,62.3,5.17,1.19,69.29,1.138,40.3,39.89,40.0,0,0,False,False,1,Unprocessed,Other,Other,595,1720,40.3,101.03,5.22,4.31,6.99,1.2,1.89,221,178,8.8,178.0,70,1.15,40.3,40.0,20.7,17.1,62.3
Channa Saag,Channa Saag,72125500,6,4022,10,9.54,0,23.7,3.4,8618,0,0.665,4.07,0,0.151,1.6,1.81,0.081,80.2,1.536,1.727,0.563,4.17,90,0.175,2.81,71,75,501,250,0.74,336,0.0,0.188,15.0,2.08,364.0,channa saag,91.97,17.7,41.5,40.8,4.43,3.7,97.86,3.055,51.4,55.89,48.1,0,0,False,False,1,Unprocessed,Other,Other,186,463,51.4,91.97,4.07,9.54,4.17,3.4,1.81,250,336,15.0,364.0,90,2.81,51.4,48.1,17.7,41.5,40.8
Thistle leaves,"Thistle leaves, cooked",72127001,0,4109,0,5.73,2,20.5,1.1,12361,0,0.989,2.72,11,0.258,0.9,4.58,0.075,85.89,1.251,1.071,0.799,3.46,85,0.177,1.36,40,79,631,146,0.24,354,0.0,0.262,50.3,1.05,566.6,"thistle leaves, cooked",64.94,16.8,35.3,48.0,4.19,1.69,130.89,2.094,57.9,89.16,46.9,0,0,False,False,3,Processed,Other,Other,94,526,57.9,64.94,2.72,5.73,3.46,1.1,4.58,146,354,50.3,566.6,85,1.36,57.9,46.9,16.8,35.3,48.0
Carrots,"Carrots, raw",73101010,3477,8285,0,9.58,0,8.8,2.8,256,1,0.983,0.93,0,0.058,0.1,4.74,0.066,88.29,0.012,0.102,0.032,0.24,33,0.045,0.3,12,35,320,69,0.24,835,0.0,0.138,5.9,0.66,13.2,"carrots, raw",44.2,8.4,86.7,4.9,2.1,6.33,74.66,0.679,35.3,,40.5,0,0,False,True,1,Unprocessed,Other,Other,2214,1553,35.3,44.2,0.93,9.58,0.24,2.8,4.74,69,835,5.9,13.2,33,0.3,35.3,40.5,8.4,86.7,4.9
Carrots,"Carrots, cooked, from restaurant",73102190,3261,7780,0,9.47,3,9.1,2.8,240,1,0.923,0.93,18,0.055,0.1,4.68,0.059,83.57,1.596,1.419,1.257,4.55,33,0.044,0.3,12,35,317,276,0.24,801,0.0,0.15,5.0,1.15,17.0,"carrots, cooked, from restaurant",82.55,4.5,45.9,49.6,1.13,3.39,39.98,0.363,34.0,41.19,37.6,0,0,False,False,3,Processed,Other,Other,3306,2805,34.0,82.55,0.93,9.47,4.55,2.8,4.68,276,801,5.0,17.0,33,0.3,34.0,37.6,4.5,45.9,49.6
Carrots,"Carrots, fresh, cooked, no added fat",73102211,3430,8174,0,9.95,0,9.1,2.9,253,1,0.97,0.97,0,0.057,0.1,4.92,0.062,87.53,0.012,0.106,0.033,0.25,34,0.047,0.31,12,36,332,192,0.25,824,0.0,0.129,5.2,0.68,13.7,"carrots, fresh, cooked, no added fat",45.93,8.4,86.7,4.9,2.11,6.31,74.03,0.675,34.9,,39.5,0,0,False,True,3,Processed,Other,Other,2524,1910,34.9,45.93,0.97,9.95,0.25,2.9,4.92,192,824,5.2,13.7,34,0.31,34.9,39.5,8.4,86.7,4.9
Carrots,"Carrots, frozen, cooked, no added fat",73102212,3705,8174,0,7.71,0,8.6,3.3,674,0,0.415,0.58,0,0.037,0.6,4.07,0.03,90.05,0.031,0.333,0.12,0.68,35,0.082,0.53,11,31,191,175,0.35,843,0.0,0.084,2.3,1.01,13.6,"carrots, frozen, cooked, no added fat",39.28,5.9,78.5,15.6,1.48,8.4,89.1,1.349,33.9,,39.6,0,0,False,False,3,Processed,Other,Other,3383,1874,33.9,39.28,0.58,7.71,0.68,3.3,4.07,175,843,2.3,13.6,35,0.53,33.9,39.6,5.9,78.5,15.6
Carrots,"Carrots, canned, cooked, no added fat",73102213,2743,5331,0,5.54,0,6.3,1.5,0,0,0.552,0.64,0,0.03,0.4,2.48,0.017,92.95,0.009,0.092,0.036,0.19,25,0.104,0.64,8,24,179,242,0.26,558,0.0,0.112,2.4,0.74,9.8,"carrots, canned, cooked, no added fat",26.43,9.7,83.8,6.5,2.42,5.68,94.59,2.421,32.4,,35.5,0,0,False,False,3,Processed,Other,Other,4691,4177,32.4,26.43,0.64,5.54,0.19,1.5,2.48,242,558,2.4,9.8,25,0.64,32.4,35.5,9.7,83.8,6.5
Carrots,"Carrots, glazed, cooked",73102241,3053,7280,0,16.68,6,8.9,2.6,225,1,0.873,0.9,20,0.052,0.2,12.12,0.055,78.5,0.639,0.185,1.566,2.65,38,0.045,0.33,12,33,307,201,0.23,754,0.0,0.118,4.6,0.68,12.4,"carrots, glazed, cooked",94.17,3.8,70.9,25.3,0.96,2.76,40.35,0.35,33.0,35.04,37.3,0,0,False,False,3,Processed,Other,Other,4135,2974,33.0,94.17,0.9,16.68,2.65,2.6,12.12,201,754,4.6,12.4,38,0.33,33.0,37.3,3.8,70.9,25.3
Carrots,"Carrots, canned, reduced sodium, cooked, no added fat",73103010,2743,5331,0,5.36,0,6.3,1.8,0,0,0.421,0.59,0,0.027,0.4,2.46,0.018,92.99,0.007,0.068,0.024,0.14,31,0.103,0.52,9,20,158,34,0.29,558,0.0,0.112,1.8,0.73,9.8,"carrots, canned, reduced sodium, cooked, no added fat",25.06,9.4,85.6,5.0,2.35,7.18,123.7,2.075,33.3,,38.2,0,0,False,False,3,Processed,Other,Other,3865,2494,33.3,25.06,0.59,5.36,0.14,1.8,2.46,34,558,1.8,9.8,31,0.52,33.3,38.2,9.4,85.6,5.0
Peas and carrots,"Peas and carrots, fresh, cooked, no added fat",73111211,1726,4309,0,12.48,0,19.3,4.4,1348,0,1.516,3.3,0,0.094,1.0,5.41,0.155,82.63,0.024,0.15,0.053,0.33,30,0.115,0.92,23,74,293,159,0.77,431,0.0,0.143,20.3,0.41,19.7,"peas and carrots, fresh, cooked, no added fat",66.09,20.0,75.5,4.5,4.99,6.66,45.39,1.392,38.2,57.8,46.0,0,0,False,True,3,Processed,Other,Other,889,587,38.2,66.09,3.3,12.48,0.33,4.4,5.41,159,431,20.3,19.7,30,0.92,38.2,46.0,20.0,75.5,4.5
Peas and carrots,"Peas and carrots, frozen, cooked, no added fat",73111212,1862,4710,0,10.96,0,18.0,3.9,1533,0,0.945,2.86,0,0.068,0.8,4.23,0.156,84.67,0.027,0.231,0.084,0.47,30,0.093,1.02,16,54,151,181,0.51,474,0.0,0.098,6.1,0.52,18.7,"peas and carrots, frozen, cooked, no added fat",59.51,19.2,73.7,7.1,4.81,6.55,50.41,1.714,35.2,59.15,43.5,0,0,False,False,3,Processed,Other,Other,2294,886,35.2,59.51,2.86,10.96,0.47,3.9,4.23,181,474,6.1,18.7,30,1.02,35.2,43.5,19.2,73.7,7.1
Peas and carrots,"Peas and carrots, canned, cooked, no added fat",73111213,1376,2922,0,8.45,0,18.2,3.2,675,0,0.766,2.56,0,0.041,1.0,2.74,0.059,87.62,0.04,0.233,0.09,0.5,24,0.105,0.91,13,46,142,258,0.46,300,0.0,0.084,3.1,0.56,23.3,"peas and carrots, canned, cooked, no added fat",48.54,21.1,69.6,9.3,5.27,6.59,49.44,1.875,34.1,,41.3,0,0,False,False,3,Processed,Other,Other,3226,1337,34.1,48.54,2.56,8.45,0.5,3.2,2.74,258,300,3.1,23.3,24,0.91,34.1,41.3,21.1,69.6,9.3
Peas and carrots,"Peas and carrots, fresh, cooked, fat added",73111221,1675,4189,0,12.12,2,19.0,4.3,1309,0,1.472,3.21,11,0.091,1.0,5.25,0.151,80.45,0.995,0.953,0.803,2.96,30,0.111,0.9,23,72,285,164,0.75,429,0.0,0.156,19.7,0.71,21.6,"peas and carrots, fresh, cooked, fat added",87.96,14.6,55.1,30.3,3.65,4.89,34.11,1.023,37.8,42.97,44.7,0,0,False,True,3,Processed,Other,Other,993,727,37.8,87.96,3.21,12.12,2.96,4.3,5.25,164,429,19.7,21.6,30,0.9,37.8,44.7,14.6,55.1,30.3
Peas and carrots,"Peas and carrots, frozen, cooked, fat added",73111222,1808,4578,0,10.65,2,17.7,3.8,1489,0,0.918,2.78,10,0.067,0.8,4.11,0.152,82.54,0.959,0.999,0.803,3.0,29,0.091,1.0,16,53,147,185,0.5,471,0.0,0.112,5.9,0.8,20.5,"peas and carrots, frozen, cooked, fat added",80.72,13.8,52.8,33.4,3.44,4.71,35.93,1.239,34.8,43.11,42.2,0,0,False,False,3,Processed,Other,Other,2615,1133,34.8,80.72,2.78,10.65,3.0,3.8,4.11,185,471,5.9,20.5,29,1.0,34.8,42.2,13.8,52.8,33.4
Peas and carrots,"Peas and carrots, canned, cooked, fat added",73111223,1336,2842,0,8.21,2,17.9,3.1,655,0,0.744,2.49,10,0.041,1.0,2.66,0.058,85.4,0.974,1.004,0.81,3.02,24,0.102,0.89,13,44,139,260,0.45,302,0.0,0.098,3.0,0.84,25.0,"peas and carrots, canned, cooked, fat added",69.98,14.2,46.9,38.8,3.56,4.43,34.3,1.272,33.8,48.3,39.8,0,0,False,False,3,Processed,Other,Other,3452,1796,33.8,69.98,2.49,8.21,3.02,3.1,2.66,260,302,3.0,25.0,24,0.89,33.8,39.8,14.2,46.9,38.8
Calabaza,"Calabaza, cooked",73210010,3971,3071,0,6.77,2,8.8,0.5,1483,0,0.594,1.05,11,0.109,0.3,2.87,0.047,88.18,1.016,0.839,0.829,2.83,22,0.132,0.84,13,46,354,132,0.33,433,0.0,0.075,8.0,1.42,3.7,"calabaza, cooked",56.75,7.4,47.7,44.9,1.85,0.88,38.77,1.48,33.9,59.74,34.6,0,0,False,False,3,Processed,Other,Other,3383,4783,33.9,56.75,1.05,6.77,2.83,0.5,2.87,132,433,8.0,3.7,22,0.84,33.9,34.6,7.4,47.7,44.9
Tomatoes,"Tomatoes, raw",74101000,101,449,0,3.89,0,6.7,1.2,123,2573,0.594,0.88,0,0.019,0.0,2.63,0.037,94.52,0.031,0.083,0.028,0.2,10,0.059,0.27,11,24,237,5,0.17,42,0.0,0.08,13.7,0.54,7.9,"tomatoes, raw",20.88,16.9,74.5,8.6,4.21,5.75,47.89,1.293,34.5,,39.0,0,0,False,True,1,Unprocessed,Other,Other,2885,2122,34.5,20.88,0.88,3.89,0.2,1.2,2.63,5,42,13.7,7.9,10,0.27,34.5,39.0,16.9,74.5,8.6
Tomatoes,"Tomatoes, fresh, cooked",74201001,116,522,0,4.71,2,7.6,1.5,141,2958,0.683,1.08,13,0.022,0.0,3.18,0.043,89.79,1.203,1.069,0.935,3.41,13,0.071,0.33,13,29,287,159,0.21,62,0.0,0.112,15.8,1.02,12.5,"tomatoes, fresh, cooked",53.85,8.0,35.0,57.0,2.01,2.79,24.14,0.613,34.5,64.07,36.8,0,0,False,True,3,Processed,Other,Other,2885,3320,34.5,53.85,1.08,4.71,3.41,1.5,3.18,159,62,15.8,12.5,13,0.33,34.5,36.8,8.0,35.0,57.0
Tomatoes,"Tomatoes, canned, cooked",74201003,0,243,0,3.37,2,6.1,1.8,76,2463,0.692,0.78,10,0.054,0.7,2.48,0.558,92.32,0.974,0.876,0.756,2.79,32,0.05,0.56,10,17,186,121,0.12,30,0.0,0.124,12.2,0.87,4.9,"tomatoes, canned, cooked",41.71,7.5,32.3,60.2,1.87,4.32,76.72,1.343,33.9,,37.4,0,0,False,False,3,Processed,Other,Other,3383,2925,33.9,41.71,0.78,3.37,2.79,1.8,2.48,121,30,12.2,4.9,32,0.56,33.9,37.4,7.5,32.3,60.2
Tomatoes,"Tomatoes, scalloped",74203010,83,375,0,14.1,11,8.9,1.9,101,2102,1.278,2.7,33,0.068,3.4,3.72,0.137,77.03,1.329,0.491,2.703,4.92,37,0.091,0.89,17,48,253,216,0.36,68,0.05,0.096,12.2,0.59,8.1,"tomatoes, scalloped",111.48,9.7,50.6,39.7,2.42,1.7,33.19,0.798,34.1,30.59,37.2,0,0,False,False,1,Unprocessed,Other,Other,3226,3044,34.1,111.48,2.7,14.1,4.92,1.9,3.72,216,68,12.2,8.1,37,0.89,34.1,37.2,9.7,50.6,39.7
Tomatoes,"Tomatoes, canned, reduced sodium, cooked",74204500,0,262,0,3.37,2,6.7,1.8,83,2665,0.692,0.78,10,0.054,0.7,2.48,0.558,92.32,0.974,0.876,0.756,2.79,32,0.05,0.56,10,17,186,19,0.12,32,0.0,0.124,12.2,0.87,5.2,"tomatoes, canned, reduced sodium, cooked",41.71,7.5,32.3,60.2,1.87,4.32,76.72,1.343,34.3,,38.4,0,0,False,False,3,Processed,Other,Other,3064,2404,34.3,41.71,0.78,3.37,2.79,1.8,2.48,19,32,12.2,5.2,32,0.56,34.3,38.4,7.5,32.3,60.2
Fried green tomatoes,Fried green tomatoes,74205010,45,202,0,21.56,10,13.4,1.3,72,1155,1.835,3.56,4,0.145,9.2,1.58,0.23,60.86,5.174,5.186,1.813,12.72,29,0.074,1.43,12,51,147,317,0.33,23,0.04,0.055,6.2,1.7,18.2,fried green tomatoes,214.96,6.6,40.1,53.3,1.66,0.6,13.49,0.665,32.9,15.31,34.1,0,0,False,False,3,Processed,Other,Other,4247,5188,32.9,214.96,3.56,21.56,12.72,1.3,1.58,317,23,6.2,18.2,29,1.43,32.9,34.1,6.6,40.1,53.3
Sun-dried tomatoes,Sun-dried tomatoes,74206000,0,524,0,55.76,0,104.6,12.3,1419,45902,9.05,14.11,0,0.489,5.5,37.59,0.528,14.56,0.487,1.115,0.426,2.97,110,1.423,9.09,194,356,3427,107,1.99,44,0.0,0.332,39.2,0.01,43.0,sun-dried tomatoes,306.21,18.4,72.8,8.7,4.61,4.02,35.92,2.969,77.6,25.34,73.2,0,0,False,False,2,Minimally processed,Other,Other,19,7,77.6,306.21,14.11,55.76,2.97,12.3,37.59,107,44,39.2,43.0,110,9.09,77.6,73.2,18.4,72.8,8.7
Alfalfa sprouts,"Alfalfa sprouts, raw",75100500,6,87,6,2.1,0,14.4,1.9,0,0,0.481,3.99,0,0.126,0.6,0.2,0.076,92.82,0.056,0.409,0.069,0.69,32,0.157,0.96,27,70,79,6,0.92,8,0.0,0.034,8.2,0.02,30.5,"alfalfa sprouts, raw",30.57,52.2,27.5,20.3,13.05,6.22,104.68,3.14,35.9,,46.8,0,0,False,True,1,Unprocessed,Other,Other,1864,536,35.9,30.57,3.99,2.1,0.69,1.9,0.2,6,8,8.2,30.5,32,0.96,35.9,46.8,52.2,27.5,20.3
Artichoke,"Artichoke, raw",75100750,0,8,0,11.95,0,34.4,5.7,464,0,1.11,2.89,0,0.089,0.2,0.99,0.05,84.08,0.011,0.145,0.079,0.34,21,0.127,0.61,42,73,286,60,0.4,1,0.0,0.081,7.4,0.19,14.8,"artichoke, raw",62.42,18.5,76.6,4.9,4.63,9.13,33.64,0.977,38.9,62.32,49.5,0,0,False,True,1,Unprocessed,Other,Other,769,394,38.9,62.42,2.89,11.95,0.34,5.7,0.99,60,1,7.4,14.8,21,0.61,38.9,49.5,18.5,76.6,4.9
Green beans,"Green beans, raw",75101800,69,379,0,6.97,0,15.3,2.7,640,0,0.734,1.83,0,0.104,0.6,3.26,0.082,90.32,0.01,0.113,0.05,0.22,37,0.069,1.03,25,38,211,6,0.24,35,0.0,0.141,12.2,0.41,43.0,"green beans, raw",37.18,19.7,75.0,5.3,4.92,7.26,99.52,2.77,37.3,,43.5,0,0,False,True,1,Unprocessed,Other,Other,1174,886,37.3,37.18,1.83,6.97,0.22,2.7,3.26,6,35,12.2,43.0,37,1.03,37.3,43.5,19.7,75.0,5.3
Beets,"Beets, raw",75102500,0,20,0,9.56,0,6.0,2.8,0,0,0.334,1.61,0,0.04,0.7,6.76,0.031,87.58,0.032,0.06,0.027,0.17,16,0.075,0.8,23,40,325,78,0.35,2,0.0,0.067,4.9,0.04,0.2,"beets, raw",46.21,13.9,82.8,3.3,3.48,6.06,34.62,1.731,35.1,,41.3,0,0,False,True,1,Unprocessed,Other,Other,2364,1337,35.1,46.21,1.61,9.56,0.17,2.8,6.76,78,2,4.9,0.2,16,0.8,35.1,41.3,13.9,82.8,3.3
Broccoflower,"Broccoflower, raw",75102600,0,93,0,6.09,0,57.1,3.2,42,0,0.734,2.95,0,0.102,0.6,3.03,0.08,89.79,0.028,0.133,0.047,0.3,33,0.041,0.73,20,62,300,23,0.64,8,0.0,0.222,88.1,0.04,20.2,"broccoflower, raw",38.86,30.4,62.7,6.9,7.59,8.23,84.92,1.879,44.7,,49.1,0,0,False,True,1,Unprocessed,Other,Other,361,416,44.7,38.86,2.95,6.09,0.3,3.2,3.03,23,8,88.1,20.2,33,0.73,44.7,49.1,30.4,62.7,6.9
Fennel bulb,"Fennel bulb, raw",75109010,0,578,0,7.3,0,13.2,3.1,607,0,0.64,1.24,0,0.032,0.7,3.93,0.01,90.21,0.068,0.169,0.09,0.2,49,0.066,0.73,17,50,414,52,0.2,48,0.0,0.047,12.0,0.58,62.8,"fennel bulb, raw",35.96,13.8,81.2,5.0,3.45,8.62,136.26,2.03,38.9,,43.6,0,0,False,True,1,Unprocessed,Other,Other,769,860,38.9,35.96,1.24,7.3,0.2,3.1,3.93,52,48,12.0,62.8,49,0.73,38.9,43.6,13.8,81.2,5.0
Chives,"Chives, raw",75109500,0,2612,0,4.35,0,5.2,2.5,323,0,0.647,3.27,0,0.115,0.9,1.85,0.078,90.65,0.095,0.267,0.146,0.73,92,0.157,1.6,42,58,296,3,0.56,218,0.0,0.138,58.1,0.21,212.7,"chives, raw",37.05,35.3,47.0,17.7,8.83,6.75,248.31,4.318,48.9,,50.4,0,0,False,True,1,Unprocessed,Other,Other,241,349,48.9,37.05,3.27,4.35,0.73,2.5,1.85,3,218,58.1,212.7,92,1.6,48.9,50.4,35.3,47.0,17.7
Cilantro,"Cilantro, raw",75109550,36,3930,202,3.67,0,12.8,2.8,865,0,1.114,2.13,0,0.162,0.9,0.87,0.067,92.21,0.275,0.04,0.014,0.52,67,0.225,1.77,26,48,521,46,0.5,337,0.0,0.149,27.0,2.5,310.0,"cilantro, raw",27.88,30.6,52.7,16.8,7.64,10.04,240.32,6.349,49.3,,50.0,0,0,False,True,1,Unprocessed,Other,Other,222,372,49.3,27.88,2.13,3.67,0.52,2.8,0.87,46,337,27.0,310.0,67,1.77,49.3,50.0,30.6,52.7,16.8
Corn,"Corn, raw",75109600,16,47,115,18.7,0,23.0,2.0,644,0,1.77,3.27,0,0.055,0.6,6.26,0.155,76.05,0.432,0.487,0.325,1.35,2,0.054,0.52,37,89,270,15,0.46,9,0.0,0.093,6.8,0.07,0.3,"corn, raw",100.03,13.1,74.8,12.1,3.27,2.0,2.0,0.52,35.2,35.19,40.1,0,0,False,True,1,Unprocessed,Other,Other,2294,1686,35.2,100.03,3.27,18.7,1.35,2.0,6.26,15,9,6.8,0.3,2,0.52,35.2,40.1,13.1,74.8,12.1
Mushrooms,"Mushrooms, raw",75115000,0,0,0,3.26,0,17.3,1.0,0,0,3.607,3.09,0,0.402,9.3,1.98,0.081,92.45,0.0,0.16,0.05,0.34,3,0.318,0.5,9,86,318,5,0.52,0,0.04,0.104,2.1,0.01,0.0,"mushrooms, raw",28.46,43.4,45.8,10.8,10.86,3.51,10.54,1.757,34.1,,42.8,0,0,False,True,1,Unprocessed,Other,Other,3226,998,34.1,28.46,3.09,3.26,0.34,1.0,1.98,5,0,2.1,0.0,3,0.5,34.1,42.8,43.4,45.8,10.8
Onions,"Onions, green, raw",75117010,0,598,0,7.34,0,5.7,2.6,1137,0,0.525,1.83,0,0.08,0.6,2.33,0.055,89.83,0.027,0.074,0.032,0.19,72,0.083,1.48,20,37,276,16,0.39,50,0.0,0.061,18.8,0.55,207.0,"onions, green, raw",38.39,19.1,76.5,4.5,4.77,6.77,187.55,3.855,43.4,,45.6,0,0,False,True,1,Unprocessed,Other,Other,414,614,43.4,38.39,1.83,7.34,0.19,2.6,2.33,16,50,18.8,207.0,72,1.48,43.4,45.6,19.1,76.5,4.5
Onions,"Onions, raw",75117020,0,1,0,9.34,0,6.1,1.7,4,0,0.116,1.1,0,0.027,0.5,4.24,0.046,89.11,0.013,0.017,0.042,0.1,23,0.039,0.21,10,29,146,4,0.17,0,0.0,0.12,7.4,0.02,0.4,"onions, raw",42.66,10.3,87.6,2.1,2.58,3.98,53.91,0.492,33.3,,38.4,0,0,False,True,1,Unprocessed,Other,Other,3865,2404,33.3,42.66,1.1,9.34,0.1,1.7,4.24,4,0,7.4,0.4,23,0.21,33.3,38.4,10.3,87.6,2.1
Green peas,"Green peas, raw",75120000,21,449,0,14.45,0,28.4,5.7,2477,0,2.09,5.42,0,0.132,1.8,5.67,0.266,78.86,0.035,0.187,0.071,0.4,25,0.176,1.47,33,108,244,5,1.24,38,0.0,0.169,40.0,0.13,24.8,"green peas, raw",83.08,26.1,69.6,4.3,6.52,6.86,30.09,1.769,42.2,50.79,52.6,0,0,False,True,1,Unprocessed,Other,Other,467,250,42.2,83.08,5.42,14.45,0.4,5.7,5.67,5,38,40.0,24.8,25,1.47,42.2,52.6,26.1,69.6,4.3
Rutabaga,"Rutabaga, raw",75127000,0,1,1,8.62,0,14.1,2.3,19,14,0.7,1.08,0,0.04,0.7,4.46,0.09,89.43,0.025,0.088,0.027,0.16,43,0.032,0.44,20,53,305,12,0.24,0,0.0,0.1,25.0,0.3,0.3,"rutabaga, raw",40.24,10.7,85.7,3.6,2.68,5.72,106.86,1.093,37.2,,41.2,0,0,False,True,1,Unprocessed,Other,Other,1223,1367,37.2,40.24,1.08,8.62,0.16,2.3,4.46,12,0,25.0,0.3,43,0.44,37.2,41.2,10.7,85.7,3.6
Snowpeas,"Snowpeas, raw",75127750,44,630,0,7.55,0,17.4,2.6,740,0,0.6,2.8,0,0.08,0.7,4.0,0.15,88.89,0.021,0.089,0.039,0.2,43,0.079,2.08,24,53,200,4,0.27,54,0.0,0.16,60.0,0.39,25.0,"snowpeas, raw",43.2,25.9,69.9,4.2,6.48,6.02,99.54,4.815,41.9,,46.2,0,0,False,True,1,Unprocessed,Other,Other,487,578,41.9,43.2,2.8,7.55,0.2,2.6,4.0,4,54,60.0,25.0,43,2.08,41.9,46.2,25.9,69.9,4.2
Artichoke,"Artichoke, fresh, cooked, no added fat",75201011,0,8,0,11.91,0,34.3,5.7,463,0,1.107,2.88,0,0.089,0.2,0.99,0.05,83.83,0.011,0.145,0.079,0.34,21,0.127,0.61,42,73,285,176,0.4,1,0.0,0.081,7.4,0.19,14.8,"artichoke, fresh, cooked, no added fat",62.22,18.5,76.6,4.9,4.63,9.16,33.75,0.98,38.4,61.72,48.3,0,0,False,True,3,Processed,Other,Other,841,453,38.4,62.22,2.88,11.91,0.34,5.7,0.99,176,1,7.4,14.8,21,0.61,38.4,48.3,18.5,76.6,4.9
Artichoke,"Artichoke, frozen, cooked, no added fat",75201012,0,8,0,11.91,0,34.3,5.7,463,0,1.107,2.88,0,0.089,0.2,0.99,0.05,83.83,0.011,0.145,0.079,0.34,21,0.127,0.61,42,73,285,176,0.4,1,0.0,0.081,7.4,0.19,14.8,"artichoke, frozen, cooked, no added fat",62.22,18.5,76.6,4.9,4.63,9.16,33.75,0.98,38.4,61.72,48.3,0,0,False,False,3,Processed,Other,Other,841,453,38.4,62.22,2.88,11.91,0.34,5.7,0.99,176,1,7.4,14.8,21,0.61,38.4,48.3,18.5,76.6,4.9
Artichoke,"Artichoke, canned, cooked, no added fat",75201013,0,8,0,11.91,0,34.3,5.7,463,0,1.107,2.88,0,0.089,0.2,0.99,0.05,83.83,0.011,0.145,0.079,0.34,21,0.127,0.61,42,73,285,176,0.4,1,0.0,0.081,7.4,0.19,14.8,"artichoke, canned, cooked, no added fat",62.22,18.5,76.6,4.9,4.63,9.16,33.75,0.98,38.4,61.72,48.3,0,0,False,False,3,Processed,Other,Other,841,453,38.4,62.22,2.88,11.91,0.34,5.7,0.99,176,1,7.4,14.8,21,0.61,38.4,48.3,18.5,76.6,4.9
Artichoke,"Artichoke, fresh, cooked, fat added",75201021,0,13,0,11.57,2,33.5,5.5,449,0,1.075,2.81,10,0.087,0.2,0.96,0.048,81.72,0.943,0.916,0.797,2.87,21,0.123,0.59,41,71,277,180,0.39,12,0.0,0.095,7.2,0.48,16.7,"artichoke, fresh, cooked, fat added",83.35,13.5,55.5,31.0,3.37,6.6,25.19,0.708,37.9,45.47,46.8,0,0,False,True,3,Processed,Other,Other,962,536,37.9,83.35,2.81,11.57,2.87,5.5,0.96,180,12,7.2,16.7,21,0.59,37.9,46.8,13.5,55.5,31.0
Artichoke,"Artichoke, frozen, cooked, fat added",75201022,0,13,0,11.57,2,33.5,5.5,449,0,1.075,2.81,10,0.087,0.2,0.96,0.048,81.72,0.943,0.916,0.797,2.87,21,0.123,0.59,41,71,277,180,0.39,12,0.0,0.095,7.2,0.48,16.7,"artichoke, frozen, cooked, fat added",83.35,13.5,55.5,31.0,3.37,6.6,25.19,0.708,37.9,45.47,46.8,0,0,False,False,3,Processed,Other,Other,962,536,37.9,83.35,2.81,11.57,2.87,5.5,0.96,180,12,7.2,16.7,21,0.59,37.9,46.8,13.5,55.5,31.0
Artichoke,"Artichoke, canned, cooked, fat added",75201023,0,13,0,11.57,2,33.5,5.5,449,0,1.075,2.81,10,0.087,0.2,0.96,0.048,81.72,0.943,0.916,0.797,2.87,21,0.123,0.59,41,71,277,180,0.39,12,0.0,0.095,7.2,0.48,16.7,"artichoke, canned, cooked, fat added",83.35,13.5,55.5,31.0,3.37,6.6,25.19,0.708,37.9,45.47,46.8,0,0,False,False,3,Processed,Other,Other,962,536,37.9,83.35,2.81,11.57,2.87,5.5,0.96,180,12,7.2,16.7,21,0.59,37.9,46.8,13.5,55.5,31.0
Lima beans,"Lima beans, from frozen, no added fat",75204012,0,114,0,19.26,0,36.2,5.3,0,0,1.066,6.05,0,0.061,0.6,1.34,0.074,72.76,0.02,0.163,0.077,0.34,30,0.169,1.82,42,97,303,185,0.74,10,0.0,0.122,12.8,0.29,5.1,"lima beans, from frozen, no added fat",104.3,23.2,73.9,2.9,5.8,5.08,28.76,1.745,39.7,38.06,48.7,0,0,False,False,1,Unprocessed,Other,Other,664,430,39.7,104.3,6.05,19.26,0.34,5.3,1.34,185,10,12.8,5.1,30,1.82,39.7,48.7,23.2,73.9,2.9
Lima beans,"Lima beans, from frozen, fat added",75204022,0,115,0,18.71,2,35.4,5.1,0,0,1.035,5.88,10,0.06,0.6,1.3,0.072,70.98,0.951,0.933,0.795,2.87,29,0.165,1.76,41,94,295,189,0.72,20,0.0,0.134,12.4,0.58,7.3,"lima beans, from frozen, fat added",124.19,18.9,60.3,20.8,4.73,4.11,23.35,1.417,39.1,31.48,47.3,0,0,False,False,1,Unprocessed,Other,Other,732,499,39.1,124.19,5.88,18.71,2.87,5.1,1.3,189,20,12.4,7.3,29,1.76,39.1,47.3,18.9,60.3,20.8
Lima beans,"Lima beans, from canned",75204023,0,115,0,18.62,2,35.2,5.1,0,0,1.03,5.86,10,0.059,0.6,1.29,0.071,70.64,0.947,0.929,0.792,2.85,30,0.164,1.76,40,94,293,374,0.71,20,0.0,0.134,12.3,0.57,7.3,"lima beans, from canned",123.57,19.0,60.3,20.8,4.74,4.13,24.28,1.424,38.3,30.99,45.4,0,0,False,False,3,Processed,Other,Other,860,634,38.3,123.57,5.86,18.62,2.85,5.1,1.29,374,20,12.3,7.3,30,1.76,38.3,45.4,19.0,60.3,20.8
Green beans,"Green beans, cooked, from restaurant",75205005,65,364,0,6.89,3,15.5,2.7,600,0,0.689,1.82,18,0.098,0.6,3.22,0.073,85.57,1.594,1.429,1.275,4.53,37,0.068,1.02,25,38,209,213,0.24,51,0.0,0.153,10.2,0.91,46.4,"green beans, cooked, from restaurant",75.61,9.6,36.5,53.9,2.41,3.57,48.94,1.349,35.9,47.48,39.5,0,0,False,False,3,Processed,Other,Other,1864,1910,35.9,75.61,1.82,6.89,4.53,2.7,3.22,213,51,10.2,46.4,37,1.02,35.9,39.5,9.6,36.5,53.9
Green beans,"Green beans, fresh, cooked, no added fat",75205021,68,374,0,7.24,0,15.9,2.8,631,0,0.724,1.9,0,0.103,0.6,3.39,0.077,89.64,0.01,0.117,0.052,0.23,39,0.072,1.07,26,39,219,127,0.25,35,0.0,0.132,10.8,0.43,44.7,"green beans, fresh, cooked, no added fat",38.63,19.7,75.0,5.4,4.92,7.25,100.96,2.77,36.9,,42.5,0,0,False,True,3,Processed,Other,Other,1338,1070,36.9,38.63,1.9,7.24,0.23,2.8,3.39,127,35,10.8,44.7,39,1.07,36.9,42.5,19.7,75.0,5.4
Green beans,"Green beans, frozen, cooked, no added fat",75205022,55,223,0,6.43,0,13.5,3.0,506,0,0.382,1.49,0,0.09,0.4,1.87,0.035,91.15,0.008,0.083,0.044,0.17,42,0.059,0.66,19,29,159,117,0.24,21,0.0,0.06,4.1,0.04,38.0,"green beans, frozen, cooked, no added fat",33.21,17.9,77.4,4.6,4.49,9.03,126.47,1.987,35.5,,42.2,0,0,False,False,3,Processed,Other,Other,2083,1133,35.5,33.21,1.49,6.43,0.17,3.0,1.87,117,21,4.1,38.0,42,0.66,35.5,42.2,17.9,77.4,4.6
Green beans,"Green beans, canned, cooked, no added fat",75205023,156,122,24,4.11,0,14.7,1.9,384,0,0.206,1.04,0,0.046,0.4,1.29,0.015,93.6,0.017,0.211,0.093,0.39,36,0.041,0.78,13,23,97,282,0.19,18,0.0,0.03,2.5,0.03,38.9,"green beans, canned, cooked, no added fat",24.11,17.3,68.2,14.6,4.31,7.88,149.32,3.235,33.3,,37.5,0,0,False,False,3,Processed,Other,Other,3865,2861,33.3,24.11,1.04,4.11,0.39,1.9,1.29,282,18,2.5,38.9,36,0.78,33.3,37.5,17.3,68.2,14.6
Green beans,"Green beans, canned, reduced sodium, cooked, no added fat",75205120,156,122,24,4.32,0,14.7,1.9,452,0,0.206,1.12,0,0.046,0.4,0.78,0.015,93.38,0.019,0.234,0.103,0.46,38,0.034,1.06,13,20,96,2,0.2,18,0.0,0.03,2.5,0.03,38.9,"green beans, canned, reduced sodium, cooked, no added fat",25.9,17.3,66.7,16.0,4.32,7.34,146.72,4.093,34.7,,40.5,0,0,False,False,3,Processed,Other,Other,2724,1553,34.7,25.9,1.12,4.32,0.46,1.9,0.78,2,18,2.5,38.9,38,1.06,34.7,40.5,17.3,66.7,16.0
Fried green beans,Fried green beans,75205200,26,142,0,22.47,10,16.6,1.8,256,0,1.843,3.86,4,0.175,9.5,1.62,0.242,59.64,5.163,5.191,1.82,12.72,38,0.073,1.7,17,54,118,317,0.34,17,0.04,0.069,4.1,1.6,31.4,fried green beans,219.8,7.0,40.9,52.1,1.76,0.82,17.29,0.773,33.6,15.29,35.5,0,0,False,False,3,Processed,Other,Other,3631,4177,33.6,219.8,3.86,22.47,12.72,1.8,1.62,317,17,4.1,31.4,38,1.7,33.6,35.5,7.0,40.9,52.1
Yellow string beans,"Yellow string beans, cooked",75206020,14,60,0,6.25,2,13.3,2.9,519,0,0.353,1.45,10,0.083,0.4,1.82,0.031,88.83,0.94,0.856,0.763,2.7,48,0.059,0.86,23,30,122,131,0.47,16,0.0,0.069,3.4,0.33,39.2,"yellow string beans, cooked",55.1,10.5,45.4,44.1,2.63,5.26,87.11,1.561,35.1,63.7,40.5,0,0,False,False,3,Processed,Other,Other,2364,1553,35.1,55.1,1.45,6.25,2.7,2.9,1.82,131,16,3.4,39.2,48,0.86,35.1,40.5,10.5,45.4,44.1
Beets,"Beets, fresh, cooked, no added fat",75208011,0,20,0,9.93,0,6.2,2.9,0,0,0.33,1.67,0,0.039,0.7,7.02,0.029,86.79,0.033,0.062,0.028,0.18,17,0.078,0.83,24,42,338,202,0.36,2,0.0,0.063,4.3,0.04,0.2,"beets, fresh, cooked, no added fat",48.02,13.9,82.7,3.4,3.48,6.04,35.4,1.728,34.8,,40.3,0,0,False,True,3,Processed,Other,Other,2615,1618,34.8,48.02,1.67,9.93,0.18,2.9,7.02,202,2,4.3,0.2,17,0.83,34.8,40.3,13.9,82.7,3.4
Beets,"Beets, canned, cooked, no added fat",75208013,0,15,0,7.21,0,7.5,1.8,0,0,0.157,0.91,0,0.04,0.5,5.51,0.01,90.96,0.027,0.049,0.022,0.14,15,0.059,1.82,17,17,148,194,0.21,1,0.0,0.057,3.7,0.03,0.2,"beets, canned, cooked, no added fat",33.74,10.8,85.5,3.7,2.7,5.33,44.46,5.394,32.8,,36.8,0,0,False,False,3,Processed,Other,Other,4355,3320,32.8,33.74,0.91,7.21,0.14,1.8,5.51,194,1,3.7,0.2,15,1.82,32.8,36.8,10.8,85.5,3.7
Beets,"Beets, fresh, cooked, fat added",75208021,0,24,0,9.65,2,6.3,2.8,0,0,0.32,1.63,11,0.039,0.7,6.82,0.028,84.49,1.003,0.868,0.778,2.81,17,0.076,0.81,23,41,328,206,0.35,13,0.0,0.078,4.2,0.35,2.6,"beets, fresh, cooked, fat added",70.41,9.3,54.8,35.9,2.32,3.98,24.14,1.15,34.4,48.86,39.1,0,0,False,True,3,Processed,Other,Other,2974,2062,34.4,70.41,1.63,9.65,2.81,2.8,6.82,206,13,4.2,2.6,17,0.81,34.4,39.1,9.3,54.8,35.9
Beets,"Beets, canned, cooked, fat added",75208023,0,19,0,7.0,2,7.5,1.7,0,0,0.153,0.89,10,0.039,0.5,5.35,0.009,88.64,0.961,0.825,0.744,2.68,15,0.057,1.77,17,17,144,198,0.2,12,0.0,0.072,3.6,0.33,2.6,"beets, canned, cooked, fat added",55.68,6.4,50.3,43.3,1.6,3.05,26.94,3.179,32.5,58.37,35.7,0,0,False,False,3,Processed,Other,Other,4607,4046,32.5,55.68,0.89,7.0,2.68,1.7,5.35,198,12,3.6,2.6,15,1.77,32.5,35.7,6.4,50.3,43.3
Beets,"Beets, canned, reduced sodium, cooked",75208110,0,19,0,6.79,2,7.4,1.2,0,0,0.156,0.84,11,0.04,0.5,5.56,0.01,88.6,1.008,0.853,0.78,2.78,14,0.1,0.65,17,17,147,32,0.24,12,0.0,0.074,2.6,0.35,2.6,"beets, canned, reduced sodium, cooked",55.54,6.0,48.9,45.0,1.51,2.16,25.21,1.17,32.4,58.34,36.1,0,0,False,False,3,Processed,Other,Other,4691,3757,32.4,55.54,0.84,6.79,2.78,1.2,5.56,32,12,2.6,2.6,14,0.65,32.4,36.1,6.0,48.9,45.0
Breadfruit,"Breadfruit, cooked",75208501,0,5,0,26.26,2,9.7,4.7,20,0,0.828,1.04,10,0.028,0.6,10.65,0.096,68.72,0.965,0.839,0.767,2.76,17,0.081,0.52,24,29,475,124,0.12,11,0.0,0.104,23.9,0.39,2.8,"breadfruit, cooked",134.04,3.1,78.4,18.5,0.78,3.51,12.68,0.388,38.2,28.5,44.1,0,0,False,False,3,Processed,Other,Other,889,798,38.2,134.04,1.04,26.26,2.76,4.7,10.65,124,11,23.9,2.8,17,0.52,38.2,44.1,3.1,78.4,18.5
Broccoflower,"Broccoflower, cooked",75208720,0,94,0,6.15,2,57.8,3.2,40,0,0.704,2.98,11,0.098,0.6,3.06,0.073,86.72,0.999,0.942,0.798,2.94,34,0.041,0.74,20,63,303,150,0.65,19,0.0,0.219,75.5,0.35,22.8,"broccoflower, cooked",62.98,18.9,39.1,42.0,4.73,5.08,53.99,1.175,42.8,67.96,45.4,0,0,False,False,3,Processed,Other,Other,438,634,42.8,62.98,2.98,6.15,2.94,3.2,3.06,150,19,75.5,22.8,34,0.74,42.8,45.4,18.9,39.1,42.0
Burdock,"Burdock, cooked",75209501,0,5,0,18.06,2,12.4,3.4,0,0,0.297,1.6,11,0.03,0.7,3.02,0.009,76.19,1.041,0.895,0.801,2.88,43,0.08,0.84,40,53,321,136,0.34,12,0.0,0.242,2.7,0.71,4.2,"burdock, cooked",104.56,6.1,69.1,24.8,1.53,3.25,41.12,0.803,36.3,34.72,41.2,0,0,False,False,3,Processed,Other,Other,1666,1367,36.3,104.56,1.6,18.06,2.88,3.4,3.02,136,12,2.7,4.2,43,0.84,36.3,41.2,6.1,69.1,24.8
Fennel bulb,"Fennel bulb, cooked",75215120,0,631,0,8.32,2,15.3,3.5,657,0,0.693,1.42,12,0.035,0.8,4.48,0.01,85.48,1.174,1.105,0.951,3.21,56,0.075,0.84,19,57,472,203,0.23,65,0.0,0.067,11.6,1.01,74.3,"fennel bulb, cooked",67.85,8.4,49.0,42.6,2.09,5.16,82.54,1.238,39.0,57.48,42.2,0,0,False,False,3,Processed,Other,Other,745,1133,39.0,67.85,1.42,8.32,3.21,3.5,4.48,203,65,11.6,74.3,56,0.84,39.0,42.2,8.4,49.0,42.6
Christophine,"Christophine, cooked",75215511,0,5,0,4.7,2,9.8,1.8,0,0,0.465,0.86,11,0.029,0.2,1.73,0.024,90.92,1.013,0.893,0.804,2.86,18,0.128,0.36,13,19,131,133,0.77,12,0.0,0.089,6.8,0.44,6.8,"christophine, cooked",47.98,7.2,39.2,53.6,1.79,3.75,37.52,0.75,32.9,,36.8,0,0,False,False,3,Processed,Other,Other,4247,3320,32.9,47.98,0.86,4.7,2.86,1.8,1.73,133,12,6.8,6.8,18,0.36,32.9,36.8,7.2,39.2,53.6
Corn,"Corn, cooked, from restaurant",75215990,14,50,104,17.73,3,22.2,1.9,580,0,1.595,3.11,17,0.05,0.6,5.94,0.132,72.62,1.93,1.727,1.484,5.42,3,0.051,0.5,35,85,257,213,0.44,26,0.0,0.106,5.5,0.55,4.1,"corn, cooked, from restaurant",132.14,9.4,53.7,36.9,2.35,1.44,2.27,0.378,33.7,25.5,37.0,0,0,False,False,3,Processed,Other,Other,3542,3160,33.7,132.14,3.11,17.73,5.42,1.9,5.94,213,26,5.5,4.1,3,0.5,33.7,37.0,9.4,53.7,36.9
Corn,"Corn, fresh, cooked, no added fat",75216111,15,45,109,18.64,0,22.9,2.0,610,0,1.676,3.26,0,0.052,0.6,6.24,0.139,75.82,0.431,0.486,0.324,1.35,2,0.054,0.52,37,89,269,131,0.46,9,0.0,0.083,5.8,0.07,0.3,"corn, fresh, cooked, no added fat",99.75,13.1,74.7,12.2,3.27,2.01,2.01,0.521,34.6,34.69,38.9,0,0,False,True,3,Processed,Other,Other,2801,2156,34.6,99.75,3.26,18.64,1.35,2.0,6.24,131,9,5.8,0.3,2,0.52,34.6,38.9,13.1,74.7,12.2
Corn,"Corn, frozen, cooked, no added fat",75216112,17,50,122,19.24,0,21.9,2.4,682,0,1.307,2.54,0,0.062,0.7,3.06,0.03,76.8,0.196,0.317,0.103,0.67,3,0.048,0.47,28,79,232,117,0.63,10,0.0,0.099,3.5,0.07,0.3,"corn, frozen, cooked, no added fat",93.15,10.9,82.6,6.5,2.73,2.58,3.22,0.505,34.4,36.93,39.4,0,0,False,False,3,Processed,Other,Other,2974,1949,34.4,93.15,2.54,19.24,0.67,2.4,3.06,117,10,3.5,0.3,3,0.47,34.4,39.4,10.9,82.6,6.5
Corn,"Corn, canned, cooked, no added fat",75216113,6,14,20,14.34,0,17.8,2.0,695,0,1.005,2.29,0,0.089,0.6,4.44,0.037,81.41,0.374,0.519,0.245,1.22,3,0.033,0.27,13,46,132,205,0.32,2,0.0,0.037,1.6,0.09,0.0,"corn, canned, cooked, no added fat",77.5,11.8,74.0,14.2,2.95,2.58,3.87,0.348,31.9,41.16,36.9,0,0,False,False,3,Processed,Other,Other,5056,3242,31.9,77.5,2.29,14.34,1.22,2.0,4.44,205,2,1.6,0.0,3,0.27,31.9,36.9,11.8,74.0,14.2
Corn,"Corn, creamed",75216153,23,30,6,18.13,0,20.3,1.2,949,0,0.96,1.74,0,0.053,0.4,3.23,0.024,78.73,0.123,0.198,0.065,0.42,3,0.052,0.38,17,51,134,261,0.53,4,0.0,0.063,4.1,0.07,0.0,"corn, creamed",83.26,8.4,87.1,4.5,2.09,1.44,3.6,0.456,31.8,38.19,34.2,0,0,False,False,1,Unprocessed,Other,Other,5138,5119,31.8,83.26,1.74,18.13,0.42,1.2,3.23,261,4,4.1,0.0,3,0.38,31.8,34.2,8.4,87.1,4.5
Corn,"Corn, canned, reduced sodium, cooked, no added fat",75216310,11,10,15,14.9,0,17.8,1.8,699,0,0.951,2.1,0,0.016,0.5,4.46,0.015,81.3,0.155,0.252,0.083,0.83,4,0.03,0.39,16,49,146,13,0.42,2,0.0,0.04,2.5,0.03,0.0,"corn, canned, reduced sodium, cooked, no added fat",75.47,11.1,79.0,9.9,2.78,2.39,5.3,0.517,33.0,43.73,38.5,0,0,False,False,3,Processed,Other,Other,4135,2351,33.0,75.47,2.1,14.9,0.83,1.8,4.46,13,2,2.5,0.0,4,0.39,33.0,38.5,11.1,79.0,9.9
Hominy,"Hominy, cooked",75217520,0,9,0,13.8,4,3.4,2.4,29,0,0.033,1.45,19,0.007,2.9,1.46,0.003,80.41,0.833,0.719,1.102,2.89,11,0.029,0.6,16,34,9,503,1.02,20,0.0,0.036,0.3,0.28,1.4,"hominy, cooked",87.01,6.7,63.4,29.9,1.67,2.76,12.64,0.69,30.2,34.71,33.6,0,0,False,False,3,Processed,Other,Other,6046,5527,30.2,87.01,1.45,13.8,2.89,2.4,1.46,503,20,0.3,1.4,11,0.6,30.2,33.6,6.7,63.4,29.9
Mushrooms,"Mushrooms, fresh, cooked, no added fat",75219011,0,0,0,4.06,0,21.6,1.2,0,0,4.271,3.85,0,0.476,11.6,2.47,0.091,90.22,0.0,0.199,0.062,0.42,4,0.396,0.62,11,107,396,151,0.65,0,0.05,0.117,2.2,0.01,0.0,"mushrooms, fresh, cooked, no added fat",35.42,43.5,45.8,10.7,10.87,3.39,11.29,1.75,34.3,,42.1,0,0,False,True,3,Processed,Other,Other,3064,1149,34.3,35.42,3.85,4.06,0.42,1.2,2.47,151,0,2.2,0.0,4,0.62,34.3,42.1,43.5,45.8,10.7
Mushrooms,"Mushrooms, canned, cooked",75219023,0,5,0,4.95,2,20.0,2.3,0,0,1.547,1.82,10,0.021,4.0,2.27,0.078,88.76,0.94,0.887,0.76,2.82,11,0.228,0.77,15,64,126,422,0.7,11,0.0,0.076,0.0,0.31,2.4,"mushrooms, canned, cooked",52.46,13.9,37.7,48.4,3.47,4.38,20.97,1.468,31.4,59.86,35.8,0,0,False,False,3,Processed,Other,Other,5402,3965,31.4,52.46,1.82,4.95,2.82,2.3,2.27,422,11,0.0,2.4,11,0.77,31.4,35.8,13.9,37.7,48.4
Luffa,"Luffa, cooked",75220101,27,417,0,7.76,2,13.0,3.3,277,0,0.989,2.02,11,0.06,0.7,1.54,0.187,86.07,1.02,0.862,0.802,2.92,86,0.113,0.65,59,64,312,139,0.6,47,0.0,0.219,20.4,0.6,35.1,"luffa, cooked",65.4,12.4,47.5,40.2,3.09,5.05,131.5,0.994,40.2,61.47,43.5,0,0,False,False,3,Processed,Other,Other,609,886,40.2,65.4,2.02,7.76,2.92,3.3,1.54,139,47,20.4,35.1,86,0.65,40.2,43.5,12.4,47.5,40.2
Onions,"Onions, cooked, no added fat",75221011,0,1,0,10.96,0,7.2,2.0,4,0,0.129,1.29,0,0.03,0.6,4.97,0.049,86.88,0.015,0.02,0.049,0.12,27,0.046,0.25,12,34,171,141,0.2,0,0.0,0.127,7.4,0.02,0.5,"onions, cooked, no added fat",50.08,10.3,87.5,2.2,2.58,3.99,53.91,0.499,33.2,66.29,37.8,0,0,False,False,3,Processed,Other,Other,3960,2702,33.2,50.08,1.29,10.96,0.12,2.0,4.97,141,0,7.4,0.5,27,0.25,33.2,37.8,10.3,87.5,2.2
Onions,"Onions, cooked, fat added",75221021,0,7,0,10.64,2,7.2,1.9,4,0,0.126,1.26,12,0.03,0.6,4.83,0.047,84.23,1.111,0.931,0.896,3.1,27,0.044,0.24,11,33,167,148,0.2,13,0.0,0.142,7.2,0.37,3.2,"onions, cooked, fat added",75.5,6.7,56.4,37.0,1.67,2.52,35.76,0.318,32.8,43.44,36.7,0,0,False,False,3,Processed,Other,Other,4355,3378,32.8,75.5,1.26,10.64,3.1,1.9,4.83,148,13,7.2,3.2,27,0.24,32.8,36.7,6.7,56.4,37.0
Onions,"Onions, pearl, cooked",75221030,0,6,0,6.49,2,4.5,1.4,3,0,0.128,0.7,10,0.018,0.4,2.81,0.016,89.62,0.939,0.795,0.73,2.58,27,0.023,0.33,8,2,98,130,0.09,11,0.0,0.084,4.9,0.3,2.6,"onions, pearl, cooked",51.98,5.4,49.9,44.7,1.35,2.69,51.94,0.635,31.9,61.37,35.3,0,0,False,False,3,Processed,Other,Other,5056,4322,31.9,51.98,0.7,6.49,2.58,1.4,2.81,130,11,4.9,2.6,27,0.33,31.9,35.3,5.4,49.9,44.7
Onions,"Onions, green, cooked",75221061,0,653,0,8.37,2,6.8,3.0,1230,0,0.569,2.09,12,0.087,0.7,2.65,0.056,85.05,1.127,0.996,0.885,3.2,83,0.095,1.69,23,42,315,162,0.44,67,0.0,0.082,18.2,0.97,238.5,"onions, green, cooked",70.64,11.8,47.4,40.8,2.96,4.25,117.5,2.392,44.1,62.43,44.2,0,0,False,False,3,Processed,Other,Other,384,779,44.1,70.64,2.09,8.37,3.2,3.0,2.65,162,67,18.2,238.5,83,1.69,44.1,44.2,11.8,47.4,40.8
Palm hearts,"Palm hearts, cooked",75221160,0,43,0,24.8,2,0.2,1.5,0,0,0.828,2.62,10,0.166,0.7,16.61,0.044,67.61,0.937,0.861,0.765,2.73,18,0.623,1.64,10,136,1749,136,3.61,13,0.0,0.722,6.6,0.78,2.3,"palm hearts, cooked",134.25,7.8,73.9,18.3,1.95,1.12,13.41,1.222,43.4,32.33,40.5,0,0,False,False,3,Processed,Other,Other,414,1553,43.4,134.25,2.62,24.8,2.73,1.5,16.61,136,13,6.6,2.3,18,1.64,43.4,40.5,7.8,73.9,18.3
Parsnips,"Parsnips, cooked",75222020,0,5,0,16.47,2,26.4,3.5,0,0,0.701,1.29,10,0.05,1.7,4.65,0.08,78.01,1.04,0.821,0.769,2.83,36,0.134,0.56,28,67,356,132,0.25,11,0.0,0.106,12.6,1.26,3.3,"parsnips, cooked",96.51,5.3,68.3,26.4,1.34,3.63,37.3,0.58,36.7,38.03,41.4,0,0,False,False,3,Processed,Other,Other,1431,1306,36.7,96.51,1.29,16.47,2.83,3.5,4.65,132,11,12.6,3.3,36,0.56,36.7,41.4,5.3,68.3,26.4
Blackeyed peas,"Blackeyed peas, from frozen",75223022,0,48,0,23.01,2,44.4,6.2,0,0,0.705,8.23,10,0.062,3.3,4.32,0.252,64.32,0.99,1.046,0.89,3.18,23,0.178,2.06,48,118,363,127,1.38,15,0.0,0.108,2.5,0.59,38.0,"blackeyed peas, from frozen",153.58,21.4,59.9,18.6,5.36,4.04,14.98,1.341,40.8,26.57,51.2,0,0,False,False,1,Unprocessed,Other,Other,557,314,40.8,153.58,8.23,23.01,3.18,6.2,4.32,127,15,2.5,38.0,23,2.06,40.8,51.2,21.4,59.9,18.6
Blackeyed peas,"Blackeyed peas, from canned",75223023,0,48,0,22.9,2,44.2,6.2,0,0,0.702,8.19,10,0.062,3.3,4.3,0.251,64.01,0.985,1.041,0.886,3.16,23,0.177,2.04,48,118,362,313,1.37,15,0.0,0.108,2.5,0.58,37.8,"blackeyed peas, from canned",152.8,21.4,59.9,18.6,5.36,4.06,15.05,1.335,39.9,26.11,49.2,0,0,False,False,3,Processed,Other,Other,647,412,39.9,152.8,8.19,22.9,3.16,6.2,4.3,313,15,2.5,37.8,23,2.04,39.9,49.2,21.4,59.9,18.6
Green peas,"Green peas, cooked, from restaurant",75224000,20,430,0,14.28,3,28.4,5.6,2323,0,1.961,5.37,18,0.125,1.8,5.6,0.237,74.26,1.619,1.502,1.296,4.71,25,0.174,1.46,33,107,242,212,1.23,54,0.0,0.178,33.6,0.63,28.5,"green peas, cooked, from restaurant",120.99,17.8,47.2,35.0,4.44,4.63,20.66,1.207,40.3,33.31,48.4,0,0,False,False,3,Processed,Other,Other,595,448,40.3,120.99,5.37,14.28,4.71,5.6,5.6,212,54,33.6,28.5,25,1.46,40.3,48.4,17.8,47.2,35.0
Green peas,"Green peas, fresh, cooked, no added fat",75224021,21,443,0,15.01,0,29.5,5.9,2444,0,2.062,5.63,0,0.13,1.9,5.89,0.249,77.74,0.036,0.194,0.074,0.42,26,0.183,1.53,34,112,253,126,1.29,37,0.0,0.158,35.3,0.14,25.8,"green peas, fresh, cooked, no added fat",86.34,26.1,69.5,4.4,6.52,6.83,30.11,1.772,41.5,48.07,51.7,0,0,False,True,3,Processed,Other,Other,513,281,41.5,86.34,5.63,15.01,0.42,5.9,5.89,126,37,35.3,25.8,26,1.53,41.5,51.7,26.1,69.5,4.4
Green peas,"Green peas, frozen, cooked, no added fat",75224022,20,1246,0,14.22,0,27.4,4.5,2393,0,1.476,5.14,0,0.1,1.0,4.39,0.282,79.28,0.024,0.129,0.049,0.27,24,0.105,1.52,22,77,110,188,0.67,105,0.0,0.113,9.9,0.03,23.9,"green peas, frozen, cooked, no added fat",79.87,25.7,71.2,3.0,6.44,5.63,30.05,1.903,36.5,45.7,46.3,0,0,False,False,3,Processed,Other,Other,1551,567,36.5,79.87,5.14,14.22,0.27,4.5,4.39,188,105,9.9,23.9,24,1.52,36.5,46.3,25.7,71.2,3.0
Green peas,"Green peas, canned, cooked, no added fat",75224023,9,514,0,11.36,0,30.2,4.9,1350,0,0.979,4.47,0,0.053,1.7,2.99,0.102,82.29,0.071,0.375,0.143,0.8,23,0.106,1.18,18,67,106,273,0.66,43,0.0,0.056,3.8,0.38,36.8,"green peas, canned, cooked, no added fat",70.52,25.4,64.4,10.2,6.34,6.95,32.61,1.673,35.8,50.77,46.0,0,0,False,False,3,Processed,Other,Other,1905,587,35.8,70.52,4.47,11.36,0.8,4.9,2.99,273,43,3.8,36.8,23,1.18,35.8,46.0,25.4,64.4,10.2
Green peas,"Green peas, canned, reduced sodium, cooked, no added fat",75224120,18,1074,0,12.19,0,23.6,4.1,2062,0,1.052,3.99,0,0.091,1.6,4.0,0.132,82.4,0.034,0.178,0.068,0.38,22,0.135,1.27,21,66,125,11,0.88,90,0.0,0.081,11.0,0.02,20.6,"green peas, canned, reduced sodium, cooked, no added fat",68.14,23.4,71.6,5.0,5.86,6.02,32.29,1.864,36.8,54.01,46.7,0,0,False,False,3,Processed,Other,Other,1374,543,36.8,68.14,3.99,12.19,0.38,4.1,4.0,11,90,11.0,20.6,22,1.27,36.8,46.7,23.4,71.6,5.0
Peppers,"Peppers, green, cooked",75226020,20,204,7,4.68,2,5.8,1.7,327,0,0.46,0.88,11,0.027,0.0,2.42,0.052,90.86,0.979,0.87,0.809,2.81,11,0.067,0.35,10,20,177,130,0.13,28,0.0,0.22,68.9,0.68,9.9,"peppers, green, cooked",47.53,7.4,39.4,53.2,1.85,3.58,23.14,0.736,39.0,,39.1,0,0,False,False,3,Processed,Other,Other,745,2062,39.0,47.53,0.88,4.68,2.81,1.7,2.42,130,28,68.9,9.9,11,0.35,39.0,39.1,7.4,39.4,53.2
Peppers,"Peppers, red, cooked",75226060,19,1561,469,6.09,2,5.9,2.1,49,0,0.938,1.01,11,0.082,0.1,4.24,0.049,89.16,0.978,0.965,0.81,2.94,8,0.017,0.44,12,27,213,131,0.25,162,0.0,0.281,109.5,1.9,7.4,"peppers, red, cooked",54.86,7.4,44.4,48.2,1.84,3.83,14.58,0.802,43.2,78.75,41.6,0,0,False,False,3,Processed,Other,Other,426,1261,43.2,54.86,1.01,6.09,2.94,2.1,4.24,131,162,109.5,7.4,8,0.44,43.2,41.6,7.4,44.4,48.2
Hot peppers,"Hot peppers, cooked",75226111,49,530,69,7.72,2,9.5,2.2,752,0,1.209,1.41,11,0.075,0.5,4.75,0.051,86.79,0.998,0.985,0.818,3.05,14,0.088,0.65,19,35,288,133,0.2,60,0.0,0.437,112.4,2.46,18.8,"hot peppers, cooked",63.97,8.8,48.3,42.9,2.2,3.44,21.89,1.016,44.8,70.03,42.6,0,0,False,False,3,Processed,Other,Other,358,1033,44.8,63.97,1.41,7.72,3.05,2.2,4.75,133,60,112.4,18.8,14,0.65,44.8,42.6,8.8,48.3,42.9
Pimiento,Pimiento,75226700,291,1804,0,6.24,0,7.7,2.3,448,0,0.753,1.35,0,0.073,0.2,3.32,0.021,91.55,0.024,0.197,0.055,0.37,7,0.06,2.06,7,21,193,17,0.23,163,0.0,0.263,103.9,0.84,10.2,pimiento,33.69,16.0,74.1,9.9,4.01,6.83,20.78,6.115,44.1,,44.8,0,0,False,False,1,Unprocessed,Other,Other,384,701,44.1,33.69,1.35,6.24,0.37,2.3,3.32,17,163,103.9,10.2,7,2.06,44.1,44.8,16.0,74.1,9.9
Rutabaga,"Rutabaga, cooked",75228020,0,6,1,8.98,2,14.9,2.4,19,14,0.693,1.13,11,0.04,0.7,4.64,0.084,85.92,1.028,0.925,0.803,2.89,45,0.033,0.46,21,55,318,144,0.25,12,0.0,0.111,22.1,0.63,2.8,"rutabaga, cooked",66.45,6.8,54.1,39.1,1.7,3.61,67.72,0.692,36.3,54.63,39.2,0,0,False,False,3,Processed,Other,Other,1666,2018,36.3,66.45,1.13,8.98,2.89,2.4,4.64,144,12,22.1,2.8,45,0.46,36.3,39.2,6.8,54.1,39.1
Salsify,"Salsify, cooked",75229011,0,5,0,14.88,2,25.3,3.0,0,0,0.38,2.65,10,0.168,0.6,2.81,0.054,78.74,0.935,0.847,0.761,2.7,46,0.068,0.54,17,54,274,138,0.29,11,0.0,0.227,4.5,0.48,2.6,"salsify, cooked",94.42,11.2,63.0,25.7,2.81,3.18,48.72,0.572,35.1,37.17,40.7,0,0,False,False,3,Processed,Other,Other,2364,1499,35.1,94.42,2.65,14.88,2.7,3.0,2.81,138,11,4.5,2.6,46,0.54,35.1,40.7,11.2,63.0,25.7
Sauerkraut,Sauerkraut,75230000,5,19,0,4.16,4,10.6,2.8,286,0,0.139,0.9,23,0.022,0.6,1.72,0.02,90.3,0.722,0.453,1.177,2.51,30,0.093,1.42,13,20,165,661,0.19,24,0.0,0.162,12.8,0.41,14.0,sauerkraut,42.83,8.4,38.9,52.7,2.1,6.54,70.04,3.315,32.7,,34.3,0,0,False,False,1,Unprocessed,Other,Other,4453,5023,32.7,42.83,0.9,4.16,2.51,2.8,1.72,661,24,12.8,14.0,30,1.42,32.7,34.3,8.4,38.9,52.7
Snowpea,"Snowpea, fresh, cooked, no added fat",75231011,43,622,0,7.84,0,18.1,2.7,730,0,0.592,2.91,0,0.079,0.7,4.15,0.14,88.15,0.022,0.092,0.041,0.21,45,0.082,2.16,25,55,208,125,0.28,53,0.0,0.15,53.0,0.4,26.0,"snowpea, fresh, cooked, no added fat",44.89,25.9,69.9,4.2,6.48,6.01,100.25,4.812,40.9,,45.0,0,0,False,True,3,Processed,Other,Other,549,680,40.9,44.89,2.91,7.84,0.21,2.7,4.15,125,53,53.0,26.0,45,2.16,40.9,45.0,25.9,69.9,4.2
Snowpea,"Snowpea, frozen, cooked, no added fat",75231012,53,758,0,8.99,0,20.9,3.1,890,0,0.561,3.49,0,0.119,0.8,4.81,0.064,86.34,0.039,0.167,0.073,0.38,59,0.09,2.39,28,58,216,121,0.49,66,0.0,0.173,21.9,0.47,30.1,"snowpea, frozen, cooked, no added fat",53.34,26.2,67.4,6.4,6.54,5.81,110.61,4.481,38.8,72.74,45.0,0,0,False,False,3,Processed,Other,Other,789,680,38.8,53.34,3.49,8.99,0.38,3.1,4.81,121,66,21.9,30.1,59,2.39,38.8,45.0,26.2,67.4,6.4
Snowpea,"Snowpea, fresh, cooked, fat added",75231021,42,609,0,7.62,2,17.8,2.6,709,0,0.575,2.83,11,0.077,0.7,4.03,0.136,85.81,0.992,0.897,0.79,2.84,44,0.08,2.1,24,54,202,131,0.27,63,0.0,0.162,51.4,0.7,27.7,"snowpea, fresh, cooked, fat added",67.36,16.8,45.2,37.9,4.2,3.86,65.32,3.118,40.3,59.83,43.0,0,0,False,True,3,Processed,Other,Other,595,967,40.3,67.36,2.83,7.62,2.84,2.6,4.03,131,63,51.4,27.7,44,2.1,40.3,43.0,16.8,45.2,37.9
Snowpea,"Snowpea, frozen, cooked, fat added",75231022,51,741,0,8.74,2,20.6,3.0,864,0,0.545,3.4,10,0.116,0.8,4.67,0.062,84.16,0.97,0.937,0.792,2.9,58,0.087,2.33,27,56,210,127,0.48,75,0.0,0.185,21.3,0.75,31.6,"snowpea, frozen, cooked, fat added",74.66,18.2,46.8,35.0,4.55,4.02,77.69,3.121,38.3,51.3,43.2,0,0,False,False,3,Processed,Other,Other,860,927,38.3,74.66,3.4,8.74,2.9,3.0,4.67,127,75,21.3,31.6,58,2.33,38.3,43.2,18.2,46.8,35.0
Lima beans and corn,"Lima beans and corn, cooked, no added fat",75301110,8,82,61,19.25,0,29.1,3.8,341,0,1.186,4.3,0,0.061,0.6,2.2,0.052,74.78,0.108,0.24,0.09,0.5,17,0.109,1.14,35,88,268,151,0.68,10,0.0,0.11,8.1,0.18,2.7,"lima beans and corn, cooked, no added fat",98.7,17.4,78.0,4.6,4.36,3.85,17.22,1.155,37.0,37.49,44.0,0,0,False,False,3,Processed,Other,Other,1295,806,37.0,98.7,4.3,19.25,0.5,3.8,2.2,151,10,8.1,2.7,17,1.14,37.0,44.0,17.4,78.0,4.6
Lima beans and corn,"Lima beans and corn, cooked, fat added",75301120,8,84,59,18.7,2,28.4,3.7,331,0,1.152,4.18,10,0.06,0.6,2.13,0.05,72.94,1.037,1.008,0.808,3.02,16,0.106,1.11,34,85,260,156,0.66,20,0.0,0.123,7.9,0.47,5.0,"lima beans and corn, cooked, fat added",118.7,14.1,63.0,22.9,3.52,3.12,13.48,0.935,36.6,30.83,43.0,0,0,False,False,3,Processed,Other,Other,1487,967,36.6,118.7,4.18,18.7,3.02,3.7,2.13,156,20,7.9,5.0,16,1.11,36.6,43.0,14.1,63.0,22.9
Peppers and onions,"Peppers and onions, cooked, no added fat",75306998,11,352,87,8.22,0,6.5,2.0,126,0,0.396,1.13,0,0.039,0.3,4.1,0.051,89.73,0.012,0.06,0.056,0.17,18,0.049,0.32,12,29,186,120,0.19,33,0.0,0.183,47.6,0.43,3.7,"peppers and onions, cooked, no added fat",38.93,11.6,84.5,3.9,2.9,5.14,46.24,0.822,37.3,,39.8,0,0,False,False,3,Processed,Other,Other,1174,1796,37.3,38.93,1.13,8.22,0.17,2.0,4.1,120,33,47.6,3.7,18,0.32,37.3,39.8,11.6,84.5,3.9
Peppers and onions,"Peppers and onions, cooked, fat added",75307000,10,346,85,7.98,2,6.6,1.9,122,0,0.384,1.1,10,0.039,0.3,3.98,0.05,87.46,0.943,0.834,0.775,2.7,18,0.048,0.32,11,28,181,126,0.19,43,0.0,0.194,46.3,0.71,6.0,"peppers and onions, cooked, fat added",60.62,7.3,52.7,40.1,1.81,3.13,29.69,0.528,36.8,60.71,38.6,0,0,False,False,3,Processed,Other,Other,1374,2300,36.8,60.62,1.1,7.98,2.7,1.9,3.98,126,43,46.3,6.0,18,0.32,36.8,38.6,7.3,52.7,40.1
Peas and corn,"Peas and corn, cooked, no added fat",75315010,18,648,61,16.73,0,24.7,3.4,1537,0,1.391,3.84,0,0.081,0.8,3.72,0.156,78.04,0.11,0.223,0.076,0.47,14,0.076,0.99,25,78,171,152,0.65,57,0.0,0.106,6.7,0.05,12.1,"peas and corn, cooked, no added fat",86.51,17.8,77.4,4.9,4.44,3.93,16.18,1.144,35.4,40.92,42.6,0,0,False,False,3,Processed,Other,Other,2148,1033,35.4,86.51,3.84,16.73,0.47,3.4,3.72,152,57,6.7,12.1,14,0.99,35.4,42.6,17.8,77.4,4.9
Peas and corn,"Peas and corn, cooked, fat added",75315020,18,634,59,16.25,2,24.2,3.3,1493,0,1.351,3.74,10,0.079,0.8,3.62,0.152,76.1,1.039,0.992,0.794,2.99,14,0.074,0.97,24,76,166,157,0.63,66,0.0,0.119,6.5,0.34,14.1,"peas and corn, cooked, fat added",106.87,14.0,60.8,25.2,3.5,3.09,13.1,0.908,35.0,32.75,41.6,0,0,False,False,3,Processed,Other,Other,2441,1261,35.0,106.87,3.74,16.25,2.99,3.3,3.62,157,66,6.5,14.1,14,0.97,35.0,41.6,14.0,60.8,25.2
Ratatouille,Ratatouille,75316050,2,217,39,5.74,0,7.2,1.9,364,539,0.547,1.1,0,0.051,0.5,3.39,0.156,87.47,3.301,0.567,0.675,4.74,21,0.069,0.45,14,29,219,152,0.22,20,0.0,0.128,17.8,1.02,6.7,ratatouille,70.02,6.3,32.8,60.9,1.57,2.71,29.99,0.643,34.6,49.41,37.4,0,0,False,False,1,Unprocessed,Other,Other,2801,2925,34.6,70.02,1.1,5.74,4.74,1.9,3.39,152,20,17.8,6.7,21,0.45,34.6,37.4,6.3,32.8,60.9
Jai,"Jai, Monk's Food",75340200,0,2,0,8.45,0,27.1,1.4,0,0,0.528,4.15,0,0.042,7.4,1.37,0.045,84.88,0.411,1.01,0.283,1.86,54,0.235,0.86,21,64,179,14,0.57,0,0.0,0.111,5.6,0.1,1.0,"jai, monk's food",67.14,24.7,50.3,24.9,6.18,2.09,80.43,1.281,35.1,52.28,40.8,0,0,False,False,1,Unprocessed,Other,Other,2364,1470,35.1,67.14,4.15,8.45,1.86,1.4,1.37,14,0,5.6,1.0,54,0.86,35.1,40.8,24.7,50.3,24.9
Artichokes,"Artichokes, stuffed",75400500,0,75,0,22.25,3,20.6,3.9,297,0,1.848,5.34,8,0.138,6.7,2.13,0.194,64.78,3.135,0.945,1.322,5.94,84,0.122,1.45,32,95,218,403,0.67,14,0.1,0.076,5.3,0.68,29.5,"artichokes, stuffed",163.82,13.0,54.3,32.6,3.26,2.38,51.28,0.885,36.7,22.4,41.1,0,0,False,False,1,Unprocessed,Other,Other,1431,1389,36.7,163.82,5.34,22.25,5.94,3.9,2.13,403,14,5.3,29.5,84,1.45,36.7,41.1,13.0,54.3,32.6
Green beans,"Green beans, cooked, Szechuan-style",75403200,54,365,11,8.15,0,14.4,2.7,583,0,0.804,2.41,0,0.103,1.3,3.06,0.08,81.05,2.789,2.873,0.97,6.92,45,0.088,1.17,30,52,240,231,0.36,34,0.0,0.174,10.9,1.19,56.9,"green beans, cooked, szechuan-style",104.52,9.2,31.2,59.6,2.31,2.58,43.05,1.119,37.0,35.4,39.7,0,0,False,False,3,Processed,Other,Other,1295,1833,37.0,104.52,2.41,8.15,6.92,2.7,3.06,231,34,10.9,56.9,45,1.17,37.0,39.7,9.2,31.2,59.6
Corn fritter,Corn fritter,75411020,3,12,11,40.77,63,57.8,2.2,411,0,2.743,8.25,44,0.329,19.7,3.57,0.279,26.02,8.996,6.267,5.775,22.51,132,0.09,2.53,21,156,171,502,0.76,45,0.19,0.071,0.7,1.48,11.0,corn fritter,398.67,8.3,40.9,50.8,2.07,0.55,33.11,0.635,33.4,8.38,34.8,0,0,False,False,1,Unprocessed,Other,Other,3793,4646,33.4,398.67,8.25,40.77,22.51,2.2,3.57,502,45,0.7,11.0,132,2.53,33.4,34.8,8.3,40.9,50.8
Mushrooms,"Mushrooms, stuffed",75414020,0,86,0,26.97,14,26.1,2.3,4,0,5.195,10.87,105,0.489,20.4,4.0,0.308,44.17,5.827,3.814,4.084,14.99,145,0.363,2.06,27,197,389,638,1.48,112,0.29,0.146,4.4,1.11,13.9,"mushrooms, stuffed",286.27,15.2,37.7,47.1,3.8,0.8,50.65,0.72,36.1,12.61,36.0,0,0,False,False,1,Unprocessed,Other,Other,1765,3820,36.1,286.27,10.87,26.97,14.99,2.3,4.0,638,112,4.4,13.9,145,2.06,36.1,36.0,15.2,37.7,47.1
Fried mushrooms,Fried mushrooms,75414030,0,0,0,21.26,10,18.7,1.3,17,0,3.188,4.6,4,0.317,13.6,1.27,0.247,59.88,5.159,5.222,1.824,12.79,25,0.197,1.54,11,80,186,317,0.5,4,0.06,0.064,0.8,1.45,14.4,fried mushrooms,218.55,8.4,38.9,52.7,2.1,0.59,11.44,0.705,32.7,14.96,34.3,0,0,False,False,3,Processed,Other,Other,4453,5023,32.7,218.55,4.6,21.26,12.79,1.3,1.27,317,4,0.8,14.4,25,1.54,32.7,34.3,8.4,38.9,52.7
Creamed christophine,"Creamed christophine, Puerto Rican style",75418220,1,20,1,24.99,37,32.4,1.5,35,0,0.586,2.24,39,0.09,2.9,17.45,0.058,67.46,1.622,0.998,1.201,4.12,47,0.107,0.58,14,54,150,279,0.76,41,0.16,0.084,4.4,0.46,6.5,"creamed christophine, puerto rican style",146.0,6.1,68.5,25.4,1.53,1.03,32.19,0.397,30.8,21.1,33.9,0,0,False,False,1,Unprocessed,Other,Other,5738,5324,30.8,146.0,2.24,24.99,4.12,1.5,17.45,279,41,4.4,6.5,47,0.58,30.8,33.9,6.1,68.5,25.4
Pakora,Pakora,75440400,3,29,4,16.24,0,25.0,3.2,13,0,0.451,4.92,0,0.056,0.1,2.97,0.116,72.28,1.723,2.016,0.609,4.77,19,0.167,1.12,22,64,214,380,0.67,3,0.0,0.152,3.5,0.62,7.9,pakora,127.57,15.4,50.9,33.7,3.86,2.51,14.89,0.878,34.3,26.89,39.4,0,0,False,False,1,Unprocessed,Other,Other,3064,1949,34.3,127.57,4.92,16.24,4.77,3.2,2.97,380,3,3.5,7.9,19,1.12,34.3,39.4,15.4,50.9,33.7
Green beans,"Green beans, pickled",75500110,54,299,0,10.64,0,12.7,2.2,504,0,0.578,1.52,0,0.083,0.6,7.57,0.061,84.41,0.008,0.094,0.041,0.2,32,0.058,0.86,21,32,175,949,0.2,28,0.0,0.105,8.6,0.34,35.7,"green beans, pickled",50.44,12.1,84.4,3.6,3.01,4.36,63.44,1.705,31.3,62.05,30.7,0,0,False,False,1,Unprocessed,Other,Other,5473,6509,31.3,50.44,1.52,10.64,0.2,2.2,7.57,949,28,8.6,35.7,32,0.86,31.3,30.7,12.1,84.4,3.6
Beets,"Beets, pickled",75500210,0,29,0,16.28,0,15.0,0.8,0,0,0.251,0.8,0,0.048,1.0,11.05,0.01,81.88,0.016,0.029,0.013,0.08,11,0.116,0.41,15,17,115,149,0.26,2,0.0,0.05,2.3,0.06,0.3,"beets, pickled",69.04,4.6,94.3,1.0,1.16,1.16,15.93,0.594,30.7,44.47,33.4,0,0,False,False,1,Unprocessed,Other,Other,5780,5614,30.7,69.04,0.8,16.28,0.08,0.8,11.05,149,2,2.3,0.3,11,0.41,30.7,33.4,4.6,94.3,1.0
Pickles,"Pickles, sweet",75503040,81,325,186,21.15,0,3.1,1.0,170,0,0.115,0.58,0,0.03,0.0,18.27,0.025,76.2,0.004,0.106,0.067,0.41,61,0.028,0.25,7,18,100,457,0.12,38,0.0,0.024,0.7,0.36,47.1,"pickles, sweet",90.61,2.6,93.4,4.1,0.64,1.1,67.32,0.276,29.9,33.0,30.4,0,0,False,False,1,Unprocessed,Other,Other,6222,6563,29.9,90.61,0.58,21.15,0.41,1.0,18.27,457,38,0.7,47.1,61,0.25,29.9,30.4,2.6,93.4,4.1
Ginger root,"Ginger root, pickled",75503085,0,0,0,4.83,0,10.5,2.6,0,0,0.022,0.33,0,0.015,0.4,0.0,0.02,92.3,0.02,0.034,0.037,0.1,74,0.018,0.28,4,2,36,906,0.04,0,0.0,0.037,0.0,0.18,2.2,"ginger root, pickled",21.54,6.1,89.7,4.2,1.53,12.07,343.55,1.3,29.3,,30.1,0,0,False,False,1,Unprocessed,Other,Other,6403,6603,29.3,21.54,0.33,4.83,0.1,2.6,0.0,906,0,0.0,2.2,74,0.28,29.3,30.1,6.1,89.7,4.2
Horseradish,Horseradish,75503090,0,1,0,11.29,0,6.5,3.3,10,0,0.386,1.18,0,0.024,2.8,7.99,0.008,85.08,0.13,0.339,0.09,0.69,56,0.058,0.42,27,31,246,420,0.83,0,0.0,0.073,24.9,0.01,1.3,horseradish,56.09,8.4,80.5,11.1,2.1,5.88,99.84,0.749,35.6,63.47,38.6,0,0,False,False,1,Unprocessed,Other,Other,2021,2300,35.6,56.09,1.18,11.29,0.69,3.3,7.99,420,0,24.9,1.3,56,0.42,35.6,38.6,8.4,80.5,11.1
Mushrooms,"Mushrooms, pickled",75505000,0,0,0,7.56,0,14.3,0.8,0,0,2.842,2.56,0,0.318,7.8,6.51,0.06,86.17,0.0,0.133,0.041,0.3,4,0.265,0.42,8,72,264,948,0.43,0,0.03,0.078,1.5,0.01,0.0,"mushrooms, pickled",43.18,23.7,70.0,6.3,5.93,1.85,9.26,0.973,28.8,,28.8,0,0,False,False,1,Unprocessed,Other,Other,6557,6739,28.8,43.18,2.56,7.56,0.3,0.8,6.51,948,0,1.5,0.0,4,0.42,28.8,28.8,23.7,70.0,6.3
Olives,"Olives, green",75510010,0,231,9,3.84,0,14.2,3.3,510,0,0.237,1.03,0,0.007,0.9,0.54,0.021,75.28,11.314,1.307,2.029,15.32,52,0.12,0.49,11,4,42,1556,0.04,20,0.0,0.031,0.0,3.81,1.4,"olives, green",157.36,2.6,9.8,87.6,0.65,2.1,33.05,0.311,26.4,16.78,24.1,0,0,False,False,1,Unprocessed,Other,Other,6843,6953,26.4,157.36,1.03,3.84,15.32,3.3,0.54,1556,20,0.0,1.4,52,0.49,26.4,24.1,2.6,9.8,87.6
Olives,"Olives, black",75510020,0,198,0,6.04,0,10.3,1.6,510,0,0.037,0.84,0,0.0,0.9,0.0,0.003,79.99,7.652,0.629,2.279,10.9,88,0.251,6.28,4,3,8,735,0.22,17,0.0,0.009,0.9,1.65,1.4,"olives, black",125.62,2.7,19.2,78.1,0.67,1.27,70.05,4.999,31.2,24.84,29.7,0,0,False,False,1,Unprocessed,Other,Other,5533,6648,31.2,125.62,0.84,6.04,10.9,1.6,0.0,735,17,0.9,1.4,88,6.28,31.2,29.7,2.7,19.2,78.1
Olives,"Olives, stuffed",75510030,33,405,8,4.02,0,13.1,3.1,490,0,0.29,1.04,0,0.014,0.8,0.84,0.02,77.78,9.733,1.147,1.751,13.22,46,0.11,0.66,10,6,58,1340,0.06,36,0.0,0.057,11.9,3.37,2.4,"olives, stuffed",139.22,3.0,11.6,85.5,0.75,2.23,33.04,0.474,28.5,20.47,26.4,0,0,False,False,1,Unprocessed,Other,Other,6604,6892,28.5,139.22,1.04,4.02,13.22,3.1,0.84,1340,36,11.9,2.4,46,0.66,28.5,26.4,3.0,11.6,85.5
Olive tapenade,Olive tapenade,75510050,0,168,3,4.17,0,9.5,1.8,408,0,0.09,0.73,0,0.002,0.7,0.16,0.008,62.58,21.812,2.811,4.51,30.05,60,0.162,3.4,5,3,17,835,0.12,14,0.0,0.014,0.4,4.84,13.2,olive tapenade,290.05,1.0,5.8,93.2,0.25,0.62,20.69,1.172,28.9,9.96,28.1,0,0,False,False,1,Unprocessed,Other,Other,6521,6800,28.9,290.05,0.73,4.17,30.05,1.8,0.16,835,14,0.4,13.2,60,3.4,28.9,28.1,1.0,5.8,93.2
Peppers,"Peppers, pickled",75511020,16,554,139,9.11,0,4.6,1.5,189,0,0.516,0.75,0,0.039,0.1,7.38,0.042,86.88,0.007,0.079,0.048,0.19,9,0.042,0.31,9,19,156,947,0.14,53,0.0,0.184,68.3,0.66,5.4,"peppers, pickled",41.15,7.3,88.6,4.2,1.82,3.65,21.87,0.753,34.6,,29.8,0,0,False,False,1,Unprocessed,Other,Other,2801,6639,34.6,41.15,0.75,9.11,0.19,1.5,7.38,947,53,68.3,5.4,9,0.31,34.6,29.8,7.3,88.6,4.2
Pickles,"Pickles, fried",75511300,0,17,1,20.47,10,11.8,1.2,92,0,1.61,3.32,4,0.158,9.2,0.82,0.231,61.44,2.88,7.169,2.066,12.79,44,0.056,1.37,10,46,78,620,0.29,6,0.04,0.032,0.8,1.07,28.7,"pickles, fried",210.27,6.3,38.9,54.7,1.58,0.57,20.93,0.652,30.8,14.65,30.4,0,0,False,False,3,Processed,Other,Other,5738,6563,30.8,210.27,3.32,20.47,12.79,1.2,0.82,620,6,0.8,28.7,44,1.37,30.8,30.4,6.3,38.9,54.7
Radishes,"Radishes, pickled, Hawaiian style",75512010,0,3,0,7.68,0,5.4,1.3,8,0,0.2,0.56,0,0.032,0.6,6.41,0.009,88.51,0.014,0.04,0.027,0.1,22,0.043,0.29,8,17,194,977,0.23,0,0.0,0.053,10.4,0.0,1.1,"radishes, pickled, hawaiian style",33.86,6.6,90.7,2.7,1.65,3.84,64.97,0.856,29.2,,26.9,0,0,False,False,1,Unprocessed,Other,Other,6445,6865,29.2,33.86,0.56,7.68,0.1,1.3,6.41,977,0,10.4,1.1,22,0.29,29.2,26.9,6.6,90.7,2.7
Vegetables,"Vegetables, pickled",75515100,649,1950,114,9.85,0,14.8,1.8,99,0,0.571,0.99,0,0.053,0.3,7.48,0.037,85.65,0.017,0.077,0.058,0.23,21,0.029,0.3,11,28,225,978,0.19,194,0.0,0.138,37.8,0.57,11.8,"vegetables, pickled",45.43,8.7,86.7,4.6,2.18,3.96,46.22,0.66,32.6,,29.6,0,0,False,False,1,Unprocessed,Other,Other,4535,6660,32.6,45.43,0.99,9.85,0.23,1.8,7.48,978,194,37.8,11.8,21,0.3,32.6,29.6,8.7,86.7,4.6
Wasabi paste,Wasabi paste,75534550,0,2,0,46.13,0,2.3,6.1,5,0,0.16,2.23,0,0.07,2.2,13.2,0.05,31.7,4.41,3.627,2.031,10.9,41,0.055,0.5,21,26,182,3390,0.61,0,0.0,0.05,0.0,3.91,3.5,wasabi paste,291.54,3.1,63.3,33.6,0.76,2.09,14.06,0.172,20.2,6.93,20.8,0,0,False,False,1,Unprocessed,Other,Other,7042,7022,20.2,291.54,2.23,46.13,10.9,6.1,13.2,3390,0,0.0,3.5,41,0.5,20.2,20.8,3.1,63.3,33.6
Borscht,Borscht,75601100,214,474,0,4.67,5,7.1,1.0,42,0,0.4,1.19,10,0.041,0.8,2.88,0.021,91.47,0.436,0.096,0.924,1.81,23,0.039,0.33,9,25,122,142,0.15,59,0.04,0.061,5.2,0.12,9.5,borscht,39.73,12.0,47.0,41.0,3.0,2.52,57.89,0.831,32.0,,35.6,0,0,False,False,1,Unprocessed,Other,Other,4985,4107,32.0,39.73,1.19,4.67,1.81,1.0,2.88,142,59,5.2,9.5,23,0.33,32.0,35.6,12.0,47.0,41.0
Gazpacho,Gazpacho,75604600,90,471,3,4.13,0,6.4,1.1,195,2768,0.515,0.83,0,0.023,0.2,2.49,0.037,91.33,0.952,0.975,0.332,2.38,14,0.074,0.38,11,23,208,256,0.18,43,0.0,0.094,19.5,0.66,36.1,gazpacho,41.26,8.0,40.0,51.9,2.01,2.67,33.93,0.921,34.5,,35.1,0,0,False,False,1,Unprocessed,Other,Other,2885,4450,34.5,41.26,0.83,4.13,2.38,1.1,2.49,256,43,19.5,36.1,14,0.38,34.5,35.1,8.0,40.0,51.9
Fried stuffed potatoes,"Fried stuffed potatoes, Puerto Rican style",77121010,2,19,1,16.16,29,30.5,1.9,49,46,1.377,4.79,9,0.076,4.6,0.91,0.065,65.95,5.37,3.345,2.375,11.78,17,0.105,1.1,22,79,368,110,0.83,11,0.23,0.26,11.7,1.16,11.9,"fried stuffed potatoes, puerto rican style",189.82,10.1,34.1,55.9,2.52,1.0,8.96,0.579,36.3,19.12,39.0,0,0,False,False,3,Processed,Other,Other,1666,2122,36.3,189.82,4.79,16.16,11.78,1.9,0.91,110,11,11.7,11.9,17,1.1,36.3,39.0,10.1,34.1,55.9
Stuffed tannier fritters,"Stuffed tannier fritters, Puerto Rican style",77250110,90,151,7,19.67,38,41.1,2.4,27,1531,2.73,11.62,1,0.138,13.2,5.46,0.168,35.18,12.555,8.673,6.221,29.17,32,0.141,1.25,36,149,557,1241,1.79,17,0.51,0.331,7.6,3.47,32.6,"stuffed tannier fritters, puerto rican style",387.69,12.0,20.3,67.7,3.0,0.62,8.25,0.322,33.4,8.62,29.4,0,0,False,False,1,Unprocessed,Other,Other,3793,6688,33.4,387.69,11.62,19.67,29.17,2.4,5.46,1241,17,7.6,32.6,32,1.25,33.4,29.4,12.0,20.3,67.7
Puerto Rican pasteles,Puerto Rican pasteles,77272010,80,137,4,17.44,17,27.8,2.3,49,180,1.521,7.09,3,0.099,7.6,5.6,0.138,60.15,5.521,4.316,2.59,13.2,34,0.111,0.82,28,101,379,479,0.82,18,0.16,0.24,10.0,1.75,21.3,puerto rican pasteles,216.92,13.1,32.2,54.8,3.27,1.06,15.67,0.378,35.2,16.23,36.7,0,0,False,False,1,Unprocessed,Other,Other,2294,3378,35.2,216.92,7.09,17.44,13.2,2.3,5.6,479,18,10.0,21.3,34,0.82,35.2,36.7,13.1,32.2,54.8
Animal fat or drippings,Animal fat or drippings,81201000,0,0,0,0.0,93,53.2,0.0,0,0,0.32,2.23,0,0.01,1.8,0.0,0.006,3.91,41.249,10.052,35.58,92.18,5,0.008,0.23,1,13,21,604,0.34,0,0.19,0.029,0.0,0.64,0.6,animal fat or drippings,838.54,1.1,0.0,98.9,0.27,0.0,0.6,0.027,15.3,1.82,21.0,0,0,False,False,1,Unprocessed,Other,Other,7068,7019,15.3,838.54,2.23,0.0,92.18,0.0,0.0,604,0,0.0,0.6,5,0.23,15.3,21.0,1.1,0.0,98.9
Sugar,"Sugar, white, granulated or lump",91101010,0,0,0,99.6,0,0.0,0.0,0,0,0.0,0.0,0,0.019,0.6,99.8,0.0,0.02,0.0,0.0,0.0,0.32,1,0.007,0.05,0,0,2,1,0.01,0,0.0,0.0,0.0,0.0,0.0,"sugar, white, granulated or lump",401.28,0.0,99.3,0.7,0.0,0.0,0.25,0.012,18.4,4.59,27.4,0,0,False,False,2,Minimally processed,Other,Other,7056,6835,18.4,401.28,0.0,99.6,0.32,0.0,99.8,1,0,0.0,0.0,1,0.05,18.4,27.4,0.0,99.3,0.7
Sugar,"Sugar, white, confectioner's, powdered",91101020,0,0,0,99.77,0,0.0,0.0,0,0,0.0,0.0,0,0.019,0.6,97.81,0.0,0.23,0.0,0.0,0.0,0.0,1,0.007,0.06,0,0,2,2,0.01,0,0.0,0.0,0.0,0.0,0.0,"sugar, white, confectioner's, powdered",399.08,0.0,100.0,0.0,0.0,0.0,0.25,0.015,18.7,4.69,27.5,0,0,False,False,2,Minimally processed,Other,Other,7052,6833,18.7,399.08,0.0,99.77,0.0,0.0,97.81,2,0,0.0,0.0,1,0.06,18.7,27.5,0.0,100.0,0.0
Sugar,"Sugar, brown",91102010,0,0,0,98.09,0,2.3,0.0,0,0,0.11,0.12,0,0.0,1.2,97.02,0.0,1.34,0.0,0.0,0.0,0.0,83,0.047,0.71,9,4,133,28,0.03,0,0.0,0.041,0.0,0.0,0.0,"sugar, brown",392.84,0.1,99.9,0.0,0.03,0.0,21.13,0.181,21.3,5.42,28.3,0,0,False,False,2,Minimally processed,Other,Other,7030,6780,21.3,392.84,0.12,98.09,0.0,0.0,97.02,28,0,0.0,0.0,83,0.71,21.3,28.3,0.1,99.9,0.0
Sugar substitute and sugar blend,Sugar substitute and sugar blend,91106010,0,0,0,99.35,0,0.0,0.0,0,0,0.0,0.0,0,0.018,0.6,99.22,0.0,0.28,0.0,0.0,0.0,0.31,1,0.007,0.05,0,0,2,1,0.01,0,0.0,0.0,0.0,0.0,0.0,sugar substitute and sugar blend,400.19,0.0,99.3,0.7,0.0,0.0,0.25,0.012,18.5,4.62,27.4,0,0,False,False,2,Minimally processed,Other,Other,7054,6835,18.5,400.19,0.0,99.35,0.31,0.0,99.22,1,0,0.0,0.0,1,0.05,18.5,27.4,0.0,99.3,0.7
Sugar substitute,"Sugar substitute, sucralose, powder",91107000,0,0,0,91.17,0,0.0,0.0,0,0,0.0,0.0,0,0.0,0.0,80.33,0.0,8.83,0.0,0.0,0.0,0.0,0,0.0,0.0,0,0,4,0,0.0,0,0.0,0.0,0.0,0.0,0.0,"sugar substitute, sucralose, powder",364.68,0.0,100.0,0.0,0.0,0.0,0.0,0.0,20.7,5.68,28.3,0,0,False,False,2,Minimally processed,Other,Other,7036,6780,20.7,364.68,0.0,91.17,0.0,0.0,80.33,0,0,0.0,0.0,0,0.0,20.7,28.3,0.0,100.0,0.0
Sugar substitute,"Sugar substitute, stevia, powder",91108000,0,0,0,100.0,0,0.0,0.0,0,0,0.0,0.0,0,0.0,0.0,0.0,0.0,0.0,0.0,0.0,0.0,0.0,0,0.0,0.0,0,0,0,0,0.0,0,0.0,0.0,0.0,0.0,0.0,"sugar substitute, stevia, powder",400.0,0.0,100.0,0.0,0.0,0.0,0.0,0.0,30.1,7.52,32.0,0,0,False,False,2,Minimally processed,Other,Other,6124,6177,30.1,400.0,0.0,100.0,0.0,0.0,0.0,0,0,0.0,0.0,0,0.0,30.1,32.0,0.0,100.0,0.0
Sugar substitute,"Sugar substitute, stevia, liquid",91108010,0,0,0,11.99,0,0.0,0.7,0,0,0.0,0.8,0,0.0,0.5,0.01,0.0,87.0,0.0,0.0,0.0,0.0,0,0.0,0.0,0,0,0,210,0.0,0,0.0,0.0,0.0,0.0,0.0,"sugar substitute, stevia, liquid",51.16,6.3,93.7,0.0,1.56,1.37,0.0,0.0,29.7,58.05,32.5,0,0,False,False,2,Minimally processed,Other,Other,6268,5955,29.7,51.16,0.8,11.99,0.0,0.7,0.01,210,0,0.0,0.0,0,0.0,29.7,32.5,6.3,93.7,0.0
Sugar substitute,"Sugar substitute, saccharin, powder",91200040,0,0,0,89.11,0,0.0,0.0,0,0,0.0,0.94,0,0.0,0.0,85.19,0.0,8.75,0.0,0.0,0.0,0.0,0,0.0,0.04,0,0,4,428,0.01,0,0.0,0.0,0.0,0.0,0.0,"sugar substitute, saccharin, powder",360.2,1.0,99.0,0.0,0.26,0.0,0.0,0.011,18.5,5.14,23.9,0,0,False,False,2,Minimally processed,Other,Other,7054,6960,18.5,360.2,0.94,89.11,0.0,0.0,85.19,428,0,0.0,0.0,0,0.04,18.5,23.9,1.0,99.0,0.0
Sugar substitute,"Sugar substitute, saccharin, liquid",91200110,0,0,0,2.05,0,0.0,0.0,0,0,0.0,0.02,0,0.0,0.0,1.96,0.0,97.8,0.0,0.0,0.0,0.0,3,0.009,0.0,1,0,1,13,0.0,0,0.0,0.0,0.0,0.0,0.0,"sugar substitute, saccharin, liquid",8.28,1.0,99.0,0.0,0.24,0.0,36.23,0.0,29.9,,32.0,0,0,False,False,2,Minimally processed,Other,Other,6222,6177,29.9,8.28,0.02,2.05,0.0,0.0,1.96,13,0,0.0,0.0,3,0.0,29.9,32.0,1.0,99.0,0.0
Sugar substitute,"Sugar substitute, aspartame, powder",91201010,0,0,0,89.08,0,0.0,0.0,0,0,0.0,2.17,0,0.0,0.5,80.7,0.0,8.75,0.0,0.0,0.0,0.0,0,0.0,0.04,0,0,4,0,0.01,0,0.0,0.0,0.0,0.0,0.0,"sugar substitute, aspartame, powder",365.0,2.4,97.6,0.0,0.59,0.0,0.0,0.011,21.1,5.78,28.8,0,0,False,False,2,Minimally processed,Other,Other,7034,6739,21.1,365.0,2.17,89.08,0.0,0.0,80.7,0,0,0.0,0.0,0,0.04,21.1,28.8,2.4,97.6,0.0
Agave liquid sweetener,Agave liquid sweetener,91302020,0,94,0,76.37,0,13.3,0.2,0,0,0.689,0.09,0,0.165,1.7,68.03,0.122,22.94,0.0,0.0,0.0,0.45,1,0.009,0.09,1,1,4,4,0.01,8,0.0,0.234,17.0,0.98,22.5,agave liquid sweetener,309.89,0.1,98.6,1.3,0.03,0.06,0.32,0.029,24.6,7.94,30.2,0,0,False,False,1,Unprocessed,Other,Other,6953,6597,24.6,309.89,0.09,76.37,0.45,0.2,68.03,4,8,17.0,22.5,1,0.09,24.6,30.2,0.1,98.6,1.3
Molasses,Molasses,91303000,0,0,0,74.73,0,13.3,0.0,0,0,0.93,0.0,0,0.002,17.8,74.72,0.041,21.87,0.032,0.05,0.018,0.1,205,0.487,4.72,242,31,1464,37,0.29,0,0.0,0.67,0.0,0.0,0.0,molasses,299.82,0.0,99.7,0.3,0.0,0.0,68.37,1.574,46.0,15.34,38.1,0,0,False,False,1,Unprocessed,Other,Other,324,2536,46.0,299.82,0.0,74.73,0.1,0.0,74.72,37,0,0.0,0.0,205,4.72,46.0,38.1,0.0,99.7,0.3
Topping,"Topping, marshmallow",91304040,0,0,0,79.0,0,0.1,0.1,0,0,0.076,0.8,0,0.001,1.9,46.8,0.001,19.8,0.08,0.047,0.056,0.3,3,0.095,0.22,2,8,5,80,0.04,0,0.0,0.002,0.0,0.0,0.0,"topping, marshmallow",321.9,1.0,98.2,0.8,0.25,0.03,0.93,0.068,24.7,7.67,29.6,0,0,False,False,1,Unprocessed,Other,Other,6947,6660,24.7,321.9,0.8,79.0,0.3,0.1,46.8,80,0,0.0,0.0,3,0.22,24.7,29.6,1.0,98.2,0.8
Icing,"Icing, white",91305020,0,0,0,67.89,0,2.3,0.0,0,0,0.22,0.0,0,0.302,0.1,63.1,0.01,15.07,4.86,7.951,2.974,16.23,3,0.0,0.16,1,18,34,184,0.07,0,0.0,0.0,0.0,1.53,13.0,"icing, white",417.63,0.0,65.0,35.0,0.0,0.0,0.72,0.038,21.6,5.17,27.0,0,0,False,False,1,Unprocessed,Other,Other,7025,6858,21.6,417.63,0.0,67.89,16.23,0.0,63.1,184,0,0.0,13.0,3,0.16,21.6,27.0,0.0,65.0,35.0
Yokan,Yokan,91520100,0,0,0,30.47,0,14.1,2.0,0,0,0.215,2.86,0,0.035,0.9,24.59,0.046,65.63,0.067,0.08,0.057,0.24,15,0.084,0.59,14,49,120,119,0.29,0,0.0,0.035,0.3,0.01,1.9,yokan,135.48,8.4,90.0,1.6,2.11,1.48,11.07,0.435,30.3,22.36,36.5,0,0,False,False,1,Unprocessed,Other,Other,5999,3498,30.3,135.48,2.86,30.47,0.24,2.0,24.59,119,0,0.3,1.9,15,0.59,30.3,36.5,8.4,90.0,1.6
Haupia,Haupia,91560100,0,0,0,23.52,0,7.3,2.0,0,0,0.65,1.98,0,0.002,5.6,14.72,0.022,53.25,0.869,0.225,18.094,20.45,14,0.232,1.44,32,87,226,83,0.58,0,0.0,0.028,2.4,0.13,0.1,haupia,286.05,2.8,32.9,64.3,0.69,0.7,4.89,0.503,26.8,9.37,34.5,0,0,False,False,1,Unprocessed,Other,Other,6811,4871,26.8,286.05,1.98,23.52,20.45,2.0,14.72,83,0,2.4,0.1,14,1.44,26.8,34.5,2.8,32.9,64.3
Italian Ice,Italian Ice,91601000,0,0,0,32.6,0,4.0,0.0,0,0,0.007,0.4,0,0.0,0.1,32.6,0.001,66.9,0.0,0.0,0.0,0.0,2,0.013,0.16,1,1,3,22,0.02,0,0.0,0.001,1.0,0.0,0.0,italian ice,132.0,1.2,98.8,0.0,0.3,0.0,1.52,0.121,26.5,20.08,30.6,0,0,False,False,1,Unprocessed,Other,Other,6832,6524,26.5,132.0,0.4,32.6,0.0,0.0,32.6,22,0,1.0,0.0,2,0.16,26.5,30.6,1.2,98.8,0.0
Italian Ice,"Italian Ice, no sugar added",91601010,0,0,0,5.92,0,0.0,0.0,0,0,0.0,0.0,0,0.0,0.0,1.52,0.0,94.03,0.0,0.0,0.0,0.0,0,0.0,0.67,1,0,11,10,0.47,0,0.0,0.0,10.4,0.0,0.0,"italian ice, no sugar added",23.68,0.0,100.0,0.0,0.0,0.0,0.0,2.829,31.2,,32.4,0,0,False,False,2,Minimally processed,Other,Other,5533,6004,31.2,23.68,0.0,5.92,0.0,0.0,1.52,10,0,10.4,0.0,0,0.67,31.2,32.4,0.0,100.0,0.0
Popsicle,Popsicle,91611000,0,0,0,19.23,0,0.0,0.0,0,0,0.0,0.0,0,0.0,0.2,13.66,0.0,80.49,0.051,0.016,0.013,0.24,0,0.0,0.54,1,0,15,7,0.15,0,0.0,0.0,0.7,0.0,0.0,popsicle,79.08,0.0,97.3,2.7,0.0,0.0,0.0,0.683,28.9,36.55,31.5,0,0,False,False,1,Unprocessed,Other,Other,6521,6323,28.9,79.08,0.0,19.23,0.24,0.0,13.66,7,0,0.7,0.0,0,0.54,28.9,31.5,0.0,97.3,2.7
Popsicle,"Popsicle, no sugar added",91611100,0,0,0,5.92,0,0.0,0.0,0,0,0.0,0.0,0,0.0,0.0,1.52,0.0,94.03,0.0,0.0,0.0,0.0,0,0.0,0.67,1,0,11,10,0.47,0,0.0,0.0,10.4,0.0,0.0,"popsicle, no sugar added",23.68,0.0,100.0,0.0,0.0,0.0,0.0,2.829,31.2,,32.4,0,0,False,False,2,Minimally processed,Other,Other,5533,6004,31.2,23.68,0.0,5.92,0.0,0.0,1.52,10,0,10.4,0.0,0,0.67,31.2,32.4,0.0,100.0,0.0
Freezer pop,Freezer pop,91612000,0,0,0,19.23,0,0.0,0.0,0,0,0.0,0.0,0,0.0,0.2,13.66,0.0,80.49,0.051,0.016,0.013,0.24,0,0.0,0.54,1,0,15,7,0.15,0,0.0,0.0,0.7,0.0,0.0,freezer pop,79.08,0.0,97.3,2.7,0.0,0.0,0.0,0.683,28.9,36.55,31.5,0,0,False,False,1,Unprocessed,Other,Other,6521,6323,28.9,79.08,0.0,19.23,0.24,0.0,13.66,7,0,0.7,0.0,0,0.54,28.9,31.5,0.0,97.3,2.7
Snow cone,Snow cone,91621000,0,0,0,32.6,0,4.0,0.0,0,0,0.007,0.4,0,0.0,0.1,32.6,0.001,66.9,0.0,0.0,0.0,0.0,2,0.013,0.16,1,1,3,22,0.02,0,0.0,0.001,1.0,0.0,0.0,snow cone,132.0,1.2,98.8,0.0,0.3,0.0,1.52,0.121,26.5,20.08,30.6,0,0,False,False,1,Unprocessed,Other,Other,6832,6524,26.5,132.0,0.4,32.6,0.0,0.0,32.6,22,0,1.0,0.0,2,0.16,26.5,30.6,1.2,98.8,0.0
Snow cone,"Snow cone, no sugar added",91621050,0,0,0,5.92,0,0.0,0.0,0,0,0.0,0.0,0,0.0,0.0,1.52,0.0,94.03,0.0,0.0,0.0,0.0,0,0.0,0.67,1,0,11,10,0.47,0,0.0,0.0,10.4,0.0,0.0,"snow cone, no sugar added",23.68,0.0,100.0,0.0,0.0,0.0,0.0,2.829,31.2,,32.4,0,0,False,False,2,Minimally processed,Other,Other,5533,6004,31.2,23.68,0.0,5.92,0.0,0.0,1.52,10,0,10.4,0.0,0,0.67,31.2,32.4,0.0,100.0,0.0
Almonds,"Almonds, sugar-coated",91701020,0,2,0,68.26,0,26.0,2.5,1,0,1.0,10.0,0,0.27,1.7,62.5,0.05,2.3,12.078,3.904,1.948,17.93,100,0.586,1.9,137,166,255,13,1.56,0,0.0,0.06,0.0,12.36,0.0,"almonds, sugar-coated",474.41,8.4,57.6,34.0,2.11,0.53,21.08,0.4,34.6,7.29,40.1,0,1,False,False,2,Minimally processed,Other,Other,2801,1686,34.6,474.41,10.0,68.26,17.93,2.5,62.5,13,0,0.0,0.0,100,1.9,34.6,40.1,8.4,57.6,34.0
Butterscotch morsels,Butterscotch morsels,91702010,0,0,0,67.1,0,10.9,0.0,0,0,0.049,2.2,0,0.075,1.3,67.1,0.015,0.75,2.271,1.041,24.1,29.05,34,0.003,0.08,5,31,64,89,0.11,0,0.1,0.016,0.1,0.68,6.5,butterscotch morsels,538.65,1.6,49.8,48.5,0.41,0.0,6.31,0.015,14.8,2.75,25.4,0,0,False,False,1,Unprocessed,Other,Other,7069,6923,14.8,538.65,2.2,67.1,29.05,0.0,67.1,89,0,0.1,6.5,34,0.08,14.8,25.4,1.6,49.8,48.5
Rolo,Rolo,91703070,0,0,0,67.95,12,20.1,0.9,0,0,0.04,5.08,33,0.12,0.0,63.93,0.02,4.6,2.104,0.265,14.542,20.93,145,0.0,0.42,0,71,188,188,0.0,33,0.33,0.0,0.9,1.1,3.2,rolo,480.49,4.2,56.6,39.2,1.06,0.19,30.18,0.087,21.5,4.47,29.5,0,0,False,False,1,Unprocessed,Other,Other,7027,6678,21.5,480.49,5.08,67.95,20.93,0.9,63.93,188,33,0.9,3.2,145,0.42,21.5,29.5,4.2,56.6,39.2
Whatchamacallit,Whatchamacallit,91703400,0,1,0,63.23,12,25.0,1.9,0,0,2.47,8.04,37,0.21,0.7,48.86,0.11,3.04,3.78,0.83,17.04,23.68,118,0.12,1.13,28,138,303,299,0.43,37,0.37,0.04,0.9,1.27,4.3,whatchamacallit,498.2,6.5,50.8,42.8,1.61,0.38,23.69,0.227,24.9,5.0,32.2,0,0,False,False,3,Processed,Other,Other,6939,6095,24.9,498.2,8.04,63.23,23.68,1.9,48.86,299,37,0.9,4.3,118,1.13,24.9,32.2,6.5,50.8,42.8
Nuts,"Nuts, carob-coated",91703500,0,3,0,37.56,0,35.6,7.2,0,0,4.441,15.81,0,0.407,5.4,19.32,0.261,3.5,14.236,7.119,17.029,40.47,242,0.635,2.72,128,277,676,58,3.36,0,0.14,0.186,0.2,9.28,3.8,"nuts, carob-coated",577.71,10.9,26.0,63.0,2.74,1.25,41.89,0.471,42.8,7.41,52.8,0,1,False,False,1,Unprocessed,Other,Other,438,243,42.8,577.71,15.81,37.56,40.47,7.2,19.32,58,0,0.2,3.8,242,2.72,42.8,52.8,10.9,26.0,63.0
Kit Kat,Kit Kat,91705030,0,0,0,64.59,11,31.0,1.0,23,0,0.5,6.51,24,0.21,5.0,48.68,0.117,1.63,5.844,0.895,17.953,25.99,125,0.22,1.0,37,135,231,54,0.09,24,0.56,0.02,0.0,0.34,5.2,kit kat,518.31,5.0,49.8,45.1,1.26,0.19,24.12,0.193,24.7,4.77,32.3,0,0,False,False,1,Unprocessed,Other,Other,6947,6044,24.7,518.31,6.51,64.59,25.99,1.0,48.68,54,24,0.0,5.2,125,1.0,24.7,32.3,5.0,49.8,45.1
Kit Kat White,Kit Kat White,91705430,0,0,0,64.59,11,31.0,1.0,23,0,0.5,6.51,24,0.21,5.0,48.68,0.117,1.63,5.844,0.895,17.953,25.99,125,0.22,1.0,37,135,231,54,0.09,24,0.56,0.02,0.0,0.34,5.2,kit kat white,518.31,5.0,49.8,45.1,1.26,0.19,24.12,0.193,24.7,4.77,32.3,0,0,False,False,1,Unprocessed,Other,Other,6947,6044,24.7,518.31,6.51,64.59,25.99,1.0,48.68,54,24,0.0,5.2,125,1.0,24.7,32.3,5.0,49.8,45.1
Fondant,Fondant,91707000,0,0,0,93.18,0,0.0,0.0,0,0,0.0,0.0,0,0.016,0.6,88.9,0.005,6.74,0.0,0.0,0.0,0.02,3,0.003,0.01,0,0,4,11,0.04,0,0.0,0.0,0.0,0.0,0.0,fondant,372.9,0.0,100.0,0.0,0.0,0.0,0.8,0.003,19.7,5.28,27.8,0,0,False,False,1,Unprocessed,Other,Other,7048,6816,19.7,372.9,0.0,93.18,0.02,0.0,88.9,11,0,0.0,0.0,3,0.01,19.7,27.8,0.0,100.0,0.0
Fun Fruits Creme Supremes,Fun Fruits Creme Supremes,91708040,0,13,0,69.33,13,23.3,0.1,16,0,0.5,3.68,6,0.182,2.9,55.26,0.071,4.68,6.203,0.838,12.291,21.04,136,0.102,0.53,15,121,289,176,0.53,8,0.35,0.149,45.9,0.81,12.6,fun fruits creme supremes,481.4,3.1,57.6,39.3,0.76,0.02,28.25,0.11,28.5,5.92,30.6,0,0,False,False,1,Unprocessed,Other,Other,6604,6524,28.5,481.4,3.68,69.33,21.04,0.1,55.26,176,8,45.9,12.6,136,0.53,28.5,30.6,3.1,57.6,39.3
Fudge,"Fudge, vanilla",91713070,0,10,0,82.15,15,5.3,0.0,0,0,0.038,1.05,45,0.074,1.7,79.77,0.014,10.85,1.399,0.227,3.382,5.45,38,0.004,0.02,3,30,49,47,0.15,46,0.08,0.009,0.0,0.14,0.5,"fudge, vanilla",381.85,1.1,86.1,12.8,0.27,0.0,9.95,0.005,20.5,5.37,28.0,0,0,False,False,1,Unprocessed,Other,Other,7040,6807,20.5,381.85,1.05,82.15,5.45,0.0,79.77,47,46,0.0,0.5,38,0.02,20.5,28.0,1.1,86.1,12.8
Fudge,"Fudge, vanilla, with nuts",91713080,0,11,0,74.61,13,10.0,0.9,1,0,0.179,3.0,40,0.085,2.2,71.0,0.051,7.99,2.454,6.614,3.828,13.69,47,0.219,0.41,24,73,103,42,0.56,41,0.07,0.077,0.1,0.22,0.8,"fudge, vanilla, with nuts",433.65,2.8,68.8,28.4,0.69,0.21,10.84,0.095,23.7,5.47,31.4,0,0,False,False,1,Unprocessed,Other,Other,6986,6365,23.7,433.65,3.0,74.61,13.69,0.9,71.0,42,41,0.1,0.8,47,0.41,23.7,31.4,2.8,68.8,28.4
Fudge,"Fudge, divinity",91713090,0,3,0,82.92,0,4.3,0.9,1,0,0.071,4.26,0,0.067,4.8,81.93,0.023,4.26,2.014,4.753,0.454,8.01,13,0.184,0.45,28,68,87,64,0.56,0,0.01,0.076,0.2,0.27,0.4,"fudge, divinity",420.81,4.0,78.8,17.1,1.01,0.21,3.09,0.107,23.4,5.56,31.3,0,0,False,False,1,Unprocessed,Other,Other,6995,6388,23.4,420.81,4.26,82.92,8.01,0.9,81.93,64,0,0.2,0.4,13,0.45,23.4,31.3,4.0,78.8,17.1
Fudge,"Fudge, brown sugar, penuche",91713100,0,20,1,77.74,1,10.0,1.1,2,0,0.245,2.1,19,0.067,2.2,75.85,0.085,8.46,5.623,3.064,1.11,10.24,106,0.177,0.84,24,63,193,319,0.66,21,0.08,0.063,0.1,0.38,2.7,"fudge, brown sugar, penuche",411.52,2.0,75.6,22.4,0.51,0.27,25.76,0.204,24.6,5.98,29.6,0,0,False,False,2,Minimally processed,Other,Other,6953,6660,24.6,411.52,2.1,77.74,10.24,1.1,75.85,319,21,0.1,2.7,106,0.84,24.6,29.6,2.0,75.6,22.4
SNICKERS Bar,SNICKERS Bar,91715100,0,6,0,61.51,13,38.5,2.3,16,0,3.6,7.53,45,0.13,7.8,50.47,0.06,5.55,7.875,3.014,9.069,23.85,93,0.27,0.72,72,190,323,239,2.5,46,0.16,0.09,0.5,1.5,1.9,snickers bar,490.81,6.1,50.1,43.7,1.53,0.47,18.95,0.147,29.3,5.97,35.3,0,0,False,False,1,Unprocessed,Other,Other,6403,4322,29.3,490.81,7.53,61.51,23.85,2.3,50.47,239,46,0.5,1.9,93,0.72,29.3,35.3,6.1,50.1,43.7
Baby Ruth,Baby Ruth,91715200,0,0,0,64.8,0,34.9,2.0,0,0,1.251,5.4,0,0.121,2.5,54.0,0.058,6.99,5.557,2.638,12.1,21.6,47,0.225,0.63,43,94,249,230,0.72,0,0.06,0.042,0.0,0.93,2.3,baby ruth,475.2,4.5,54.5,40.9,1.14,0.42,9.89,0.133,24.9,5.24,32.7,0,0,True,False,1,Unprocessed,Other,Other,6939,5902,24.9,475.2,5.4,64.8,21.6,2.0,54.0,230,0,0.0,2.3,47,0.63,24.9,32.7,4.5,54.5,40.9
100 GRAND Bar,100 GRAND Bar,91715300,0,3,0,70.97,12,24.6,1.0,2,0,0.198,2.5,37,0.119,2.5,51.9,0.058,6.1,6.039,1.388,11.9,19.33,76,0.185,0.34,25,86,163,203,0.99,38,0.29,0.016,0.7,0.42,6.2,100 grand bar,467.85,2.1,60.7,37.2,0.53,0.21,16.24,0.073,23.3,4.98,29.9,0,0,False,False,1,Unprocessed,Other,Other,6997,6624,23.3,467.85,2.5,70.97,19.33,1.0,51.9,203,38,0.7,6.2,76,0.34,23.3,29.9,2.1,60.7,37.2
Halvah,"Halvah, plain",91716010,0,16,0,57.36,0,10.0,4.5,0,0,2.262,7.98,0,0.045,13.7,53.08,0.273,1.47,10.754,14.093,5.603,32.04,24,0.55,2.51,135,260,145,19,2.63,1,0.0,0.156,0.0,3.48,2.0,"halvah, plain",549.72,5.8,41.7,52.5,1.45,0.82,4.37,0.457,33.5,6.09,43.2,0,0,False,False,1,Unprocessed,Other,Other,3703,927,33.5,549.72,7.98,57.36,32.04,4.5,53.08,19,1,0.0,2.0,24,2.51,33.5,43.2,5.8,41.7,52.5
Butterfinger,Butterfinger,91718100,0,0,0,72.9,0,15.0,2.0,0,0,2.649,5.4,0,0.062,2.9,45.9,0.121,1.23,5.119,3.164,9.5,18.9,36,0.193,0.79,48,97,220,230,1.0,0,0.04,0.069,0.0,1.72,2.2,butterfinger,483.3,4.5,60.3,35.2,1.12,0.41,7.45,0.163,26.7,5.52,33.4,0,0,False,False,1,Unprocessed,Other,Other,6817,5614,26.7,483.3,5.4,72.9,18.9,2.0,45.9,230,0,0.0,2.2,36,0.79,26.7,33.4,4.5,60.3,35.2
Ladoo,"Ladoo, round ball, Asian-Indian dessert",91718300,0,50,0,46.74,53,37.2,4.0,0,0,0.364,6.92,165,0.065,0.4,29.68,0.103,22.85,5.614,1.642,12.813,21.98,26,0.174,1.29,24,84,196,169,0.84,169,0.04,0.123,0.9,0.84,4.7,"ladoo, round ball, asian-indian dessert",412.46,6.7,45.3,48.0,1.68,0.97,6.3,0.313,28.2,6.84,38.9,0,0,False,False,1,Unprocessed,Other,Other,6651,2156,28.2,412.46,6.92,46.74,21.98,4.0,29.68,169,169,0.9,4.7,26,1.29,28.2,38.9,6.7,45.3,48.0
Marshmallow,Marshmallow,91723000,0,0,0,81.3,0,0.1,0.1,0,0,0.078,1.8,0,0.001,1.7,57.56,0.001,16.4,0.08,0.047,0.056,0.2,3,0.097,0.23,2,8,5,80,0.04,0,0.0,0.003,0.0,0.0,0.0,marshmallow,334.2,2.2,97.3,0.5,0.54,0.03,0.9,0.069,23.6,7.06,29.3,0,0,False,False,1,Unprocessed,Other,Other,6990,6697,23.6,334.2,1.8,81.3,0.2,0.1,57.56,80,0,0.0,0.0,3,0.23,23.6,29.3,2.2,97.3,0.5
MILKY WAY Bar,MILKY WAY Bar,91726130,0,4,0,71.17,9,16.5,1.0,1,0,0.154,4.01,31,0.103,2.0,59.69,0.046,6.3,2.23,0.26,12.016,17.23,115,0.147,0.49,20,67,124,167,0.69,31,0.18,0.014,0.7,0.89,3.6,milky way bar,455.79,3.5,62.5,34.0,0.88,0.22,25.23,0.108,22.8,5.0,30.3,0,0,False,False,1,Unprocessed,Other,Other,7004,6577,22.8,455.79,4.01,71.17,17.23,1.0,59.69,167,31,0.7,3.6,115,0.49,22.8,30.3,3.5,62.5,34.0
MILKY WAY MIDNIGHT Bar,MILKY WAY MIDNIGHT Bar,91726140,0,10,0,71.22,10,16.8,2.9,6,0,0.218,3.2,42,0.063,2.5,57.81,0.037,7.2,4.639,0.514,11.474,17.5,53,0.344,1.2,58,75,196,168,0.89,42,0.04,0.02,0.2,0.39,3.5,milky way midnight bar,455.18,2.8,62.6,34.6,0.7,0.64,11.64,0.264,25.7,5.65,35.1,0,0,False,False,1,Unprocessed,Other,Other,6894,4450,25.7,455.18,3.2,71.22,17.5,2.9,57.81,168,42,0.2,3.5,53,1.2,25.7,35.1,2.8,62.6,34.6
3 MUSKETEERS Bar,3 MUSKETEERS Bar,91726420,0,0,0,77.77,5,12.2,1.5,1,0,0.23,2.6,20,0.056,1.9,66.89,0.034,5.8,2.373,0.316,8.646,12.75,54,0.155,0.67,29,69,133,194,0.55,20,0.16,0.015,0.2,0.98,2.9,3 musketeers bar,436.23,2.4,71.3,26.3,0.6,0.34,12.38,0.154,22.8,5.23,30.8,0,0,False,False,1,Unprocessed,Other,Other,7004,6491,22.8,436.23,2.6,77.77,12.75,1.5,66.89,194,20,0.2,2.9,54,0.67,22.8,30.8,2.4,71.3,26.3
Peanuts,"Peanuts, sugar-coated",91731100,0,0,0,47.4,0,29.4,4.1,0,0,7.922,15.5,0,0.14,4.7,42.22,0.1,1.6,16.721,10.65,4.678,33.7,78,0.774,0.97,110,308,407,156,3.94,0,0.0,0.153,0.0,4.1,0.0,"peanuts, sugar-coated",554.9,11.2,34.2,54.7,2.79,0.74,14.06,0.175,36.6,6.6,43.3,0,1,False,False,2,Minimally processed,Other,Other,1487,912,36.6,554.9,15.5,47.4,33.7,4.1,42.22,156,0,0.0,0.0,78,0.97,36.6,43.3,11.2,34.2,54.7
Reese's Pieces,Reese's Pieces,91734200,0,0,0,59.86,0,28.7,3.0,0,0,6.06,12.46,0,0.22,0.8,53.25,0.18,1.0,4.46,1.88,16.42,24.77,69,0.41,0.49,88,207,359,194,1.15,0,0.11,0.11,0.0,0.99,5.9,reese's pieces,512.21,9.7,46.7,43.5,2.43,0.59,13.47,0.096,28.3,5.53,37.3,0,0,False,False,1,Unprocessed,Other,Other,6633,2974,28.3,512.21,12.46,59.86,24.77,3.0,53.25,194,0,0.0,5.9,69,0.49,28.3,37.3,9.7,46.7,43.5
Reese's Sticks,Reese's Sticks,91734300,0,4,0,55.38,6,28.2,3.3,45,0,3.64,9.53,14,0.1,0.7,40.33,0.13,1.6,10.82,4.68,13.21,31.34,70,0.2,1.3,49,144,295,264,0.99,14,0.15,0.08,0.6,2.77,5.9,reese's sticks,541.7,7.0,40.9,52.1,1.76,0.61,12.92,0.24,28.8,5.32,37.0,0,0,False,False,1,Unprocessed,Other,Other,6557,3160,28.8,541.7,9.53,55.38,31.34,3.3,40.33,264,14,0.6,5.9,70,1.3,28.8,37.0,7.0,40.9,52.1
Reese's Fast Break,Reese's Fast Break,91734400,0,0,0,63.9,9,20.9,3.6,0,0,2.789,8.93,14,0.113,3.7,53.57,0.117,1.66,8.104,4.241,8.036,23.21,36,0.322,0.64,60,156,257,321,1.45,14,0.18,0.061,0.0,2.56,1.8,reese's fast break,500.21,7.1,51.1,41.8,1.79,0.72,7.2,0.128,28.2,5.64,36.9,0,0,False,False,1,Unprocessed,Other,Other,6651,3242,28.2,500.21,8.93,63.9,23.21,3.6,53.57,321,14,0.0,1.8,36,0.64,28.2,36.9,7.1,51.1,41.8
Reese's Crispy Crunchy Bar,Reese's Crispy Crunchy Bar,91734450,0,4,0,55.53,5,28.2,3.3,45,0,3.64,9.53,15,0.1,0.7,40.33,0.13,1.6,10.82,4.68,12.959,31.34,70,0.2,1.3,49,144,295,264,0.99,15,0.15,0.08,0.6,2.77,5.9,reese's crispy crunchy bar,542.3,7.0,41.0,52.0,1.76,0.61,12.91,0.24,28.9,5.33,37.0,0,0,False,False,1,Unprocessed,Other,Other,6521,3160,28.9,542.3,9.53,55.53,31.34,3.3,40.33,264,15,0.6,5.9,70,1.3,28.9,37.0,7.0,41.0,52.0
Pralines,Pralines,91735000,0,20,1,77.74,1,10.0,1.1,2,0,0.245,2.1,19,0.067,2.2,75.85,0.085,8.46,5.623,3.064,1.11,10.24,106,0.177,0.84,24,63,193,319,0.66,21,0.08,0.063,0.1,0.38,2.7,pralines,411.52,2.0,75.6,22.4,0.51,0.27,25.76,0.204,24.6,5.98,29.6,0,0,False,False,1,Unprocessed,Other,Other,6953,6660,24.6,411.52,2.1,77.74,10.24,1.1,75.85,319,21,0.1,2.7,106,0.84,24.6,29.6,2.0,75.6,22.4
Gumdrops,Gumdrops,91745010,0,0,0,98.9,0,0.0,0.1,0,0,0.01,0.0,0,0.013,0.8,58.97,0.006,1.0,0.0,0.0,0.0,0.0,3,0.012,0.4,1,1,5,44,0.0,0,0.0,0.005,0.0,0.0,0.0,gumdrops,395.6,0.0,100.0,0.0,0.0,0.03,0.76,0.101,23.3,5.89,29.1,0,0,False,False,1,Unprocessed,Other,Other,6997,6714,23.3,395.6,0.0,98.9,0.0,0.1,58.97,44,0,0.0,0.0,3,0.4,23.3,29.1,0.0,100.0,0.0
Skittles,Skittles,91745100,0,0,0,90.78,0,0.0,0.0,1,0,0.007,0.19,0,0.023,1.0,75.84,0.0,3.83,0.0,0.0,4.115,4.37,0,0.036,0.0,1,1,12,15,0.02,0,0.0,0.003,66.8,0.17,1.1,skittles,403.21,0.2,90.1,9.8,0.05,0.0,0.0,0.0,26.2,6.5,30.4,0,0,False,False,1,Unprocessed,Other,Other,6860,6563,26.2,403.21,0.19,90.78,4.37,0.0,75.84,15,0,66.8,1.1,0,0.0,26.2,30.4,0.2,90.1,9.8
Sixlets,Sixlets,91746120,0,0,0,71.19,14,21.7,2.8,0,0,0.27,4.33,56,0.213,3.3,63.68,0.079,1.7,5.183,0.921,13.08,21.13,105,0.344,1.11,44,146,261,61,1.61,56,0.53,0.025,0.5,0.36,4.0,sixlets,492.25,3.5,57.8,38.6,0.88,0.57,21.33,0.225,25.6,5.2,35.9,0,0,False,False,1,Unprocessed,Other,Other,6899,3886,25.6,492.25,4.33,71.19,21.13,2.8,63.68,61,56,0.5,4.0,105,1.11,25.6,35.9,3.5,57.8,38.6
Taffy,Taffy,91750000,0,0,0,82.15,0,0.6,0.0,4,0,0.021,0.81,0,0.012,0.9,55.59,0.016,8.46,0.258,0.084,7.208,8.03,9,0.016,0.06,2,11,12,75,0.12,0,0.02,0.002,44.2,0.32,1.6,taffy,404.11,0.8,81.3,17.9,0.2,0.0,2.23,0.015,25.4,6.29,29.6,0,0,False,False,1,Unprocessed,Other,Other,6912,6660,25.4,404.11,0.81,82.15,8.03,0.0,55.59,75,0,44.2,1.6,9,0.06,25.4,29.6,0.8,81.3,17.9
Truffles,Truffles,91760500,0,15,0,49.64,41,41.1,2.8,5,0,0.33,6.78,125,0.275,4.2,43.11,0.096,10.06,7.819,1.447,20.008,31.91,167,0.409,1.96,53,181,323,86,1.94,126,0.65,0.035,0.1,0.62,5.4,truffles,512.87,5.3,38.7,56.0,1.32,0.55,32.56,0.382,27.8,5.42,36.9,0,0,False,False,1,Unprocessed,Other,Other,6699,3242,27.8,512.87,6.78,49.64,31.91,2.8,43.11,86,126,0.1,5.4,167,1.96,27.8,36.9,5.3,38.7,56.0
Dietetic or low calorie gumdrops,Dietetic or low calorie gumdrops,91770010,0,0,0,88.1,0,0.0,0.0,0,0,0.0,0.0,0,0.0,0.5,70.0,0.0,11.7,0.092,0.064,0.034,0.2,0,0.0,0.0,0,0,0,7,0.0,0,0.0,0.0,0.0,0.0,0.0,dietetic or low calorie gumdrops,354.2,0.0,99.5,0.5,0.0,0.0,0.0,0.0,21.8,6.15,28.7,0,0,False,False,1,Unprocessed,Other,Other,7022,6759,21.8,354.2,0.0,88.1,0.2,0.0,70.0,7,0,0.0,0.0,0,0.0,21.8,28.7,0.0,99.5,0.5
Dietetic or low calorie mints,Dietetic or low calorie mints,91770050,0,0,0,98.6,0,0.0,0.0,0,0,0.0,0.0,0,0.0,0.6,0.0,0.0,1.4,0.0,0.0,0.0,0.0,0,0.0,0.0,0,0,0,0,0.0,0,0.0,0.0,0.0,0.0,0.0,dietetic or low calorie mints,394.4,0.0,100.0,0.0,0.0,0.0,0.0,0.0,30.1,7.63,32.0,0,0,False,False,1,Unprocessed,Other,Other,6124,6177,30.1,394.4,0.0,98.6,0.0,0.0,0.0,0,0,0.0,0.0,0,0.0,30.1,32.0,0.0,100.0,0.0
Chewing gum,"Chewing gum, regular",91801000,0,0,0,96.7,0,0.0,2.4,0,0,0.0,0.0,0,0.0,0.6,66.08,0.0,2.6,0.079,0.137,0.042,0.3,0,0.0,0.0,0,0,2,1,0.0,0,0.0,0.0,0.0,0.0,0.0,"chewing gum, regular",389.5,0.0,99.3,0.7,0.0,0.62,0.0,0.0,23.7,6.08,34.3,0,0,False,False,1,Unprocessed,Other,Other,6986,5023,23.7,389.5,0.0,96.7,0.3,2.4,66.08,1,0,0.0,0.0,0,0.0,23.7,34.3,0.0,99.3,0.7
Chewing gum,"Chewing gum, sugar free",91802000,0,0,0,94.8,0,0.0,2.4,0,0,0.0,0.0,0,0.0,0.5,0.0,0.0,3.5,0.093,0.232,0.058,0.4,20,0.0,0.0,0,0,0,7,0.0,0,0.0,0.0,0.0,0.0,0.0,"chewing gum, sugar free",382.8,0.0,99.1,0.9,0.0,0.63,5.22,0.0,31.7,8.28,37.4,0,0,False,False,2,Minimally processed,Other,Other,5221,2925,31.7,382.8,0.0,94.8,0.4,2.4,0.0,7,0,0.0,0.0,20,0.0,31.7,37.4,0.0,99.1,0.9
Frozen daiquiri mix,"Frozen daiquiri mix, frozen concentrate, not reconstituted",92512040,0,2,9,71.6,0,3.0,0.0,12,0,0.026,0.08,0,0.017,0.5,24.53,0.009,28.24,0.001,0.009,0.003,0.01,2,0.02,0.04,1,2,23,0,0.02,1,0.0,0.005,4.2,0.02,0.0,"frozen daiquiri mix, frozen concentrate, not reconstituted",286.81,0.1,99.9,0.0,0.03,0.0,0.7,0.014,27.9,9.73,31.2,0,0,False,False,1,Unprocessed,Other,Other,6691,6417,27.9,286.81,0.08,71.6,0.01,0.0,24.53,0,1,4.2,0.0,2,0.04,27.9,31.2,0.1,99.9,0.0
Frozen daiquiri mix,"Frozen daiquiri mix, from frozen concentrate, reconstituted",92512050,0,0,2,16.37,0,0.7,0.0,3,0,0.006,0.02,0,0.004,0.1,5.61,0.002,83.52,0.0,0.002,0.001,0.0,3,0.012,0.01,1,0,5,3,0.01,0,0.0,0.001,1.0,0.0,0.0,"frozen daiquiri mix, from frozen concentrate, reconstituted",65.56,0.1,99.9,0.0,0.03,0.0,4.58,0.015,29.6,45.15,31.8,0,0,False,False,1,Unprocessed,Other,Other,6303,6236,29.6,65.56,0.02,16.37,0.0,0.0,5.61,3,0,1.0,0.0,3,0.01,29.6,31.8,0.1,99.9,0.0
Pina Colada,"Pina Colada, nonalcoholic",92512090,0,2,0,25.64,0,3.6,0.2,0,0,0.158,0.47,0,0.024,1.0,23.17,0.048,70.83,0.122,0.058,2.543,2.79,11,0.092,0.26,12,10,116,8,0.18,0,0.0,0.081,7.6,0.04,0.2,"pina colada, nonalcoholic",129.55,1.5,79.2,19.4,0.36,0.15,8.49,0.201,28.9,22.31,32.1,0,0,False,False,4,Ultra-processed,Other,Other,6521,6130,28.9,129.55,0.47,25.64,2.79,0.2,23.17,8,0,7.6,0.2,11,0.26,28.9,32.1,1.5,79.2,19.4
Margarita mix,"Margarita mix, nonalcoholic",92512110,0,0,0,21.4,0,0.9,0.0,0,0,0.0,0.1,0,0.01,0.4,21.4,0.013,78.2,0.002,0.02,0.008,0.1,2,0.0,0.11,1,6,28,102,0.07,0,0.0,0.0,2.7,0.0,0.0,"margarita mix, nonalcoholic",86.9,0.5,98.5,1.0,0.12,0.0,2.3,0.127,27.7,31.88,30.3,0,0,False,False,1,Unprocessed,Other,Other,6715,6577,27.7,86.9,0.1,21.4,0.1,0.0,21.4,102,0,2.7,0.0,2,0.11,27.7,30.3,0.5,98.5,1.0
Fruit flavored drink,"Fruit flavored drink, with high vitamin C, diet",92550610,0,0,0,0.87,0,0.0,0.0,0,0,0.0,0.0,0,0.0,0.0,0.0,0.0,98.92,0.0,0.0,0.0,0.0,13,0.01,0.0,1,12,5,8,0.01,0,0.0,0.0,5.6,0.0,0.0,"fruit flavored drink, with high vitamin c, diet",3.48,0.0,100.0,0.0,0.0,0.0,373.56,0.0,30.8,,32.3,0,0,False,False,1,Unprocessed,Other,Other,5738,6044,30.8,3.48,0.0,0.87,0.0,0.0,0.0,8,0,5.6,0.0,13,0.0,30.8,32.3,0.0,100.0,0.0
Fruit flavored drink,"Fruit flavored drink, diet",92550620,0,0,0,1.45,0,0.0,0.0,0,0,0.0,0.01,0,0.0,0.0,0.0,0.0,98.27,0.0,0.0,0.0,0.0,20,0.01,0.0,1,21,8,11,0.01,0,0.0,0.0,9.3,0.0,0.0,"fruit flavored drink, diet",5.84,0.7,99.3,0.0,0.17,0.0,342.47,0.0,31.3,,32.5,0,0,False,False,1,Unprocessed,Other,Other,5473,5955,31.3,5.84,0.01,1.45,0.0,0.0,0.0,11,0,9.3,0.0,20,0.0,31.3,32.5,0.7,99.3,0.0
Fruit flavored drink,"Fruit flavored drink, with high vitamin C, powdered, reconstituted, diet",92552000,0,0,0,0.87,0,0.0,0.0,0,0,0.0,0.0,0,0.0,0.0,0.0,0.0,98.92,0.0,0.0,0.0,0.0,13,0.01,0.0,1,12,5,8,0.01,0,0.0,0.0,5.6,0.0,0.0,"fruit flavored drink, with high vitamin c, powdered, reconstituted, diet",3.48,0.0,100.0,0.0,0.0,0.0,373.56,0.0,30.8,,32.3,0,0,False,False,1,Unprocessed,Other,Other,5738,6044,30.8,3.48,0.0,0.87,0.0,0.0,0.0,8,0,5.6,0.0,13,0.0,30.8,32.3,0.0,100.0,0.0
Fruit flavored drink,"Fruit flavored drink, powdered, reconstituted, diet",92552010,0,0,0,0.73,0,0.0,0.0,0,0,0.0,0.0,0,0.0,0.0,0.0,0.0,99.08,0.0,0.0,0.0,0.0,12,0.01,0.0,1,10,4,7,0.01,0,0.0,0.0,4.7,0.0,0.0,"fruit flavored drink, powdered, reconstituted, diet",2.92,0.0,100.0,0.0,0.0,0.0,410.96,0.0,30.7,,32.2,0,0,False,False,1,Unprocessed,Other,Other,5780,6095,30.7,2.92,0.0,0.73,0.0,0.0,0.0,7,0,4.7,0.0,12,0.0,30.7,32.2,0.0,100.0,0.0
Shirley Temple,Shirley Temple,92804000,0,0,0,14.17,0,0.1,0.1,1,0,0.0,0.0,0,0.001,0.1,12.55,0.0,85.75,0.001,0.001,0.001,0.0,4,0.021,0.17,1,0,4,9,0.06,0,0.0,0.0,0.0,0.0,0.0,shirley temple,56.68,0.0,100.0,0.0,0.0,0.18,7.06,0.3,28.8,50.81,31.6,0,0,False,False,1,Unprocessed,Other,Other,6557,6296,28.8,56.68,0.0,14.17,0.0,0.1,12.55,9,0,0.0,0.0,4,0.17,28.8,31.6,0.0,100.0,0.0
Fruit flavored drink,"Fruit flavored drink, powdered, not reconstituted, diet",92900200,0,0,0,87.38,0,0.1,0.1,0,0,0.0,0.45,0,0.0,0.0,0.0,0.0,1.84,0.0,0.0,0.0,0.04,1047,0.0,0.08,3,1239,498,404,0.0,0,0.0,0.0,560.0,0.0,0.0,"fruit flavored drink, powdered, not reconstituted, diet",351.68,0.5,99.4,0.1,0.13,0.03,297.71,0.023,99.8,28.38,56.7,0,0,False,False,1,Unprocessed,Other,Other,2,144,99.8,351.68,0.45,87.38,0.04,0.1,0.0,404,0,560.0,0.0,1047,0.08,99.8,56.7,0.5,99.4,0.1
Hard cider,Hard cider,93106500,0,14,5,5.92,0,1.7,0.0,15,0,0.045,0.0,0,0.013,0.0,5.92,0.009,89.0,0.0,0.0,0.0,0.0,4,0.018,0.06,3,6,54,4,0.02,1,0.0,0.021,2.3,0.09,1.1,hard cider,23.68,0.0,100.0,0.0,0.0,0.0,16.89,0.253,30.2,,32.0,0,0,False,False,1,Unprocessed,Other,Other,6046,6177,30.2,23.68,0.0,5.92,0.0,0.0,5.92,4,1,2.3,1.1,4,0.06,30.2,32.0,0.0,100.0,0.0
Cordial or liqueur,Cordial or liqueur,93201000,0,0,0,41.6,0,0.0,0.0,0,0,0.003,0.0,0,0.0,0.4,41.6,0.0,28.3,0.015,0.167,0.014,0.3,0,0.08,0.07,0,0,0,5,0.04,0,0.0,0.0,0.0,0.0,0.0,cordial or liqueur,169.1,0.0,98.4,1.6,0.0,0.0,0.0,0.041,25.2,14.9,30.0,0,0,False,False,1,Unprocessed,Other,Other,6922,6613,25.2,169.1,0.0,41.6,0.3,0.0,41.6,5,0,0.0,0.0,0,0.07,25.2,30.0,0.0,98.4,1.6
Alexander,Alexander,93301010,0,7,0,18.94,11,6.3,0.0,0,0,0.093,1.05,31,0.068,1.2,15.7,0.013,57.77,1.082,0.218,2.313,3.83,35,0.024,0.05,4,34,55,23,0.15,31,0.06,0.016,0.3,0.08,0.4,alexander,114.43,3.7,66.2,30.1,0.92,0.0,30.59,0.044,28.5,24.91,31.8,0,0,False,False,1,Unprocessed,Other,Other,6604,6236,28.5,114.43,1.05,18.94,3.83,0.0,15.7,23,31,0.3,0.4,35,0.05,28.5,31.8,3.7,66.2,30.1
Bloody Mary,Bloody Mary,93301030,1,202,1,3.24,0,5.2,0.4,56,6425,0.523,0.66,0,0.061,0.4,2.27,0.075,87.21,0.007,0.03,0.016,0.23,10,0.042,0.41,9,17,180,212,0.11,17,0.0,0.06,53.0,0.24,1.9,bloody mary,17.67,14.9,73.3,11.7,3.74,2.26,56.59,2.32,36.4,,36.0,0,0,False,False,1,Unprocessed,Other,Other,1618,3820,36.4,17.67,0.66,3.24,0.23,0.4,2.27,212,17,53.0,1.9,10,0.41,36.4,36.0,14.9,73.3,11.7
Daiquiri,Daiquiri,93301040,0,1,0,15.64,0,1.2,0.1,0,0,0.025,0.09,0,0.008,0.3,14.93,0.014,75.9,0.004,0.021,0.008,0.1,3,0.009,0.11,2,6,28,64,0.06,0,0.0,0.004,2.5,0.02,0.1,daiquiri,63.82,0.6,98.0,1.4,0.14,0.16,4.7,0.172,28.7,44.97,31.2,0,0,False,False,1,Unprocessed,Other,Other,6581,6417,28.7,63.82,0.09,15.64,0.1,0.1,14.93,64,0,2.5,0.1,3,0.11,28.7,31.2,0.6,98.0,1.4
Gimlet,Gimlet,93301050,0,7,0,5.08,0,1.2,0.1,0,0,0.043,0.1,0,0.007,0.0,3.52,0.01,70.15,0.002,0.005,0.002,0.03,3,0.022,0.05,2,6,29,1,0.05,0,0.0,0.01,7.0,0.05,0.1,gimlet,20.99,1.9,96.8,1.3,0.48,0.48,14.29,0.238,30.7,,32.8,0,0,False,False,1,Unprocessed,Other,Other,5780,5864,30.7,20.99,0.1,5.08,0.03,0.1,3.52,1,0,7.0,0.1,3,0.05,30.7,32.8,1.9,96.8,1.3
Gin and Tonic,Gin and Tonic,93301060,0,0,0,6.57,0,0.0,0.0,0,0,0.003,0.0,0,0.001,0.0,6.57,0.002,84.89,0.0,0.0,0.0,0.0,1,0.01,0.02,0,1,1,9,0.08,0,0.0,0.0,0.0,0.0,0.0,gin and tonic,26.28,0.0,100.0,0.0,0.0,0.0,3.81,0.076,29.3,,31.6,0,0,False,False,1,Unprocessed,Other,Other,6403,6296,29.3,26.28,0.0,6.57,0.0,0.0,6.57,9,0,0.0,0.0,1,0.02,29.3,31.6,0.0,100.0,0.0
Grasshopper,Grasshopper,93301070,0,7,0,32.07,11,6.0,0.0,0,0,0.085,0.99,29,0.063,1.3,29.01,0.011,45.19,1.025,0.263,2.186,3.72,33,0.044,0.06,4,31,51,23,0.14,30,0.06,0.015,0.3,0.08,0.4,grasshopper,165.72,2.4,77.4,20.2,0.6,0.0,19.91,0.036,27.0,16.29,31.0,0,0,False,False,1,Unprocessed,Other,Other,6787,6457,27.0,165.72,0.99,32.07,3.72,0.0,29.01,23,30,0.3,0.4,33,0.06,27.0,31.0,2.4,77.4,20.2
Greyhound,Greyhound,93301075,2,15,1,5.71,1,5.8,0.2,8,0,0.194,0.41,0,0.016,0.1,5.81,0.048,84.89,0.07,0.132,0.062,0.53,12,0.029,0.06,7,14,107,1,0.04,2,0.0,0.0,29.7,0.17,0.0,greyhound,29.25,5.6,78.1,16.3,1.4,0.68,41.03,0.205,33.6,,34.8,0,0,False,False,1,Unprocessed,Other,Other,3631,4646,33.6,29.25,0.41,5.71,0.53,0.2,5.81,1,2,29.7,0.0,12,0.06,33.6,34.8,5.6,78.1,16.3
High ball,High ball,93301080,0,0,0,0.0,0,0.0,0.0,0,0,0.003,0.0,0,0.001,0.0,0.0,0.002,91.46,0.0,0.0,0.0,0.0,4,0.01,0.02,1,1,2,16,0.08,0,0.0,0.0,0.0,0.0,0.0,high ball,0.0,,,,,,,,30.1,,,0,0,False,False,1,Unprocessed,Other,Other,6124,7059,30.1,0.0,0.0,0.0,0.0,0.0,0.0,16,0,0.0,0.0,4,0.02,30.1,,,,
Jagerbomb,Jagerbomb,93301083,0,0,0,18.07,0,0.2,0.0,0,0,7.371,0.34,0,0.077,0.2,18.07,0.03,73.99,0.004,0.042,0.003,0.08,4,0.022,0.06,14,0,2,30,0.02,0,1.48,1.625,0.0,0.0,0.0,jagerbomb,74.36,1.8,97.2,1.0,0.46,0.0,5.38,0.081,28.5,38.33,31.4,0,0,False,False,1,Unprocessed,Other,Other,6604,6365,28.5,74.36,0.34,18.07,0.08,0.0,18.07,30,0,0.0,0.0,4,0.06,28.5,31.4,1.8,97.2,1.0
Kamikaze,Kamikaze,93301085,0,2,0,8.27,0,1.3,0.1,0,0,0.048,0.06,0,0.003,0.1,6.96,0.012,66.9,0.008,0.042,0.009,0.1,3,0.033,0.09,2,5,20,5,0.04,0,0.0,0.007,1.6,0.03,0.1,kamikaze,34.22,0.7,96.7,2.6,0.18,0.29,8.77,0.263,29.7,,32.2,0,0,False,False,1,Unprocessed,Other,Other,6268,6095,29.7,34.22,0.06,8.27,0.1,0.1,6.96,5,0,1.6,0.1,3,0.09,29.7,32.2,0.7,96.7,2.6
Manhattan,Manhattan,93301090,0,0,0,1.82,0,0.7,0.0,0,0,0.04,0.03,0,0.006,0.1,1.03,0.008,67.12,0.0,0.0,0.0,0.0,1,0.024,0.07,1,5,14,2,0.04,0,0.0,0.001,0.0,0.0,0.0,manhattan,7.4,1.6,98.4,0.0,0.41,0.0,13.51,0.946,30.1,,32.3,0,0,False,False,1,Unprocessed,Other,Other,6124,6044,30.1,7.4,0.03,1.82,0.0,0.0,1.03,2,0,0.0,0.0,1,0.07,30.1,32.3,1.6,98.4,0.0
Margarita,Margarita,93301100,0,0,0,16.06,0,0.7,0.0,0,0,0.003,0.08,0,0.008,0.3,16.06,0.011,75.08,0.002,0.015,0.006,0.08,2,0.005,0.09,1,5,22,204,0.06,0,0.0,0.0,2.0,0.0,0.0,margarita,65.28,0.5,98.4,1.1,0.12,0.0,3.06,0.138,27.8,42.59,29.4,0,0,False,False,1,Unprocessed,Other,Other,6699,6688,27.8,65.28,0.08,16.06,0.08,0.0,16.06,204,0,2.0,0.0,2,0.09,27.8,29.4,0.5,98.4,1.1
Martini,Martini,93301110,0,0,0,0.15,0,0.7,0.0,0,0,0.025,0.07,0,0.005,0.0,0.15,0.005,70.8,0.0,0.0,0.0,0.0,1,0.02,0.09,1,5,13,2,0.04,0,0.0,0.004,0.0,0.0,0.0,martini,0.88,31.8,68.2,0.0,7.95,0.0,113.64,10.227,30.2,,37.4,0,0,False,False,1,Unprocessed,Other,Other,6046,2925,30.2,0.88,0.07,0.15,0.0,0.0,0.15,2,0,0.0,0.0,1,0.09,30.2,37.4,31.8,68.2,0.0
Martini,"Martini, flavored",93301111,0,7,0,6.66,0,1.1,0.1,0,0,0.041,0.09,0,0.007,0.1,5.15,0.01,69.27,0.003,0.013,0.003,0.04,3,0.024,0.05,2,6,27,1,0.05,0,0.0,0.009,8.0,0.06,0.2,"martini, flavored",27.36,1.3,97.4,1.3,0.33,0.37,10.96,0.183,30.6,,32.7,0,0,False,False,1,Unprocessed,Other,Other,5843,5902,30.6,27.36,0.09,6.66,0.04,0.1,5.15,1,0,8.0,0.2,3,0.05,30.6,32.7,1.3,97.4,1.3
Mimosa,Mimosa,93301115,4,4,14,7.14,0,5.3,0.2,14,0,0.196,0.38,0,0.027,0.1,4.74,0.026,87.04,0.011,0.015,0.007,0.06,33,0.024,0.2,11,23,126,3,0.09,1,0.0,0.063,17.3,0.1,0.2,mimosa,30.62,5.0,93.3,1.8,1.24,0.65,107.77,0.653,33.2,,34.5,0,0,False,False,1,Unprocessed,Other,Other,3960,4871,33.2,30.62,0.38,7.14,0.06,0.2,4.74,3,1,17.3,0.2,33,0.2,33.2,34.5,5.0,93.3,1.8
Mojito,Mojito,93301125,1,82,4,2.45,0,0.6,0.2,18,0,0.036,0.09,0,0.005,0.1,1.82,0.005,89.76,0.007,0.004,0.002,0.03,7,0.024,0.11,2,3,19,15,0.1,7,0.0,0.006,2.4,0.06,6.3,mojito,10.43,3.5,94.0,2.6,0.86,1.92,67.11,1.055,30.7,,33.1,0,0,False,False,1,Unprocessed,Other,Other,5780,5733,30.7,10.43,0.09,2.45,0.03,0.2,1.82,15,7,2.4,6.3,7,0.11,30.7,33.1,3.5,94.0,2.6
Old fashioned,Old fashioned,93301130,2,13,19,6.11,0,1.6,0.5,24,0,0.054,0.16,0,0.009,0.1,5.57,0.018,73.34,0.006,0.007,0.004,0.04,10,0.028,0.06,2,5,32,4,0.06,2,0.0,0.011,8.6,0.03,0.1,old fashioned,25.44,2.5,96.1,1.4,0.63,1.97,39.31,0.236,31.0,,33.8,0,0,False,False,1,Unprocessed,Other,Other,5636,5426,31.0,25.44,0.16,6.11,0.04,0.5,5.57,4,2,8.6,0.1,10,0.06,31.0,33.8,2.5,96.1,1.4
Rob Roy,Rob Roy,93301135,0,0,0,3.6,0,1.3,0.0,0,0,0.066,0.05,0,0.008,0.1,2.05,0.009,67.63,0.0,0.0,0.0,0.0,2,0.027,0.09,2,5,26,3,0.05,0,0.0,0.001,0.0,0.0,0.0,rob roy,14.6,1.4,98.6,0.0,0.34,0.0,13.7,0.616,30.1,,32.2,0,0,False,False,1,Unprocessed,Other,Other,6124,6095,30.1,14.6,0.05,3.6,0.0,0.0,2.05,3,0,0.0,0.0,2,0.09,30.1,32.2,1.4,98.6,0.0
Rusty Nail,Rusty Nail,93301136,0,0,0,10.95,0,0.0,0.0,0,0,0.01,0.0,0,0.003,0.1,10.95,0.004,56.52,0.004,0.044,0.004,0.08,0,0.037,0.05,0,3,1,2,0.04,0,0.0,0.001,0.0,0.0,0.0,rusty nail,44.52,0.0,98.4,1.6,0.0,0.0,0.0,0.112,28.8,,31.5,0,0,False,False,1,Unprocessed,Other,Other,6557,6323,28.8,44.52,0.0,10.95,0.08,0.0,10.95,2,0,0.0,0.0,0,0.05,28.8,31.5,0.0,98.4,1.6
Salty Dog,Salty Dog,93301139,1,15,1,5.68,1,5.8,0.2,7,0,0.192,0.41,0,0.016,0.1,5.77,0.048,84.34,0.07,0.131,0.061,0.52,12,0.029,0.06,7,14,106,256,0.04,1,0.0,0.0,29.5,0.16,0.0,salty dog,29.04,5.6,78.2,16.1,1.41,0.69,41.32,0.207,32.5,,32.1,0,0,False,False,2,Minimally processed,Other,Other,4607,6130,32.5,29.04,0.41,5.68,0.52,0.2,5.77,256,1,29.5,0.0,12,0.06,32.5,32.1,5.6,78.2,16.1
Screwdriver,Screwdriver,93301140,6,6,20,8.62,0,4.7,0.2,20,0,0.214,0.51,0,0.03,0.1,6.26,0.036,82.12,0.017,0.023,0.011,0.09,42,0.037,0.11,8,22,134,2,0.06,2,0.0,0.057,25.3,0.15,0.0,screwdriver,37.33,5.5,92.4,2.2,1.37,0.54,112.51,0.295,33.8,,34.8,0,0,False,False,1,Unprocessed,Other,Other,3452,4646,33.8,37.33,0.51,8.62,0.09,0.2,6.26,2,2,25.3,0.0,42,0.11,33.8,34.8,5.5,92.4,2.2
Seabreeze,Seabreeze,93301141,1,9,0,7.94,0,3.3,0.1,9,0,0.114,0.21,0,0.009,0.1,7.37,0.025,83.11,0.042,0.088,0.034,0.3,7,0.021,0.07,4,8,59,1,0.04,1,0.0,0.0,30.8,0.17,0.4,seabreeze,35.3,2.4,90.0,7.6,0.59,0.28,19.83,0.198,33.0,,33.8,0,0,False,False,1,Unprocessed,Other,Other,4135,5426,33.0,35.3,0.21,7.94,0.3,0.1,7.37,1,1,30.8,0.4,7,0.07,33.0,33.8,2.4,90.0,7.6
Seven and Seven,Seven and Seven,93301142,0,0,0,7.63,0,0.3,0.0,0,0,0.015,0.04,0,0.001,0.0,6.76,0.001,84.05,0.0,0.0,0.0,0.02,2,0.006,0.09,1,1,1,7,0.04,0,0.0,0.0,0.0,0.0,0.0,seven and seven,30.86,0.5,98.9,0.6,0.13,0.0,6.48,0.292,29.4,,31.8,0,0,False,False,1,Unprocessed,Other,Other,6371,6236,29.4,30.86,0.04,7.63,0.02,0.0,6.76,7,0,0.0,0.0,2,0.09,29.4,31.8,0.5,98.9,0.6
Tom Collins,Tom Collins,93301150,0,0,0,16.11,0,0.7,0.0,0,0,0.003,0.08,0,0.009,0.3,16.11,0.011,75.33,0.002,0.015,0.006,0.08,2,0.005,0.09,1,6,22,77,0.06,0,0.0,0.0,2.0,0.0,0.0,tom collins,65.48,0.5,98.4,1.1,0.12,0.0,3.05,0.137,28.3,43.22,30.7,0,0,False,False,1,Unprocessed,Other,Other,6633,6509,28.3,65.48,0.08,16.11,0.08,0.0,16.11,77,0,2.0,0.0,2,0.09,28.3,30.7,0.5,98.4,1.1
Pina Colada,Pina Colada,93301200,0,2,0,19.48,0,2.8,0.1,0,0,0.124,0.36,0,0.019,0.8,17.58,0.038,69.95,0.094,0.045,1.955,2.14,8,0.076,0.21,9,8,90,6,0.15,0,0.0,0.063,5.9,0.03,0.2,pina colada,98.62,1.5,79.0,19.5,0.37,0.1,8.11,0.213,29.2,29.61,32.1,0,0,False,False,4,Ultra-processed,Other,Other,6445,6130,29.2,98.62,0.36,19.48,2.14,0.1,17.58,6,0,5.9,0.2,8,0.21,29.2,32.1,1.5,79.0,19.5
Sloe gin fizz,Sloe gin fizz,93301230,0,0,3,2.22,0,0.4,0.0,1,0,0.016,0.03,0,0.003,0.0,1.95,0.003,89.36,0.0,0.001,0.002,0.01,4,0.011,0.02,1,2,9,16,0.09,0,0.0,0.003,1.0,0.02,0.0,sloe gin fizz,9.09,1.3,97.7,1.0,0.33,0.0,44.0,0.22,30.0,,32.1,0,0,False,False,1,Unprocessed,Other,Other,6190,6130,30.0,9.09,0.03,2.22,0.01,0.0,1.95,16,0,1.0,0.0,4,0.02,30.0,32.1,1.3,97.7,1.0
Black Russian,Black Russian,93301240,0,0,0,21.21,0,0.4,0.0,0,0,0.072,0.04,0,0.008,0.2,17.36,0.005,50.47,0.01,0.048,0.048,0.14,0,0.03,0.05,1,5,15,4,0.04,0,0.0,0.001,0.0,0.0,0.0,black russian,86.26,0.2,98.4,1.5,0.05,0.0,0.0,0.058,28.2,32.69,31.3,0,0,False,False,1,Unprocessed,Other,Other,6651,6388,28.2,86.26,0.04,21.21,0.14,0.0,17.36,4,0,0.0,0.0,0,0.05,28.2,31.3,0.2,98.4,1.5
White Russian,White Russian,93301250,0,15,0,11.17,24,12.9,0.0,0,0,0.102,2.15,65,0.135,2.3,9.56,0.022,69.87,2.27,0.397,4.818,7.9,73,0.016,0.05,7,66,96,43,0.28,66,0.13,0.034,0.6,0.17,0.9,white russian,124.38,6.9,35.9,57.2,1.73,0.0,58.69,0.04,29.4,23.64,32.5,0,0,False,False,1,Unprocessed,Other,Other,6371,5955,29.4,124.38,2.15,11.17,7.9,0.0,9.56,43,66,0.6,0.9,73,0.05,29.4,32.5,6.9,35.9,57.2
Singapore Sling,Singapore Sling,93301280,0,0,11,7.79,0,1.4,0.2,3,0,0.052,0.12,0,0.006,0.1,6.7,0.007,81.92,0.003,0.015,0.008,0.05,5,0.018,0.04,2,3,31,15,0.1,1,0.0,0.01,3.8,0.06,0.0,singapore sling,32.09,1.5,97.1,1.4,0.37,0.62,15.58,0.125,30.1,,32.6,0,0,False,False,1,Unprocessed,Other,Other,6124,5935,30.1,32.09,0.12,7.79,0.05,0.2,6.7,15,1,3.8,0.0,5,0.04,30.1,32.6,1.5,97.1,1.4
Stinger,Stinger,93301290,0,0,0,11.89,0,0.0,0.0,0,0,0.01,0.0,0,0.003,0.1,11.89,0.004,55.66,0.004,0.048,0.004,0.09,0,0.038,0.05,0,3,1,2,0.04,0,0.0,0.001,0.0,0.0,0.0,stinger,48.37,0.0,98.3,1.7,0.0,0.0,0.0,0.103,28.7,,31.5,0,0,False,False,1,Unprocessed,Other,Other,6581,6323,28.7,48.37,0.0,11.89,0.09,0.0,11.89,2,0,0.0,0.0,0,0.05,28.7,31.5,0.0,98.3,1.7
Mai Tai,Mai Tai,93301310,0,2,0,17.17,0,1.7,0.1,0,0,0.105,0.18,0,0.013,0.1,13.5,0.031,69.75,0.008,0.035,0.005,0.08,7,0.051,0.18,6,6,69,5,0.08,0,0.0,0.051,5.1,0.01,0.2,mai tai,70.12,1.0,97.9,1.0,0.26,0.14,9.98,0.257,29.9,42.64,32.3,0,0,False,False,1,Unprocessed,Other,Other,6222,6044,29.9,70.12,0.18,17.17,0.08,0.1,13.5,5,0,5.1,0.2,7,0.18,29.9,32.3,1.0,97.9,1.0
Tequila Sunrise,Tequila Sunrise,93301320,5,5,18,13.47,0,4.2,0.2,18,0,0.191,0.46,0,0.028,0.1,9.61,0.032,77.47,0.015,0.02,0.009,0.08,38,0.036,0.1,8,20,122,4,0.07,1,0.0,0.051,22.5,0.13,0.0,tequila sunrise,56.44,3.3,95.5,1.3,0.82,0.35,67.33,0.177,33.0,58.47,34.1,0,0,False,False,1,Unprocessed,Other,Other,4135,5188,33.0,56.44,0.46,13.47,0.08,0.2,9.61,4,1,22.5,0.0,38,0.1,33.0,34.1,3.3,95.5,1.3
Gin Rickey,Gin Rickey,93301330,0,1,0,0.47,0,0.4,0.0,0,0,0.015,0.02,0,0.001,0.0,0.1,0.004,90.96,0.002,0.004,0.002,0.02,4,0.011,0.03,1,2,7,16,0.08,0,0.0,0.002,0.4,0.01,0.0,gin rickey,2.14,3.7,87.9,8.4,0.93,0.0,186.92,1.402,30.2,,32.6,0,0,False,False,1,Unprocessed,Other,Other,6046,5935,30.2,2.14,0.02,0.47,0.02,0.0,0.1,16,0,0.4,0.0,4,0.03,30.2,32.6,3.7,87.9,8.4
Golden Cadillac,Golden Cadillac,93301340,0,24,0,21.76,44,8.4,0.0,0,0,0.062,2.14,115,0.076,1.4,21.2,0.011,48.76,3.364,0.574,7.38,12.7,31,0.043,0.1,3,48,50,65,0.17,116,0.08,0.016,0.3,0.26,1.1,golden cadillac,209.9,4.1,41.5,54.5,1.02,0.0,14.77,0.048,26.0,12.39,30.5,0,0,False,False,1,Unprocessed,Other,Other,6878,6541,26.0,209.9,2.14,21.76,12.7,0.0,21.2,65,116,0.3,1.1,31,0.1,26.0,30.5,4.1,41.5,54.5
Fuzzy Navel,Fuzzy Navel,93301370,6,6,20,19.3,0,4.6,0.2,20,0,0.208,0.5,0,0.029,0.2,16.98,0.034,71.88,0.02,0.066,0.014,0.17,42,0.052,0.11,8,20,132,3,0.06,1,0.0,0.056,24.9,0.15,0.0,fuzzy navel,80.73,2.5,95.6,1.9,0.62,0.25,52.03,0.136,32.5,40.26,33.8,0,0,False,False,1,Unprocessed,Other,Other,4607,5426,32.5,80.73,0.5,19.3,0.17,0.2,16.98,3,1,24.9,0.0,42,0.11,32.5,33.8,2.5,95.6,1.9
Frozen daiquiri,Frozen daiquiri,93301500,0,0,0,17.65,0,0.7,0.0,0,0,0.0,0.07,0,0.008,0.3,17.65,0.012,73.98,0.001,0.015,0.006,0.08,1,0.012,0.11,1,6,21,76,0.07,0,0.0,0.0,2.0,0.0,0.0,frozen daiquiri,71.6,0.4,98.6,1.0,0.1,0.0,1.4,0.154,28.1,39.25,30.6,0,0,False,False,1,Unprocessed,Other,Other,6663,6524,28.1,71.6,0.07,17.65,0.08,0.0,17.65,76,0,2.0,0.0,1,0.11,28.1,30.6,0.4,98.6,1.0
Frozen margarita,Frozen margarita,93301510,0,0,0,16.06,0,0.7,0.0,0,0,0.003,0.08,0,0.008,0.3,16.06,0.011,75.08,0.002,0.015,0.006,0.08,2,0.005,0.09,1,5,22,204,0.06,0,0.0,0.0,2.0,0.0,0.0,frozen margarita,65.28,0.5,98.4,1.1,0.12,0.0,3.06,0.138,27.8,42.59,29.4,0,0,False,False,1,Unprocessed,Other,Other,6699,6688,27.8,65.28,0.08,16.06,0.08,0.0,16.06,204,0,2.0,0.0,2,0.09,27.8,29.4,0.5,98.4,1.1
Gin fizz,Gin fizz,93301600,0,0,3,2.22,0,0.4,0.0,1,0,0.016,0.03,0,0.003,0.0,1.95,0.003,89.36,0.0,0.001,0.002,0.01,4,0.011,0.02,1,2,9,16,0.09,0,0.0,0.003,1.0,0.02,0.0,gin fizz,9.09,1.3,97.7,1.0,0.33,0.0,44.0,0.22,30.0,,32.1,0,0,False,False,1,Unprocessed,Other,Other,6190,6130,30.0,9.09,0.03,2.22,0.01,0.0,1.95,16,0,1.0,0.0,4,0.02,30.0,32.1,1.3,97.7,1.0
Rum,"Rum, hot buttered",93302000,0,8,0,4.95,11,1.1,0.1,0,0,0.021,0.08,35,0.004,0.1,4.62,0.005,75.85,1.232,0.158,2.77,4.42,8,0.023,0.07,2,4,11,4,0.04,35,0.01,0.004,0.0,0.12,0.4,"rum, hot buttered",59.9,0.5,33.1,66.4,0.13,0.17,13.36,0.117,28.9,48.25,31.8,0,0,False,False,1,Unprocessed,Other,Other,6521,6236,28.9,59.9,0.08,4.95,4.42,0.1,4.62,4,35,0.0,0.4,8,0.07,28.9,31.8,0.5,33.1,66.4
Zombie,Zombie,93302100,1,41,5,9.25,0,1.5,0.1,3,0,0.194,0.15,0,0.02,0.1,7.17,0.013,81.79,0.005,0.013,0.004,0.04,9,0.027,0.09,5,6,61,5,0.04,4,0.0,0.023,7.2,0.03,0.1,zombie,37.96,1.6,97.5,0.9,0.4,0.26,23.71,0.237,30.8,,32.7,0,0,False,False,1,Unprocessed,Other,Other,5738,5902,30.8,37.96,0.15,9.25,0.04,0.1,7.17,5,4,7.2,0.1,9,0.09,30.8,32.7,1.6,97.5,0.9
Sangria,"Sangria, red",93404550,0,1,1,8.26,0,3.0,0.0,3,0,0.119,0.04,0,0.017,0.2,7.16,0.003,82.41,0.002,0.021,0.002,0.04,6,0.018,0.25,7,12,68,10,0.11,0,0.0,0.03,0.3,0.0,0.2,"sangria, red",33.56,0.5,98.5,1.1,0.12,0.0,17.88,0.745,30.2,,32.1,0,0,False,False,1,Unprocessed,Other,Other,6046,6130,30.2,33.56,0.04,8.26,0.04,0.0,7.16,10,0,0.3,0.2,6,0.25,30.2,32.1,0.5,98.5,1.1
Sangria,"Sangria, white",93404560,0,0,1,8.26,0,2.3,0.0,0,0,0.059,0.04,0,0.008,0.1,7.33,0.003,82.6,0.002,0.021,0.002,0.04,6,0.014,0.15,6,9,39,11,0.1,0,0.0,0.026,0.3,0.0,0.2,"sangria, white",33.56,0.5,98.5,1.1,0.12,0.0,17.88,0.447,29.9,,31.9,0,0,False,False,1,Unprocessed,Other,Other,6222,6203,29.9,33.56,0.04,8.26,0.04,0.0,7.33,11,0,0.3,0.2,6,0.15,29.9,31.9,0.5,98.5,1.1
Glug,Glug,93406000,0,1,0,6.24,0,5.6,0.1,6,0,0.224,0.1,0,0.031,0.2,4.15,0.006,83.19,0.012,0.001,0.098,0.14,9,0.016,0.47,12,23,125,4,0.15,0,0.0,0.056,0.0,0.0,0.4,glug,26.62,1.5,93.8,4.7,0.38,0.38,33.81,1.766,31.3,,32.9,0,0,False,False,1,Unprocessed,Other,Other,5473,5831,31.3,26.62,0.1,6.24,0.14,0.1,4.15,4,0,0.0,0.4,9,0.47,31.3,32.9,1.5,93.8,4.7
Scotch,Scotch,93502100,0,0,0,0.0,0,0.0,0.0,0,0,0.013,0.0,0,0.004,0.0,0.0,0.006,66.6,0.0,0.0,0.0,0.0,0,0.021,0.04,0,4,2,1,0.04,0,0.0,0.001,0.0,0.0,0.0,scotch,0.0,,,,,,,,30.1,,,0,0,False,False,1,Unprocessed,Other,Other,6124,7059,30.1,0.0,0.0,0.0,0.0,0.0,0.0,1,0,0.0,0.0,0,0.04,30.1,,,,
Gin,Gin,93503000,0,0,0,0.0,0,0.0,0.0,0,0,0.013,0.0,0,0.004,0.0,0.0,0.006,66.6,0.0,0.0,0.0,0.0,0,0.021,0.04,0,4,2,1,0.04,0,0.0,0.001,0.0,0.0,0.0,gin,0.0,,,,,,,,30.1,,,0,0,False,False,1,Unprocessed,Other,Other,6124,7059,30.1,0.0,0.0,0.0,0.0,0.0,0.0,1,0,0.0,0.0,0,0.04,30.1,,,,
Rum,Rum,93504000,0,0,0,0.0,0,0.0,0.0,0,0,0.013,0.0,0,0.004,0.0,0.0,0.006,66.6,0.0,0.0,0.0,0.0,0,0.021,0.04,0,4,2,1,0.04,0,0.0,0.001,0.0,0.0,0.0,rum,0.0,,,,,,,,30.1,,,0,0,False,False,1,Unprocessed,Other,Other,6124,7059,30.1,0.0,0.0,0.0,0.0,0.0,0.0,1,0,0.0,0.0,0,0.04,30.1,,,,
Rum cooler,Rum cooler,93504100,0,0,0,10.07,0,4.4,0.0,1,0,0.225,0.0,0,0.01,0.3,9.77,0.006,85.74,0.0,0.0,0.0,0.0,4,0.008,0.03,4,7,27,5,0.01,0,0.01,0.022,2.8,0.02,0.0,rum cooler,40.28,0.0,100.0,0.0,0.0,0.0,9.93,0.074,29.6,,31.8,0,0,False,False,1,Unprocessed,Other,Other,6303,6236,29.6,40.28,0.0,10.07,0.0,0.0,9.77,5,0,2.8,0.0,4,0.03,29.6,31.8,0.0,100.0,0.0
Tequila,Tequila,93505100,0,0,0,0.0,0,0.0,0.0,0,0,0.013,0.0,0,0.004,0.0,0.0,0.006,66.6,0.0,0.0,0.0,0.0,0,0.021,0.04,0,4,2,1,0.04,0,0.0,0.001,0.0,0.0,0.0,tequila,0.0,,,,,,,,30.1,,,0,0,False,False,1,Unprocessed,Other,Other,6124,7059,30.1,0.0,0.0,0.0,0.0,0.0,0.0,1,0,0.0,0.0,0,0.04,30.1,,,,
Fluid replacement,"Fluid replacement, electrolyte solution",95330100,0,0,0,2.45,0,0.0,0.0,0,0,0.0,0.0,0,0.0,0.0,2.45,0.0,96.44,0.0,0.0,0.0,0.0,10,0.01,0.0,1,10,77,101,0.02,0,0.0,0.0,0.0,0.0,0.0,"fluid replacement, electrolyte solution",9.8,0.0,100.0,0.0,0.0,0.0,102.04,0.0,30.1,,31.2,0,0,False,False,1,Unprocessed,Other,Other,6124,6417,30.1,9.8,0.0,2.45,0.0,0.0,2.45,101,0,0.0,0.0,10,0.0,30.1,31.2,0.0,100.0,0.0
Breading or batter as ingredient in food,Breading or batter as ingredient in food,99995000,0,0,0,39.64,19,21.2,1.6,34,0,3.153,6.32,8,0.274,18.6,0.68,0.428,51.53,0.318,0.459,0.336,1.39,47,0.093,2.57,14,79,71,246,0.5,8,0.08,0.039,0.0,0.09,0.7,breading or batter as ingredient in food,196.35,12.9,80.8,6.4,3.22,0.81,23.94,1.309,33.6,17.11,36.6,0,0,False,False,3,Processed,Other,Other,3631,3437,33.6,196.35,6.32,39.64,1.39,1.6,0.68,246,8,0.0,0.7,47,2.57,33.6,36.6,12.9,80.8,6.4
Carrots,"Carrots, cooked, as ingredient",99997310,3441,8199,0,9.98,0,9.2,2.9,253,1,0.973,0.97,0,0.057,0.1,4.94,0.062,87.8,0.012,0.106,0.033,0.25,34,0.047,0.31,12,36,333,72,0.25,826,0.0,0.129,5.2,0.69,13.8,"carrots, cooked, as ingredient",46.05,8.4,86.7,4.9,2.11,6.3,73.83,0.673,35.4,,40.7,0,0,False,False,3,Processed,Other,Other,2148,1499,35.4,46.05,0.97,9.98,0.25,2.9,4.94,72,826,5.2,13.8,34,0.31,35.4,40.7,8.4,86.7,4.9
Tomatoes,"Tomatoes, cooked, as ingredient",99997410,120,533,0,4.86,0,7.5,1.5,146,3055,0.705,1.1,0,0.023,0.0,3.29,0.044,93.15,0.039,0.104,0.035,0.25,12,0.074,0.34,14,30,296,6,0.21,50,0.0,0.095,16.3,0.68,9.9,"tomatoes, cooked, as ingredient",26.09,16.9,74.5,8.6,4.22,5.75,45.99,1.303,35.6,,40.0,0,0,False,False,3,Processed,Other,Other,2021,1720,35.6,26.09,1.1,4.86,0.25,1.5,3.29,6,50,16.3,9.9,12,0.34,35.6,40.0,16.9,74.5,8.6
Onions,"Onions, cooked, as ingredient",99997510,0,1,0,10.99,0,7.2,2.0,4,0,0.13,1.29,0,0.03,0.6,4.99,0.049,87.19,0.015,0.02,0.049,0.12,27,0.046,0.25,12,34,172,5,0.2,0,0.0,0.127,7.4,0.02,0.5,"onions, cooked, as ingredient",50.2,10.3,87.6,2.2,2.57,3.98,53.78,0.498,33.7,67.13,39.1,0,0,False,False,3,Processed,Other,Other,3542,2062,33.7,50.2,1.29,10.99,0.12,2.0,4.99,5,0,7.4,0.5,27,0.25,33.7,39.1,10.3,87.6,2.2
Mushrooms,"Mushrooms, cooked, as ingredient",99997515,0,0,0,4.08,0,21.6,1.2,0,0,4.283,3.86,0,0.477,11.6,2.48,0.091,90.56,0.0,0.2,0.062,0.42,4,0.398,0.62,11,108,398,6,0.65,0,0.05,0.117,2.2,0.01,0.0,"mushrooms, cooked, as ingredient",35.54,43.4,45.9,10.6,10.86,3.38,11.25,1.745,35.0,,43.6,0,0,False,False,3,Processed,Other,Other,2441,860,35.0,35.54,3.86,4.08,0.42,1.2,2.48,6,0,2.2,0.0,4,0.62,35.0,43.6,43.4,45.9,10.6
Green beans,"Green beans, cooked, as ingredient",99997545,68,375,0,7.26,0,15.9,2.8,633,0,0.726,1.91,0,0.103,0.6,3.4,0.077,89.92,0.01,0.118,0.052,0.23,39,0.072,1.07,26,40,220,6,0.25,35,0.0,0.132,10.8,0.43,44.8,"green beans, cooked, as ingredient",38.75,19.7,74.9,5.3,4.93,7.23,100.65,2.761,37.4,,43.8,0,0,False,False,3,Processed,Other,Other,1145,821,37.4,38.75,1.91,7.26,0.23,2.8,3.4,6,35,10.8,44.8,39,1.07,37.4,43.8,19.7,74.9,5.3
